reaction_id,flux_scd_baseline,flux_hfd_no_microbiome,flux_hfd_with_microbiome,delta_diet,delta_microbiome,delta_total,abs_diet_contribution,abs_microbiome_contribution,variance_explained_diet,variance_explained_microbiome,effect_type,interaction,opposing_effects,cohens_d_diet,cohens_d_microbiome,diet_effect_size,microbiome_effect_size,dominant_driver,pct_diet_contribution_legacy,pct_microbiome_contribution_legacy
RTOT1,14.40503091682,0.4375,0.0,-13.96753091682,-0.4375,-14.40503091682,13.96753091682,0.4375,99.90198535954836,0.09801464045163802,Synergistic,Diet-dominated synergy,False,-0.9696286663648077,-1.0,Large,Large,Diet,96.96286663648077,3.0371333635192284
ARTFR12,14.40503091682,0.0,0.0,-14.40503091682,0.0,-14.40503091682,14.40503091682,0.0,100.0,0.0,Synergistic,Diet-dominated synergy,False,-1.0,0.0,Large,Small,Diet,100.0,0.0
ARTFR41,0.0,10.162174399192,10.21240776302,10.162174399192,0.050233363827999256,10.21240776302,10.162174399192,0.050233363827999256,99.99755656594222,0.0024434340577797957,Synergistic,Diet-dominated synergy,False,0.0,0.004943170807223436,Small,Small,Diet,99.5081143938465,0.4918856061535122
RTOT4,0.0,9.599674399193,10.087407763019,9.599674399193,0.4877333638259991,10.087407763019,9.599674399193,0.4877333638259991,99.7425266466264,0.2574733533736071,Synergistic,Diet-dominated synergy,False,0.0,0.05080728194979202,Small,Small,Diet,95.16492863891101,4.835071361088989
RDH3a,0.0,0.0,0.0,0.0,0.0,0.0,0.0,0.0,0.0,0.0,Negligible,None,False,0.0,0.0,Small,Small,Stable,0.0,0.0
RDH3,0.0,0.0,0.0,0.0,0.0,0.0,0.0,0.0,0.0,0.0,Negligible,None,False,0.0,0.0,Small,Small,Stable,0.0,0.0
RDH1a,2.001244014724,0.0,1.462498272708,-2.001244014724,1.462498272708,-0.538745742016,2.001244014724,1.462498272708,65.18646825793948,34.81353174206052,Antagonistic,Balanced opposition,True,-1.0,0.0,Large,Small,Diet (opposed by microbiome),371.463541824998,271.463541824998
RDH1,-2.001244014724,0.0,-1.462498272708,2.001244014724,-1.462498272708,0.538745742016,2.001244014724,1.462498272708,65.18646825793948,34.81353174206052,Antagonistic,Balanced opposition,True,1.0,0.0,Large,Small,Diet (opposed by microbiome),371.463541824998,271.463541824998
ACACT1r_copy2,0.0,0.0,0.0,0.0,0.0,0.0,0.0,0.0,0.0,0.0,Negligible,None,False,0.0,0.0,Small,Small,Stable,0.0,0.0
ACACT1r_copy1,0.469750629807,0.19709913832,0.199532763678,-0.27265149148699996,0.0024336253579999856,-0.270217866129,0.27265149148699996,0.0024336253579999856,99.99203369206498,0.007966307935010623,Antagonistic,Diet overcomes microbiome,True,-0.5804175113059892,0.01234721459841634,Medium,Small,Diet (opposed by microbiome),100.90061600769143,0.9006160076914347
FUMSO3tm,0.0,0.0,0.0,0.0,0.0,0.0,0.0,0.0,0.0,0.0,Negligible,None,False,0.0,0.0,Small,Small,Stable,0.0,0.0
MALSO3tm,0.290299912723,0.0,0.0,-0.290299912723,0.0,-0.290299912723,0.290299912723,0.0,100.0,0.0,Synergistic,Diet-dominated synergy,False,-1.0,0.0,Large,Small,Diet,100.0,0.0
MALtm,3.636275807548,5.196618482872,5.000152664113,1.5603426753240002,-0.19646581875900004,1.3638768565650001,1.5603426753240002,0.19646581875900004,98.43935971940681,1.5606402805931876,Antagonistic,Diet overcomes microbiome,True,0.42910459984501687,-0.0378064734608764,Medium,Small,Diet (opposed by microbiome),114.4049528968334,14.40495289683338
FUMtm,2.632491472429,0.380238278535,0.377943286622,-2.252253193894,-0.0022949919129999774,-2.254548185807,2.252253193894,0.0022949919129999774,99.99989616890235,0.00010383109765520841,Synergistic,Diet-dominated synergy,False,-0.8555595402616237,-0.006035667744558046,Large,Small,Diet,99.89820612717672,0.10179387282328149
MDH,9.405491141774,8.420029049635,8.420654622937,-0.9854620921390005,0.0006255733020008591,-0.9848365188369996,0.9854620921390005,0.0006255733020008591,99.99995970265897,4.029734103577389e-05,Antagonistic,Diet overcomes microbiome,True,-0.1047751868865329,7.429586030085931e-05,Small,Small,Diet (opposed by microbiome),100.06352052244564,0.06352052244565454
LDH_D,-2.106805523992,0.0,0.0,2.106805523992,0.0,2.106805523992,2.106805523992,0.0,100.0,0.0,Synergistic,Diet-dominated synergy,False,1.0,0.0,Large,Small,Diet,100.0,0.0
EX_lac__D_e,2.106805523992,0.0,0.0,-2.106805523992,0.0,-2.106805523992,2.106805523992,0.0,100.0,0.0,Synergistic,Diet-dominated synergy,False,-1.0,0.0,Large,Small,Diet,100.0,0.0
D_LACt2,-2.106805523992,0.0,0.0,2.106805523992,0.0,2.106805523992,2.106805523992,0.0,100.0,0.0,Synergistic,Diet-dominated synergy,False,1.0,0.0,Large,Small,Diet,100.0,0.0
PDHm,18.678474224494,11.222243532798,11.2211124785,-7.456230691696,-0.0011310542979998672,-7.457361745994,7.456230691696,0.0011310542979998672,99.9999976989385,2.3010614995145497e-06,Synergistic,Diet-dominated synergy,False,-0.39918842417643935,-0.00010078682526308228,Medium,Small,Diet,99.98483305039336,0.015166949606641453
EX_bhb_e,10.407166498467,7.221754382136,7.223545077463,-3.1854121163309994,0.001790695327000158,-3.1836214210039993,3.1854121163309994,0.001790695327000158,99.99996839818634,3.160181366551123e-05,Antagonistic,Diet overcomes microbiome,True,-0.30607871189532887,0.0002479584921123444,Medium,Small,Diet (opposed by microbiome),100.05624711893148,0.05624711893147889
BHBtm,-10.407166498467,-7.221754382136,-7.223545077463,3.1854121163309994,-0.001790695327000158,3.1836214210039993,3.1854121163309994,0.001790695327000158,99.99996839818634,3.160181366551123e-05,Antagonistic,Diet overcomes microbiome,True,0.30607871189532887,-0.0002479584921123444,Medium,Small,Diet (opposed by microbiome),100.05624711893148,0.05624711893147889
BHBt,-10.407166498467,-7.221754382136,-7.223545077463,3.1854121163309994,-0.001790695327000158,3.1836214210039993,3.1854121163309994,0.001790695327000158,99.99996839818634,3.160181366551123e-05,Antagonistic,Diet overcomes microbiome,True,0.30607871189532887,-0.0002479584921123444,Medium,Small,Diet (opposed by microbiome),100.05624711893148,0.05624711893147889
BDHm,-10.407166498467,-7.221754382136,-7.223545077463,3.1854121163309994,-0.001790695327000158,3.1836214210039993,3.1854121163309994,0.001790695327000158,99.99996839818634,3.160181366551123e-05,Antagonistic,Diet overcomes microbiome,True,0.30607871189532887,-0.0002479584921123444,Medium,Small,Diet (opposed by microbiome),100.05624711893148,0.05624711893147889
ADK1,-0.197546687576,-0.015364966058,-0.012845595304,0.182181721518,0.0025193707539999995,0.184701092272,0.182181721518,0.0025193707539999995,99.98087984017653,0.0191201598234675,Synergistic,Diet-dominated synergy,False,0.9222210898773546,0.16396852062606748,Large,Small,Diet,98.63597409034817,1.3640259096518221
UMPK,0.04712044366,0.031459481281,0.031454117524,-0.015660962379,-5.363756999998692e-06,-0.015666326135999997,0.015660962379,5.363756999998692e-06,99.99998826991269,1.1730087321222923e-05,Synergistic,Diet-dominated synergy,False,-0.3323602488126488,-0.00017049731214856812,Medium,Small,Diet,99.9657625090054,0.03423749099460655
ADK3,0.0,0.0,0.0,0.0,0.0,0.0,0.0,0.0,0.0,0.0,Negligible,None,False,0.0,0.0,Small,Small,Stable,0.0,0.0
UMPK4,0.0,0.0,0.0,0.0,0.0,0.0,0.0,0.0,0.0,0.0,Negligible,None,False,0.0,0.0,Small,Small,Stable,0.0,0.0
ASPTA,-10.344992401388,-8.420029049635,-8.420654622937,1.924963351753,-0.0006255733020008591,1.9243377784509992,1.924963351753,0.0006255733020008591,99.99998943884457,1.0561155433853886e-05,Antagonistic,Diet overcomes microbiome,True,0.1860768260684972,-7.429586030085931e-05,Small,Small,Diet (opposed by microbiome),100.03250849767677,0.03250849767676525
ASPTAm,12.037982614203,9.715057111709,9.715717632175,-2.3229255024940016,0.0006605204660008468,-2.322264982028001,2.3229255024940016,0.0006605204660008468,99.99999191459166,8.085408341969174e-06,Antagonistic,Diet overcomes microbiome,True,-0.19296634468912593,6.798935491637609e-05,Small,Small,Diet (opposed by microbiome),100.0284429413143,0.02844294131430358
MDHm,-12.037982614203,-9.715057111709,-9.715717632175,2.3229255024940016,-0.0006605204660008468,2.322264982028001,2.3229255024940016,0.0006605204660008468,99.99999191459166,8.085408341969174e-06,Antagonistic,Diet overcomes microbiome,True,0.19296634468912593,-6.798935491637609e-05,Small,Small,Diet (opposed by microbiome),100.0284429413143,0.02844294131430358
PYRt2m,18.388174311772,11.222243532798,11.2211124785,-7.165930778974001,-0.0011310542979998672,-7.167061833272001,7.165930778974001,0.0011310542979998672,99.99999750872495,2.4912750615964597e-06,Synergistic,Diet-dominated synergy,False,-0.3897032221619965,-0.00010078682526308228,Medium,Small,Diet,99.98421871717711,0.015781282822887318
ASPGLUm,-12.328282526926,-9.715057111709,-9.715717632175,2.6132254152170002,-0.0006605204660008468,2.6125648947509994,2.6132254152170002,0.0006605204660008468,99.9999936112075,6.38879249777903e-06,Antagonistic,Diet overcomes microbiome,True,0.2119699487345052,-6.798935491637609e-05,Medium,Small,Diet (opposed by microbiome),100.02528245201978,0.025282452019772708
AKGMALtm,-16.904059594087,-13.996885811042,-13.798750573672,2.907173783044998,0.19813523736999983,3.105309020414998,2.907173783044998,0.19813523736999983,99.5376521476598,0.46234785234020237,Synergistic,Diet-dominated synergy,False,0.17198080537185995,0.014155665770573977,Small,Small,Diet,93.61946794771747,6.380532052282538
OCOAT1m,-9.93741586866,-6.524655243815,-6.524012313785,3.412760624845,0.0006429300300005991,3.413403554875001,3.412760624845,0.0006429300300005991,99.9999964509203,3.549079701040726e-06,Synergistic,Diet-dominated synergy,False,0.34342536026976095,9.853854433306035e-05,Medium,Small,Diet,99.98116454677378,0.01883545322621964
ACACT1m,10.029775358955,6.192119834295,6.1915831215,-3.8376555246599997,-0.0005367127950002271,-3.838192237455,3.8376555246599997,0.0005367127950002271,99.99999804407629,1.955923708757736e-06,Synergistic,Diet-dominated synergy,False,-0.3826262690154453,-8.667674550283218e-05,Medium,Small,Diet,99.98601652127367,0.013983478726331504
EX_ac_e,0.0,0.0,-0.004983981304,0.0,-0.004983981304,-0.004983981304,0.0,0.004983981304,0.0,100.0,Synergistic,Microbiome-dominated synergy,False,0.0,0.0,Small,Small,Microbiome,0.0,100.0
ACS,0.0,0.0,0.004983981304,0.0,0.004983981304,0.004983981304,0.0,0.004983981304,0.0,100.0,Synergistic,Microbiome-dominated synergy,False,0.0,0.0,Small,Small,Microbiome,0.0,100.0
ACt2r,0.0,0.0,0.004983981304,0.0,0.004983981304,0.004983981304,0.0,0.004983981304,0.0,100.0,Synergistic,Microbiome-dominated synergy,False,0.0,0.0,Small,Small,Microbiome,0.0,100.0
ACACt2m,0.469750629807,0.69709913832,0.699532763678,0.22734850851300004,0.002433625357999958,0.229782133871,0.22734850851300004,0.002433625357999958,99.98854293268084,0.01145706731915293,Synergistic,Diet-dominated synergy,False,0.4839770169257838,0.0034910749766022715,Medium,Small,Diet,98.94089879095378,1.0591012090462169
AACOAT,-0.469750629807,-0.19709913832,-0.199532763678,0.27265149148699996,-0.0024336253579999856,0.270217866129,0.27265149148699996,0.0024336253579999856,99.99203369206498,0.007966307935010623,Antagonistic,Diet overcomes microbiome,True,0.5804175113059892,-0.01234721459841634,Medium,Small,Diet (opposed by microbiome),100.90061600769143,0.9006160076914347
SUCD1m,-2.632491472429,-1.295028062073,-1.295063009238,1.337463410356,-3.494716500007655e-05,1.3374284631909998,1.337463410356,3.494716500007655e-05,99.99999993172526,6.827474414991033e-08,Antagonistic,Diet overcomes microbiome,True,0.5080599213192978,-2.698564303242612e-05,Medium,Small,Diet (opposed by microbiome),100.0026130119077,0.002613011907694513
FUM,-2.632491472429,-0.380238278535,-0.377943286622,2.252253193894,0.0022949919129999774,2.254548185807,2.252253193894,0.0022949919129999774,99.99989616890235,0.00010383109765520841,Synergistic,Diet-dominated synergy,False,0.8555595402616237,0.006035667744558046,Large,Small,Diet,99.89820612717672,0.10179387282328149
ICDHym,-0.939501259614,0.0,0.0,0.939501259614,0.0,0.939501259614,0.939501259614,0.0,100.0,0.0,Synergistic,Diet-dominated synergy,False,1.0,0.0,Large,Small,Diet,100.0,0.0
MTHFDm,0.939501259614,0.499999999999,0.500000000004,-0.439501259615,5.000000413701855e-12,-0.43950125961,0.439501259615,5.000000413701855e-12,100.0,1.2942549430693394e-20,Antagonistic,Diet overcomes microbiome,True,-0.4678027358851779,1.000000082742371e-11,Medium,Small,Diet (opposed by microbiome),100.00000000113765,1.1376532613669192e-09
ACONTm,-0.939501259614,0.0,0.0,0.939501259614,0.0,0.939501259614,0.939501259614,0.0,100.0,0.0,Synergistic,Diet-dominated synergy,False,1.0,0.0,Large,Small,Diet,100.0,0.0
CITtam,-0.939501259614,0.0,0.0,0.939501259614,0.0,0.939501259614,0.939501259614,0.0,100.0,0.0,Synergistic,Diet-dominated synergy,False,1.0,0.0,Large,Small,Diet,100.0,0.0
ACITL,0.939501259614,0.0,0.0,-0.939501259614,0.0,-0.939501259614,0.939501259614,0.0,100.0,0.0,Synergistic,Diet-dominated synergy,False,-1.0,0.0,Large,Small,Diet,100.0,0.0
MTHFD2m,-0.939501259614,-0.499999999999,-0.500000000004,0.439501259615,-5.000000413701855e-12,0.43950125961,0.439501259615,5.000000413701855e-12,100.0,1.2942549430693394e-20,Antagonistic,Diet overcomes microbiome,True,0.4678027358851779,-1.000000082742371e-11,Medium,Small,Diet (opposed by microbiome),100.00000000113765,1.1376532613669192e-09
AKGDm,3.332740164078,3.64358376508,3.644895197937,0.3108436010019999,0.0013114328570003053,0.31215503385900023,0.3108436010019999,0.0013114328570003053,99.99822007981672,0.001779920183283756,Synergistic,Diet-dominated synergy,False,0.0932696777121821,0.00035992938314443034,Small,Small,Diet,99.57987771627842,0.4201222837215807
DESAT16_2,14.40503091682,11.218819229072,11.269018174696,-3.186211687747999,0.0501989456240004,-3.1360127421239987,3.186211687747999,0.0501989456240004,99.97518397888841,0.024816021111604535,Antagonistic,Diet overcomes microbiome,True,-0.22118742445929962,0.004474530215614568,Medium,Small,Diet (opposed by microbiome),101.60072518040857,1.6007251804085787
ARTPLM1,14.29984371954,9.966947244973,10.01719258234,-4.332896474567001,0.05024533736700043,-4.2826511372,4.332896474567001,0.05024533736700043,99.98655451380766,0.013445486192342943,Antagonistic,Diet overcomes microbiome,True,-0.3030030648968786,0.005041196279266204,Medium,Small,Diet (opposed by microbiome),101.17322975319094,1.1732297531909373
DHCR71r,0.015393248383,0.01027714452,0.0,-0.005116103863,-0.01027714452,-0.015393248383,0.005116103863,0.01027714452,19.86014188643697,80.13985811356304,Synergistic,Microbiome-dominated synergy,False,-0.3323602488380636,-1.0,Medium,Large,Microbiome,33.23602488380636,66.76397511619363
DHCR243r,0.015393248383,0.01027714452,0.0,-0.005116103863,-0.01027714452,-0.015393248383,0.005116103863,0.01027714452,19.86014188643697,80.13985811356304,Synergistic,Microbiome-dominated synergy,False,-0.3323602488380636,-1.0,Medium,Large,Microbiome,33.23602488380636,66.76397511619363
LSTO1r,0.015393248383,0.01027714452,0.0,-0.005116103863,-0.01027714452,-0.015393248383,0.005116103863,0.01027714452,19.86014188643697,80.13985811356304,Synergistic,Microbiome-dominated synergy,False,-0.3323602488380636,-1.0,Medium,Large,Microbiome,33.23602488380636,66.76397511619363
DHCR72r,0.0,0.0,0.010275392294,0.0,0.010275392294,0.010275392294,0.0,0.010275392294,0.0,100.0,Synergistic,Microbiome-dominated synergy,False,0.0,0.0,Small,Small,Microbiome,0.0,100.0
LSTO2r,0.0,0.0,0.010275392294,0.0,0.010275392294,0.010275392294,0.0,0.010275392294,0.0,100.0,Synergistic,Microbiome-dominated synergy,False,0.0,0.0,Small,Small,Microbiome,0.0,100.0
DHCR242r,0.0,0.0,0.010275392294,0.0,0.010275392294,0.010275392294,0.0,0.010275392294,0.0,100.0,Synergistic,Microbiome-dominated synergy,False,0.0,0.0,Small,Small,Microbiome,0.0,100.0
ALAt2r,-4.345958913282,-3.469778219205,-2.660124628906,0.8761806940769996,0.8096535902990003,1.685834284376,0.8761806940769996,0.8096535902990003,53.94010633008261,46.05989366991739,Synergistic,Diet-dominated synergy,False,0.20160814024247684,0.23334447885389895,Medium,Medium,Diet,51.97312109483596,48.02687890516405
EX_ala__L_e,6.045958913282,5.134285277407,5.135582874252,-0.9116736358750002,0.001297596845000193,-0.91037603903,0.9116736358750002,0.001297596845000193,99.99979741844975,0.0002025815502590481,Antagonistic,Diet overcomes microbiome,True,-0.1507905774669093,0.00025273173867259793,Small,Small,Diet (opposed by microbiome),100.14253416054126,0.142534160541261
ALATA_L,-6.5590671927,-5.576856761407,-5.578095950735,0.9822104312929998,-0.0012391893280003785,0.9809712419649994,0.9822104312929998,0.0012391893280003785,99.99984082841033,0.00015917158966706208,Antagonistic,Diet overcomes microbiome,True,0.1497484935641708,-0.00022220210792857806,Small,Small,Diet (opposed by microbiome),100.12632269683239,0.12632269683239014
3SALATAim,0.290299912723,0.0,0.0,-0.290299912723,0.0,-0.290299912723,0.290299912723,0.0,100.0,0.0,Synergistic,Diet-dominated synergy,False,-1.0,0.0,Large,Small,Diet,100.0,0.0
3SALAASPm,-0.290299912723,0.0,0.0,0.290299912723,0.0,0.290299912723,0.290299912723,0.0,100.0,0.0,Synergistic,Diet-dominated synergy,False,1.0,0.0,Large,Small,Diet,100.0,0.0
CYSO,0.290299912723,0.0,0.0,-0.290299912723,0.0,-0.290299912723,0.290299912723,0.0,100.0,0.0,Synergistic,Diet-dominated synergy,False,-1.0,0.0,Large,Small,Diet,100.0,0.0
EX_so4_e,0.290299912723,0.0,0.0,-0.290299912723,0.0,-0.290299912723,0.290299912723,0.0,100.0,0.0,Synergistic,Diet-dominated synergy,False,-1.0,0.0,Large,Small,Diet,100.0,0.0
3SPYRSPm,0.290299912723,0.0,0.0,-0.290299912723,0.0,-0.290299912723,0.290299912723,0.0,100.0,0.0,Synergistic,Diet-dominated synergy,False,-1.0,0.0,Large,Small,Diet,100.0,0.0
SULFOX,0.290299912723,0.0,0.0,-0.290299912723,0.0,-0.290299912723,0.290299912723,0.0,100.0,0.0,Synergistic,Diet-dominated synergy,False,-1.0,0.0,Large,Small,Diet,100.0,0.0
EX_cys__L_e,-0.414301080249,-0.082788108633,-0.082773993483,0.33151297161599996,1.4115149999993637e-05,0.33152708676599996,0.33151297161599996,1.4115149999993637e-05,99.99999981871163,1.812883690410161e-07,Synergistic,Diet-dominated synergy,False,0.8001740459299711,0.00017049731215102582,Large,Small,Diet,99.99574238408762,0.004257615912378363
CYStec,0.414301080249,0.082788108633,0.082773993483,-0.33151297161599996,-1.4115149999993637e-05,-0.33152708676599996,0.33151297161599996,1.4115149999993637e-05,99.99999981871163,1.812883690410161e-07,Synergistic,Diet-dominated synergy,False,-0.8001740459299711,-0.00017049731215102582,Large,Small,Diet,99.99574238408762,0.004257615912378363
CO2tm,-21.397483464536,-15.913115273079,-15.913069199362,5.484368191456998,4.607371699982821e-05,5.4844142651739975,5.484368191456998,4.607371699982821e-05,99.99999999294246,7.057539119750272e-09,Synergistic,Diet-dominated synergy,False,0.2563090281409373,2.8953298087253463e-06,Medium,Small,Diet,99.99915991544817,0.000840084551825271
EX_co2_e,22.231006538792,16.535496610034,16.535446720359,-5.695509928758,-4.988967499741648e-05,-5.695559818432997,5.695509928758,4.988967499741648e-05,99.99999999232716,7.672839662298607e-09,Synergistic,Diet-dominated synergy,False,-0.2561966737232351,-3.0171258943104643e-06,Medium,Small,Diet,99.999124060205,0.0008759397949952965
CO2t,-22.231006538792,-16.535496610034,-16.535446720359,5.695509928758,4.988967499741648e-05,5.695559818432997,5.695509928758,4.988967499741648e-05,99.99999999232716,7.672839662298607e-09,Synergistic,Diet-dominated synergy,False,0.2561966737232351,3.0171258943104643e-06,Medium,Small,Diet,99.999124060205,0.0008759397949952965
SO4CLtex2,1.041446530593,0.05,0.05,-0.991446530593,0.0,-0.991446530593,0.991446530593,0.0,100.0,0.0,Synergistic,Diet-dominated synergy,False,-0.9519898539855618,0.0,Large,Small,Diet,100.0,0.0
P5CRx,0.015393248383,0.01027714452,0.005708551275,-0.005116103863,-0.004568593245,-0.009684697108,0.005116103863,0.004568593245,55.635347370148914,44.36465262985108,Synergistic,Diet-dominated synergy,False,-0.3323602488380636,-0.44453916514545616,Medium,Medium,Diet,52.82667909948226,47.17332090051772
PROD2,0.015393248383,0.01027714452,0.005708551275,-0.005116103863,-0.004568593245,-0.009684697108,0.005116103863,0.004568593245,55.635347370148914,44.36465262985108,Synergistic,Diet-dominated synergy,False,-0.3323602488380636,-0.44453916514545616,Medium,Medium,Diet,52.82667909948226,47.17332090051772
DHCRD1,0.006841443726,0.004567619787,0.0,-0.0022738239389999996,-0.004567619787,-0.006841443726,0.0022738239389999996,0.004567619787,19.860141882558494,80.1398581174415,Synergistic,Microbiome-dominated synergy,False,-0.332360248811027,-1.0,Medium,Large,Microbiome,33.2360248811027,66.7639751188973
DHCRD2,0.0,0.0,0.00456684102,0.0,0.00456684102,0.00456684102,0.0,0.00456684102,0.0,100.0,Synergistic,Microbiome-dominated synergy,False,0.0,0.0,Small,Small,Microbiome,0.0,100.0
G3PD2m,17.037522389249,12.063004184622,12.113389226231,-4.974518204626998,0.05038504160899926,-4.9241331630179985,4.974518204626998,0.05038504160899926,99.98974214295396,0.010257857046056676,Antagonistic,Diet overcomes microbiome,True,-0.291974272489644,0.004176823686526649,Medium,Small,Diet (opposed by microbiome),101.02322662570154,1.0232266257015334
G3PD1ir,16.139288864667,11.130947528949,11.1813209864,-5.008341335718002,0.05037345745100019,-4.957967878267002,5.008341335718002,0.05037345745100019,99.98988486346954,0.010115136530450501,Antagonistic,Diet overcomes microbiome,True,-0.3103198274542649,0.004525531839943597,Medium,Small,Diet (opposed by microbiome),101.01601016157869,1.0160101615786916
O2tm,0.195149956361,0.05,0.05,-0.14514995636099998,0.0,-0.14514995636099998,0.14514995636099998,0.0,100.0,0.0,Synergistic,Diet-dominated synergy,False,-0.7437867733492748,0.0,Medium,Small,Diet,100.0,0.0
CYOOm2,0.195149956361,0.05,0.05,-0.14514995636099998,0.0,-0.14514995636099998,0.14514995636099998,0.0,100.0,0.0,Synergistic,Diet-dominated synergy,False,-0.7437867733492748,0.0,Medium,Small,Diet,100.0,0.0
BTNt2i,-0.094875334649,0.0,-0.406101348529,0.094875334649,-0.406101348529,-0.31122601388,0.094875334649,0.406101348529,5.175568104037436,94.82443189596256,Antagonistic,Microbiome overcomes diet,True,1.0,0.0,Large,Small,Microbiome (opposed by diet),30.48438447230226,130.48438447230225
BTNt4i,0.094875334649,0.0,0.406101348529,-0.094875334649,0.406101348529,0.31122601388,0.094875334649,0.406101348529,5.175568104037436,94.82443189596256,Antagonistic,Microbiome overcomes diet,True,-1.0,0.0,Large,Small,Microbiome (opposed by diet),30.48438447230226,130.48438447230225
EX_h2o_e,13.580821106084,6.476992478519,6.476742890266,-7.103828627565001,-0.0002495882529993665,-7.104078215818,7.103828627565001,0.0002495882529993665,99.9999998765579,1.2344210810543543e-07,Synergistic,Diet-dominated synergy,False,-0.5230779915348854,-3.853459052594673e-05,Medium,Small,Diet,99.99648669052597,0.003513309474037479
H2Ot,-13.580821106084,-8.476992478519,-8.476742890266,5.103828627565001,0.00024958825300025467,5.104078215818001,5.103828627565001,0.00024958825300025467,99.99999976085785,2.391421416394751e-07,Synergistic,Diet-dominated synergy,False,0.37581149090304733,2.944301928221833e-05,Medium,Small,Diet,99.9951100229572,0.004889977042803891
PIt2m_2,13.673691676208,10.906483943149,10.707045255282,-2.7672077330589993,-0.1994386878669996,-2.966646420925999,2.7672077330589993,0.1994386878669996,99.48324435301164,0.5167556469883531,Synergistic,Diet-dominated synergy,False,-0.20237458899807545,-0.01828624962055518,Medium,Small,Diet,93.27730172155981,6.7226982784401885
ATPtm,13.370156032738,10.268239008895,10.268907511723,-3.1019170238430007,0.0006685028280006833,-3.101248521015,3.1019170238430007,0.0006685028280006833,99.99999535542345,4.644576547703266e-06,Antagonistic,Diet overcomes microbiome,True,-0.23200305338604013,6.510394113553295e-05,Medium,Small,Diet (opposed by microbiome),100.02155592573348,0.021555925733481387
SUCOASm,-13.270156032738,-10.168239008895,-10.168907511723,3.1019170238430007,-0.0006685028280006833,3.101248521015,3.1019170238430007,0.0006685028280006833,99.99999535542345,4.644576547703266e-06,Antagonistic,Diet overcomes microbiome,True,0.23375136028472074,-6.574420874803283e-05,Medium,Small,Diet (opposed by microbiome),100.02155592573348,0.021555925733481387
EX_h_e,15.496059097207,9.006024008908,9.005351784347,-6.490035088299001,-0.000672224560998913,-6.49070731286,6.490035088299001,0.000672224560998913,99.99999892716073,1.072839260457993e-06,Synergistic,Diet-dominated synergy,False,-0.41881842651650447,-7.464165766535878e-05,Medium,Small,Diet,99.98964327724859,0.010356722751417838
CLHCO3tex2,6.549012452003,5.427326084281,5.426816762229,-1.121686367722,-0.0005093220520002717,-1.1221956897740002,1.121686367722,0.0005093220520002717,99.99997938221591,2.0617784081993254e-05,Synergistic,Diet-dominated synergy,False,-0.17127565048054458,-9.38440115981617e-05,Small,Small,Diet,99.95461379359755,0.045386206402454145
SO4t4_2,-2.273192973909,0.0,0.0,2.273192973909,0.0,2.273192973909,2.273192973909,0.0,100.0,0.0,Synergistic,Diet-dominated synergy,False,1.0,0.0,Large,Small,Diet,100.0,0.0
3HCO3_NAt,2.183004150668,1.80910869476,1.808938920743,-0.3738954559079999,-0.0001697740169999129,-0.3740652299249998,0.3738954559079999,0.0001697740169999129,99.99997938221601,2.061778400091493e-05,Synergistic,Diet-dominated synergy,False,-0.17127565048082377,-9.3844011413828e-05,Small,Small,Diet,99.95461379368675,0.04538620631325522
NKCC2t,-6.043682435089,-5.397262814362,-5.397281959128,0.6464196207270003,-1.9144766000067648e-05,0.6464004759610003,0.6464196207270003,1.9144766000067648e-05,99.99999991228556,8.77144338204449e-08,Antagonistic,Diet overcomes microbiome,True,0.1069579064866073,-3.5471250258786433e-06,Small,Small,Diet (opposed by microbiome),100.00296174998505,0.002961749985039108
EX_nh4_e,6.043682435089,5.397262814362,5.397281959128,-0.6464196207270003,1.9144766000067648e-05,-0.6464004759610003,0.6464196207270003,1.9144766000067648e-05,99.99999991228556,8.77144338204449e-08,Antagonistic,Diet overcomes microbiome,True,-0.1069579064866073,3.5471250258786433e-06,Small,Small,Diet (opposed by microbiome),100.00296174998505,0.002961749985039108
SUCCtm,-5.965231636507,-4.938611827153,-4.939958207175,1.026619809354,-0.0013463800219994937,1.0252734293320005,1.026619809354,0.0013463800219994937,99.99982800521039,0.00017199478960506118,Antagonistic,Diet overcomes microbiome,True,0.17210057746477508,-0.0002726231720818706,Small,Small,Diet (opposed by microbiome),100.13131911775737,0.13131911775736788
EX_succ_e,5.965231636507,4.938611827153,4.939958207175,-1.026619809354,0.0013463800219994937,-1.0252734293320005,1.026619809354,0.0013463800219994937,99.99982800521039,0.00017199478960506118,Antagonistic,Diet overcomes microbiome,True,-0.17210057746477508,0.0002726231720818706,Small,Small,Diet (opposed by microbiome),100.13131911775737,0.13131911775736788
SUCCt4_3,-5.965231636507,-4.938611827153,-4.939958207175,1.026619809354,-0.0013463800219994937,1.0252734293320005,1.026619809354,0.0013463800219994937,99.99982800521039,0.00017199478960506118,Antagonistic,Diet overcomes microbiome,True,0.17210057746477508,-0.0002726231720818706,Small,Small,Diet (opposed by microbiome),100.13131911775737,0.13131911775736788
BIOMASS_mm_1_no_glygln,0.855180465696,0.570952473334,0.570855127471,-0.284227992362,-9.734586300003123e-05,-0.28432533822500006,0.284227992362,9.734586300003123e-05,99.99998826991245,1.1730087545394736e-05,Synergistic,Diet-dominated synergy,False,-0.33236024881681236,-0.0001704973137809408,Medium,Small,Diet,99.96576250867835,0.03423749132164818
EX_gly_e,-0.105239272817,-0.045913881674,-0.045837854555,0.059325391143000006,7.60271189999967e-05,0.059401418262,0.059325391143000006,7.60271189999967e-05,99.99983576900156,0.00016423099843115206,Synergistic,Diet-dominated synergy,False,0.5637191283729279,0.0016558634606372031,Medium,Small,Diet,99.87201127309004,0.12798872690996405
GLYt4,0.005239272817,0.0,0.0,-0.005239272817,0.0,-0.005239272817,0.005239272817,0.0,100.0,0.0,Synergistic,Diet-dominated synergy,False,-1.0,0.0,Large,Small,Diet,100.0,0.0
SERHL,1.915683245033,1.651718991266,1.651778372243,-0.26396425376699995,5.9380976999978685e-05,-0.26390487278999997,0.26396425376699995,5.9380976999978685e-05,99.99999493937194,5.060628055931434e-06,Antagonistic,Diet overcomes microbiome,True,-0.13779117944023822,3.5951016676550225e-05,Small,Small,Diet (opposed by microbiome),100.02250090207589,0.022500902075889513
2AMACHYD,1.915683245033,1.651718991266,1.651778372243,-0.26396425376699995,5.9380976999978685e-05,-0.26390487278999997,0.26396425376699995,5.9380976999978685e-05,99.99999493937194,5.060628055931434e-06,Antagonistic,Diet overcomes microbiome,True,-0.13779117944023822,3.5951016676550225e-05,Small,Small,Diet (opposed by microbiome),100.02250090207589,0.022500902075889513
EX_lys__L_e,-0.487452865447,-0.719641186441,-0.71946896871,-0.23218832099399994,0.0001722177309999573,-0.23201610326299998,0.23218832099399994,0.0001722177309999573,99.99994498580722,5.501419278391576e-05,Antagonistic,Diet overcomes microbiome,True,-0.4763297899194428,0.00023931055398825014,Medium,Small,Diet (opposed by microbiome),100.0742266284874,0.07422662848739481
LYSt5r,0.487452865447,0.719641186441,0.71946896871,0.23218832099399994,-0.0001722177309999573,0.23201610326299998,0.23218832099399994,0.0001722177309999573,99.99994498580722,5.501419278391576e-05,Antagonistic,Diet overcomes microbiome,True,0.4763297899194428,-0.00023931055398825014,Medium,Small,Diet (opposed by microbiome),100.0742266284874,0.07422662848739481
LEUtec,0.482321782653,0.32201719496,0.321962291894,-0.16030458769300004,-5.4903065999978296e-05,-0.16035949075900002,0.16030458769300004,5.4903065999978296e-05,99.99998826991276,1.1730087232471346e-05,Synergistic,Diet-dominated synergy,False,-0.3323602488182232,-0.00017049731150784724,Medium,Small,Diet,99.96576250913488,0.03423749086512793
EX_leu__L_e,-0.482321782653,-0.32201719496,-0.321962291894,0.16030458769300004,5.4903065999978296e-05,0.16035949075900002,0.16030458769300004,5.4903065999978296e-05,99.99998826991276,1.1730087232471346e-05,Synergistic,Diet-dominated synergy,False,0.3323602488182232,0.00017049731150784724,Medium,Small,Diet,99.96576250913488,0.03423749086512793
PGM,-25.13836378343,-15.047381302939,-15.047430056992,10.090982480491002,-4.875405300097668e-05,10.090933726438001,10.090982480491002,4.875405300097668e-05,99.9999999976657,2.3342885828617034e-09,Antagonistic,Diet overcomes microbiome,True,0.4014176327236736,-3.2400357257813504e-06,Medium,Small,Diet (opposed by microbiome),100.00048314709345,0.00048314709344728183
PYK,25.13836378343,15.047381302939,15.047430056992,-10.090982480491002,4.875405300097668e-05,-10.090933726438001,10.090982480491002,4.875405300097668e-05,99.9999999976657,2.3342885828617034e-09,Antagonistic,Diet overcomes microbiome,True,-0.4014176327236736,3.2400357257813504e-06,Medium,Small,Diet (opposed by microbiome),100.00048314709345,0.00048314709344728183
ENO,25.13836378343,15.047381302939,15.047430056992,-10.090982480491002,4.875405300097668e-05,-10.090933726438001,10.090982480491002,4.875405300097668e-05,99.9999999976657,2.3342885828617034e-09,Antagonistic,Diet overcomes microbiome,True,-0.4014176327236736,3.2400357257813504e-06,Medium,Small,Diet (opposed by microbiome),100.00048314709345,0.00048314709344728183
GAPD,25.13836378343,15.047381302939,15.047430056992,-10.090982480491002,4.875405300097668e-05,-10.090933726438001,10.090982480491002,4.875405300097668e-05,99.9999999976657,2.3342885828617034e-09,Antagonistic,Diet overcomes microbiome,True,-0.4014176327236736,3.2400357257813504e-06,Medium,Small,Diet (opposed by microbiome),100.00048314709345,0.00048314709344728183
PGK,-25.13836378343,-15.047381302939,-15.047430056992,10.090982480491002,-4.875405300097668e-05,10.090933726438001,10.090982480491002,4.875405300097668e-05,99.9999999976657,2.3342885828617034e-09,Antagonistic,Diet overcomes microbiome,True,0.4014176327236736,-3.2400357257813504e-06,Medium,Small,Diet (opposed by microbiome),100.00048314709345,0.00048314709344728183
EX_val__L_e,-0.35575507373,-0.237516228907,-0.237475733028,0.11823884482299998,4.049587899998541e-05,0.11827934070199997,0.11823884482299998,4.049587899998541e-05,99.99998826991245,1.1730087540663233e-05,Synergistic,Diet-dominated synergy,False,0.3323602488175257,0.00017049731374710258,Medium,Small,Diet,99.96576250868526,0.03423749131474545
VALtec,0.35575507373,0.237516228907,0.237475733028,-0.11823884482299998,-4.049587899998541e-05,-0.11827934070199997,0.11823884482299998,4.049587899998541e-05,99.99998826991245,1.1730087540663233e-05,Synergistic,Diet-dominated synergy,False,-0.3323602488175257,-0.00017049731374710258,Medium,Small,Diet,99.96576250868526,0.03423749131474545
PHEt4,0.242927366744,0.128951941807,0.128912906116,-0.113975424937,-3.903569100000004e-05,-0.114014460628,0.113975424937,3.903569100000004e-05,99.99998826991249,1.1730087507558031e-05,Synergistic,Diet-dominated synergy,False,-0.4691749079761309,-0.0003027150305221773,Medium,Small,Diet,99.96576250873355,0.03423749126644866
EX_phe__L_e,-0.242927366744,-0.128951941807,-0.128912906116,0.113975424937,3.903569100000004e-05,0.114014460628,0.113975424937,3.903569100000004e-05,99.99998826991249,1.1730087507558031e-05,Synergistic,Diet-dominated synergy,False,0.4691749079761309,0.0003027150305221773,Medium,Small,Diet,99.96576250873355,0.03423749126644866
thr_mt,1.169900340241,0.979612345293,0.979649920796,-0.19028799494799997,3.757550299998691e-05,-0.19025041944499999,0.19028799494799997,3.757550299998691e-05,99.99999610069858,3.899301429078132e-06,Antagonistic,Diet overcomes microbiome,True,-0.16265316660118292,3.835752293295993e-05,Small,Small,Diet (opposed by microbiome),100.01975054935994,0.01975054935994489
GLYtm,-1.169900340241,-0.979612345293,-0.979649920796,0.19028799494799997,-3.757550299998691e-05,0.19025041944499999,0.19028799494799997,3.757550299998691e-05,99.99999610069858,3.899301429078132e-06,Antagonistic,Diet overcomes microbiome,True,0.16265316660118292,-3.835752293295993e-05,Small,Small,Diet (opposed by microbiome),100.01975054935994,0.01975054935994489
GLYATm,-1.169900340241,-0.979612345293,-0.979649920796,0.19028799494799997,-3.757550299998691e-05,0.19025041944499999,0.19028799494799997,3.757550299998691e-05,99.99999610069858,3.899301429078132e-06,Antagonistic,Diet overcomes microbiome,True,0.16265316660118292,-3.835752293295993e-05,Small,Small,Diet (opposed by microbiome),100.01975054935994,0.01975054935994489
R01465m,1.169900340241,0.979612345293,0.979649920796,-0.19028799494799997,3.757550299998691e-05,-0.19025041944499999,0.19028799494799997,3.757550299998691e-05,99.99999610069858,3.899301429078132e-06,Antagonistic,Diet overcomes microbiome,True,-0.16265316660118292,3.835752293295993e-05,Small,Small,Diet (opposed by microbiome),100.01975054935994,0.01975054935994489
GF6PTA,1.677511446386,1.284693822306,1.284730531431,-0.39281762407999987,3.670912499997847e-05,-0.3927809149549999,0.39281762407999987,3.670912499997847e-05,99.99999912669462,8.733053740796018e-07,Antagonistic,Diet overcomes microbiome,True,-0.23416688149954445,2.8574220847490585e-05,Medium,Small,Diet (opposed by microbiome),100.00934595434816,0.009345954348159753
G6PDA,1.677511446386,1.284693822306,1.284730531431,-0.39281762407999987,3.670912499997847e-05,-0.3927809149549999,0.39281762407999987,3.670912499997847e-05,99.99999912669462,8.733053740796018e-07,Antagonistic,Diet overcomes microbiome,True,-0.23416688149954445,2.8574220847490585e-05,Medium,Small,Diet (opposed by microbiome),100.00934595434816,0.009345954348159753
EX_arg__L_e,-0.322403035568,-0.215249082447,-0.215212383056,0.10715395312099998,3.6699391000011294e-05,0.107190652512,0.10715395312099998,3.6699391000011294e-05,99.99998826991204,1.173008796015407e-05,Synergistic,Diet-dominated synergy,False,0.332360248817817,0.0001704973167959852,Medium,Small,Diet,99.96576250807327,0.034237491926735676
ARGt5r,0.322403035568,0.215249082447,0.215212383056,-0.10715395312099998,-3.6699391000011294e-05,-0.107190652512,0.10715395312099998,3.6699391000011294e-05,99.99998826991204,1.173008796015407e-05,Synergistic,Diet-dominated synergy,False,-0.332360248817817,-0.0001704973167959852,Medium,Small,Diet,99.96576250807327,0.034237491926735676
PIt8,0.304358727742,0.203201985259,0.203167339867,-0.10115674248300002,-3.464539199998784e-05,-0.10119138787500001,0.10115674248300002,3.464539199998784e-05,99.99998826991289,1.1730087110534612e-05,Synergistic,Diet-dominated synergy,False,-0.332360248820428,-0.00017049731062336343,Medium,Small,Diet,99.96576250931277,0.034237490687235854
EX_pi_e,-0.304358727742,-0.203201985259,-0.203167339867,0.10115674248300002,3.464539199998784e-05,0.10119138787500001,0.10115674248300002,3.464539199998784e-05,99.99998826991289,1.1730087110534612e-05,Synergistic,Diet-dominated synergy,False,0.332360248820428,0.00017049731062336343,Medium,Small,Diet,99.96576250931277,0.034237490687235854
ATPtx,0.277078470886,0.18498860136,0.184957061301,-0.09208986952600001,-3.15400589999959e-05,-0.09212140958500001,0.09208986952600001,3.15400589999959e-05,99.99998826991292,1.1730087089984067e-05,Synergistic,Diet-dominated synergy,False,-0.33236024881878706,-0.00017049731047275106,Medium,Small,Diet,99.96576250934275,0.0342374906572549
EX_ile__L_e,-0.277078470886,-0.18498860136,-0.184957061301,0.09208986952600001,3.15400589999959e-05,0.09212140958500001,0.09208986952600001,3.15400589999959e-05,99.99998826991292,1.1730087089984067e-05,Synergistic,Diet-dominated synergy,False,0.33236024881878706,0.00017049731047275106,Medium,Small,Diet,99.96576250934275,0.0342374906572549
ILEtec,0.277078470886,0.18498860136,0.184957061301,-0.09208986952600001,-3.15400589999959e-05,-0.09212140958500001,0.09208986952600001,3.15400589999959e-05,99.99998826991292,1.1730087089984067e-05,Synergistic,Diet-dominated synergy,False,-0.33236024881878706,-0.00017049731047275106,Medium,Small,Diet,99.96576250934275,0.0342374906572549
ADPtx,-0.277078470886,-0.18498860136,-0.184957061301,0.09208986952600001,3.15400589999959e-05,0.09212140958500001,0.09208986952600001,3.15400589999959e-05,99.99998826991292,1.1730087089984067e-05,Synergistic,Diet-dominated synergy,False,0.33236024881878706,0.00017049731047275106,Medium,Small,Diet,99.96576250934275,0.0342374906572549
PROt4,0.267671485763,0.50817244404,0.509370566313,0.24050095827699997,0.0011981222730000907,0.24169908055000006,0.24050095827699997,0.0011981222730000907,99.99751825084357,0.0024817491564175648,Synergistic,Diet-dominated synergy,False,0.8984930075441163,0.0023577080714470666,Large,Small,Diet,99.50429175391412,0.49570824608587466
EX_pro__L_e,-0.267671485763,-0.50817244404,-0.509370566313,-0.24050095827699997,-0.0011981222730000907,-0.24169908055000006,0.24050095827699997,0.0011981222730000907,99.99751825084357,0.0024817491564175648,Synergistic,Diet-dominated synergy,False,-0.8984930075441163,-0.0023577080714470666,Large,Small,Diet,99.50429175391412,0.49570824608587466
EX_asn__L_e,-0.246377492167,-0.164491407567,-0.164463362224,0.08188608459999999,2.8045343000021594e-05,0.08191412994300001,0.08188608459999999,2.8045343000021594e-05,99.99998826991255,1.1730087436262718e-05,Synergistic,Diet-dominated synergy,False,0.3323602488188971,0.0001704973129894233,Medium,Small,Diet,99.96576250883756,0.03423749116243676
ASNtN1,0.246377492167,0.164491407567,0.164463362224,-0.08188608459999999,-2.8045343000021594e-05,-0.08191412994300001,0.08188608459999999,2.8045343000021594e-05,99.99998826991255,1.1730087436262718e-05,Synergistic,Diet-dominated synergy,False,-0.3323602488188971,-0.0001704973129894233,Medium,Small,Diet,99.96576250883756,0.03423749116243676
TPI,12.846087118548,7.886065658711,7.886090767454,-4.960021459837001,2.510874300032384e-05,-4.959996351094,4.960021459837001,2.510874300032384e-05,99.99999999743738,2.5626118614222495e-09,Antagonistic,Diet overcomes microbiome,True,-0.3861114605610455,3.1839378578580005e-06,Medium,Small,Diet (opposed by microbiome),100.00050622502967,0.0005062250296774056
FACOAL160,0.210374394561,0.0,0.0,-0.210374394561,0.0,-0.210374394561,0.210374394561,0.0,100.0,0.0,Synergistic,Diet-dominated synergy,False,-1.0,0.0,Large,Small,Diet,100.0,0.0
HDCAt,0.210374394561,0.0,0.0,-0.210374394561,0.0,-0.210374394561,0.210374394561,0.0,100.0,0.0,Synergistic,Diet-dominated synergy,False,-1.0,0.0,Large,Small,Diet,100.0,0.0
EX_hdca_e,-0.210374394561,0.0,0.0,0.210374394561,0.0,0.210374394561,0.210374394561,0.0,100.0,0.0,Synergistic,Diet-dominated synergy,False,1.0,0.0,Large,Small,Diet,100.0,0.0
NADPtxu,0.18471898059,0.12332573424,0.123304707534,-0.06139324635,-2.1026706000001893e-05,-0.061414273056,0.06139324635,2.1026706000001893e-05,99.9999882699129,1.1730087090243982e-05,Synergistic,Diet-dominated synergy,False,-0.3323602488163775,-0.0001704973104727886,Medium,Small,Diet,99.96576250934237,0.034237490657634095
NADPHtxu,0.18471898059,0.12332573424,0.123304707534,-0.06139324635,-2.1026706000001893e-05,-0.061414273056,0.06139324635,2.1026706000001893e-05,99.9999882699129,1.1730087090243982e-05,Synergistic,Diet-dominated synergy,False,-0.3323602488163775,-0.0001704973104727886,Medium,Small,Diet,99.96576250934237,0.034237490657634095
DHPR,0.055642844757,0.003913350147,0.0038956332,-0.05172949461,-1.7716947000000205e-05,-0.051747211557,0.05172949461,1.7716947000000205e-05,99.99998826991254,1.1730087457939944e-05,Synergistic,Diet-dominated synergy,False,-0.9296701999315431,-0.004527309424019247,Large,Small,Diet,99.96576250880594,0.034237491194061415
THBPT4ACAMDASE,0.055642844757,0.003913350147,0.0038956332,-0.05172949461,-1.7716947000000205e-05,-0.051747211557,0.05172949461,1.7716947000000205e-05,99.99998826991254,1.1730087457939944e-05,Synergistic,Diet-dominated synergy,False,-0.9296701999315431,-0.004527309424019247,Large,Small,Diet,99.96576250880594,0.034237491194061415
PHETHPTOX2,0.055642844757,0.003913350147,0.0038956332,-0.05172949461,-1.7716947000000205e-05,-0.051747211557,0.05172949461,1.7716947000000205e-05,99.99998826991254,1.1730087457939944e-05,Synergistic,Diet-dominated synergy,False,-0.9296701999315431,-0.004527309424019247,Large,Small,Diet,99.96576250880594,0.034237491194061415
GHMT2r,-0.815052522513,-0.718353796313,-0.718367716772,0.09669872619999997,-1.3920458999949759e-05,0.09668480574100002,0.09669872619999997,1.3920458999949759e-05,99.99999792763812,2.0723618826000714e-06,Antagonistic,Diet overcomes microbiome,True,0.11864109800170287,-1.9378277210195682e-05,Small,Small,Diet (opposed by microbiome),100.0143977731488,0.014397773148802707
FTCD,0.877709193405,0.718353796313,0.718367716772,-0.15935539709199997,1.3920458999949759e-05,-0.15934147663300002,0.15935539709199997,1.3920458999949759e-05,99.99999923691388,7.630861198096627e-07,Antagonistic,Diet overcomes microbiome,True,-0.1815583091636467,1.9378277210195682e-05,Small,Small,Diet (opposed by microbiome),100.00873624325197,0.008736243251976238
IZPN,0.877709193405,0.718353796313,0.718367716772,-0.15935539709199997,1.3920458999949759e-05,-0.15934147663300002,0.15935539709199997,1.3920458999949759e-05,99.99999923691388,7.630861198096627e-07,Antagonistic,Diet overcomes microbiome,True,-0.1815583091636467,1.9378277210195682e-05,Small,Small,Diet (opposed by microbiome),100.00873624325197,0.008736243251976238
URCN,0.877709193405,0.718353796313,0.718367716772,-0.15935539709199997,1.3920458999949759e-05,-0.15934147663300002,0.15935539709199997,1.3920458999949759e-05,99.99999923691388,7.630861198096627e-07,Antagonistic,Diet overcomes microbiome,True,-0.1815583091636467,1.9378277210195682e-05,Small,Small,Diet (opposed by microbiome),100.00873624325197,0.008736243251976238
MTHFD,-0.777709193405,-0.618353796313,-0.618367716772,0.15935539709199997,-1.3920458999949759e-05,0.15934147663300002,0.15935539709199997,1.3920458999949759e-05,99.99999923691388,7.630861198096627e-07,Antagonistic,Diet overcomes microbiome,True,0.20490357892556638,-2.2512126686941957e-05,Medium,Small,Diet (opposed by microbiome),100.00873624325197,0.008736243251976238
HISDr,0.877709193405,0.718353796313,0.718367716772,-0.15935539709199997,1.3920458999949759e-05,-0.15934147663300002,0.15935539709199997,1.3920458999949759e-05,99.99999923691388,7.630861198096627e-07,Antagonistic,Diet overcomes microbiome,True,-0.1815583091636467,1.9378277210195682e-05,Small,Small,Diet (opposed by microbiome),100.00873624325197,0.008736243251976238
GluForTx,0.877709193405,0.718353796313,0.718367716772,-0.15935539709199997,1.3920458999949759e-05,-0.15934147663300002,0.15935539709199997,1.3920458999949759e-05,99.99999923691388,7.630861198096627e-07,Antagonistic,Diet overcomes microbiome,True,-0.1815583091636467,1.9378277210195682e-05,Small,Small,Diet (opposed by microbiome),100.00873624325197,0.008736243251976238
PFK,11.947853593966,6.954009003038,6.954022527623,-4.993844590928,1.3524584999480282e-05,-4.993831066343001,4.993844590928,1.3524584999480282e-05,99.99999999926654,7.334623904400907e-10,Antagonistic,Diet overcomes microbiome,True,-0.4179700187697338,1.944861588987272e-06,Medium,Small,Diet (opposed by microbiome),100.00027082584131,0.0002708258413191454
FBA,11.947853593966,6.954009003038,6.954022527623,-4.993844590928,1.3524584999480282e-05,-4.993831066343001,4.993844590928,1.3524584999480282e-05,99.99999999926654,7.334623904400907e-10,Antagonistic,Diet overcomes microbiome,True,-0.4179700187697338,1.944861588987272e-06,Medium,Small,Diet (opposed by microbiome),100.00027082584131,0.0002708258413191454
EX_met__L_e,-0.118014904266,-0.07879144132,-0.078778007591,0.039223462946,1.3433729000006389e-05,0.03923689667500001,0.039223462946,1.3433729000006389e-05,99.99998826991262,1.1730087381213899e-05,Synergistic,Diet-dominated synergy,False,0.33236024881732035,0.00017049731258814328,Medium,Small,Diet,99.96576250891788,0.03423749108212668
METtec,0.118014904266,0.07879144132,0.078778007591,-0.039223462946,-1.3433729000006389e-05,-0.03923689667500001,0.039223462946,1.3433729000006389e-05,99.99998826991262,1.1730087381213899e-05,Synergistic,Diet-dominated synergy,False,-0.33236024881732035,-0.00017049731258814328,Medium,Small,Diet,99.96576250891788,0.03423749108212668
NADtru,0.120449511861,0.13972285548,0.139724607706,0.01927334361899999,1.752226000018009e-06,0.019275095845000007,0.01927334361899999,1.752226000018009e-06,99.99999917345575,8.265442483041095e-07,Synergistic,Diet-dominated synergy,False,0.1600118034620317,1.2540725667239342e-05,Small,Small,Diet,99.99090937853639,0.009090621463615391
NADHtru,0.120449511861,0.13972285548,0.139724607706,0.01927334361899999,1.752226000018009e-06,0.019275095845000007,0.01927334361899999,1.752226000018009e-06,99.99999917345575,8.265442483041095e-07,Synergistic,Diet-dominated synergy,False,0.1600118034620317,1.2540725667239342e-05,Small,Small,Diet,99.99090937853639,0.009090621463615391
RPE,0.156405398623,0.009718527772,0.009731078898,-0.14668687085100002,1.2551125999999899e-05,-0.146674319725,0.14668687085100002,1.2551125999999899e-05,99.99999926787896,7.321210388178728e-07,Antagonistic,Diet overcomes microbiome,True,-0.9378632204670533,0.0012914637169799403,Large,Small,Diet (opposed by microbiome),100.00855713939805,0.008557139398043251
RPI,0.156405398623,0.009718527772,0.009731078898,-0.14668687085100002,1.2551125999999899e-05,-0.146674319725,0.14668687085100002,1.2551125999999899e-05,99.99999926787896,7.321210388178728e-07,Antagonistic,Diet overcomes microbiome,True,-0.9378632204670533,0.0012914637169799403,Large,Small,Diet (opposed by microbiome),100.00855713939805,0.008557139398043251
PPM,-0.103562354396,-0.069142344521,-0.069130555937,0.034420009875000004,1.1788583999999824e-05,0.034431798459000004,0.034420009875000004,1.1788583999999824e-05,99.99998826991246,1.1730087526905196e-05,Synergistic,Diet-dominated synergy,False,0.33236024881575543,0.00017049731364575553,Medium,Small,Diet,99.96576250870532,0.034237491294674
GPAM_hs,0.098345753555,0.065659534433,0.065648339659,-0.032686219121999996,-1.1194774000009011e-05,-0.032697413896000005,0.032686219121999996,1.1194774000009011e-05,99.99998826991296,1.1730087031709714e-05,Synergistic,Diet-dominated synergy,False,-0.3323602488207097,-0.00017049731005071823,Medium,Small,Diet,99.96576250942776,0.03423749057223913
ARTPLM2,-0.098345753555,1.059340465565,0.184351660343,1.1576862191200001,-0.8749888052220001,0.28269741389799996,1.1576862191200001,0.8749888052220001,63.64375287359286,36.35624712640714,Antagonistic,Balanced opposition,True,11.771593355808317,-0.8259750605819859,Large,Large,Diet (opposed by microbiome),409.514258781902,309.51425878190196
AGPAT1,0.098345753555,0.065659534433,0.065648339659,-0.032686219121999996,-1.1194774000009011e-05,-0.032697413896000005,0.032686219121999996,1.1194774000009011e-05,99.99998826991296,1.1730087031709714e-05,Synergistic,Diet-dominated synergy,False,-0.3323602488207097,-0.00017049731005071823,Medium,Small,Diet,99.96576250942776,0.03423749057223913
NADPHtru,0.064157239756,0.0,0.0,-0.064157239756,0.0,-0.064157239756,0.064157239756,0.0,100.0,0.0,Synergistic,Diet-dominated synergy,False,-1.0,0.0,Large,Small,Diet,100.0,0.0
NADPtru,0.064157239756,0.0,0.0,-0.064157239756,0.0,-0.064157239756,0.064157239756,0.0,100.0,0.0,Synergistic,Diet-dominated synergy,False,-1.0,0.0,Large,Small,Diet,100.0,0.0
BALAtmr,0.303535643469,0.244046657613,0.244056197508,-0.059488985856000015,9.539894999993637e-06,-0.05947944596100002,0.059488985856000015,9.539894999993637e-06,99.99999742833705,2.571662947624977e-06,Antagonistic,Diet overcomes microbiome,True,-0.1959868211064827,3.909045546168324e-05,Small,Small,Diet (opposed by microbiome),100.01603897757596,0.01603897757596605
DHPM1,0.303535643469,0.244046657613,0.244056197508,-0.059488985856000015,9.539894999993637e-06,-0.05947944596100002,0.059488985856000015,9.539894999993637e-06,99.99999742833705,2.571662947624977e-06,Antagonistic,Diet overcomes microbiome,True,-0.1959868211064827,3.909045546168324e-05,Small,Small,Diet (opposed by microbiome),100.01603897757596,0.01603897757596605
UPPN,0.303535643469,0.244046657613,0.244056197508,-0.059488985856000015,9.539894999993637e-06,-0.05947944596100002,0.059488985856000015,9.539894999993637e-06,99.99999742833705,2.571662947624977e-06,Antagonistic,Diet overcomes microbiome,True,-0.1959868211064827,3.909045546168324e-05,Small,Small,Diet (opposed by microbiome),100.01603897757596,0.01603897757596605
GLUt2m,-0.303535643469,-0.5735109775,-0.374749108923,-0.269975334031,0.198761868577,-0.07121346545399998,0.269975334031,0.198761868577,64.84986255966483,35.15013744033518,Antagonistic,Balanced opposition,True,-0.8894353590423474,0.3465702948589158,Large,Medium,Diet (opposed by microbiome),379.1071426026716,279.1071426026716
MMSAD3m,0.303535643469,0.244046657613,0.244056197508,-0.059488985856000015,9.539894999993637e-06,-0.05947944596100002,0.059488985856000015,9.539894999993637e-06,99.99999742833705,2.571662947624977e-06,Antagonistic,Diet overcomes microbiome,True,-0.1959868211064827,3.909045546168324e-05,Small,Small,Diet (opposed by microbiome),100.01603897757596,0.01603897757596605
APAT2rm,0.303535643469,0.244046657613,0.244056197508,-0.059488985856000015,9.539894999993637e-06,-0.05947944596100002,0.059488985856000015,9.539894999993637e-06,99.99999742833705,2.571662947624977e-06,Antagonistic,Diet overcomes microbiome,True,-0.1959868211064827,3.909045546168324e-05,Small,Small,Diet (opposed by microbiome),100.01603897757596,0.01603897757596605
DURAD,-0.303535643469,-0.244046657613,-0.244056197508,0.059488985856000015,-9.539894999993637e-06,0.05947944596100002,0.059488985856000015,9.539894999993637e-06,99.99999742833705,2.571662947624977e-06,Antagonistic,Diet overcomes microbiome,True,0.1959868211064827,-3.909045546168324e-05,Small,Small,Diet (opposed by microbiome),100.01603897757596,0.01603897757596605
PMEVKx,0.092359490295,0.06166286712,0.061652353767,-0.030696623175,-1.0513353000000947e-05,-0.030707136528,0.030696623175,1.0513353000000947e-05,99.9999882699129,1.1730087090243982e-05,Synergistic,Diet-dominated synergy,False,-0.3323602488163775,-0.0001704973104727886,Medium,Small,Diet,99.96576250934237,0.034237490657634095
HMGCOARx,0.092359490295,0.06166286712,0.061652353767,-0.030696623175,-1.0513353000000947e-05,-0.030707136528,0.030696623175,1.0513353000000947e-05,99.9999882699129,1.1730087090243982e-05,Synergistic,Diet-dominated synergy,False,-0.3323602488163775,-0.0001704973104727886,Medium,Small,Diet,99.96576250934237,0.034237490657634095
HMGCOASm,-0.092359490295,-0.06166286712,-0.061652353767,0.030696623175,1.0513353000000947e-05,0.030707136528,0.030696623175,1.0513353000000947e-05,99.9999882699129,1.1730087090243982e-05,Synergistic,Diet-dominated synergy,False,0.3323602488163775,0.0001704973104727886,Medium,Small,Diet,99.96576250934237,0.034237490657634095
HMGCOAtm,-0.092359490295,-0.06166286712,-0.061652353767,0.030696623175,1.0513353000000947e-05,0.030707136528,0.030696623175,1.0513353000000947e-05,99.9999882699129,1.1730087090243982e-05,Synergistic,Diet-dominated synergy,False,0.3323602488163775,0.0001704973104727886,Medium,Small,Diet,99.96576250934237,0.034237490657634095
HMGCOAtx,0.092359490295,0.06166286712,0.061652353767,-0.030696623175,-1.0513353000000947e-05,-0.030707136528,0.030696623175,1.0513353000000947e-05,99.9999882699129,1.1730087090243982e-05,Synergistic,Diet-dominated synergy,False,-0.3323602488163775,-0.0001704973104727886,Medium,Small,Diet,99.96576250934237,0.034237490657634095
PItx,-0.092359490295,-0.06166286712,-0.061652353767,0.030696623175,1.0513353000000947e-05,0.030707136528,0.030696623175,1.0513353000000947e-05,99.9999882699129,1.1730087090243982e-05,Synergistic,Diet-dominated synergy,False,0.3323602488163775,0.0001704973104727886,Medium,Small,Diet,99.96576250934237,0.034237490657634095
CO2tp,-0.092359490295,-0.06166286712,-0.061652353767,0.030696623175,1.0513353000000947e-05,0.030707136528,0.030696623175,1.0513353000000947e-05,99.9999882699129,1.1730087090243982e-05,Synergistic,Diet-dominated synergy,False,0.3323602488163775,0.0001704973104727886,Medium,Small,Diet,99.96576250934237,0.034237490657634095
Htx,0.092359490295,-0.232535409521,-0.232429192285,-0.324894899816,0.00010621723599998911,-0.32478868258,0.324894899816,0.00010621723599998911,99.99998931181018,1.0688189809849955e-05,Antagonistic,Diet overcomes microbiome,True,-3.517720797053691,0.00045677875992643934,Large,Small,Diet (opposed by microbiome),100.03270349051459,0.03270349051458291
COAtp,-0.092359490295,-0.06166286712,-0.061652353767,0.030696623175,1.0513353000000947e-05,0.030707136528,0.030696623175,1.0513353000000947e-05,99.9999882699129,1.1730087090243982e-05,Synergistic,Diet-dominated synergy,False,0.3323602488163775,0.0001704973104727886,Medium,Small,Diet,99.96576250934237,0.034237490657634095
COAtim,0.092359490295,0.06166286712,0.061652353767,-0.030696623175,-1.0513353000000947e-05,-0.030707136528,0.030696623175,1.0513353000000947e-05,99.9999882699129,1.1730087090243982e-05,Synergistic,Diet-dominated synergy,False,-0.3323602488163775,-0.0001704973104727886,Medium,Small,Diet,99.96576250934237,0.034237490657634095
DPMVDx,0.092359490295,0.06166286712,0.061652353767,-0.030696623175,-1.0513353000000947e-05,-0.030707136528,0.030696623175,1.0513353000000947e-05,99.9999882699129,1.1730087090243982e-05,Synergistic,Diet-dominated synergy,False,-0.3323602488163775,-0.0001704973104727886,Medium,Small,Diet,99.96576250934237,0.034237490657634095
MEVK1x,0.092359490295,0.06166286712,0.061652353767,-0.030696623175,-1.0513353000000947e-05,-0.030707136528,0.030696623175,1.0513353000000947e-05,99.9999882699129,1.1730087090243982e-05,Synergistic,Diet-dominated synergy,False,-0.3323602488163775,-0.0001704973104727886,Medium,Small,Diet,99.96576250934237,0.034237490657634095
H2Otm,-0.107640509705,0.0,0.0,0.107640509705,0.0,0.107640509705,0.107640509705,0.0,100.0,0.0,Synergistic,Diet-dominated synergy,False,1.0,0.0,Large,Small,Diet,100.0,0.0
PPAP,0.083807685638,0.055953342387,0.055943802492,-0.02785434325100001,-9.539895000000576e-06,-0.02786388314600001,0.02785434325100001,9.539895000000576e-06,99.99998826991141,1.1730088593393732e-05,Synergistic,Diet-dominated synergy,False,-0.33236024881195764,-0.00017049732139356595,Medium,Small,Diet,99.96576250714944,0.034237492850561546
PYNP2r,-0.075341399028,-0.050300912901,-0.05029233673,0.025040486126999995,8.576171000002075e-06,0.025049062297999997,0.025040486126999995,8.576171000002075e-06,99.99998826991117,1.173008883034683e-05,Synergistic,Diet-dominated synergy,False,0.3323602488147839,0.00017049732311779929,Medium,Small,Diet,99.96576250680374,0.03423749319624961
URIK1,0.075341399028,0.050300912901,0.05029233673,-0.025040486126999995,-8.576171000002075e-06,-0.025049062297999997,0.025040486126999995,8.576171000002075e-06,99.99998826991117,1.173008883034683e-05,Synergistic,Diet-dominated synergy,False,-0.3323602488147839,-0.00017049732311779929,Medium,Small,Diet,99.96576250680374,0.03423749319624961
EX_chol_e,-0.065848895859,-0.043963340447,-0.043955844815,0.021885555411999998,7.495632000004138e-06,0.021893051044000002,0.021885555411999998,7.495632000004138e-06,99.99998826991074,1.1730089263550635e-05,Synergistic,Diet-dominated synergy,False,0.3323602488166665,0.00017049732626756367,Medium,Small,Diet,99.96576250617176,0.0342374938282455
CHOLK,0.065848895859,0.043963340447,0.043955844815,-0.021885555411999998,-7.495632000004138e-06,-0.021893051044000002,0.021885555411999998,7.495632000004138e-06,99.99998826991074,1.1730089263550635e-05,Synergistic,Diet-dominated synergy,False,-0.3323602488166665,-0.00017049732626756367,Medium,Small,Diet,99.96576250617176,0.0342374938282455
CEPTC,0.065848895859,0.043963340447,0.043955844815,-0.021885555411999998,-7.495632000004138e-06,-0.021893051044000002,0.021885555411999998,7.495632000004138e-06,99.99998826991074,1.1730089263550635e-05,Synergistic,Diet-dominated synergy,False,-0.3323602488166665,-0.00017049732626756367,Medium,Small,Diet,99.96576250617176,0.0342374938282455
CHLPCTD,0.065848895859,0.043963340447,0.043955844815,-0.021885555411999998,-7.495632000004138e-06,-0.021893051044000002,0.021885555411999998,7.495632000004138e-06,99.99998826991074,1.1730089263550635e-05,Synergistic,Diet-dominated synergy,False,-0.3323602488166665,-0.00017049732626756367,Medium,Small,Diet,99.96576250617176,0.0342374938282455
CHOLtu,0.065848895859,0.043963340447,0.043955844815,-0.021885555411999998,-7.495632000004138e-06,-0.021893051044000002,0.021885555411999998,7.495632000004138e-06,99.99998826991074,1.1730089263550635e-05,Synergistic,Diet-dominated synergy,False,-0.3323602488166665,-0.00017049732626756367,Medium,Small,Diet,99.96576250617176,0.0342374938282455
GUAPRT,0.06182954767,0.041279863822,0.041272825716,-0.020549683847999996,-7.038106000001321e-06,-0.020556721953999997,0.020549683847999996,7.038106000001321e-06,99.99998826991211,1.1730087895462651e-05,Synergistic,Diet-dominated synergy,False,-0.33236024881952686,-0.00017049731632715268,Medium,Small,Diet,99.96576250816764,0.034237491832358136
GUAt,0.06182954767,0.041279863822,0.041272825716,-0.020549683847999996,-7.038106000001321e-06,-0.020556721953999997,0.020549683847999996,7.038106000001321e-06,99.99998826991211,1.1730087895462651e-05,Synergistic,Diet-dominated synergy,False,-0.33236024881952686,-0.00017049731632715268,Medium,Small,Diet,99.96576250816764,0.034237491832358136
EX_gua_e,-0.06182954767,-0.041279863822,-0.041272825716,0.020549683847999996,7.038106000001321e-06,0.020556721953999997,0.020549683847999996,7.038106000001321e-06,99.99998826991211,1.1730087895462651e-05,Synergistic,Diet-dominated synergy,False,0.33236024881952686,0.00017049731632715268,Medium,Small,Diet,99.96576250816764,0.034237491832358136
PRPPS,0.06182954767,0.041279863822,0.041272825716,-0.020549683847999996,-7.038106000001321e-06,-0.020556721953999997,0.020549683847999996,7.038106000001321e-06,99.99998826991211,1.1730087895462651e-05,Synergistic,Diet-dominated synergy,False,-0.33236024881952686,-0.00017049731632715268,Medium,Small,Diet,99.96576250816764,0.034237491832358136
PPItx,-0.06157299353,-0.04110857808,-0.041101569178,0.020464415450000002,7.008901999998318e-06,0.020471424352,0.020464415450000002,7.008901999998318e-06,99.9999882699129,1.1730087090236238e-05,Synergistic,Diet-dominated synergy,False,0.3323602488163775,0.00017049731047273233,Medium,Small,Diet,99.96576250934238,0.0342374906576228
CYTK1,0.058066753621,0.038767672939,0.038761063155,-0.019299080682,-6.609784000001506e-06,-0.019305690466000003,0.019299080682,6.609784000001506e-06,99.9999882699128,1.1730087197871056e-05,Synergistic,Diet-dominated synergy,False,-0.3323602488261103,-0.00017049731126244906,Medium,Small,Diet,99.96576250918535,0.034237490814649975
NDPK3,0.058066753621,0.038767672939,0.038761063155,-0.019299080682,-6.609784000001506e-06,-0.019305690466000003,0.019299080682,6.609784000001506e-06,99.9999882699128,1.1730087197871056e-05,Synergistic,Diet-dominated synergy,False,-0.3323602488261103,-0.00017049731126244906,Medium,Small,Diet,99.96576250918535,0.034237490814649975
HSD17B9r,0.010224755931,0.01231713676,0.012323561587,0.002092380829,6.424826999999397e-06,0.0020988056559999996,0.002092380829,6.424826999999397e-06,99.99905716148145,0.0009428385185614282,Synergistic,Diet-dominated synergy,False,0.20463870659799324,0.0005216169248736504,Medium,Small,Diet,99.69388175691101,0.3061182430889827
HSD3B2r,0.010224755931,0.01231713676,0.012323561587,0.002092380829,6.424826999999397e-06,0.0020988056559999996,0.002092380829,6.424826999999397e-06,99.99905716148145,0.0009428385185614282,Synergistic,Diet-dominated synergy,False,0.20463870659799324,0.0005216169248736504,Medium,Small,Diet,99.69388175691101,0.3061182430889827
HSD3A1r,0.010224755931,0.02740571872,0.012323561587,0.017180962789,-0.015082157133,0.0020988056559999996,0.017180962789,0.015082157133,56.47786459860487,43.522135401395126,Antagonistic,Balanced opposition,True,1.6803298685017773,-0.550328830529572,Large,Medium,Diet (opposed by microbiome),818.606655641679,718.6066556416791
TKT2,0.178202699311,0.079859263886,0.079865539449,-0.098343435425,6.2755630000077556e-06,-0.09833715986199999,0.098343435425,6.2755630000077556e-06,99.99999959279356,4.072064374025767e-07,Antagonistic,Diet overcomes microbiome,True,-0.5518627709076992,7.858278043942645e-05,Medium,Small,Diet (opposed by microbiome),100.00638168013884,0.0063816801388350795
TKT1,0.178202699311,0.079859263886,0.079865539449,-0.098343435425,6.2755630000077556e-06,-0.09833715986199999,0.098343435425,6.2755630000077556e-06,99.99999959279356,4.072064374025767e-07,Antagonistic,Diet overcomes microbiome,True,-0.5518627709076992,7.858278043942645e-05,Medium,Small,Diet (opposed by microbiome),100.00638168013884,0.0063816801388350795
TALA,0.178202699311,0.079859263886,0.079865539449,-0.098343435425,6.2755630000077556e-06,-0.09833715986199999,0.098343435425,6.2755630000077556e-06,99.99999959279356,4.072064374025767e-07,Antagonistic,Diet overcomes microbiome,True,-0.5518627709076992,7.858278043942645e-05,Medium,Small,Diet (opposed by microbiome),100.00638168013884,0.0063816801388350795
O2ter,0.153876369339,0.11097000582,0.110963873031,-0.04290636351900001,-6.132788999996253e-06,-0.04291249630800001,0.04290636351900001,6.132788999996253e-06,99.99999795698,2.04302001397603e-06,Synergistic,Diet-dominated synergy,False,-0.2788365991692617,-5.5265285017142415e-05,Medium,Small,Diet,99.98570861747129,0.014291382528713297
CTPS2,0.04712044366,0.031459481281,0.031454117524,-0.015660962379,-5.363756999998692e-06,-0.015666326135999997,0.015660962379,5.363756999998692e-06,99.99998826991269,1.1730087321222923e-05,Synergistic,Diet-dominated synergy,False,-0.3323602488126488,-0.00017049731214856812,Medium,Small,Diet,99.9657625090054,0.03423749099460655
NDPK2,0.04712044366,0.031459481281,0.031454117524,-0.015660962379,-5.363756999998692e-06,-0.015666326135999997,0.015660962379,5.363756999998692e-06,99.99998826991269,1.1730087321222923e-05,Synergistic,Diet-dominated synergy,False,-0.3323602488126488,-0.00017049731214856812,Medium,Small,Diet,99.9657625090054,0.03423749099460655
EX_ade_e,-0.04087762626,-0.027291528225,-0.027286875093,0.013586098035,4.653132000001503e-06,0.013590751167000002,0.013586098035,4.653132000001503e-06,99.99998826991371,1.1730086277719296e-05,Synergistic,Diet-dominated synergy,False,0.3323602488213561,0.00017049730457157288,Medium,Small,Diet,99.96576251052774,0.034237489472251345
ADEt,0.04087762626,0.027291528225,0.027286875093,-0.013586098035,-4.653132000001503e-06,-0.013590751167000002,0.013586098035,4.653132000001503e-06,99.99998826991371,1.1730086277719296e-05,Synergistic,Diet-dominated synergy,False,-0.3323602488213561,-0.00017049730457157288,Medium,Small,Diet,99.96576251052774,0.034237489472251345
EX_trp__L_e,-0.037627940491,-0.025121908827,-0.025117625609,0.012506031664000002,4.283218000000755e-06,0.012510314882000002,0.012506031664000002,4.283218000000755e-06,99.99998826991231,1.1730087698618735e-05,Synergistic,Diet-dominated synergy,False,0.33236024881540466,0.00017049731489341793,Medium,Small,Diet,99.96576250845482,0.034237491545184864
TRPt4,0.037627940491,0.025121908827,0.025117625609,-0.012506031664000002,-4.283218000000755e-06,-0.012510314882000002,0.012506031664000002,4.283218000000755e-06,99.99998826991231,1.1730087698618735e-05,Synergistic,Diet-dominated synergy,False,-0.33236024881540466,-0.00017049731489341793,Medium,Small,Diet,99.96576250845482,0.034237491545184864
ACALDt,-0.166220371605,-0.127447377303,-0.127451222465,0.03877299430200001,-3.845162000026825e-06,0.03876914913999999,0.03877299430200001,3.845162000026825e-06,99.99999901650853,9.834914676268705e-07,Antagonistic,Diet overcomes microbiome,True,0.2332625894624922,-3.0170585549870816e-05,Medium,Small,Diet (opposed by microbiome),100.00991809747009,0.009918097470082436
DRBK,0.166220371605,0.127447377303,0.127451222465,-0.03877299430200001,3.845162000026825e-06,-0.03876914913999999,0.03877299430200001,3.845162000026825e-06,99.99999901650853,9.834914676268705e-07,Antagonistic,Diet overcomes microbiome,True,-0.2332625894624922,3.0170585549870816e-05,Medium,Small,Diet (opposed by microbiome),100.00991809747009,0.009918097470082436
DRPA,0.166220371605,0.127447377303,0.127451222465,-0.03877299430200001,3.845162000026825e-06,-0.03876914913999999,0.03877299430200001,3.845162000026825e-06,99.99999901650853,9.834914676268705e-07,Antagonistic,Diet overcomes microbiome,True,-0.2332625894624922,3.0170585549870816e-05,Medium,Small,Diet (opposed by microbiome),100.00991809747009,0.009918097470082436
EX_acald_e,0.166220371605,0.127447377303,0.127451222465,-0.03877299430200001,3.845162000026825e-06,-0.03876914913999999,0.03877299430200001,3.845162000026825e-06,99.99999901650853,9.834914676268705e-07,Antagonistic,Diet overcomes microbiome,True,-0.2332625894624922,3.0170585549870816e-05,Medium,Small,Diet (opposed by microbiome),100.00991809747009,0.009918097470082436
2DR1PP,0.166220371605,0.127447377303,0.127451222465,-0.03877299430200001,3.845162000026825e-06,-0.03876914913999999,0.03877299430200001,3.845162000026825e-06,99.99999901650853,9.834914676268705e-07,Antagonistic,Diet overcomes microbiome,True,-0.2332625894624922,3.0170585549870816e-05,Medium,Small,Diet (opposed by microbiome),100.00991809747009,0.009918097470082436
FRDPtr,0.030786496765,0.02055428904,0.020550784589,-0.010232207725000001,-3.504450999999159e-06,-0.010235712176,0.010232207725000001,3.504450999999159e-06,99.9999882699129,1.1730087090236238e-05,Synergistic,Diet-dominated synergy,False,-0.3323602488163775,-0.00017049731047273233,Medium,Small,Diet,99.96576250934238,0.0342374906576228
DMATTx,0.030786496765,0.02055428904,0.020550784589,-0.010232207725000001,-3.504450999999159e-06,-0.010235712176,0.010232207725000001,3.504450999999159e-06,99.9999882699129,1.1730087090236238e-05,Synergistic,Diet-dominated synergy,False,-0.3323602488163775,-0.00017049731047273233,Medium,Small,Diet,99.96576250934238,0.0342374906576228
CO2ter,-0.030786496765,-0.02055428904,-0.020550784589,0.010232207725000001,3.504450999999159e-06,0.010235712176,0.010232207725000001,3.504450999999159e-06,99.9999882699129,1.1730087090236238e-05,Synergistic,Diet-dominated synergy,False,0.3323602488163775,0.00017049731047273233,Medium,Small,Diet,99.96576250934238,0.0342374906576228
PPItr,-0.030786496765,-0.02055428904,-0.020550784589,0.010232207725000001,3.504450999999159e-06,0.010235712176,0.010232207725000001,3.504450999999159e-06,99.9999882699129,1.1730087090236238e-05,Synergistic,Diet-dominated synergy,False,0.3323602488163775,0.00017049731047273233,Medium,Small,Diet,99.96576250934238,0.0342374906576228
IPDDIx,0.030786496765,0.02055428904,0.020550784589,-0.010232207725000001,-3.504450999999159e-06,-0.010235712176,0.010232207725000001,3.504450999999159e-06,99.9999882699129,1.1730087090236238e-05,Synergistic,Diet-dominated synergy,False,-0.3323602488163775,-0.00017049731047273233,Medium,Small,Diet,99.96576250934238,0.0342374906576228
Htr,-0.030786496765,-0.02055428904,-0.020550784589,0.010232207725000001,3.504450999999159e-06,0.010235712176,0.010232207725000001,3.504450999999159e-06,99.9999882699129,1.1730087090236238e-05,Synergistic,Diet-dominated synergy,False,0.3323602488163775,0.00017049731047273233,Medium,Small,Diet,99.96576250934238,0.0342374906576228
GRTTx,0.030786496765,0.02055428904,0.020550784589,-0.010232207725000001,-3.504450999999159e-06,-0.010235712176,0.010232207725000001,3.504450999999159e-06,99.9999882699129,1.1730087090236238e-05,Synergistic,Diet-dominated synergy,False,-0.3323602488163775,-0.00017049731047273233,Medium,Small,Diet,99.96576250934238,0.0342374906576228
ADNK1,0.028220955368,0.01884143162,0.018838219207,-0.009379523748,-3.2124130000012185e-06,-0.009382736161,0.009379523748,3.2124130000012185e-06,99.99998826991595,1.173008404713673e-05,Synergistic,Diet-dominated synergy,False,-0.3323602488183489,-0.00017049728835845322,Medium,Small,Diet,99.96576251378193,0.03423748621808037
PUNP1,-0.028220955368,-0.01884143162,-0.018838219207,0.009379523748,3.2124130000012185e-06,0.009382736161,0.009379523748,3.2124130000012185e-06,99.99998826991595,1.173008404713673e-05,Synergistic,Diet-dominated synergy,False,0.3323602488183489,0.00017049728835845322,Medium,Small,Diet,99.96576251378193,0.03423748621808037
PSSA2_hs,0.024800233505,0.016557621727,0.016554798697,-0.008242611778000002,-2.823030000001503e-06,-0.008245434808000003,0.008242611778000002,2.823030000001503e-06,99.99998826991268,1.173008732243953e-05,Synergistic,Diet-dominated synergy,False,-0.3323602487991978,-0.00017049731214707458,Medium,Small,Diet,99.96576250900362,0.034237490996381445
ETHAK,0.024800233505,0.016557621727,0.016554798697,-0.008242611778000002,-2.823030000001503e-06,-0.008245434808000003,0.008242611778000002,2.823030000001503e-06,99.99998826991268,1.173008732243953e-05,Synergistic,Diet-dominated synergy,False,-0.3323602487991978,-0.00017049731214707458,Medium,Small,Diet,99.96576250900362,0.034237490996381445
PETHCT,0.024800233505,0.016557621727,0.016554798697,-0.008242611778000002,-2.823030000001503e-06,-0.008245434808000003,0.008242611778000002,2.823030000001503e-06,99.99998826991268,1.173008732243953e-05,Synergistic,Diet-dominated synergy,False,-0.3323602487991978,-0.00017049731214707458,Medium,Small,Diet,99.96576250900362,0.034237490996381445
CEPTE,0.024800233505,0.016557621727,0.016554798697,-0.008242611778000002,-2.823030000001503e-06,-0.008245434808000003,0.008242611778000002,2.823030000001503e-06,99.99998826991268,1.173008732243953e-05,Synergistic,Diet-dominated synergy,False,-0.3323602487991978,-0.00017049731214707458,Medium,Small,Diet,99.96576250900362,0.034237490996381445
PSFLIPm,0.022234692108,0.014844764307,0.014842233314,-0.007389927801000002,-2.5309930000005226e-06,-0.007392458794000002,0.007389927801000002,2.5309930000005226e-06,99.99998826990723,1.1730092755968153e-05,Synergistic,Diet-dominated synergy,False,-0.33236024879971776,-0.0001704973516357576,Medium,Small,Diet,99.96576250107671,0.03423749892329155
PSDm_hs,0.022234692108,0.014844764307,0.014842233314,-0.007389927801000002,-2.5309930000005226e-06,-0.007392458794000002,0.007389927801000002,2.5309930000005226e-06,99.99998826990723,1.1730092755968153e-05,Synergistic,Diet-dominated synergy,False,-0.33236024879971776,-0.0001704973516357576,Medium,Small,Diet,99.96576250107671,0.03423749892329155
PE_HStm,-0.022234692108,-0.014844764307,-0.014842233314,0.007389927801000002,2.5309930000005226e-06,0.007392458794000002,0.007389927801000002,2.5309930000005226e-06,99.99998826990723,1.1730092755968153e-05,Synergistic,Diet-dominated synergy,False,0.33236024879971776,0.0001704973516357576,Medium,Small,Diet,99.96576250107671,0.03423749892329155
DURIPP,-0.021122957503,-0.005652429486,-0.005651465762,0.015470528017,9.63724000000235e-07,0.015471491741000001,0.015470528017,9.63724000000235e-07,99.99999961194341,3.880565998545804e-07,Synergistic,Diet-dominated synergy,False,0.7324035005421371,0.00017049730604993787,Medium,Small,Diet,99.99377096910798,0.006229030892000753
DURIK1,0.021122957503,0.005652429486,0.005651465762,-0.015470528017,-9.63724000000235e-07,-0.015471491741000001,0.015470528017,9.63724000000235e-07,99.99999961194341,3.880565998545804e-07,Synergistic,Diet-dominated synergy,False,-0.7324035005421371,-0.00017049730604993787,Medium,Small,Diet,99.99377096910798,0.006229030892000753
SQLSr,0.015393248383,0.01027714452,0.010275392294,-0.005116103863,-1.7522260000006618e-06,-0.0051178560890000006,0.005116103863,1.7522260000006618e-06,99.99998826990623,1.1730093782351676e-05,Synergistic,Diet-dominated synergy,False,-0.3323602488380636,-0.0001704973591244839,Medium,Small,Diet,99.96576249957933,0.034237500420670024
CHSTEROLt3,-0.015393248383,-0.01027714452,-0.010275392294,0.005116103863,1.7522260000006618e-06,0.0051178560890000006,0.005116103863,1.7522260000006618e-06,99.99998826990623,1.1730093782351676e-05,Synergistic,Diet-dominated synergy,False,0.3323602488380636,0.0001704973591244839,Medium,Small,Diet,99.96576249957933,0.034237500420670024
CHSTEROLt2,0.015393248383,0.01027714452,0.010275392294,-0.005116103863,-1.7522260000006618e-06,-0.0051178560890000006,0.005116103863,1.7522260000006618e-06,99.99998826990623,1.1730093782351676e-05,Synergistic,Diet-dominated synergy,False,-0.3323602488380636,-0.0001704973591244839,Medium,Small,Diet,99.96576249957933,0.034237500420670024
C14STRr,0.015393248383,0.01027714452,0.010275392294,-0.005116103863,-1.7522260000006618e-06,-0.0051178560890000006,0.005116103863,1.7522260000006618e-06,99.99998826990623,1.1730093782351676e-05,Synergistic,Diet-dominated synergy,False,-0.3323602488380636,-0.0001704973591244839,Medium,Small,Diet,99.96576249957933,0.034237500420670024
EX_for_e,0.015393248383,0.01027714452,0.010275392294,-0.005116103863,-1.7522260000006618e-06,-0.0051178560890000006,0.005116103863,1.7522260000006618e-06,99.99998826990623,1.1730093782351676e-05,Synergistic,Diet-dominated synergy,False,-0.3323602488380636,-0.0001704973591244839,Medium,Small,Diet,99.96576249957933,0.034237500420670024
C4STMO2Pr,0.015393248383,0.01027714452,0.010275392294,-0.005116103863,-1.7522260000006618e-06,-0.0051178560890000006,0.005116103863,1.7522260000006618e-06,99.99998826990623,1.1730093782351676e-05,Synergistic,Diet-dominated synergy,False,-0.3323602488380636,-0.0001704973591244839,Medium,Small,Diet,99.96576249957933,0.034237500420670024
C4STMO1r,0.015393248383,0.01027714452,0.010275392294,-0.005116103863,-1.7522260000006618e-06,-0.0051178560890000006,0.005116103863,1.7522260000006618e-06,99.99998826990623,1.1730093782351676e-05,Synergistic,Diet-dominated synergy,False,-0.3323602488380636,-0.0001704973591244839,Medium,Small,Diet,99.96576249957933,0.034237500420670024
C3STKR2r,0.015393248383,0.01027714452,0.010275392294,-0.005116103863,-1.7522260000006618e-06,-0.0051178560890000006,0.005116103863,1.7522260000006618e-06,99.99998826990623,1.1730093782351676e-05,Synergistic,Diet-dominated synergy,False,-0.3323602488380636,-0.0001704973591244839,Medium,Small,Diet,99.96576249957933,0.034237500420670024
SQLEr,0.015393248383,0.01027714452,0.010275392294,-0.005116103863,-1.7522260000006618e-06,-0.0051178560890000006,0.005116103863,1.7522260000006618e-06,99.99998826990623,1.1730093782351676e-05,Synergistic,Diet-dominated synergy,False,-0.3323602488380636,-0.0001704973591244839,Medium,Small,Diet,99.96576249957933,0.034237500420670024
CLFORtex2,0.015393248383,0.01027714452,0.010275392294,-0.005116103863,-1.7522260000006618e-06,-0.0051178560890000006,0.005116103863,1.7522260000006618e-06,99.99998826990623,1.1730093782351676e-05,Synergistic,Diet-dominated synergy,False,-0.3323602488380636,-0.0001704973591244839,Medium,Small,Diet,99.96576249957933,0.034237500420670024
LNS14DMr,0.015393248383,0.01027714452,0.010275392294,-0.005116103863,-1.7522260000006618e-06,-0.0051178560890000006,0.005116103863,1.7522260000006618e-06,99.99998826990623,1.1730093782351676e-05,Synergistic,Diet-dominated synergy,False,-0.3323602488380636,-0.0001704973591244839,Medium,Small,Diet,99.96576249957933,0.034237500420670024
FORtr,-0.015393248383,-0.01027714452,-0.010275392294,0.005116103863,1.7522260000006618e-06,0.0051178560890000006,0.005116103863,1.7522260000006618e-06,99.99998826990623,1.1730093782351676e-05,Synergistic,Diet-dominated synergy,False,0.3323602488380636,0.0001704973591244839,Medium,Small,Diet,99.96576249957933,0.034237500420670024
C3STDH1Pr,0.015393248383,0.01027714452,0.010275392294,-0.005116103863,-1.7522260000006618e-06,-0.0051178560890000006,0.005116103863,1.7522260000006618e-06,99.99998826990623,1.1730093782351676e-05,Synergistic,Diet-dominated synergy,False,-0.3323602488380636,-0.0001704973591244839,Medium,Small,Diet,99.96576249957933,0.034237500420670024
FADtru,0.015393248383,0.01027714452,0.010275392294,-0.005116103863,-1.7522260000006618e-06,-0.0051178560890000006,0.005116103863,1.7522260000006618e-06,99.99998826990623,1.1730093782351676e-05,Synergistic,Diet-dominated synergy,False,-0.3323602488380636,-0.0001704973591244839,Medium,Small,Diet,99.96576249957933,0.034237500420670024
FADH2tru,0.015393248383,0.01027714452,0.010275392294,-0.005116103863,-1.7522260000006618e-06,-0.0051178560890000006,0.005116103863,1.7522260000006618e-06,99.99998826990623,1.1730093782351676e-05,Synergistic,Diet-dominated synergy,False,-0.3323602488380636,-0.0001704973591244839,Medium,Small,Diet,99.96576249957933,0.034237500420670024
EBP1r,0.015393248383,0.01027714452,0.010275392294,-0.005116103863,-1.7522260000006618e-06,-0.0051178560890000006,0.005116103863,1.7522260000006618e-06,99.99998826990623,1.1730093782351676e-05,Synergistic,Diet-dominated synergy,False,-0.3323602488380636,-0.0001704973591244839,Medium,Small,Diet,99.96576249957933,0.034237500420670024
LNSTLSr,0.015393248383,0.01027714452,0.010275392294,-0.005116103863,-1.7522260000006618e-06,-0.0051178560890000006,0.005116103863,1.7522260000006618e-06,99.99998826990623,1.1730093782351676e-05,Synergistic,Diet-dominated synergy,False,-0.3323602488380636,-0.0001704973591244839,Medium,Small,Diet,99.96576249957933,0.034237500420670024
CDS,0.014538067917,0.009706192047,0.009704537167,-0.00483187587,-1.6548800000001918e-06,-0.00483353075,0.00483187587,1.6548800000001918e-06,99.9999882699078,1.1730092210161022e-05,Synergistic,Diet-dominated synergy,False,-0.33236024880237874,-0.00017049734767113781,Medium,Small,Diet,99.96576250187297,0.03423749812702012
DADNK,0.012656670892,0.008450096605,0.008448655887,-0.0042065742869999995,-1.4407179999998548e-06,-0.004208015004999999,0.0042065742869999995,1.4407179999998548e-06,99.99998826992503,1.173007496765401e-05,Synergistic,Diet-dominated synergy,False,-0.3323602488280612,-0.00017049722238055465,Medium,Small,Diet,99.96576252702788,0.03423747297212537
TMDS,0.012656670892,0.0,0.0,-0.012656670892,0.0,-0.012656670892,0.012656670892,0.0,100.0,0.0,Synergistic,Diet-dominated synergy,False,-1.0,0.0,Large,Small,Diet,100.0,0.0
PUNP2,-0.012656670892,-0.008450096605,-0.008448655887,0.0042065742869999995,1.4407179999998548e-06,0.004208015004999999,0.0042065742869999995,1.4407179999998548e-06,99.99998826992503,1.173007496765401e-05,Synergistic,Diet-dominated synergy,False,0.3323602488280612,0.00017049722238055465,Medium,Small,Diet,99.96576252702788,0.03423747297212537
DHFR,0.062656670892,0.05,0.05,-0.012656670891999997,0.0,-0.012656670891999997,0.012656670891999997,0.0,100.0,0.0,Synergistic,Diet-dominated synergy,False,-0.20200037301400894,0.0,Medium,Small,Diet,100.0,0.0
MI1PS,0.008551804657,0.005709524733,0.005708551275,-0.0028422799239999994,-9.734579999995038e-07,-0.002843253381999999,0.0028422799239999994,9.734579999995038e-07,99.99998826992764,1.173007235936057e-05,Synergistic,Diet-dominated synergy,False,-0.3323602488596928,-0.00017049720344901846,Medium,Small,Diet,99.96576253083308,0.034237469166914516
MI1PP,0.008551804657,0.005709524733,0.005708551275,-0.0028422799239999994,-9.734579999995038e-07,-0.002843253381999999,0.0028422799239999994,9.734579999995038e-07,99.99998826992764,1.173007235936057e-05,Synergistic,Diet-dominated synergy,False,-0.3323602488596928,-0.00017049720344901846,Medium,Small,Diet,99.96576253083308,0.034237469166914516
CDIPTr,0.008551804657,0.005709524733,0.005708551275,-0.0028422799239999994,-9.734579999995038e-07,-0.002843253381999999,0.0028422799239999994,9.734579999995038e-07,99.99998826992764,1.173007235936057e-05,Synergistic,Diet-dominated synergy,False,-0.3323602488596928,-0.00017049720344901846,Medium,Small,Diet,99.96576253083308,0.034237469166914516
PGI,10.991448195343,6.494290475267,6.494291448725,-4.497157720076,9.734579995424042e-07,-4.497156746618001,4.497157720076,9.734579995424042e-07,99.99999999999531,4.685524344742957e-12,Antagonistic,Diet overcomes microbiome,True,-0.4091506087415682,1.4989443469609855e-07,Medium,Small,Diet (opposed by microbiome),100.0000216460767,2.1646076718906326e-05
GK1,0.00846628661,0.005652429486,0.005651465762,-0.002813857124,-9.63724000000235e-07,-0.002814820848,0.002813857124,9.63724000000235e-07,99.99998826991352,1.1730086484792956e-05,Synergistic,Diet-dominated synergy,False,-0.3323602487868055,-0.00017049730604993787,Medium,Small,Diet,99.96576251022566,0.034237489774348685
DGK1,-0.00846628661,-0.005652429486,-0.005651465762,0.002813857124,9.63724000000235e-07,0.002814820848,0.002813857124,9.63724000000235e-07,99.99998826991352,1.1730086484792956e-05,Synergistic,Diet-dominated synergy,False,0.3323602487868055,0.00017049730604993787,Medium,Small,Diet,99.96576251022566,0.034237489774348685
RNDR2,0.00846628661,0.005652429486,0.005651465762,-0.002813857124,-9.63724000000235e-07,-0.002814820848,0.002813857124,9.63724000000235e-07,99.99998826991352,1.1730086484792956e-05,Synergistic,Diet-dominated synergy,False,-0.3323602487868055,-0.00017049730604993787,Medium,Small,Diet,99.96576251022566,0.034237489774348685
DCMPDA,-0.00846628661,-0.005652429486,-0.005651465762,0.002813857124,9.63724000000235e-07,0.002814820848,0.002813857124,9.63724000000235e-07,99.99998826991352,1.1730086484792956e-05,Synergistic,Diet-dominated synergy,False,0.3323602487868055,0.00017049730604993787,Medium,Small,Diet,99.96576251022566,0.034237489774348685
TRDR,0.00846628661,0.005652429486,0.005651465762,-0.002813857124,-9.63724000000235e-07,-0.002814820848,0.002813857124,9.63724000000235e-07,99.99998826991352,1.1730086484792956e-05,Synergistic,Diet-dominated synergy,False,-0.3323602487868055,-0.00017049730604993787,Medium,Small,Diet,99.96576251022566,0.034237489774348685
3DSPHR,0.006841443726,0.004567619787,0.00456684102,-0.0022738239389999996,-7.787669999998609e-07,-0.0022746027059999995,0.0022738239389999996,7.787669999998609e-07,99.99998826990955,1.1730090436287917e-05,Synergistic,Diet-dominated synergy,False,-0.332360248811027,-0.00017049733478612344,Medium,Small,Diet,99.96576250446087,0.03423749553913795
SERPT,0.006841443726,0.004567619787,0.00456684102,-0.0022738239389999996,-7.787669999998609e-07,-0.0022746027059999995,0.0022738239389999996,7.787669999998609e-07,99.99998826990955,1.1730090436287917e-05,Synergistic,Diet-dominated synergy,False,-0.332360248811027,-0.00017049733478612344,Medium,Small,Diet,99.96576250446087,0.03423749553913795
SMS,0.006841443726,0.004567619787,0.00456684102,-0.0022738239389999996,-7.787669999998609e-07,-0.0022746027059999995,0.0022738239389999996,7.787669999998609e-07,99.99998826990955,1.1730090436287917e-05,Synergistic,Diet-dominated synergy,False,-0.332360248811027,-0.00017049733478612344,Medium,Small,Diet,99.96576250446087,0.03423749553913795
DSAT,0.006841443726,0.004567619787,0.00456684102,-0.0022738239389999996,-7.787669999998609e-07,-0.0022746027059999995,0.0022738239389999996,7.787669999998609e-07,99.99998826990955,1.1730090436287917e-05,Synergistic,Diet-dominated synergy,False,-0.332360248811027,-0.00017049733478612344,Medium,Small,Diet,99.96576250446087,0.03423749553913795
PGPP_hs,0.003420721863,0.002283809893,0.00228342051,-0.00113691197,-3.893829999997156e-07,-0.0011373013529999997,0.00113691197,3.893829999997156e-07,99.9999882699397,1.1730060301205084e-05,Synergistic,Diet-dominated synergy,False,-0.33236024895719507,-0.00017049711589094848,Medium,Small,Diet,99.96576254842459,0.03423745157539751
PGPPT,0.003420721863,0.002283809893,0.00228342051,-0.00113691197,-3.893829999997156e-07,-0.0011373013529999997,0.00113691197,3.893829999997156e-07,99.9999882699397,1.1730060301205084e-05,Synergistic,Diet-dominated synergy,False,-0.33236024895719507,-0.00017049711589094848,Medium,Small,Diet,99.96576254842459,0.03423745157539751
CLS_hs,0.002565541397,0.00171285742,0.001712565382,-0.0008526839769999999,-2.920379999998921e-07,-0.0008529760149999998,0.0008526839769999999,2.920379999998921e-07,99.99998826987944,1.1730120564513706e-05,Synergistic,Diet-dominated synergy,False,-0.33236024879469134,-0.00017049755373094166,Medium,Small,Stable,99.96576246050718,0.034237539492818235
EX_cyan_e,0.0,0.0,0.0,0.0,0.0,0.0,0.0,0.0,0.0,0.0,Negligible,None,False,0.0,0.0,Small,Small,Stable,0.0,0.0
EX_cytd_e,0.0,0.0,0.0,0.0,0.0,0.0,0.0,0.0,0.0,0.0,Negligible,None,False,0.0,0.0,Small,Small,Stable,0.0,0.0
EX_dad_2_e,0.0,0.0,0.0,0.0,0.0,0.0,0.0,0.0,0.0,0.0,Negligible,None,False,0.0,0.0,Small,Small,Stable,0.0,0.0
EX_dad_5_e,0.0,0.0,0.0,0.0,0.0,0.0,0.0,0.0,0.0,0.0,Negligible,None,False,0.0,0.0,Small,Small,Stable,0.0,0.0
EX_dag_hs_e,0.0,0.0,0.0,0.0,0.0,0.0,0.0,0.0,0.0,0.0,Negligible,None,False,0.0,0.0,Small,Small,Stable,0.0,0.0
EX_bz_e,0.0,0.0,0.0,0.0,0.0,0.0,0.0,0.0,0.0,0.0,Negligible,None,False,0.0,0.0,Small,Small,Stable,0.0,0.0
EX_ca2_e,0.0,0.0,0.0,0.0,0.0,0.0,0.0,0.0,0.0,0.0,Negligible,None,False,0.0,0.0,Small,Small,Stable,0.0,0.0
EX_camp_e,0.0,0.0,0.0,0.0,0.0,0.0,0.0,0.0,0.0,0.0,Negligible,None,False,0.0,0.0,Small,Small,Stable,0.0,0.0
EX_caro_e,0.0,0.0,0.0,0.0,0.0,0.0,0.0,0.0,0.0,0.0,Negligible,None,False,0.0,0.0,Small,Small,Stable,0.0,0.0
EX_acac_e,0.0,-0.5,-0.5,-0.5,0.0,-0.5,0.5,0.0,100.0,0.0,Synergistic,Diet-dominated synergy,False,0.0,0.0,Small,Small,Diet,100.0,0.0
EX_carveol_e,0.0,0.0,0.0,0.0,0.0,0.0,0.0,0.0,0.0,0.0,Negligible,None,False,0.0,0.0,Small,Small,Stable,0.0,0.0
EX_cca_d3_e,0.0,0.0,0.0,0.0,0.0,0.0,0.0,0.0,0.0,0.0,Negligible,None,False,0.0,0.0,Small,Small,Stable,0.0,0.0
EX_dcsptn1_e,0.0,0.0,0.0,0.0,0.0,0.0,0.0,0.0,0.0,0.0,Negligible,None,False,0.0,0.0,Small,Small,Stable,0.0,0.0
EX_gq1b_hs_e,0.0,0.0,0.0,0.0,0.0,0.0,0.0,0.0,0.0,0.0,Negligible,None,False,0.0,0.0,Small,Small,Stable,0.0,0.0
EX_dcyt_e,0.0,0.0,0.0,0.0,0.0,0.0,0.0,0.0,0.0,0.0,Negligible,None,False,0.0,0.0,Small,Small,Stable,0.0,0.0
EX_debrisoquine_e,0.0,0.0,0.0,0.0,0.0,0.0,0.0,0.0,0.0,0.0,Negligible,None,False,0.0,0.0,Small,Small,Stable,0.0,0.0
EX_dgchol_e,0.0,0.0,0.0,0.0,0.0,0.0,0.0,0.0,0.0,0.0,Negligible,None,False,0.0,0.0,Small,Small,Stable,0.0,0.0
EX_dgsn_e,0.0,0.0,0.0,0.0,0.0,0.0,0.0,0.0,0.0,0.0,Negligible,None,False,0.0,0.0,Small,Small,Stable,0.0,0.0
EX_dhdascb_e,0.0,0.0,0.0,0.0,0.0,0.0,0.0,0.0,0.0,0.0,Negligible,None,False,0.0,0.0,Small,Small,Stable,0.0,0.0
EX_cgly_e,0.0,0.0,0.0,0.0,0.0,0.0,0.0,0.0,0.0,0.0,Negligible,None,False,0.0,0.0,Small,Small,Stable,0.0,0.0
EX_cholate_e,0.0,0.0,0.0,0.0,0.0,0.0,0.0,0.0,0.0,0.0,Negligible,None,False,0.0,0.0,Small,Small,Stable,0.0,0.0
EX_chsterol_e,0.0,0.0,0.0,0.0,0.0,0.0,0.0,0.0,0.0,0.0,Negligible,None,False,0.0,0.0,Small,Small,Stable,0.0,0.0
EX_chtn_e,0.0,0.0,0.0,0.0,0.0,0.0,0.0,0.0,0.0,0.0,Negligible,None,False,0.0,0.0,Small,Small,Stable,0.0,0.0
EX_cit_e,0.0,0.0,0.0,0.0,0.0,0.0,0.0,0.0,0.0,0.0,Negligible,None,False,0.0,0.0,Small,Small,Stable,0.0,0.0
EX_cl_e,0.0,0.0,0.0,0.0,0.0,0.0,0.0,0.0,0.0,0.0,Negligible,None,False,0.0,0.0,Small,Small,Stable,0.0,0.0
EX_cmp_e,0.0,0.0,0.0,0.0,0.0,0.0,0.0,0.0,0.0,0.0,Negligible,None,False,0.0,0.0,Small,Small,Stable,0.0,0.0
EX_co_e,0.0,0.0,0.0,0.0,0.0,0.0,0.0,0.0,0.0,0.0,Negligible,None,False,0.0,0.0,Small,Small,Stable,0.0,0.0
EX_coumarin_e,0.0,0.0,0.0,0.0,0.0,0.0,0.0,0.0,0.0,0.0,Negligible,None,False,0.0,0.0,Small,Small,Stable,0.0,0.0
EX_creat_e,0.0,0.0,0.0,0.0,0.0,0.0,0.0,0.0,0.0,0.0,Negligible,None,False,0.0,0.0,Small,Small,Stable,0.0,0.0
EX_crmp_hs_e,0.0,0.0,0.0,0.0,0.0,0.0,0.0,0.0,0.0,0.0,Negligible,None,False,0.0,0.0,Small,Small,Stable,0.0,0.0
EX_crn_e,0.0,0.0,0.0,0.0,0.0,0.0,0.0,0.0,0.0,0.0,Negligible,None,False,0.0,0.0,Small,Small,Stable,0.0,0.0
EX_crtsl_e,0.0,0.0,0.0,0.0,0.0,0.0,0.0,0.0,0.0,0.0,Negligible,None,False,0.0,0.0,Small,Small,Stable,0.0,0.0
EX_crtstrn_e,0.0,0.0,0.0,0.0,0.0,0.0,0.0,0.0,0.0,0.0,Negligible,None,False,0.0,0.0,Small,Small,Stable,0.0,0.0
EX_crvnc_e,0.0,0.0,0.0,0.0,0.0,0.0,0.0,0.0,0.0,0.0,Negligible,None,False,0.0,0.0,Small,Small,Stable,0.0,0.0
EX_csn_e,-0.2,-0.15,-0.15,0.05000000000000002,0.0,0.05000000000000002,0.05000000000000002,0.0,100.0,0.0,Synergistic,Diet-dominated synergy,False,0.25000000000000006,0.0,Medium,Small,Diet,100.0,0.0
EX_dheas_e,0.0,0.0,0.0,0.0,0.0,0.0,0.0,0.0,0.0,0.0,Negligible,None,False,0.0,0.0,Small,Small,Stable,0.0,0.0
EX_dhf_e,0.0,0.0,0.0,0.0,0.0,0.0,0.0,0.0,0.0,0.0,Negligible,None,False,0.0,0.0,Small,Small,Stable,0.0,0.0
EX_digalsgalside_hs_e,0.0,0.0,0.0,0.0,0.0,0.0,0.0,0.0,0.0,0.0,Negligible,None,False,0.0,0.0,Small,Small,Stable,0.0,0.0
EX_din_e,0.0,0.0,0.0,0.0,0.0,0.0,0.0,0.0,0.0,0.0,Negligible,None,False,0.0,0.0,Small,Small,Stable,0.0,0.0
EX_dlnlcg_e,0.0,0.0,0.0,0.0,0.0,0.0,0.0,0.0,0.0,0.0,Negligible,None,False,0.0,0.0,Small,Small,Stable,0.0,0.0
EX_dmantipyrine_e,0.0,0.0,0.0,0.0,0.0,0.0,0.0,0.0,0.0,0.0,Negligible,None,False,0.0,0.0,Small,Small,Stable,0.0,0.0
EX_dmhptcrn_e,0.0,0.0,0.0,0.0,0.0,0.0,0.0,0.0,0.0,0.0,Negligible,None,False,0.0,0.0,Small,Small,Stable,0.0,0.0
EX_dopa_e,0.0,0.0,0.0,0.0,0.0,0.0,0.0,0.0,0.0,0.0,Negligible,None,False,0.0,0.0,Small,Small,Stable,0.0,0.0
EX_cspg_a_e,0.0,0.0,0.0,0.0,0.0,0.0,0.0,0.0,0.0,0.0,Negligible,None,False,0.0,0.0,Small,Small,Stable,0.0,0.0
EX_cspg_b_e,0.0,0.0,0.0,0.0,0.0,0.0,0.0,0.0,0.0,0.0,Negligible,None,False,0.0,0.0,Small,Small,Stable,0.0,0.0
EX_cspg_c_e,0.0,0.0,0.0,0.0,0.0,0.0,0.0,0.0,0.0,0.0,Negligible,None,False,0.0,0.0,Small,Small,Stable,0.0,0.0
EX_cspg_d_e,0.0,0.0,0.0,0.0,0.0,0.0,0.0,0.0,0.0,0.0,Negligible,None,False,0.0,0.0,Small,Small,Stable,0.0,0.0
EX_dopasf_e,0.0,0.0,0.0,0.0,0.0,0.0,0.0,0.0,0.0,0.0,Negligible,None,False,0.0,0.0,Small,Small,Stable,0.0,0.0
EX_gq1balpha_hs_e,0.0,0.0,0.0,0.0,0.0,0.0,0.0,0.0,0.0,0.0,Negligible,None,False,0.0,0.0,Small,Small,Stable,0.0,0.0
EX_oagd3_hs_e,0.0,0.0,0.0,0.0,0.0,0.0,0.0,0.0,0.0,0.0,Negligible,None,False,0.0,0.0,Small,Small,Stable,0.0,0.0
EX_gsn_e,0.0,0.0,0.0,0.0,0.0,0.0,0.0,0.0,0.0,0.0,Negligible,None,False,0.0,0.0,Small,Small,Stable,0.0,0.0
EX_oagt3_hs_e,0.0,0.0,0.0,0.0,0.0,0.0,0.0,0.0,0.0,0.0,Negligible,None,False,0.0,0.0,Small,Small,Stable,0.0,0.0
EX_ocdca_e,0.0,0.0,0.0,0.0,0.0,0.0,0.0,0.0,0.0,0.0,Negligible,None,False,0.0,0.0,Small,Small,Stable,0.0,0.0
EX_ocdcea_e,0.0,0.0,0.0,0.0,0.0,0.0,0.0,0.0,0.0,0.0,Negligible,None,False,0.0,0.0,Small,Small,Stable,0.0,0.0
EX_octa_e,0.0,0.0,0.0,0.0,0.0,0.0,0.0,0.0,0.0,0.0,Negligible,None,False,0.0,0.0,Small,Small,Stable,0.0,0.0
EX_drib_e,0.0,0.0,0.0,0.0,0.0,0.0,0.0,0.0,0.0,0.0,Negligible,None,False,0.0,0.0,Small,Small,Stable,0.0,0.0
EX_duri_e,0.0,0.0,0.0,0.0,0.0,0.0,0.0,0.0,0.0,0.0,Negligible,None,False,0.0,0.0,Small,Small,Stable,0.0,0.0
EX_eaflatoxin_e,0.0,0.0,0.0,0.0,0.0,0.0,0.0,0.0,0.0,0.0,Negligible,None,False,0.0,0.0,Small,Small,Stable,0.0,0.0
EX_ebastine_e,0.0,0.0,0.0,0.0,0.0,0.0,0.0,0.0,0.0,0.0,Negligible,None,False,0.0,0.0,Small,Small,Stable,0.0,0.0
EX_ebastineoh_e,0.0,0.0,0.0,0.0,0.0,0.0,0.0,0.0,0.0,0.0,Negligible,None,False,0.0,0.0,Small,Small,Stable,0.0,0.0
EX_eicostet_e,0.0,0.0,0.0,0.0,0.0,0.0,0.0,0.0,0.0,0.0,Negligible,None,False,0.0,0.0,Small,Small,Stable,0.0,0.0
EX_oh1_e,0.0,0.0,0.0,0.0,0.0,0.0,0.0,0.0,0.0,0.0,Negligible,None,False,0.0,0.0,Small,Small,Stable,0.0,0.0
EX_omeprazole_e,0.0,0.0,0.0,0.0,0.0,0.0,0.0,0.0,0.0,0.0,Negligible,None,False,0.0,0.0,Small,Small,Stable,0.0,0.0
EX_gt1a_hs_e,0.0,0.0,0.0,0.0,0.0,0.0,0.0,0.0,0.0,0.0,Negligible,None,False,0.0,0.0,Small,Small,Stable,0.0,0.0
EX_onpthl_e,0.0,0.0,0.0,0.0,0.0,0.0,0.0,0.0,0.0,0.0,Negligible,None,False,0.0,0.0,Small,Small,Stable,0.0,0.0
EX_orn_e,0.0,0.0,0.0,0.0,0.0,0.0,0.0,0.0,0.0,0.0,Negligible,None,False,0.0,0.0,Small,Small,Stable,0.0,0.0
EX_elaid_e,0.0,0.0,0.0,0.0,0.0,0.0,0.0,0.0,0.0,0.0,Negligible,None,False,0.0,0.0,Small,Small,Stable,0.0,0.0
EX_estradiol_e,0.0,0.0,0.0,0.0,0.0,0.0,0.0,0.0,0.0,0.0,Negligible,None,False,0.0,0.0,Small,Small,Stable,0.0,0.0
EX_estradiolglc_e,0.0,0.0,0.0,0.0,0.0,0.0,0.0,0.0,0.0,0.0,Negligible,None,False,0.0,0.0,Small,Small,Stable,0.0,0.0
EX_estriolglc_e,0.0,0.0,0.0,0.0,0.0,0.0,0.0,0.0,0.0,0.0,Negligible,None,False,0.0,0.0,Small,Small,Stable,0.0,0.0
EX_gthox_e,0.0,0.0,0.0,0.0,0.0,0.0,0.0,0.0,0.0,0.0,Negligible,None,False,0.0,0.0,Small,Small,Stable,0.0,0.0
EX_estroneglc_e,0.0,0.0,0.0,0.0,0.0,0.0,0.0,0.0,0.0,0.0,Negligible,None,False,0.0,0.0,Small,Small,Stable,0.0,0.0
EX_estrones_e,0.0,0.0,0.0,0.0,0.0,0.0,0.0,0.0,0.0,0.0,Negligible,None,False,0.0,0.0,Small,Small,Stable,0.0,0.0
EX_gthrd_e,0.0,0.0,0.0,0.0,0.0,0.0,0.0,0.0,0.0,0.0,Negligible,None,False,0.0,0.0,Small,Small,Stable,0.0,0.0
EX_etoh_e,0.0,0.0,0.0,0.0,0.0,0.0,0.0,0.0,0.0,0.0,Negligible,None,False,0.0,0.0,Small,Small,Stable,0.0,0.0
EX_fe2_e,0.2,0.15,0.15,-0.05000000000000002,0.0,-0.05000000000000002,0.05000000000000002,0.0,100.0,0.0,Synergistic,Diet-dominated synergy,False,-0.25000000000000006,0.0,Medium,Small,Diet,100.0,0.0
EX_oxa_e,0.0,0.0,0.0,0.0,0.0,0.0,0.0,0.0,0.0,0.0,Negligible,None,False,0.0,0.0,Small,Small,Stable,0.0,0.0
EX_paf_hs_e,0.0,0.0,0.0,0.0,0.0,0.0,0.0,0.0,0.0,0.0,Negligible,None,False,0.0,0.0,Small,Small,Stable,0.0,0.0
EX_pchol_hs_e,0.0,0.0,0.0,0.0,0.0,0.0,0.0,0.0,0.0,0.0,Negligible,None,False,0.0,0.0,Small,Small,Stable,0.0,0.0
EX_pe_hs_e,0.0,0.0,0.0,0.0,0.0,0.0,0.0,0.0,0.0,0.0,Negligible,None,False,0.0,0.0,Small,Small,Stable,0.0,0.0
EX_peplys_e,0.0,0.0,0.0,0.0,0.0,0.0,0.0,0.0,0.0,0.0,Negligible,None,False,0.0,0.0,Small,Small,Stable,0.0,0.0
EX_perillyl_e,0.0,0.0,0.0,0.0,0.0,0.0,0.0,0.0,0.0,0.0,Negligible,None,False,0.0,0.0,Small,Small,Stable,0.0,0.0
EX_fe3_e,-0.2,-0.15,-0.15,0.05000000000000002,0.0,0.05000000000000002,0.05000000000000002,0.0,100.0,0.0,Synergistic,Diet-dominated synergy,False,0.25000000000000006,0.0,Medium,Small,Diet,100.0,0.0
EX_fol_e,-0.05,-0.05,-0.05,0.0,0.0,0.0,0.0,0.0,0.0,0.0,Negligible,None,False,0.0,0.0,Small,Small,Stable,0.0,0.0
EX_pglyc_hs_e,0.0,0.0,0.0,0.0,0.0,0.0,0.0,0.0,0.0,0.0,Negligible,None,False,0.0,0.0,Small,Small,Stable,0.0,0.0
EX_gtp_e,0.0,0.0,0.0,0.0,0.0,0.0,0.0,0.0,0.0,0.0,Negligible,None,False,0.0,0.0,Small,Small,Stable,0.0,0.0
EX_pheacgln_e,0.0,0.0,0.0,0.0,0.0,0.0,0.0,0.0,0.0,0.0,Negligible,None,False,0.0,0.0,Small,Small,Stable,0.0,0.0
EX_pheme_e,0.0,0.0,0.0,0.0,0.0,0.0,0.0,0.0,0.0,0.0,Negligible,None,False,0.0,0.0,Small,Small,Stable,0.0,0.0
EX_phllqne_e,0.0,0.0,0.0,0.0,0.0,0.0,0.0,0.0,0.0,0.0,Negligible,None,False,0.0,0.0,Small,Small,Stable,0.0,0.0
EX_fru_e,-0.1,1.9,1.9,2.0,0.0,2.0,2.0,0.0,100.0,0.0,Synergistic,Diet-dominated synergy,False,20.0,0.0,Large,Small,Diet,100.0,0.0
EX_fuc__L_e,0.0,0.0,0.0,0.0,0.0,0.0,0.0,0.0,0.0,0.0,Negligible,None,False,0.0,0.0,Small,Small,Stable,0.0,0.0
EX_fuc13galacglcgal14acglcgalgluside_hs_e,0.0,0.0,0.0,0.0,0.0,0.0,0.0,0.0,0.0,0.0,Negligible,None,False,0.0,0.0,Small,Small,Stable,0.0,0.0
EX_fuc14galacglcgalgluside_hs_e,0.0,0.0,0.0,0.0,0.0,0.0,0.0,0.0,0.0,0.0,Negligible,None,False,0.0,0.0,Small,Small,Stable,0.0,0.0
EX_phyt_e,0.0,0.0,0.0,0.0,0.0,0.0,0.0,0.0,0.0,0.0,Negligible,None,False,0.0,0.0,Small,Small,Stable,0.0,0.0
EX_pnto__R_e,0.0,0.0,0.0,0.0,0.0,0.0,0.0,0.0,0.0,0.0,Negligible,None,False,0.0,0.0,Small,Small,Stable,0.0,0.0
EX_fucacgalfucgalacglcgalgluside_hs_e,0.0,0.0,0.0,0.0,0.0,0.0,0.0,0.0,0.0,0.0,Negligible,None,False,0.0,0.0,Small,Small,Stable,0.0,0.0
EX_fucacngal14acglcgalgluside_hs_e,0.0,0.0,0.0,0.0,0.0,0.0,0.0,0.0,0.0,0.0,Negligible,None,False,0.0,0.0,Small,Small,Stable,0.0,0.0
EX_fucacngalacglcgalgluside_hs_e,0.0,0.0,0.0,0.0,0.0,0.0,0.0,0.0,0.0,0.0,Negligible,None,False,0.0,0.0,Small,Small,Stable,0.0,0.0
EX_ppa_e,0.0,0.0,0.0,0.0,0.0,0.0,0.0,0.0,0.0,0.0,Negligible,None,False,0.0,0.0,Small,Small,Stable,0.0,0.0
EX_prgstrn_e,0.0,0.0,0.0,0.0,0.0,0.0,0.0,0.0,0.0,0.0,Negligible,None,False,0.0,0.0,Small,Small,Stable,0.0,0.0
EX_fucfuc12gal14acglcgalgluside_hs_e,0.0,0.0,0.0,0.0,0.0,0.0,0.0,0.0,0.0,0.0,Negligible,None,False,0.0,0.0,Small,Small,Stable,0.0,0.0
EX_pro__D_e,0.0,0.0,0.0,0.0,0.0,0.0,0.0,0.0,0.0,0.0,Negligible,None,False,0.0,0.0,Small,Small,Stable,0.0,0.0
EX_fucfuc132galacglcgal14acglcgalgluside_hs_e,0.0,0.0,0.0,0.0,0.0,0.0,0.0,0.0,0.0,0.0,Negligible,None,False,0.0,0.0,Small,Small,Stable,0.0,0.0
EX_fucfucfucgalacglc13galacglcgal14acglcgalgluside_hs_e,0.0,0.0,0.0,0.0,0.0,0.0,0.0,0.0,0.0,0.0,Negligible,None,False,0.0,0.0,Small,Small,Stable,0.0,0.0
EX_fucfucfucgalacglcgal14acglcgalgluside_hs_e,0.0,0.0,0.0,0.0,0.0,0.0,0.0,0.0,0.0,0.0,Negligible,None,False,0.0,0.0,Small,Small,Stable,0.0,0.0
EX_prostgd2_e,0.0,0.0,0.0,0.0,0.0,0.0,0.0,0.0,0.0,0.0,Negligible,None,False,0.0,0.0,Small,Small,Stable,0.0,0.0
EX_prostge1_e,0.0,0.0,0.0,0.0,0.0,0.0,0.0,0.0,0.0,0.0,Negligible,None,False,0.0,0.0,Small,Small,Stable,0.0,0.0
EX_prostge2_e,0.0,0.0,0.0,0.0,0.0,0.0,0.0,0.0,0.0,0.0,Negligible,None,False,0.0,0.0,Small,Small,Stable,0.0,0.0
EX_prostgf2_e,0.0,0.0,0.0,0.0,0.0,0.0,0.0,0.0,0.0,0.0,Negligible,None,False,0.0,0.0,Small,Small,Stable,0.0,0.0
EX_ps_hs_e,0.0,0.0,0.0,0.0,0.0,0.0,0.0,0.0,0.0,0.0,Negligible,None,False,0.0,0.0,Small,Small,Stable,0.0,0.0
EX_ptdca_e,0.0,0.0,0.0,0.0,0.0,0.0,0.0,0.0,0.0,0.0,Negligible,None,False,0.0,0.0,Small,Small,Stable,0.0,0.0
EX_pydam_e,0.0,0.0,0.0,0.0,0.0,0.0,0.0,0.0,0.0,0.0,Negligible,None,False,0.0,0.0,Small,Small,Stable,0.0,0.0
EX_fucfucgalacglcgalgluside_hs_e,0.0,0.0,0.0,0.0,0.0,0.0,0.0,0.0,0.0,0.0,Negligible,None,False,0.0,0.0,Small,Small,Stable,0.0,0.0
EX_fucgal14acglcgalgluside_hs_e,0.0,0.0,0.0,0.0,0.0,0.0,0.0,0.0,0.0,0.0,Negligible,None,False,0.0,0.0,Small,Small,Stable,0.0,0.0
EX_fucgalfucgalacglcgalgluside_hs_e,0.0,0.0,0.0,0.0,0.0,0.0,0.0,0.0,0.0,0.0,Negligible,None,False,0.0,0.0,Small,Small,Stable,0.0,0.0
EX_fucgalgbside_hs_e,0.0,0.0,0.0,0.0,0.0,0.0,0.0,0.0,0.0,0.0,Negligible,None,False,0.0,0.0,Small,Small,Stable,0.0,0.0
EX_gal_e,-1.0,-0.5,-0.5,0.5,0.0,0.5,0.5,0.0,100.0,0.0,Synergistic,Diet-dominated synergy,False,0.5,0.0,Medium,Small,Diet,100.0,0.0
EX_galacglcgalgbside_hs_e,0.0,0.0,0.0,0.0,0.0,0.0,0.0,0.0,0.0,0.0,Negligible,None,False,0.0,0.0,Small,Small,Stable,0.0,0.0
EX_galfuc12gal14acglcgalgluside_hs_e,0.0,0.0,0.0,0.0,0.0,0.0,0.0,0.0,0.0,0.0,Negligible,None,False,0.0,0.0,Small,Small,Stable,0.0,0.0
EX_galfucgalacglcgal14acglcgalgluside_hs_e,0.0,0.0,0.0,0.0,0.0,0.0,0.0,0.0,0.0,0.0,Negligible,None,False,0.0,0.0,Small,Small,Stable,0.0,0.0
EX_pydx_e,0.0,0.0,0.0,0.0,0.0,0.0,0.0,0.0,0.0,0.0,Negligible,None,False,0.0,0.0,Small,Small,Stable,0.0,0.0
EX_pydxn_e,0.0,0.0,0.0,0.0,0.0,0.0,0.0,0.0,0.0,0.0,Negligible,None,False,0.0,0.0,Small,Small,Stable,0.0,0.0
EX_galgalfucfucgalacglcgalacglcgal14acglcgalgluside_hs_e,0.0,0.0,0.0,0.0,0.0,0.0,0.0,0.0,0.0,0.0,Negligible,None,False,0.0,0.0,Small,Small,Stable,0.0,0.0
EX_h2o2_e,0.0,0.0,0.0,0.0,0.0,0.0,0.0,0.0,0.0,0.0,Negligible,None,False,0.0,0.0,Small,Small,Stable,0.0,0.0
EX_galgalgalthcrm_hs_e,0.0,0.0,0.0,0.0,0.0,0.0,0.0,0.0,0.0,0.0,Negligible,None,False,0.0,0.0,Small,Small,Stable,0.0,0.0
EX_gam_e,0.0,0.0,0.0,0.0,0.0,0.0,0.0,0.0,0.0,0.0,Negligible,None,False,0.0,0.0,Small,Small,Stable,0.0,0.0
EX_ha_e,0.0,0.0,0.0,0.0,0.0,0.0,0.0,0.0,0.0,0.0,Negligible,None,False,0.0,0.0,Small,Small,Stable,0.0,0.0
EX_gbside_hs_e,0.0,0.0,0.0,0.0,0.0,0.0,0.0,0.0,0.0,0.0,Negligible,None,False,0.0,0.0,Small,Small,Stable,0.0,0.0
EX_gchola_e,0.0,0.0,0.0,0.0,0.0,0.0,0.0,0.0,0.0,0.0,Negligible,None,False,0.0,0.0,Small,Small,Stable,0.0,0.0
EX_gd1b2_hs_e,0.0,0.0,0.0,0.0,0.0,0.0,0.0,0.0,0.0,0.0,Negligible,None,False,0.0,0.0,Small,Small,Stable,0.0,0.0
EX_pyr_e,0.0,0.0,0.0,0.0,0.0,0.0,0.0,0.0,0.0,0.0,Negligible,None,False,0.0,0.0,Small,Small,Stable,0.0,0.0
EX_rbt_e,0.0,0.0,0.0,0.0,0.0,0.0,0.0,0.0,0.0,0.0,Negligible,None,False,0.0,0.0,Small,Small,Stable,0.0,0.0
EX_retfa_e,0.0,0.0,0.0,0.0,0.0,0.0,0.0,0.0,0.0,0.0,Negligible,None,False,0.0,0.0,Small,Small,Stable,0.0,0.0
EX_gd1c_hs_e,0.0,0.0,0.0,0.0,0.0,0.0,0.0,0.0,0.0,0.0,Negligible,None,False,0.0,0.0,Small,Small,Stable,0.0,0.0
EX_ha_pre1_e,0.0,0.0,0.0,0.0,0.0,0.0,0.0,0.0,0.0,0.0,Negligible,None,False,0.0,0.0,Small,Small,Stable,0.0,0.0
EX_gdchola_e,0.0,0.0,0.0,0.0,0.0,0.0,0.0,0.0,0.0,0.0,Negligible,None,False,0.0,0.0,Small,Small,Stable,0.0,0.0
EX_gdp_e,0.0,0.0,0.0,0.0,0.0,0.0,0.0,0.0,0.0,0.0,Negligible,None,False,0.0,0.0,Small,Small,Stable,0.0,0.0
EX_glc__D_e,-10.0,-4.0,-4.0,6.0,0.0,6.0,6.0,0.0,100.0,0.0,Synergistic,Diet-dominated synergy,False,0.6,0.0,Medium,Small,Diet,100.0,0.0
EX_gln__L_e,-2.0,-1.5,-1.5,0.5,0.0,0.5,0.5,0.0,100.0,0.0,Synergistic,Diet-dominated synergy,False,0.25,0.0,Medium,Small,Diet,100.0,0.0
EX_retinol_e,0.0,0.0,0.0,0.0,0.0,0.0,0.0,0.0,0.0,0.0,Negligible,None,False,0.0,0.0,Small,Small,Stable,0.0,0.0
EX_retinol_9_cis_e,0.0,0.0,0.0,0.0,0.0,0.0,0.0,0.0,0.0,0.0,Negligible,None,False,0.0,0.0,Small,Small,Stable,0.0,0.0
EX_retinol_cis_11_e,0.0,0.0,0.0,0.0,0.0,0.0,0.0,0.0,0.0,0.0,Negligible,None,False,0.0,0.0,Small,Small,Stable,0.0,0.0
EX_retn_e,0.0,0.0,0.0,0.0,0.0,0.0,0.0,0.0,0.0,0.0,Negligible,None,False,0.0,0.0,Small,Small,Stable,0.0,0.0
EX_retnglc_e,0.0,0.0,0.0,0.0,0.0,0.0,0.0,0.0,0.0,0.0,Negligible,None,False,0.0,0.0,Small,Small,Stable,0.0,0.0
EX_retpalm_SPACE_deleted_SPACE_10_09_2005_SPACE_SPACE_06_COLON_18_COLON_49_SPACE_PM_e,0.0,0.0,0.0,0.0,0.0,0.0,0.0,0.0,0.0,0.0,Negligible,None,False,0.0,0.0,Small,Small,Stable,0.0,0.0
EX_glu__L_e,-2.0,-1.5,-1.5,0.5,0.0,0.5,0.5,0.0,100.0,0.0,Synergistic,Diet-dominated synergy,False,0.25,0.0,Medium,Small,Diet,100.0,0.0
EX_gluala_e,0.0,0.0,0.0,0.0,0.0,0.0,0.0,0.0,0.0,0.0,Negligible,None,False,0.0,0.0,Small,Small,Stable,0.0,0.0
EX_glyb_e,0.0,0.0,0.0,0.0,0.0,0.0,0.0,0.0,0.0,0.0,Negligible,None,False,0.0,0.0,Small,Small,Stable,0.0,0.0
EX_rib__D_e,-0.5,-0.2,-0.2,0.3,0.0,0.3,0.3,0.0,100.0,0.0,Synergistic,Diet-dominated synergy,False,0.6,0.0,Medium,Small,Diet,100.0,0.0
EX_hco3_e,0.0,0.0,0.0,0.0,0.0,0.0,0.0,0.0,0.0,0.0,Negligible,None,False,0.0,0.0,Small,Small,Stable,0.0,0.0
EX_glyc_e,-1.0,-1.0,-1.0,0.0,0.0,0.0,0.0,0.0,0.0,0.0,Negligible,None,False,0.0,0.0,Small,Small,Stable,0.0,0.0
EX_glyc__S_e,0.0,0.0,0.0,0.0,0.0,0.0,0.0,0.0,0.0,0.0,Negligible,None,False,0.0,0.0,Small,Small,Stable,0.0,0.0
EX_glygn2_e,0.0,0.0,0.0,0.0,0.0,0.0,0.0,0.0,0.0,0.0,Negligible,None,False,0.0,0.0,Small,Small,Stable,0.0,0.0
EX_glygn4_e,0.0,0.0,0.0,0.0,0.0,0.0,0.0,0.0,0.0,0.0,Negligible,None,False,0.0,0.0,Small,Small,Stable,0.0,0.0
EX_ribflv_e,0.0,0.0,0.0,0.0,0.0,0.0,0.0,0.0,0.0,0.0,Negligible,None,False,0.0,0.0,Small,Small,Stable,0.0,0.0
EX_hcoumarin_e,0.0,0.0,0.0,0.0,0.0,0.0,0.0,0.0,0.0,0.0,Negligible,None,False,0.0,0.0,Small,Small,Stable,0.0,0.0
EX_glygn5_e,0.0,0.0,0.0,0.0,0.0,0.0,0.0,0.0,0.0,0.0,Negligible,None,False,0.0,0.0,Small,Small,Stable,0.0,0.0
EX_gmp_e,0.0,0.0,0.0,0.0,0.0,0.0,0.0,0.0,0.0,0.0,Negligible,None,False,0.0,0.0,Small,Small,Stable,0.0,0.0
EX_gp1c_hs_e,0.0,0.0,0.0,0.0,0.0,0.0,0.0,0.0,0.0,0.0,Negligible,None,False,0.0,0.0,Small,Small,Stable,0.0,0.0
EX_gp1calpha_hs_e,0.0,0.0,0.0,0.0,0.0,0.0,0.0,0.0,0.0,0.0,Negligible,None,False,0.0,0.0,Small,Small,Stable,0.0,0.0
EX_s2l2fn2m2masn_e,0.0,0.0,0.0,0.0,0.0,0.0,0.0,0.0,0.0,0.0,Negligible,None,False,0.0,0.0,Small,Small,Stable,0.0,0.0
EX_hdcea_e,0.0,1.056644829879,1.056610411676,1.056644829879,-3.4418203000097236e-05,1.056610411676,1.056644829879,3.4418203000097236e-05,99.9999998938993,1.0610071687542316e-07,Antagonistic,Diet overcomes microbiome,True,0.0,-3.257310500827282e-05,Small,Small,Diet (opposed by microbiome),100.00325741660501,0.003257416605000412
EX_s2l2n2m2masn_e,0.0,0.0,0.0,0.0,0.0,0.0,0.0,0.0,0.0,0.0,Negligible,None,False,0.0,0.0,Small,Small,Stable,0.0,0.0
EX_sarcs_e,0.0,0.0,0.0,0.0,0.0,0.0,0.0,0.0,0.0,0.0,Negligible,None,False,0.0,0.0,Small,Small,Stable,0.0,0.0
EX_sel_e,0.0,0.0,0.0,0.0,0.0,0.0,0.0,0.0,0.0,0.0,Negligible,None,False,0.0,0.0,Small,Small,Stable,0.0,0.0
EX_hestratriol_e,0.0,0.0,0.0,0.0,0.0,0.0,0.0,0.0,0.0,0.0,Negligible,None,False,0.0,0.0,Small,Small,Stable,0.0,0.0
EX_ser__D_e,0.0,0.0,0.0,0.0,0.0,0.0,0.0,0.0,0.0,0.0,Negligible,None,False,0.0,0.0,Small,Small,Stable,0.0,0.0
EX_thymd_e,-0.2,-0.15,-0.15,0.05000000000000002,0.0,0.05000000000000002,0.05000000000000002,0.0,100.0,0.0,Synergistic,Diet-dominated synergy,False,0.25000000000000006,0.0,Medium,Small,Diet,100.0,0.0
EX_ser__L_e,-1.5,-1.2,-1.2,0.30000000000000004,0.0,0.30000000000000004,0.30000000000000004,0.0,100.0,0.0,Synergistic,Diet-dominated synergy,False,0.20000000000000004,0.0,Medium,Small,Diet,100.0,0.0
EX_hexc_e,0.0,0.0,0.0,0.0,0.0,0.0,0.0,0.0,0.0,0.0,Negligible,None,False,0.0,0.0,Small,Small,Stable,0.0,0.0
EX_sl__L_e,0.0,0.0,0.0,0.0,0.0,0.0,0.0,0.0,0.0,0.0,Negligible,None,False,0.0,0.0,Small,Small,Stable,0.0,0.0
EX_thyox__L_e,0.0,0.0,0.0,0.0,0.0,0.0,0.0,0.0,0.0,0.0,Negligible,None,False,0.0,0.0,Small,Small,Stable,0.0,0.0
EX_tmndnc_e,0.0,0.0,0.0,0.0,0.0,0.0,0.0,0.0,0.0,0.0,Negligible,None,False,0.0,0.0,Small,Small,Stable,0.0,0.0
EX_his__L_e,-1.0,-0.8,-0.8,0.19999999999999996,0.0,0.19999999999999996,0.19999999999999996,0.0,100.0,0.0,Synergistic,Diet-dominated synergy,False,0.19999999999999996,0.0,Small,Small,Diet,100.0,0.0
EX_spc_hs_e,0.0,0.0,0.0,0.0,0.0,0.0,0.0,0.0,0.0,0.0,Negligible,None,False,0.0,0.0,Small,Small,Stable,0.0,0.0
EX_sph1p_e,0.0,0.0,0.0,0.0,0.0,0.0,0.0,0.0,0.0,0.0,Negligible,None,False,0.0,0.0,Small,Small,Stable,0.0,0.0
EX_sphs1p_e,0.0,0.0,0.0,0.0,0.0,0.0,0.0,0.0,0.0,0.0,Negligible,None,False,0.0,0.0,Small,Small,Stable,0.0,0.0
EX_srtn_e,0.0,0.0,0.0,0.0,0.0,0.0,0.0,0.0,0.0,0.0,Negligible,None,False,0.0,0.0,Small,Small,Stable,0.0,0.0
EX_tolbutamide_e,0.0,0.0,0.0,0.0,0.0,0.0,0.0,0.0,0.0,0.0,Negligible,None,False,0.0,0.0,Small,Small,Stable,0.0,0.0
EX_tre_e,0.0,0.0,0.0,0.0,0.0,0.0,0.0,0.0,0.0,0.0,Negligible,None,False,0.0,0.0,Small,Small,Stable,0.0,0.0
EX_triodthy_e,0.0,0.0,0.0,0.0,0.0,0.0,0.0,0.0,0.0,0.0,Negligible,None,False,0.0,0.0,Small,Small,Stable,0.0,0.0
EX_triodthysuf_e,0.0,0.0,0.0,0.0,0.0,0.0,0.0,0.0,0.0,0.0,Negligible,None,False,0.0,0.0,Small,Small,Stable,0.0,0.0
EX_strch1_e,0.0,0.0,0.0,0.0,0.0,0.0,0.0,0.0,0.0,0.0,Negligible,None,False,0.0,0.0,Small,Small,Stable,0.0,0.0
EX_strch2_e,0.0,0.0,0.0,0.0,0.0,0.0,0.0,0.0,0.0,0.0,Negligible,None,False,0.0,0.0,Small,Small,Stable,0.0,0.0
EX_hista_e,0.0,0.0,0.0,0.0,0.0,0.0,0.0,0.0,0.0,0.0,Negligible,None,False,0.0,0.0,Small,Small,Stable,0.0,0.0
EX_strdnc_e,0.0,0.0,0.0,0.0,0.0,0.0,0.0,0.0,0.0,0.0,Negligible,None,False,0.0,0.0,Small,Small,Stable,0.0,0.0
EX_tststerone_e,0.0,0.0,0.0,0.0,0.0,0.0,0.0,0.0,0.0,0.0,Negligible,None,False,0.0,0.0,Small,Small,Stable,0.0,0.0
EX_tststeroneglc_e,0.0,0.0,0.0,0.0,0.0,0.0,0.0,0.0,0.0,0.0,Negligible,None,False,0.0,0.0,Small,Small,Stable,0.0,0.0
EX_sucr_e,0.0,-2.0,-2.0,-2.0,0.0,-2.0,2.0,0.0,100.0,0.0,Synergistic,Diet-dominated synergy,False,0.0,0.0,Small,Small,Diet,100.0,0.0
EX_tststerones_e,0.0,0.0,0.0,0.0,0.0,0.0,0.0,0.0,0.0,0.0,Negligible,None,False,0.0,0.0,Small,Small,Stable,0.0,0.0
EX_hom__L_e,0.0,0.0,0.0,0.0,0.0,0.0,0.0,0.0,0.0,0.0,Negligible,None,False,0.0,0.0,Small,Small,Stable,0.0,0.0
EX_tsul_e,0.0,0.0,0.0,0.0,0.0,0.0,0.0,0.0,0.0,0.0,Negligible,None,False,0.0,0.0,Small,Small,Stable,0.0,0.0
EX_tag_hs_e,0.0,0.0,0.0,0.0,0.0,0.0,0.0,0.0,0.0,0.0,Negligible,None,False,0.0,0.0,Small,Small,Stable,0.0,0.0
EX_hpdca_e,0.0,0.0,0.0,0.0,0.0,0.0,0.0,0.0,0.0,0.0,Negligible,None,False,0.0,0.0,Small,Small,Stable,0.0,0.0
EX_tag__D_e,0.0,0.0,0.0,0.0,0.0,0.0,0.0,0.0,0.0,0.0,Negligible,None,False,0.0,0.0,Small,Small,Stable,0.0,0.0
EX_ttdca_e,0.0,-0.499999999999,-0.500000000004,-0.499999999999,-5.000000413701855e-12,-0.500000000004,0.499999999999,5.000000413701855e-12,100.0,1.0000001654847488e-20,Synergistic,Diet-dominated synergy,False,0.0,-1.000000082742371e-11,Small,Small,Diet,99.999999999,1.000000082732371e-09
EX_txa2_e,0.0,0.0,0.0,0.0,0.0,0.0,0.0,0.0,0.0,0.0,Negligible,None,False,0.0,0.0,Small,Small,Stable,0.0,0.0
EX_taur_e,0.0,0.0,0.0,0.0,0.0,0.0,0.0,0.0,0.0,0.0,Negligible,None,False,0.0,0.0,Small,Small,Stable,0.0,0.0
EX_hspg_e,0.0,0.0,0.0,0.0,0.0,0.0,0.0,0.0,0.0,0.0,Negligible,None,False,0.0,0.0,Small,Small,Stable,0.0,0.0
EX_taxol_e,0.0,0.0,0.0,0.0,0.0,0.0,0.0,0.0,0.0,0.0,Negligible,None,False,0.0,0.0,Small,Small,Stable,0.0,0.0
EX_tchola_e,0.0,0.0,0.0,0.0,0.0,0.0,0.0,0.0,0.0,0.0,Negligible,None,False,0.0,0.0,Small,Small,Stable,0.0,0.0
EX_tymsf_e,0.0,0.0,0.0,0.0,0.0,0.0,0.0,0.0,0.0,0.0,Negligible,None,False,0.0,0.0,Small,Small,Stable,0.0,0.0
EX_tyr__L_e,-0.1,-0.1,-0.1,0.0,0.0,0.0,0.0,0.0,0.0,0.0,Negligible,None,False,0.0,0.0,Small,Small,Stable,0.0,0.0
EX_udp_e,0.0,0.0,0.0,0.0,0.0,0.0,0.0,0.0,0.0,0.0,Negligible,None,False,0.0,0.0,Small,Small,Stable,0.0,0.0
EX_tcynt_e,0.0,0.0,0.0,0.0,0.0,0.0,0.0,0.0,0.0,0.0,Negligible,None,False,0.0,0.0,Small,Small,Stable,0.0,0.0
EX_tdchola_e,0.0,0.0,0.0,0.0,0.0,0.0,0.0,0.0,0.0,0.0,Negligible,None,False,0.0,0.0,Small,Small,Stable,0.0,0.0
EX_htaxol_e,0.0,0.0,0.0,0.0,0.0,0.0,0.0,0.0,0.0,0.0,Negligible,None,False,0.0,0.0,Small,Small,Stable,0.0,0.0
EX_tethex3_e,0.0,0.0,0.0,0.0,0.0,0.0,0.0,0.0,0.0,0.0,Negligible,None,False,0.0,0.0,Small,Small,Stable,0.0,0.0
EX_ump_e,0.0,0.0,0.0,0.0,0.0,0.0,0.0,0.0,0.0,0.0,Negligible,None,False,0.0,0.0,Small,Small,Stable,0.0,0.0
EX_ura_e,-0.2,-0.15,-0.15,0.05000000000000002,0.0,0.05000000000000002,0.05000000000000002,0.0,100.0,0.0,Synergistic,Diet-dominated synergy,False,0.25000000000000006,0.0,Medium,Small,Diet,100.0,0.0
EX_hxan_e,0.0,0.0,0.0,0.0,0.0,0.0,0.0,0.0,0.0,0.0,Negligible,None,False,0.0,0.0,Small,Small,Stable,0.0,0.0
EX_tetpent3_e,0.0,0.0,0.0,0.0,0.0,0.0,0.0,0.0,0.0,0.0,Negligible,None,False,0.0,0.0,Small,Small,Stable,0.0,0.0
EX_tetpent6_e,0.0,0.0,0.0,0.0,0.0,0.0,0.0,0.0,0.0,0.0,Negligible,None,False,0.0,0.0,Small,Small,Stable,0.0,0.0
EX_tettet6_e,0.0,0.0,0.0,0.0,0.0,0.0,0.0,0.0,0.0,0.0,Negligible,None,False,0.0,0.0,Small,Small,Stable,0.0,0.0
EX_thf_e,0.0,0.05,0.05,0.05,0.0,0.05,0.05,0.0,100.0,0.0,Synergistic,Diet-dominated synergy,False,0.0,0.0,Small,Small,Diet,100.0,0.0
EX_thm_e,0.0,0.0,0.0,0.0,0.0,0.0,0.0,0.0,0.0,0.0,Negligible,None,False,0.0,0.0,Small,Small,Stable,0.0,0.0
EX_urate_e,0.0,0.0,0.0,0.0,0.0,0.0,0.0,0.0,0.0,0.0,Negligible,None,False,0.0,0.0,Small,Small,Stable,0.0,0.0
EX_urea_e,0.0,0.0,0.0,0.0,0.0,0.0,0.0,0.0,0.0,0.0,Negligible,None,False,0.0,0.0,Small,Small,Stable,0.0,0.0
EX_uri_e,0.0,0.0,0.0,0.0,0.0,0.0,0.0,0.0,0.0,0.0,Negligible,None,False,0.0,0.0,Small,Small,Stable,0.0,0.0
EX_utp_e,0.0,0.0,0.0,0.0,0.0,0.0,0.0,0.0,0.0,0.0,Negligible,None,False,0.0,0.0,Small,Small,Stable,0.0,0.0
EX_thmmp_e,0.0,0.0,0.0,0.0,0.0,0.0,0.0,0.0,0.0,0.0,Negligible,None,False,0.0,0.0,Small,Small,Stable,0.0,0.0
EX_i_e,0.0,0.0,0.0,0.0,0.0,0.0,0.0,0.0,0.0,0.0,Negligible,None,False,0.0,0.0,Small,Small,Stable,0.0,0.0
EX_thmtp_e,0.0,0.0,0.0,0.0,0.0,0.0,0.0,0.0,0.0,0.0,Negligible,None,False,0.0,0.0,Small,Small,Stable,0.0,0.0
EX_vacc_e,0.0,0.0,0.0,0.0,0.0,0.0,0.0,0.0,0.0,0.0,Negligible,None,False,0.0,0.0,Small,Small,Stable,0.0,0.0
EX_vitd2_e,0.0,0.0,0.0,0.0,0.0,0.0,0.0,0.0,0.0,0.0,Negligible,None,False,0.0,0.0,Small,Small,Stable,0.0,0.0
EX_thr__L_e,-1.5,-1.2,-1.2,0.30000000000000004,0.0,0.30000000000000004,0.30000000000000004,0.0,100.0,0.0,Synergistic,Diet-dominated synergy,False,0.20000000000000004,0.0,Medium,Small,Diet,100.0,0.0
EX_idp_e,0.0,0.0,0.0,0.0,0.0,0.0,0.0,0.0,0.0,0.0,Negligible,None,False,0.0,0.0,Small,Small,Stable,0.0,0.0
EX_thym_e,0.0,0.0,0.0,0.0,0.0,0.0,0.0,0.0,0.0,0.0,Negligible,None,False,0.0,0.0,Small,Small,Stable,0.0,0.0
EX_vitd3_e,0.0,0.0,0.0,0.0,0.0,0.0,0.0,0.0,0.0,0.0,Negligible,None,False,0.0,0.0,Small,Small,Stable,0.0,0.0
EX_whddca_e,0.0,0.0,0.0,0.0,0.0,0.0,0.0,0.0,0.0,0.0,Negligible,None,False,0.0,0.0,Small,Small,Stable,0.0,0.0
EX_whhdca_e,0.0,0.0,0.0,0.0,0.0,0.0,0.0,0.0,0.0,0.0,Negligible,None,False,0.0,0.0,Small,Small,Stable,0.0,0.0
EX_whtststerone_e,0.0,0.0,0.0,0.0,0.0,0.0,0.0,0.0,0.0,0.0,Negligible,None,False,0.0,0.0,Small,Small,Stable,0.0,0.0
EX_whttdca_e,0.0,0.0,0.0,0.0,0.0,0.0,0.0,0.0,0.0,0.0,Negligible,None,False,0.0,0.0,Small,Small,Stable,0.0,0.0
EX_imp_e,0.0,0.0,0.0,0.0,0.0,0.0,0.0,0.0,0.0,0.0,Negligible,None,False,0.0,0.0,Small,Small,Stable,0.0,0.0
EX_xolest2_hs_e,0.0,0.0,0.0,0.0,0.0,0.0,0.0,0.0,0.0,0.0,Negligible,None,False,0.0,0.0,Small,Small,Stable,0.0,0.0
EX_inost_e,0.0,0.0,0.0,0.0,0.0,0.0,0.0,0.0,0.0,0.0,Negligible,None,False,0.0,0.0,Small,Small,Stable,0.0,0.0
EX_xolest_hs_e,0.0,0.0,0.0,0.0,0.0,0.0,0.0,0.0,0.0,0.0,Negligible,None,False,0.0,0.0,Small,Small,Stable,0.0,0.0
EX_xoltri24_e,0.0,0.0,0.0,0.0,0.0,0.0,0.0,0.0,0.0,0.0,Negligible,None,False,0.0,0.0,Small,Small,Stable,0.0,0.0
2HBt2,0.0,0.0,0.0,0.0,0.0,0.0,0.0,0.0,0.0,0.0,Negligible,None,False,0.0,0.0,Small,Small,Stable,0.0,0.0
EX_ins_e,0.0,0.0,0.0,0.0,0.0,0.0,0.0,0.0,0.0,0.0,Negligible,None,False,0.0,0.0,Small,Small,Stable,0.0,0.0
EX_xoltri25_e,0.0,0.0,0.0,0.0,0.0,0.0,0.0,0.0,0.0,0.0,Negligible,None,False,0.0,0.0,Small,Small,Stable,0.0,0.0
2HCO3_NAt,0.0,0.0,0.0,0.0,0.0,0.0,0.0,0.0,0.0,0.0,Negligible,None,False,0.0,0.0,Small,Small,Stable,0.0,0.0
EX_xoltri27_e,0.0,0.0,0.0,0.0,0.0,0.0,0.0,0.0,0.0,0.0,Negligible,None,False,0.0,0.0,Small,Small,Stable,0.0,0.0
EX_k_e,0.0,0.0,0.0,0.0,0.0,0.0,0.0,0.0,0.0,0.0,Negligible,None,False,0.0,0.0,Small,Small,Stable,0.0,0.0
EX_xyl__D_e,0.0,0.0,0.0,0.0,0.0,0.0,0.0,0.0,0.0,0.0,Negligible,None,False,0.0,0.0,Small,Small,Stable,0.0,0.0
2MCITt,0.0,0.0,0.0,0.0,0.0,0.0,0.0,0.0,0.0,0.0,Negligible,None,False,0.0,0.0,Small,Small,Stable,0.0,0.0
EX_ksi_e,0.0,0.0,0.0,0.0,0.0,0.0,0.0,0.0,0.0,0.0,Negligible,None,False,0.0,0.0,Small,Small,Stable,0.0,0.0
2OXOADOXm,0.0,0.394198276641,0.394081546052,0.394198276641,-0.00011673058899996924,0.394081546052,0.394198276641,0.00011673058899996924,99.99999123120588,8.768794111815813e-06,Antagonistic,Diet overcomes microbiome,True,0.0,-0.00029612151020710036,Small,Small,Diet (opposed by microbiome),100.02962092241299,0.0296209224129887
EX_xylt_e,0.0,0.0,0.0,0.0,0.0,0.0,0.0,0.0,0.0,0.0,Negligible,None,False,0.0,0.0,Small,Small,Stable,0.0,0.0
EX_yvite_e,0.0,0.0,0.0,0.0,0.0,0.0,0.0,0.0,0.0,0.0,Negligible,None,False,0.0,0.0,Small,Small,Stable,0.0,0.0
SK_citr__L_c,0.0,0.0,0.0,0.0,0.0,0.0,0.0,0.0,0.0,0.0,Negligible,None,False,0.0,0.0,Small,Small,Stable,0.0,0.0
SK_pre_prot_r,0.0,0.0,0.0,0.0,0.0,0.0,0.0,0.0,0.0,0.0,Negligible,None,False,0.0,0.0,Small,Small,Stable,0.0,0.0
2OXOADPTm,0.0,0.394198276641,0.394081546052,0.394198276641,-0.00011673058899996924,0.394081546052,0.394198276641,0.00011673058899996924,99.99999123120588,8.768794111815813e-06,Antagonistic,Diet overcomes microbiome,True,0.0,-0.00029612151020710036,Small,Small,Diet (opposed by microbiome),100.02962092241299,0.0296209224129887
34DHOXPEGt,0.0,0.0,0.0,0.0,0.0,0.0,0.0,0.0,0.0,0.0,Negligible,None,False,0.0,0.0,Small,Small,Stable,0.0,0.0
34DHPHAMT,0.0,0.0,0.0,0.0,0.0,0.0,0.0,0.0,0.0,0.0,Negligible,None,False,0.0,0.0,Small,Small,Stable,0.0,0.0
10FTHF5GLUtl,0.0,0.0,0.0,0.0,0.0,0.0,0.0,0.0,0.0,0.0,Negligible,None,False,0.0,0.0,Small,Small,Stable,0.0,0.0
10FTHF5GLUtm,0.0,0.0,0.0,0.0,0.0,0.0,0.0,0.0,0.0,0.0,Negligible,None,False,0.0,0.0,Small,Small,Stable,0.0,0.0
EX_ksi_deg1_e,0.0,0.0,0.0,0.0,0.0,0.0,0.0,0.0,0.0,0.0,Negligible,None,False,0.0,0.0,Small,Small,Stable,0.0,0.0
10FTHF6GLUtl,0.0,0.0,0.0,0.0,0.0,0.0,0.0,0.0,0.0,0.0,Negligible,None,False,0.0,0.0,Small,Small,Stable,0.0,0.0
34DHALDD,0.0,0.0,0.0,0.0,0.0,0.0,0.0,0.0,0.0,0.0,Negligible,None,False,0.0,0.0,Small,Small,Stable,0.0,0.0
EX_ksii_core2_e,0.0,0.0,0.0,0.0,0.0,0.0,0.0,0.0,0.0,0.0,Negligible,None,False,0.0,0.0,Small,Small,Stable,0.0,0.0
34DHPLACOX_NADP,0.0,0.0,0.0,0.0,0.0,0.0,0.0,0.0,0.0,0.0,Negligible,None,False,0.0,0.0,Small,Small,Stable,0.0,0.0
34DHXMANDACOX,0.0,0.0,0.0,0.0,0.0,0.0,0.0,0.0,0.0,0.0,Negligible,None,False,0.0,0.0,Small,Small,Stable,0.0,0.0
34DHXMANDACOX_NADP,0.0,0.0,0.0,0.0,0.0,0.0,0.0,0.0,0.0,0.0,Negligible,None,False,0.0,0.0,Small,Small,Stable,0.0,0.0
10FTHF6GLUtm,0.0,0.0,0.0,0.0,0.0,0.0,0.0,0.0,0.0,0.0,Negligible,None,False,0.0,0.0,Small,Small,Stable,0.0,0.0
10FTHF7GLUtl,0.0,0.0,0.0,0.0,0.0,0.0,0.0,0.0,0.0,0.0,Negligible,None,False,0.0,0.0,Small,Small,Stable,0.0,0.0
34HPLFM,0.0,0.0,0.0,0.0,0.0,0.0,0.0,0.0,0.0,0.0,Negligible,None,False,0.0,0.0,Small,Small,Stable,0.0,0.0
EX_ksii_core4_e,0.0,0.0,0.0,0.0,0.0,0.0,0.0,0.0,0.0,0.0,Negligible,None,False,0.0,0.0,Small,Small,Stable,0.0,0.0
34HPPOR,0.0,0.0,0.0,0.0,0.0,0.0,0.0,0.0,0.0,0.0,Negligible,None,False,0.0,0.0,Small,Small,Stable,0.0,0.0
10FTHF7GLUtm,0.0,0.0,0.0,0.0,0.0,0.0,0.0,0.0,0.0,0.0,Negligible,None,False,0.0,0.0,Small,Small,Stable,0.0,0.0
10FTHFtl,0.0,0.0,0.0,0.0,0.0,0.0,0.0,0.0,0.0,0.0,Negligible,None,False,0.0,0.0,Small,Small,Stable,0.0,0.0
10FTHFtm,0.0,0.0,0.0,0.0,0.0,0.0,0.0,0.0,0.0,0.0,Negligible,None,False,0.0,0.0,Small,Small,Stable,0.0,0.0
35CGMPtn,0.0,0.0,0.0,0.0,0.0,0.0,0.0,0.0,0.0,0.0,Negligible,None,False,0.0,0.0,Small,Small,Stable,0.0,0.0
11DOCRTSLtm,0.0,0.0,0.0,0.0,0.0,0.0,0.0,0.0,0.0,0.0,Negligible,None,False,0.0,0.0,Small,Small,Stable,0.0,0.0
3AIBTm,0.0,0.0,0.0,0.0,0.0,0.0,0.0,0.0,0.0,0.0,Negligible,None,False,0.0,0.0,Small,Small,Stable,0.0,0.0
3AIBt,0.0,0.0,0.0,0.0,0.0,0.0,0.0,0.0,0.0,0.0,Negligible,None,False,0.0,0.0,Small,Small,Stable,0.0,0.0
3AIBtm,0.0,0.0,0.0,0.0,0.0,0.0,0.0,0.0,0.0,0.0,Negligible,None,False,0.0,0.0,Small,Small,Stable,0.0,0.0
11DOCRTSLtr,0.0,0.0,0.0,0.0,0.0,0.0,0.0,0.0,0.0,0.0,Negligible,None,False,0.0,0.0,Small,Small,Stable,0.0,0.0
11DOCRTSTRNtm,0.0,0.0,0.0,0.0,0.0,0.0,0.0,0.0,0.0,0.0,Negligible,None,False,0.0,0.0,Small,Small,Stable,0.0,0.0
11DOCRTSTRNtr,0.0,0.0,0.0,0.0,0.0,0.0,0.0,0.0,0.0,0.0,Negligible,None,False,0.0,0.0,Small,Small,Stable,0.0,0.0
3DPHBH1,0.0,0.0,0.0,0.0,0.0,0.0,0.0,0.0,0.0,0.0,Negligible,None,False,0.0,0.0,Small,Small,Stable,0.0,0.0
3DPHBH2,0.0,0.0,0.0,0.0,0.0,0.0,0.0,0.0,0.0,0.0,Negligible,None,False,0.0,0.0,Small,Small,Stable,0.0,0.0
EX_lac__L_e,0.0,0.0,0.0,0.0,0.0,0.0,0.0,0.0,0.0,0.0,Negligible,None,False,0.0,0.0,Small,Small,Stable,0.0,0.0
3HAO,0.0,0.0,0.0,0.0,0.0,0.0,0.0,0.0,0.0,0.0,Negligible,None,False,0.0,0.0,Small,Small,Stable,0.0,0.0
3HBCDm,0.0,0.0,0.0,0.0,0.0,0.0,0.0,0.0,0.0,0.0,Negligible,None,False,0.0,0.0,Small,Small,Stable,0.0,0.0
3HBCOAHLm,0.0,0.0,0.0,0.0,0.0,0.0,0.0,0.0,0.0,0.0,Negligible,None,False,0.0,0.0,Small,Small,Stable,0.0,0.0
13DAMPPOX,0.0,0.0,0.0,0.0,0.0,0.0,0.0,0.0,0.0,0.0,Negligible,None,False,0.0,0.0,Small,Small,Stable,0.0,0.0
1MNCAMti,0.0,0.0,0.0,0.0,0.0,0.0,0.0,0.0,0.0,0.0,Negligible,None,False,0.0,0.0,Small,Small,Stable,0.0,0.0
1PPDCRp,0.0,0.394198276641,0.394081546052,0.394198276641,-0.00011673058899996924,0.394081546052,0.394198276641,0.00011673058899996924,99.99999123120588,8.768794111815813e-06,Antagonistic,Diet overcomes microbiome,True,0.0,-0.00029612151020710036,Small,Small,Diet (opposed by microbiome),100.02962092241299,0.0296209224129887
1a_24_25VITD2Hm,0.0,0.0,0.0,0.0,0.0,0.0,0.0,0.0,0.0,0.0,Negligible,None,False,0.0,0.0,Small,Small,Stable,0.0,0.0
1a_24_25VITD3Hm,0.0,0.0,0.0,0.0,0.0,0.0,0.0,0.0,0.0,0.0,Negligible,None,False,0.0,0.0,Small,Small,Stable,0.0,0.0
1a_25VITD2Hm,0.0,0.0,0.0,0.0,0.0,0.0,0.0,0.0,0.0,0.0,Negligible,None,False,0.0,0.0,Small,Small,Stable,0.0,0.0
3HKYNAKGAT,0.0,0.0,0.0,0.0,0.0,0.0,0.0,0.0,0.0,0.0,Negligible,None,False,0.0,0.0,Small,Small,Stable,0.0,0.0
1a_25VITD3Hm,0.0,0.0,0.0,0.0,0.0,0.0,0.0,0.0,0.0,0.0,Negligible,None,False,0.0,0.0,Small,Small,Stable,0.0,0.0
EX_lcts_e,0.0,0.0,0.0,0.0,0.0,0.0,0.0,0.0,0.0,0.0,Negligible,None,False,0.0,0.0,Small,Small,Stable,0.0,0.0
24_25DHVITD2t,0.0,0.0,0.0,0.0,0.0,0.0,0.0,0.0,0.0,0.0,Negligible,None,False,0.0,0.0,Small,Small,Stable,0.0,0.0
3HLYTCL,0.0,0.0,0.0,0.0,0.0,0.0,0.0,0.0,0.0,0.0,Negligible,None,False,0.0,0.0,Small,Small,Stable,0.0,0.0
24_25DHVITD2tm,0.0,0.0,0.0,0.0,0.0,0.0,0.0,0.0,0.0,0.0,Negligible,None,False,0.0,0.0,Small,Small,Stable,0.0,0.0
24_25DHVITD3t,0.0,0.0,0.0,0.0,0.0,0.0,0.0,0.0,0.0,0.0,Negligible,None,False,0.0,0.0,Small,Small,Stable,0.0,0.0
24_25DHVITD3tm,0.0,0.0,0.0,0.0,0.0,0.0,0.0,0.0,0.0,0.0,Negligible,None,False,0.0,0.0,Small,Small,Stable,0.0,0.0
3HPCOAHYD,0.0,0.0,0.0,0.0,0.0,0.0,0.0,0.0,0.0,0.0,Negligible,None,False,0.0,0.0,Small,Small,Stable,0.0,0.0
EX_leuktrA4_e,0.0,0.0,0.0,0.0,0.0,0.0,0.0,0.0,0.0,0.0,Negligible,None,False,0.0,0.0,Small,Small,Stable,0.0,0.0
3HPPD,0.0,0.0,0.0,0.0,0.0,0.0,0.0,0.0,0.0,0.0,Negligible,None,False,0.0,0.0,Small,Small,Stable,0.0,0.0
3HXKYNDCL,0.0,0.0,0.0,0.0,0.0,0.0,0.0,0.0,0.0,0.0,Negligible,None,False,0.0,0.0,Small,Small,Stable,0.0,0.0
24_25VITD2Hm,0.0,0.0,0.0,0.0,0.0,0.0,0.0,0.0,0.0,0.0,Negligible,None,False,0.0,0.0,Small,Small,Stable,0.0,0.0
24_25VITD3Hm,0.0,0.0,0.0,0.0,0.0,0.0,0.0,0.0,0.0,0.0,Negligible,None,False,0.0,0.0,Small,Small,Stable,0.0,0.0
3HXKYNOXDA,0.0,0.0,0.0,0.0,0.0,0.0,0.0,0.0,0.0,0.0,Negligible,None,False,0.0,0.0,Small,Small,Stable,0.0,0.0
EX_leuktrB4_e,0.0,0.0,0.0,0.0,0.0,0.0,0.0,0.0,0.0,0.0,Negligible,None,False,0.0,0.0,Small,Small,Stable,0.0,0.0
3M4HDXPAC,0.0,0.0,0.0,0.0,0.0,0.0,0.0,0.0,0.0,0.0,Negligible,None,False,0.0,0.0,Small,Small,Stable,0.0,0.0
3MLDAt,0.0,0.0,0.0,0.0,0.0,0.0,0.0,0.0,0.0,0.0,Negligible,None,False,0.0,0.0,Small,Small,Stable,0.0,0.0
24NPHte,0.0,0.0,0.0,0.0,0.0,0.0,0.0,0.0,0.0,0.0,Negligible,None,False,0.0,0.0,Small,Small,Stable,0.0,0.0
EX_leuktrC4_e,0.0,0.0,0.0,0.0,0.0,0.0,0.0,0.0,0.0,0.0,Negligible,None,False,0.0,0.0,Small,Small,Stable,0.0,0.0
25HVITD2t,0.0,0.0,0.0,0.0,0.0,0.0,0.0,0.0,0.0,0.0,Negligible,None,False,0.0,0.0,Small,Small,Stable,0.0,0.0
25HVITD2tin,0.0,0.0,0.0,0.0,0.0,0.0,0.0,0.0,0.0,0.0,Negligible,None,False,0.0,0.0,Small,Small,Stable,0.0,0.0
3MOBt2im,0.0,0.0,0.0,0.0,0.0,0.0,0.0,0.0,0.0,0.0,Negligible,None,False,0.0,0.0,Small,Small,Stable,0.0,0.0
3MOPt2im,0.0,0.0,0.1,0.0,0.1,0.1,0.0,0.1,0.0,100.0,Synergistic,Microbiome-dominated synergy,False,0.0,0.0,Small,Small,Microbiome,0.0,100.0
3MOX4HOXPGALDOX,0.0,0.0,0.0,0.0,0.0,0.0,0.0,0.0,0.0,0.0,Negligible,None,False,0.0,0.0,Small,Small,Stable,0.0,0.0
3MOX4HOXPGALDOX_NADP,0.0,0.0,0.0,0.0,0.0,0.0,0.0,0.0,0.0,0.0,Negligible,None,False,0.0,0.0,Small,Small,Stable,0.0,0.0
3MOXTYROX,0.0,0.0,0.0,0.0,0.0,0.0,0.0,0.0,0.0,0.0,Negligible,None,False,0.0,0.0,Small,Small,Stable,0.0,0.0
3NTD7l,0.0,0.0,0.0,0.0,0.0,0.0,0.0,0.0,0.0,0.0,Negligible,None,False,0.0,0.0,Small,Small,Stable,0.0,0.0
25HVITD2tin_m,0.0,0.0,0.0,0.0,0.0,0.0,0.0,0.0,0.0,0.0,Negligible,None,False,0.0,0.0,Small,Small,Stable,0.0,0.0
25HVITD2tm,0.0,0.0,0.0,0.0,0.0,0.0,0.0,0.0,0.0,0.0,Negligible,None,False,0.0,0.0,Small,Small,Stable,0.0,0.0
25HVITD3t,0.0,0.0,0.0,0.0,0.0,0.0,0.0,0.0,0.0,0.0,Negligible,None,False,0.0,0.0,Small,Small,Stable,0.0,0.0
25HVITD3tin,0.0,0.0,0.0,0.0,0.0,0.0,0.0,0.0,0.0,0.0,Negligible,None,False,0.0,0.0,Small,Small,Stable,0.0,0.0
3SALACBOXL,0.0,0.0,0.0,0.0,0.0,0.0,0.0,0.0,0.0,0.0,Negligible,None,False,0.0,0.0,Small,Small,Stable,0.0,0.0
25HVITD3tin_m,0.0,0.0,0.0,0.0,0.0,0.0,0.0,0.0,0.0,0.0,Negligible,None,False,0.0,0.0,Small,Small,Stable,0.0,0.0
EX_leuktrD4_e,0.0,0.0,0.0,0.0,0.0,0.0,0.0,0.0,0.0,0.0,Negligible,None,False,0.0,0.0,Small,Small,Stable,0.0,0.0
25HVITD3tm,0.0,0.0,0.0,0.0,0.0,0.0,0.0,0.0,0.0,0.0,Negligible,None,False,0.0,0.0,Small,Small,Stable,0.0,0.0
25VITD2Hm,0.0,0.0,0.0,0.0,0.0,0.0,0.0,0.0,0.0,0.0,Negligible,None,False,0.0,0.0,Small,Small,Stable,0.0,0.0
25VITD3Hm,0.0,0.0,0.0,0.0,0.0,0.0,0.0,0.0,0.0,0.0,Negligible,None,False,0.0,0.0,Small,Small,Stable,0.0,0.0
2AMACSULT,0.0,0.0,0.0,0.0,0.0,0.0,0.0,0.0,0.0,0.0,Negligible,None,False,0.0,0.0,Small,Small,Stable,0.0,0.0
3SALAOX,0.0,0.0,0.0,0.0,0.0,0.0,0.0,0.0,0.0,0.0,Negligible,None,False,0.0,0.0,Small,Small,Stable,0.0,0.0
3SALATAi,0.0,0.0,0.0,0.0,0.0,0.0,0.0,0.0,0.0,0.0,Negligible,None,False,0.0,0.0,Small,Small,Stable,0.0,0.0
2AMADPTm,0.0,0.0,0.0,0.0,0.0,0.0,0.0,0.0,0.0,0.0,Negligible,None,False,0.0,0.0,Small,Small,Stable,0.0,0.0
EX_leuktrE4_e,0.0,0.0,0.0,0.0,0.0,0.0,0.0,0.0,0.0,0.0,Negligible,None,False,0.0,0.0,Small,Small,Stable,0.0,0.0
3SPYRSP,0.0,0.0,0.0,0.0,0.0,0.0,0.0,0.0,0.0,0.0,Negligible,None,False,0.0,0.0,Small,Small,Stable,0.0,0.0
EX_leuktrF4_e,0.0,0.0,0.0,0.0,0.0,0.0,0.0,0.0,0.0,0.0,Negligible,None,False,0.0,0.0,Small,Small,Stable,0.0,0.0
EX_lgnc_e,0.0,0.0,0.0,0.0,0.0,0.0,0.0,0.0,0.0,0.0,Negligible,None,False,0.0,0.0,Small,Small,Stable,0.0,0.0
41R1H2MAE12BOOX,0.0,0.0,0.0,0.0,0.0,0.0,0.0,0.0,0.0,0.0,Negligible,None,False,0.0,0.0,Small,Small,Stable,0.0,0.0
41R2A1H12BOOX,0.0,0.0,0.0,0.0,0.0,0.0,0.0,0.0,0.0,0.0,Negligible,None,False,0.0,0.0,Small,Small,Stable,0.0,0.0
EX_limnen_e,0.0,0.0,0.0,0.0,0.0,0.0,0.0,0.0,0.0,0.0,Negligible,None,False,0.0,0.0,Small,Small,Stable,0.0,0.0
5AOPtm,0.0,0.0,0.0,0.0,0.0,0.0,0.0,0.0,0.0,0.0,Negligible,None,False,0.0,0.0,Small,Small,Stable,0.0,0.0
EX_lipoate_e,0.0,0.0,0.0,0.0,0.0,0.0,0.0,0.0,0.0,0.0,Negligible,None,False,0.0,0.0,Small,Small,Stable,0.0,0.0
42A12BOOX,0.0,0.0,0.0,0.0,0.0,0.0,0.0,0.0,0.0,0.0,Negligible,None,False,0.0,0.0,Small,Small,Stable,0.0,0.0
4ABUTtm,0.0,0.0,0.0,0.0,0.0,0.0,0.0,0.0,0.0,0.0,Negligible,None,False,0.0,0.0,Small,Small,Stable,0.0,0.0
4HBZCOAFm,0.0,0.0,0.0,0.0,0.0,0.0,0.0,0.0,0.0,0.0,Negligible,None,False,0.0,0.0,Small,Small,Stable,0.0,0.0
4HBZFm,0.0,0.0,0.0,0.0,0.0,0.0,0.0,0.0,0.0,0.0,Negligible,None,False,0.0,0.0,Small,Small,Stable,0.0,0.0
5DHFtl,0.0,0.0,0.0,0.0,0.0,0.0,0.0,0.0,0.0,0.0,Negligible,None,False,0.0,0.0,Small,Small,Stable,0.0,0.0
5FTHFt2,0.0,0.0,0.0,0.0,0.0,0.0,0.0,0.0,0.0,0.0,Negligible,None,False,0.0,0.0,Small,Small,Stable,0.0,0.0
EX_lneldc_e,0.0,0.0,0.0,0.0,0.0,0.0,0.0,0.0,0.0,0.0,Negligible,None,False,0.0,0.0,Small,Small,Stable,0.0,0.0
5HLTDL,0.0,0.0,0.0,0.0,0.0,0.0,0.0,0.0,0.0,0.0,Negligible,None,False,0.0,0.0,Small,Small,Stable,0.0,0.0
5HOMEPRAZOLEte,0.0,0.0,0.0,0.0,0.0,0.0,0.0,0.0,0.0,0.0,Negligible,None,False,0.0,0.0,Small,Small,Stable,0.0,0.0
5HOXINDACTO2OX,0.0,0.0,0.0,0.0,0.0,0.0,0.0,0.0,0.0,0.0,Negligible,None,False,0.0,0.0,Small,Small,Stable,0.0,0.0
4HDEBRISOQUINEte,0.0,0.0,0.0,0.0,0.0,0.0,0.0,0.0,0.0,0.0,Negligible,None,False,0.0,0.0,Small,Small,Stable,0.0,0.0
4HGLSDm,0.0,0.0,0.0,0.0,0.0,0.0,0.0,0.0,0.0,0.0,Negligible,None,False,0.0,0.0,Small,Small,Stable,0.0,0.0
4HOXPACDOX_NADP,0.0,0.0,0.0,0.0,0.0,0.0,0.0,0.0,0.0,0.0,Negligible,None,False,0.0,0.0,Small,Small,Stable,0.0,0.0
4MOPt2im,0.0,0.0,0.1,0.0,0.1,0.1,0.0,0.1,0.0,100.0,Synergistic,Microbiome-dominated synergy,False,0.0,0.0,Small,Small,Microbiome,0.0,100.0
5HOXINDACTOX,0.0,0.0,0.0,0.0,0.0,0.0,0.0,0.0,0.0,0.0,Negligible,None,False,0.0,0.0,Small,Small,Stable,0.0,0.0
EX_lnlc_e_copy1,0.0,0.0,0.0,0.0,0.0,0.0,0.0,0.0,0.0,0.0,Negligible,None,False,0.0,0.0,Small,Small,Stable,0.0,0.0
5HOXINDACTOXm,0.0,0.0,0.0,0.0,0.0,0.0,0.0,0.0,0.0,0.0,Negligible,None,False,0.0,0.0,Small,Small,Stable,0.0,0.0
5HOXINOXDA,0.0,0.0,0.0,0.0,0.0,0.0,0.0,0.0,0.0,0.0,Negligible,None,False,0.0,0.0,Small,Small,Stable,0.0,0.0
4MPTNLte,0.0,0.0,0.0,0.0,0.0,0.0,0.0,0.0,0.0,0.0,Negligible,None,False,0.0,0.0,Small,Small,Stable,0.0,0.0
EX_lnlc_e_copy2,0.0,0.0,0.0,0.0,0.0,0.0,0.0,0.0,0.0,0.0,Negligible,None,False,0.0,0.0,Small,Small,Stable,0.0,0.0
4MPTNLtm,0.0,0.0,0.0,0.0,0.0,0.0,0.0,0.0,0.0,0.0,Negligible,None,False,0.0,0.0,Small,Small,Stable,0.0,0.0
5HTRPDOX,0.0,0.0,0.0,0.0,0.0,0.0,0.0,0.0,0.0,0.0,Negligible,None,False,0.0,0.0,Small,Small,Stable,0.0,0.0
5HTRPVESSEC,0.0,0.0,0.0,0.0,0.0,0.0,0.0,0.0,0.0,0.0,Negligible,None,False,0.0,0.0,Small,Small,Stable,0.0,0.0
4MPTNLtr,0.0,0.0,0.0,0.0,0.0,0.0,0.0,0.0,0.0,0.0,Negligible,None,False,0.0,0.0,Small,Small,Stable,0.0,0.0
4MTOLBUTAMIDEte,0.0,0.0,0.0,0.0,0.0,0.0,0.0,0.0,0.0,0.0,Negligible,None,False,0.0,0.0,Small,Small,Stable,0.0,0.0
EX_lnlnca_e,0.0,-0.5,-0.5,-0.5,0.0,-0.5,0.5,0.0,100.0,0.0,Synergistic,Diet-dominated synergy,False,0.0,0.0,Small,Small,Diet,100.0,0.0
4NPHSFte,0.0,0.0,0.0,0.0,0.0,0.0,0.0,0.0,0.0,0.0,Negligible,None,False,0.0,0.0,Small,Small,Stable,0.0,0.0
5HXKYNDCL,0.0,0.0,0.0,0.0,0.0,0.0,0.0,0.0,0.0,0.0,Negligible,None,False,0.0,0.0,Small,Small,Stable,0.0,0.0
5HXKYNOXDA,0.0,0.0,0.0,0.0,0.0,0.0,0.0,0.0,0.0,0.0,Negligible,None,False,0.0,0.0,Small,Small,Stable,0.0,0.0
5MTHFt2,-0.05,0.0,0.0,0.05,0.0,0.05,0.05,0.0,100.0,0.0,Synergistic,Diet-dominated synergy,False,1.0,0.0,Large,Small,Diet,100.0,0.0
4NPHte,0.0,0.0,0.0,0.0,0.0,0.0,0.0,0.0,0.0,0.0,Negligible,None,False,0.0,0.0,Small,Small,Stable,0.0,0.0
4PYRDX,0.0,0.0,0.0,0.0,0.0,0.0,0.0,0.0,0.0,0.0,Negligible,None,False,0.0,0.0,Small,Small,Stable,0.0,0.0
5THFtl,0.0,0.0,0.0,0.0,0.0,0.0,0.0,0.0,0.0,0.0,Negligible,None,False,0.0,0.0,Small,Small,Stable,0.0,0.0
EX_lnlncg_e,0.0,0.0,0.0,0.0,0.0,0.0,0.0,0.0,0.0,0.0,Negligible,None,False,0.0,0.0,Small,Small,Stable,0.0,0.0
5THFtm,0.0,0.0,0.0,0.0,0.0,0.0,0.0,0.0,0.0,0.0,Negligible,None,False,0.0,0.0,Small,Small,Stable,0.0,0.0
6DHFtl,0.0,0.0,0.0,0.0,0.0,0.0,0.0,0.0,0.0,0.0,Negligible,None,False,0.0,0.0,Small,Small,Stable,0.0,0.0
6DHFtm,0.0,0.0,0.0,0.0,0.0,0.0,0.0,0.0,0.0,0.0,Negligible,None,False,0.0,0.0,Small,Small,Stable,0.0,0.0
6HTSTSTERONEte,0.0,0.0,0.0,0.0,0.0,0.0,0.0,0.0,0.0,0.0,Negligible,None,False,0.0,0.0,Small,Small,Stable,0.0,0.0
6HTSTSTERONEtr,0.0,0.0,0.0,0.0,0.0,0.0,0.0,0.0,0.0,0.0,Negligible,None,False,0.0,0.0,Small,Small,Stable,0.0,0.0
5ADTSTSTERONEGLCte,0.0,0.0,0.0,0.0,0.0,0.0,0.0,0.0,0.0,0.0,Negligible,None,False,0.0,0.0,Small,Small,Stable,0.0,0.0
5ADTSTSTERONEGLCtr,0.0,0.0,0.0,0.0,0.0,0.0,0.0,0.0,0.0,0.0,Negligible,None,False,0.0,0.0,Small,Small,Stable,0.0,0.0
5ADTSTSTERONESULT,0.0,0.0,0.0,0.0,0.0,0.0,0.0,0.0,0.0,0.0,Negligible,None,False,0.0,0.0,Small,Small,Stable,0.0,0.0
5ADTSTSTERONESte,0.0,0.0,0.0,0.0,0.0,0.0,0.0,0.0,0.0,0.0,Negligible,None,False,0.0,0.0,Small,Small,Stable,0.0,0.0
5ADTSTSTERONEte,0.0,0.0,0.0,0.0,0.0,0.0,0.0,0.0,0.0,0.0,Negligible,None,False,0.0,0.0,Small,Small,Stable,0.0,0.0
5ADTSTSTERONEtr,0.0,0.0,0.0,0.0,0.0,0.0,0.0,0.0,0.0,0.0,Negligible,None,False,0.0,0.0,Small,Small,Stable,0.0,0.0
6THFtl,0.0,0.0,0.0,0.0,0.0,0.0,0.0,0.0,0.0,0.0,Negligible,None,False,0.0,0.0,Small,Small,Stable,0.0,0.0
6THFtm,0.0,0.0,0.0,0.0,0.0,0.0,0.0,0.0,0.0,0.0,Negligible,None,False,0.0,0.0,Small,Small,Stable,0.0,0.0
7DHCHSTEROLtr,0.0,0.0,0.0,0.0,0.0,0.0,0.0,0.0,0.0,0.0,Negligible,None,False,0.0,0.0,Small,Small,Stable,0.0,0.0
EX_lpchol_hs_e,0.0,0.0,0.0,0.0,0.0,0.0,0.0,0.0,0.0,0.0,Negligible,None,False,0.0,0.0,Small,Small,Stable,0.0,0.0
7DHFtl,0.0,0.0,0.0,0.0,0.0,0.0,0.0,0.0,0.0,0.0,Negligible,None,False,0.0,0.0,Small,Small,Stable,0.0,0.0
7DHFtm,0.0,0.0,0.0,0.0,0.0,0.0,0.0,0.0,0.0,0.0,Negligible,None,False,0.0,0.0,Small,Small,Stable,0.0,0.0
ACETONEt2m,0.0,0.0,0.0,0.0,0.0,0.0,0.0,0.0,0.0,0.0,Negligible,None,False,0.0,0.0,Small,Small,Stable,0.0,0.0
ACGAGBSIDEtg,0.0,0.0,0.0,0.0,0.0,0.0,0.0,0.0,0.0,0.0,Negligible,None,False,0.0,0.0,Small,Small,Stable,0.0,0.0
ACGAGBSIDEtl,0.0,0.0,0.0,0.0,0.0,0.0,0.0,0.0,0.0,0.0,Negligible,None,False,0.0,0.0,Small,Small,Stable,0.0,0.0
ACGALFUCGALACGALFUC12GAL14ACGLCGALGLUSIDEte,0.0,0.0,0.0,0.0,0.0,0.0,0.0,0.0,0.0,0.0,Negligible,None,False,0.0,0.0,Small,Small,Stable,0.0,0.0
7THFtl,0.0,0.0,0.0,0.0,0.0,0.0,0.0,0.0,0.0,0.0,Negligible,None,False,0.0,0.0,Small,Small,Stable,0.0,0.0
7THFtm,0.0,0.0,0.0,0.0,0.0,0.0,0.0,0.0,0.0,0.0,Negligible,None,False,0.0,0.0,Small,Small,Stable,0.0,0.0
ACGALFUCGALACGALFUC12GAL14ACGLCGALGLUSIDEtg,0.0,0.0,0.0,0.0,0.0,0.0,0.0,0.0,0.0,0.0,Negligible,None,False,0.0,0.0,Small,Small,Stable,0.0,0.0
A4GALTc,0.0,0.0,0.0,0.0,0.0,0.0,0.0,0.0,0.0,0.0,Negligible,None,False,0.0,0.0,Small,Small,Stable,0.0,0.0
EX_mag_hs_e,0.0,0.0,0.0,0.0,0.0,0.0,0.0,0.0,0.0,0.0,Negligible,None,False,0.0,0.0,Small,Small,Stable,0.0,0.0
A4GALTg,0.0,0.0,0.0,0.0,0.0,0.0,0.0,0.0,0.0,0.0,Negligible,None,False,0.0,0.0,Small,Small,Stable,0.0,0.0
A4GNT1g,0.0,0.0,0.0,0.0,0.0,0.0,0.0,0.0,0.0,0.0,Negligible,None,False,0.0,0.0,Small,Small,Stable,0.0,0.0
ACGALFUCGALACGALFUCGALACGLCGAL14ACGLCGALGLUSIDEte,0.0,0.0,0.0,0.0,0.0,0.0,0.0,0.0,0.0,0.0,Negligible,None,False,0.0,0.0,Small,Small,Stable,0.0,0.0
ACGALFUCGALACGALFUCGALACGLCGAL14ACGLCGALGLUSIDEtg,0.0,0.0,0.0,0.0,0.0,0.0,0.0,0.0,0.0,0.0,Negligible,None,False,0.0,0.0,Small,Small,Stable,0.0,0.0
ACGALK,0.0,0.0,0.0,0.0,0.0,0.0,0.0,0.0,0.0,0.0,Negligible,None,False,0.0,0.0,Small,Small,Stable,0.0,0.0
ACGALK2,0.0,0.0,0.0,0.0,0.0,0.0,0.0,0.0,0.0,0.0,Negligible,None,False,0.0,0.0,Small,Small,Stable,0.0,0.0
A4GNT2g,0.0,0.0,0.0,0.0,0.0,0.0,0.0,0.0,0.0,0.0,Negligible,None,False,0.0,0.0,Small,Small,Stable,0.0,0.0
EX_malt_e,0.0,0.0,0.0,0.0,0.0,0.0,0.0,0.0,0.0,0.0,Negligible,None,False,0.0,0.0,Small,Small,Stable,0.0,0.0
ACGALtlg,0.0,0.0,0.0,0.0,0.0,0.0,0.0,0.0,0.0,0.0,Negligible,None,False,0.0,0.0,Small,Small,Stable,0.0,0.0
ACGALtly,0.0,0.0,0.0,0.0,0.0,0.0,0.0,0.0,0.0,0.0,Negligible,None,False,0.0,0.0,Small,Small,Stable,0.0,0.0
ACGAM2E,0.0,0.0,0.0,0.0,0.0,0.0,0.0,0.0,0.0,0.0,Negligible,None,False,0.0,0.0,Small,Small,Stable,0.0,0.0
ACGAM6PS,0.0,0.0,0.0,0.0,0.0,0.0,0.0,0.0,0.0,0.0,Negligible,None,False,0.0,0.0,Small,Small,Stable,0.0,0.0
EX_malttr_e,0.0,0.0,0.0,0.0,0.0,0.0,0.0,0.0,0.0,0.0,Negligible,None,False,0.0,0.0,Small,Small,Stable,0.0,0.0
AACTOOR,0.0,0.0,0.0,0.0,0.0,0.0,0.0,0.0,0.0,0.0,Negligible,None,False,0.0,0.0,Small,Small,Stable,0.0,0.0
AACTtm,0.0,0.0,0.0,0.0,0.0,0.0,0.0,0.0,0.0,0.0,Negligible,None,False,0.0,0.0,Small,Small,Stable,0.0,0.0
EX_man_e,-0.5,-0.2,-0.2,0.3,0.0,0.3,0.3,0.0,100.0,0.0,Synergistic,Diet-dominated synergy,False,0.6,0.0,Medium,Small,Diet,100.0,0.0
ACGAMK,0.0,0.0,0.0,0.0,0.0,0.0,0.0,0.0,0.0,0.0,Negligible,None,False,0.0,0.0,Small,Small,Stable,0.0,0.0
ACGAMPM,0.0,0.0,0.0,0.0,0.0,0.0,0.0,0.0,0.0,0.0,Negligible,None,False,0.0,0.0,Small,Small,Stable,0.0,0.0
EX_meoh_e,0.0,0.0,0.0,0.0,0.0,0.0,0.0,0.0,0.0,0.0,Negligible,None,False,0.0,0.0,Small,Small,Stable,0.0,0.0
ACGAMtly,0.0,0.0,0.0,0.0,0.0,0.0,0.0,0.0,0.0,0.0,Negligible,None,False,0.0,0.0,Small,Small,Stable,0.0,0.0
ACGBGBSIDEtg,0.0,0.0,0.0,0.0,0.0,0.0,0.0,0.0,0.0,0.0,Negligible,None,False,0.0,0.0,Small,Small,Stable,0.0,0.0
AADSACYCL,0.0,0.394198276641,0.394081546052,0.394198276641,-0.00011673058899996924,0.394081546052,0.394198276641,0.00011673058899996924,99.99999123120588,8.768794111815813e-06,Antagonistic,Diet overcomes microbiome,True,0.0,-0.00029612151020710036,Small,Small,Diet (opposed by microbiome),100.02962092241299,0.0296209224129887
ACGBGBSIDEtl,0.0,0.0,0.0,0.0,0.0,0.0,0.0,0.0,0.0,0.0,Negligible,None,False,0.0,0.0,Small,Small,Stable,0.0,0.0
EX_mepi_e,0.0,0.0,0.0,0.0,0.0,0.0,0.0,0.0,0.0,0.0,Negligible,None,False,0.0,0.0,Small,Small,Stable,0.0,0.0
ACGPID,0.0,0.0,0.0,0.0,0.0,0.0,0.0,0.0,0.0,0.0,Negligible,None,False,0.0,0.0,Small,Small,Stable,0.0,0.0
ACGSm,0.0,0.0,0.0,0.0,0.0,0.0,0.0,0.0,0.0,0.0,Negligible,None,False,0.0,0.0,Small,Small,Stable,0.0,0.0
AASAD3,0.0,0.394198276641,0.394081546052,0.394198276641,-0.00011673058899996924,0.394081546052,0.394198276641,0.00011673058899996924,99.99999123120588,8.768794111815813e-06,Antagonistic,Diet overcomes microbiome,True,0.0,-0.00029612151020710036,Small,Small,Diet (opposed by microbiome),100.02962092241299,0.0296209224129887
AASAD3m,0.0,0.0,0.0,0.0,0.0,0.0,0.0,0.0,0.0,0.0,Negligible,None,False,0.0,0.0,Small,Small,Stable,0.0,0.0
EX_mercplaccys_e,0.0,0.0,0.0,0.0,0.0,0.0,0.0,0.0,0.0,0.0,Negligible,None,False,0.0,0.0,Small,Small,Stable,0.0,0.0
AATA,0.0,-0.394198276641,-0.394081546052,-0.394198276641,0.00011673058899996924,-0.394081546052,0.394198276641,0.00011673058899996924,99.99999123120588,8.768794111815813e-06,Antagonistic,Diet overcomes microbiome,True,0.0,0.00029612151020710036,Small,Small,Diet (opposed by microbiome),100.02962092241299,0.0296209224129887
ABTArm,0.0,0.0,0.0,0.0,0.0,0.0,0.0,0.0,0.0,0.0,Negligible,None,False,0.0,0.0,Small,Small,Stable,0.0,0.0
ACHEe,0.0,0.0,0.0,0.0,0.0,0.0,0.0,0.0,0.0,0.0,Negligible,None,False,0.0,0.0,Small,Small,Stable,0.0,0.0
ACHVESSEC,0.0,0.0,0.0,0.0,0.0,0.0,0.0,0.0,0.0,0.0,Negligible,None,False,0.0,0.0,Small,Small,Stable,0.0,0.0
ACHtn,0.0,0.0,0.0,0.0,0.0,0.0,0.0,0.0,0.0,0.0,Negligible,None,False,0.0,0.0,Small,Small,Stable,0.0,0.0
ABTD,0.0,0.0,0.0,0.0,0.0,0.0,0.0,0.0,0.0,0.0,Negligible,None,False,0.0,0.0,Small,Small,Stable,0.0,0.0
ABTt,0.0,0.0,0.0,0.0,0.0,0.0,0.0,0.0,0.0,0.0,Negligible,None,False,0.0,0.0,Small,Small,Stable,0.0,0.0
ABUTD,0.0,0.0,0.0,0.0,0.0,0.0,0.0,0.0,0.0,0.0,Negligible,None,False,0.0,0.0,Small,Small,Stable,0.0,0.0
ACN13ACNGALGBSIDEte,0.0,0.0,0.0,0.0,0.0,0.0,0.0,0.0,0.0,0.0,Negligible,None,False,0.0,0.0,Small,Small,Stable,0.0,0.0
ABUTt2r,0.0,0.0,0.0,0.0,0.0,0.0,0.0,0.0,0.0,0.0,Negligible,None,False,0.0,0.0,Small,Small,Stable,0.0,0.0
EX_mthgxl_e,0.0,0.0,0.0,0.0,0.0,0.0,0.0,0.0,0.0,0.0,Negligible,None,False,0.0,0.0,Small,Small,Stable,0.0,0.0
ABUTt2rL,0.0,0.0,0.0,0.0,0.0,0.0,0.0,0.0,0.0,0.0,Negligible,None,False,0.0,0.0,Small,Small,Stable,0.0,0.0
ABUTt4_2_r,0.0,0.0,0.0,0.0,0.0,0.0,0.0,0.0,0.0,0.0,Negligible,None,False,0.0,0.0,Small,Small,Stable,0.0,0.0
ACACT10m,0.0,0.0,0.0,0.0,0.0,0.0,0.0,0.0,0.0,0.0,Negligible,None,False,0.0,0.0,Small,Small,Stable,0.0,0.0
ACN13ACNGALGBSIDEtg,0.0,0.0,0.0,0.0,0.0,0.0,0.0,0.0,0.0,0.0,Negligible,None,False,0.0,0.0,Small,Small,Stable,0.0,0.0
ACN23ACNGALGBSIDEte,0.0,0.0,0.0,0.0,0.0,0.0,0.0,0.0,0.0,0.0,Negligible,None,False,0.0,0.0,Small,Small,Stable,0.0,0.0
ACN23ACNGALGBSIDEtg,0.0,0.0,0.0,0.0,0.0,0.0,0.0,0.0,0.0,0.0,Negligible,None,False,0.0,0.0,Small,Small,Stable,0.0,0.0
ACNACNGAL14ACGLCGALGLUSIDEte,0.0,0.0,0.0,0.0,0.0,0.0,0.0,0.0,0.0,0.0,Negligible,None,False,0.0,0.0,Small,Small,Stable,0.0,0.0
ACNACNGAL14ACGLCGALGLUSIDEtg,0.0,0.0,0.0,0.0,0.0,0.0,0.0,0.0,0.0,0.0,Negligible,None,False,0.0,0.0,Small,Small,Stable,0.0,0.0
ACNACNGALGBSIDEte,0.0,0.0,0.0,0.0,0.0,0.0,0.0,0.0,0.0,0.0,Negligible,None,False,0.0,0.0,Small,Small,Stable,0.0,0.0
ACNACNGALGBSIDEtg,0.0,0.0,0.0,0.0,0.0,0.0,0.0,0.0,0.0,0.0,Negligible,None,False,0.0,0.0,Small,Small,Stable,0.0,0.0
ACNAM9PL,0.0,0.0,0.0,0.0,0.0,0.0,0.0,0.0,0.0,0.0,Negligible,None,False,0.0,0.0,Small,Small,Stable,0.0,0.0
ACNAM9PL2,0.0,0.0,0.0,0.0,0.0,0.0,0.0,0.0,0.0,0.0,Negligible,None,False,0.0,0.0,Small,Small,Stable,0.0,0.0
ACACT1x,0.0,0.0,0.0,0.0,0.0,0.0,0.0,0.0,0.0,0.0,Negligible,None,False,0.0,0.0,Small,Small,Stable,0.0,0.0
EX_n2m2nmasn_e,0.0,0.0,0.0,0.0,0.0,0.0,0.0,0.0,0.0,0.0,Negligible,None,False,0.0,0.0,Small,Small,Stable,0.0,0.0
ACACT4p,0.0,0.0,0.0,0.0,0.0,0.0,0.0,0.0,0.0,0.0,Negligible,None,False,0.0,0.0,Small,Small,Stable,0.0,0.0
ACACT5p,0.0,0.0,0.0,0.0,0.0,0.0,0.0,0.0,0.0,0.0,Negligible,None,False,0.0,0.0,Small,Small,Stable,0.0,0.0
ACACT6p,0.0,0.0,0.0,0.0,0.0,0.0,0.0,0.0,0.0,0.0,Negligible,None,False,0.0,0.0,Small,Small,Stable,0.0,0.0
ACNAMPH,0.0,0.0,0.0,0.0,0.0,0.0,0.0,0.0,0.0,0.0,Negligible,None,False,0.0,0.0,Small,Small,Stable,0.0,0.0
ACNAMlt,0.0,0.0,0.0,0.0,0.0,0.0,0.0,0.0,0.0,0.0,Negligible,None,False,0.0,0.0,Small,Small,Stable,0.0,0.0
ACNAMtn,0.0,0.0,0.0,0.0,0.0,0.0,0.0,0.0,0.0,0.0,Negligible,None,False,0.0,0.0,Small,Small,Stable,0.0,0.0
ACNGALACGLCGAL14ACGLCGALGLUSIDEte,0.0,0.0,0.0,0.0,0.0,0.0,0.0,0.0,0.0,0.0,Negligible,None,False,0.0,0.0,Small,Small,Stable,0.0,0.0
ACNGALACGLCGAL14ACGLCGALGLUSIDEtg,0.0,0.0,0.0,0.0,0.0,0.0,0.0,0.0,0.0,0.0,Negligible,None,False,0.0,0.0,Small,Small,Stable,0.0,0.0
ACACT7p,0.0,0.0,0.0,0.0,0.0,0.0,0.0,0.0,0.0,0.0,Negligible,None,False,0.0,0.0,Small,Small,Stable,0.0,0.0
EX_na1_e,0.0,0.0,0.0,0.0,0.0,0.0,0.0,0.0,0.0,0.0,Negligible,None,False,0.0,0.0,Small,Small,Stable,0.0,0.0
ACACT8p,0.0,0.0,0.0,0.0,0.0,0.0,0.0,0.0,0.0,0.0,Negligible,None,False,0.0,0.0,Small,Small,Stable,0.0,0.0
ACACT9p,0.0,0.0,0.0,0.0,0.0,0.0,0.0,0.0,0.0,0.0,Negligible,None,False,0.0,0.0,Small,Small,Stable,0.0,0.0
ACNML,0.0,0.0,0.0,0.0,0.0,0.0,0.0,0.0,0.0,0.0,Negligible,None,False,0.0,0.0,Small,Small,Stable,0.0,0.0
ACOAD10m,0.0,0.0,0.0,0.0,0.0,0.0,0.0,0.0,0.0,0.0,Negligible,None,False,0.0,0.0,Small,Small,Stable,0.0,0.0
ACOAD1fm,0.0,0.0,0.0,0.0,0.0,0.0,0.0,0.0,0.0,0.0,Negligible,None,False,0.0,0.0,Small,Small,Stable,0.0,0.0
EX_nac_e,0.0,0.0,0.0,0.0,0.0,0.0,0.0,0.0,0.0,0.0,Negligible,None,False,0.0,0.0,Small,Small,Stable,0.0,0.0
ACOAD8m,0.0,0.0,0.0,0.0,0.0,0.0,0.0,0.0,0.0,0.0,Negligible,None,False,0.0,0.0,Small,Small,Stable,0.0,0.0
ACOAD9m,0.0,0.0,0.0,0.0,0.0,0.0,0.0,0.0,0.0,0.0,Negligible,None,False,0.0,0.0,Small,Small,Stable,0.0,0.0
ACOAH,0.0,0.0,0.0,0.0,0.0,0.0,0.0,0.0,0.0,0.0,Negligible,None,False,0.0,0.0,Small,Small,Stable,0.0,0.0
ACACt2,0.0,0.5,0.5,0.5,0.0,0.5,0.5,0.0,100.0,0.0,Synergistic,Diet-dominated synergy,False,0.0,0.0,Small,Small,Diet,100.0,0.0
ACOAO7p,0.0,0.0,0.0,0.0,0.0,0.0,0.0,0.0,0.0,0.0,Negligible,None,False,0.0,0.0,Small,Small,Stable,0.0,0.0
EX_nad_e,0.0,0.0,0.0,0.0,0.0,0.0,0.0,0.0,0.0,0.0,Negligible,None,False,0.0,0.0,Small,Small,Stable,0.0,0.0
ACACtx,0.0,0.0,0.0,0.0,0.0,0.0,0.0,0.0,0.0,0.0,Negligible,None,False,0.0,0.0,Small,Small,Stable,0.0,0.0
ACOATA,0.0,0.0,0.0,0.0,0.0,0.0,0.0,0.0,0.0,0.0,Negligible,None,False,0.0,0.0,Small,Small,Stable,0.0,0.0
ACODA,0.0,0.0,0.0,0.0,0.0,0.0,0.0,0.0,0.0,0.0,Negligible,None,False,0.0,0.0,Small,Small,Stable,0.0,0.0
ACONT,0.0,0.0,0.0,0.0,0.0,0.0,0.0,0.0,0.0,0.0,Negligible,None,False,0.0,0.0,Small,Small,Stable,0.0,0.0
EX_nadp_e,0.0,0.0,0.0,0.0,0.0,0.0,0.0,0.0,0.0,0.0,Negligible,None,False,0.0,0.0,Small,Small,Stable,0.0,0.0
ACALDtm,0.0,0.0,0.0,0.0,0.0,0.0,0.0,0.0,0.0,0.0,Negligible,None,False,0.0,0.0,Small,Small,Stable,0.0,0.0
ACOX22x,0.0,0.0,0.0,0.0,0.0,0.0,0.0,0.0,0.0,0.0,Negligible,None,False,0.0,0.0,Small,Small,Stable,0.0,0.0
ACALDtr,0.0,0.0,0.0,0.0,0.0,0.0,0.0,0.0,0.0,0.0,Negligible,None,False,0.0,0.0,Small,Small,Stable,0.0,0.0
ACOX2x,0.0,0.0,0.0,0.0,0.0,0.0,0.0,0.0,0.0,0.0,Negligible,None,False,0.0,0.0,Small,Small,Stable,0.0,0.0
EX_ncam_e,0.0,0.0,0.0,0.0,0.0,0.0,0.0,0.0,0.0,0.0,Negligible,None,False,0.0,0.0,Small,Small,Stable,0.0,0.0
ACALDtx,0.0,0.0,0.0,0.0,0.0,0.0,0.0,0.0,0.0,0.0,Negligible,None,False,0.0,0.0,Small,Small,Stable,0.0,0.0
ACCOAC,0.0,0.0,0.0,0.0,0.0,0.0,0.0,0.0,0.0,0.0,Negligible,None,False,0.0,0.0,Small,Small,Stable,0.0,0.0
ACP1_FMN,0.0,0.0,0.0,0.0,0.0,0.0,0.0,0.0,0.0,0.0,Negligible,None,False,0.0,0.0,Small,Small,Stable,0.0,0.0
ACCOACrm,0.0,0.0,0.0,0.0,0.0,0.0,0.0,0.0,0.0,0.0,Negligible,None,False,0.0,0.0,Small,Small,Stable,0.0,0.0
ACCOAL,0.0,0.0,0.0,0.0,0.0,0.0,0.0,0.0,0.0,0.0,Negligible,None,False,0.0,0.0,Small,Small,Stable,0.0,0.0
ACCOALm,0.0,0.0,0.0,0.0,0.0,0.0,0.0,0.0,0.0,0.0,Negligible,None,False,0.0,0.0,Small,Small,Stable,0.0,0.0
EX_nifedipine_e,0.0,0.0,0.0,0.0,0.0,0.0,0.0,0.0,0.0,0.0,Negligible,None,False,0.0,0.0,Small,Small,Stable,0.0,0.0
ACCOAgt,0.0,0.0,0.0,0.0,0.0,0.0,0.0,0.0,0.0,0.0,Negligible,None,False,0.0,0.0,Small,Small,Stable,0.0,0.0
ACCOAtn,0.0,0.0,0.0,0.0,0.0,0.0,0.0,0.0,0.0,0.0,Negligible,None,False,0.0,0.0,Small,Small,Stable,0.0,0.0
ACRNtm,0.0,0.0,0.0,0.0,0.0,0.0,0.0,0.0,0.0,0.0,Negligible,None,False,0.0,0.0,Small,Small,Stable,0.0,0.0
ACCOAtr,0.0,0.0,0.0,0.0,0.0,0.0,0.0,0.0,0.0,0.0,Negligible,None,False,0.0,0.0,Small,Small,Stable,0.0,0.0
EX_no_e,0.0,0.0,0.0,0.0,0.0,0.0,0.0,0.0,0.0,0.0,Negligible,None,False,0.0,0.0,Small,Small,Stable,0.0,0.0
ACETONEt2,0.0,0.0,0.0,0.0,0.0,0.0,0.0,0.0,0.0,0.0,Negligible,None,False,0.0,0.0,Small,Small,Stable,0.0,0.0
EX_npthl_e,0.0,0.0,0.0,0.0,0.0,0.0,0.0,0.0,0.0,0.0,Negligible,None,False,0.0,0.0,Small,Small,Stable,0.0,0.0
ACS2,0.0,0.0,0.0,0.0,0.0,0.0,0.0,0.0,0.0,0.0,Negligible,None,False,0.0,0.0,Small,Small,Stable,0.0,0.0
ACSm,0.0,0.0,0.0,0.0,0.0,0.0,0.0,0.0,0.0,0.0,Negligible,None,False,0.0,0.0,Small,Small,Stable,0.0,0.0
ACTLMO,0.0,0.0,0.0,0.0,0.0,0.0,0.0,0.0,0.0,0.0,Negligible,None,False,0.0,0.0,Small,Small,Stable,0.0,0.0
ADNCYC,0.0,0.0,0.0,0.0,0.0,0.0,0.0,0.0,0.0,0.0,Negligible,None,False,0.0,0.0,Small,Small,Stable,0.0,0.0
ADNK1m,0.0,0.0,0.0,0.0,0.0,0.0,0.0,0.0,0.0,0.0,Negligible,None,False,0.0,0.0,Small,Small,Stable,0.0,0.0
EX_nrpphr_e,0.0,0.0,0.0,0.0,0.0,0.0,0.0,0.0,0.0,0.0,Negligible,None,False,0.0,0.0,Small,Small,Stable,0.0,0.0
EX_nrpphrsf_e,0.0,0.0,0.0,0.0,0.0,0.0,0.0,0.0,0.0,0.0,Negligible,None,False,0.0,0.0,Small,Small,Stable,0.0,0.0
ACTNMO,0.0,0.0,0.0,0.0,0.0,0.0,0.0,0.0,0.0,0.0,Negligible,None,False,0.0,0.0,Small,Small,Stable,0.0,0.0
EX_nrvnc_e,0.0,0.0,0.0,0.0,0.0,0.0,0.0,0.0,0.0,0.0,Negligible,None,False,0.0,0.0,Small,Small,Stable,0.0,0.0
ACYP,0.0,0.0,0.0,0.0,0.0,0.0,0.0,0.0,0.0,0.0,Negligible,None,False,0.0,0.0,Small,Small,Stable,0.0,0.0
ACt2m,0.0,0.0,0.0,0.0,0.0,0.0,0.0,0.0,0.0,0.0,Negligible,None,False,0.0,0.0,Small,Small,Stable,0.0,0.0
ADNt,0.0,0.0,0.0,0.0,0.0,0.0,0.0,0.0,0.0,0.0,Negligible,None,False,0.0,0.0,Small,Small,Stable,0.0,0.0
ADNt4,0.0,0.0,0.0,0.0,0.0,0.0,0.0,0.0,0.0,0.0,Negligible,None,False,0.0,0.0,Small,Small,Stable,0.0,0.0
ADNt5,0.0,0.0,0.0,0.0,0.0,0.0,0.0,0.0,0.0,0.0,Negligible,None,False,0.0,0.0,Small,Small,Stable,0.0,0.0
EX_o2_e,-15.0,-12.0,-12.0,3.0,0.0,3.0,3.0,0.0,100.0,0.0,Synergistic,Diet-dominated synergy,False,0.2,0.0,Medium,Small,Diet,100.0,0.0
ADNtl,0.0,0.0,0.0,0.0,0.0,0.0,0.0,0.0,0.0,0.0,Negligible,None,False,0.0,0.0,Small,Small,Stable,0.0,0.0
ACtg,0.0,0.0,0.0,0.0,0.0,0.0,0.0,0.0,0.0,0.0,Negligible,None,False,0.0,0.0,Small,Small,Stable,0.0,0.0
ADA,0.0,0.0,0.0,0.0,0.0,0.0,0.0,0.0,0.0,0.0,Negligible,None,False,0.0,0.0,Small,Small,Stable,0.0,0.0
ADAe,0.0,0.0,0.0,0.0,0.0,0.0,0.0,0.0,0.0,0.0,Negligible,None,False,0.0,0.0,Small,Small,Stable,0.0,0.0
ADNtm,0.0,0.0,0.0,0.0,0.0,0.0,0.0,0.0,0.0,0.0,Negligible,None,False,0.0,0.0,Small,Small,Stable,0.0,0.0
ADCim,0.0,0.0,0.0,0.0,0.0,0.0,0.0,0.0,0.0,0.0,Negligible,None,False,0.0,0.0,Small,Small,Stable,0.0,0.0
ADPGLC,0.0,0.0,0.0,0.0,0.0,0.0,0.0,0.0,0.0,0.0,Negligible,None,False,0.0,0.0,Small,Small,Stable,0.0,0.0
EX_o2s_e,0.0,0.0,0.0,0.0,0.0,0.0,0.0,0.0,0.0,0.0,Negligible,None,False,0.0,0.0,Small,Small,Stable,0.0,0.0
ADPMAN,0.0,0.0,0.0,0.0,0.0,0.0,0.0,0.0,0.0,0.0,Negligible,None,False,0.0,0.0,Small,Small,Stable,0.0,0.0
ADPRDP,0.0,0.0,0.0,0.0,0.0,0.0,0.0,0.0,0.0,0.0,Negligible,None,False,0.0,0.0,Small,Small,Stable,0.0,0.0
ADEtl,0.0,0.0,0.0,0.0,0.0,0.0,0.0,0.0,0.0,0.0,Negligible,None,False,0.0,0.0,Small,Small,Stable,0.0,0.0
ADPRDPm,0.0,0.0,0.0,0.0,0.0,0.0,0.0,0.0,0.0,0.0,Negligible,None,False,0.0,0.0,Small,Small,Stable,0.0,0.0
AGDC,0.0,0.0,0.0,0.0,0.0,0.0,0.0,0.0,0.0,0.0,Negligible,None,False,0.0,0.0,Small,Small,Stable,0.0,0.0
ADPRIBt,0.0,0.0,0.0,0.0,0.0,0.0,0.0,0.0,0.0,0.0,Negligible,None,False,0.0,0.0,Small,Small,Stable,0.0,0.0
ADPT,0.0,0.0,0.0,0.0,0.0,0.0,0.0,0.0,0.0,0.0,Negligible,None,False,0.0,0.0,Small,Small,Stable,0.0,0.0
ADRNCOAtx,0.0,0.0,0.0,0.0,0.0,0.0,0.0,0.0,0.0,0.0,Negligible,None,False,0.0,0.0,Small,Small,Stable,0.0,0.0
ADRNCPT1,0.0,0.0,0.0,0.0,0.0,0.0,0.0,0.0,0.0,0.0,Negligible,None,False,0.0,0.0,Small,Small,Stable,0.0,0.0
ADRNCPT2,0.0,0.0,0.0,0.0,0.0,0.0,0.0,0.0,0.0,0.0,Negligible,None,False,0.0,0.0,Small,Small,Stable,0.0,0.0
ADRNCRNt,0.0,0.0,0.0,0.0,0.0,0.0,0.0,0.0,0.0,0.0,Negligible,None,False,0.0,0.0,Small,Small,Stable,0.0,0.0
ADRNLPVESSEC,0.0,0.0,0.0,0.0,0.0,0.0,0.0,0.0,0.0,0.0,Negligible,None,False,0.0,0.0,Small,Small,Stable,0.0,0.0
ADRNt,0.0,0.0,0.0,0.0,0.0,0.0,0.0,0.0,0.0,0.0,Negligible,None,False,0.0,0.0,Small,Small,Stable,0.0,0.0
ADHAPtx,0.0,0.0,0.0,0.0,0.0,0.0,0.0,0.0,0.0,0.0,Negligible,None,False,0.0,0.0,Small,Small,Stable,0.0,0.0
ADK3m,0.0,0.0,0.0,0.0,0.0,0.0,0.0,0.0,0.0,0.0,Negligible,None,False,0.0,0.0,Small,Small,Stable,0.0,0.0
ADKd,0.0,0.0,0.0,0.0,0.0,0.0,0.0,0.0,0.0,0.0,Negligible,None,False,0.0,0.0,Small,Small,Stable,0.0,0.0
ADMDC,0.0,0.0,0.0,0.0,0.0,0.0,0.0,0.0,0.0,0.0,Negligible,None,False,0.0,0.0,Small,Small,Stable,0.0,0.0
AGLPC,0.0,0.0,0.0,0.0,0.0,0.0,0.0,0.0,0.0,0.0,Negligible,None,False,0.0,0.0,Small,Small,Stable,0.0,0.0
ADSELK,0.0,0.0,0.0,0.0,0.0,0.0,0.0,0.0,0.0,0.0,Negligible,None,False,0.0,0.0,Small,Small,Stable,0.0,0.0
ADSK,0.0,0.0,0.0,0.0,0.0,0.0,0.0,0.0,0.0,0.0,Negligible,None,False,0.0,0.0,Small,Small,Stable,0.0,0.0
ADSL1r,0.0,0.0,0.0,0.0,0.0,0.0,0.0,0.0,0.0,0.0,Negligible,None,False,0.0,0.0,Small,Small,Stable,0.0,0.0
ALOX12R,0.0,0.0,0.0,0.0,0.0,0.0,0.0,0.0,0.0,0.0,Negligible,None,False,0.0,0.0,Small,Small,Stable,0.0,0.0
AGLPED,0.0,0.0,0.0,0.0,0.0,0.0,0.0,0.0,0.0,0.0,Negligible,None,False,0.0,0.0,Small,Small,Stable,0.0,0.0
ALOX15,0.0,0.0,0.0,0.0,0.0,0.0,0.0,0.0,0.0,0.0,Negligible,None,False,0.0,0.0,Small,Small,Stable,0.0,0.0
ALOX5,0.0,0.0,0.0,0.0,0.0,0.0,0.0,0.0,0.0,0.0,Negligible,None,False,0.0,0.0,Small,Small,Stable,0.0,0.0
ADSL2r,0.0,0.0,0.0,0.0,0.0,0.0,0.0,0.0,0.0,0.0,Negligible,None,False,0.0,0.0,Small,Small,Stable,0.0,0.0
ALOX52,0.0,0.0,0.0,0.0,0.0,0.0,0.0,0.0,0.0,0.0,Negligible,None,False,0.0,0.0,Small,Small,Stable,0.0,0.0
ADSS,0.0,0.0,0.0,0.0,0.0,0.0,0.0,0.0,0.0,0.0,Negligible,None,False,0.0,0.0,Small,Small,Stable,0.0,0.0
ALR,0.0,0.0,0.0,0.0,0.0,0.0,0.0,0.0,0.0,0.0,Negligible,None,False,0.0,0.0,Small,Small,Stable,0.0,0.0
AGLPET,0.0,0.0,0.0,0.0,0.0,0.0,0.0,0.0,0.0,0.0,Negligible,None,False,0.0,0.0,Small,Small,Stable,0.0,0.0
AFLATOXINte,0.0,0.0,0.0,0.0,0.0,0.0,0.0,0.0,0.0,0.0,Negligible,None,False,0.0,0.0,Small,Small,Stable,0.0,0.0
AGLPH,0.0,0.0,0.0,0.0,0.0,0.0,0.0,0.0,0.0,0.0,Negligible,None,False,0.0,0.0,Small,Small,Stable,0.0,0.0
AG13T10g,0.0,0.0,0.0,0.0,0.0,0.0,0.0,0.0,0.0,0.0,Negligible,None,False,0.0,0.0,Small,Small,Stable,0.0,0.0
AG13T11g,0.0,0.0,0.0,0.0,0.0,0.0,0.0,0.0,0.0,0.0,Negligible,None,False,0.0,0.0,Small,Small,Stable,0.0,0.0
ALR2,0.0,0.0,0.0,0.0,0.0,0.0,0.0,0.0,0.0,0.0,Negligible,None,False,0.0,0.0,Small,Small,Stable,0.0,0.0
AGLPR,0.0,0.0,0.0,0.0,0.0,0.0,0.0,0.0,0.0,0.0,Negligible,None,False,0.0,0.0,Small,Small,Stable,0.0,0.0
AG13T12g,0.0,0.0,0.0,0.0,0.0,0.0,0.0,0.0,0.0,0.0,Negligible,None,False,0.0,0.0,Small,Small,Stable,0.0,0.0
AG13T13g,0.0,0.0,0.0,0.0,0.0,0.0,0.0,0.0,0.0,0.0,Negligible,None,False,0.0,0.0,Small,Small,Stable,0.0,0.0
AG13T14g,0.0,0.0,0.0,0.0,0.0,0.0,0.0,0.0,0.0,0.0,Negligible,None,False,0.0,0.0,Small,Small,Stable,0.0,0.0
ALR3,0.0,0.0,0.0,0.0,0.0,0.0,0.0,0.0,0.0,0.0,Negligible,None,False,0.0,0.0,Small,Small,Stable,0.0,0.0
AG13T15g,0.0,0.0,0.0,0.0,0.0,0.0,0.0,0.0,0.0,0.0,Negligible,None,False,0.0,0.0,Small,Small,Stable,0.0,0.0
AG13T16g,0.0,0.0,0.0,0.0,0.0,0.0,0.0,0.0,0.0,0.0,Negligible,None,False,0.0,0.0,Small,Small,Stable,0.0,0.0
AG13T17g,0.0,0.0,0.0,0.0,0.0,0.0,0.0,0.0,0.0,0.0,Negligible,None,False,0.0,0.0,Small,Small,Stable,0.0,0.0
AG13T18g,0.0,0.0,0.0,0.0,0.0,0.0,0.0,0.0,0.0,0.0,Negligible,None,False,0.0,0.0,Small,Small,Stable,0.0,0.0
AM6SAD,0.0,0.0,0.0,0.0,0.0,0.0,0.0,0.0,0.0,0.0,Negligible,None,False,0.0,0.0,Small,Small,Stable,0.0,0.0
AGLPT,0.0,0.0,0.0,0.0,0.0,0.0,0.0,0.0,0.0,0.0,Negligible,None,False,0.0,0.0,Small,Small,Stable,0.0,0.0
AMACR2p,0.0,0.0,0.0,0.0,0.0,0.0,0.0,0.0,0.0,0.0,Negligible,None,False,0.0,0.0,Small,Small,Stable,0.0,0.0
AMACR2r,0.0,0.0,0.0,0.0,0.0,0.0,0.0,0.0,0.0,0.0,Negligible,None,False,0.0,0.0,Small,Small,Stable,0.0,0.0
AMACRp,0.0,0.0,0.0,0.0,0.0,0.0,0.0,0.0,0.0,0.0,Negligible,None,False,0.0,0.0,Small,Small,Stable,0.0,0.0
AG13T1g,0.0,0.0,0.0,0.0,0.0,0.0,0.0,0.0,0.0,0.0,Negligible,None,False,0.0,0.0,Small,Small,Stable,0.0,0.0
AG13T2g,0.0,0.0,0.0,0.0,0.0,0.0,0.0,0.0,0.0,0.0,Negligible,None,False,0.0,0.0,Small,Small,Stable,0.0,0.0
AG13T3g,0.0,0.0,0.0,0.0,0.0,0.0,0.0,0.0,0.0,0.0,Negligible,None,False,0.0,0.0,Small,Small,Stable,0.0,0.0
AG13T4g,0.0,0.0,0.0,0.0,0.0,0.0,0.0,0.0,0.0,0.0,Negligible,None,False,0.0,0.0,Small,Small,Stable,0.0,0.0
AMACRr,0.0,0.0,0.0,0.0,0.0,0.0,0.0,0.0,0.0,0.0,Negligible,None,False,0.0,0.0,Small,Small,Stable,0.0,0.0
AGMTm,0.0,0.0,0.0,0.0,0.0,0.0,0.0,0.0,0.0,0.0,Negligible,None,False,0.0,0.0,Small,Small,Stable,0.0,0.0
AMANK,0.0,0.0,0.0,0.0,0.0,0.0,0.0,0.0,0.0,0.0,Negligible,None,False,0.0,0.0,Small,Small,Stable,0.0,0.0
AMCOXO,0.0,0.0,0.0,0.0,0.0,0.0,0.0,0.0,0.0,0.0,Negligible,None,False,0.0,0.0,Small,Small,Stable,0.0,0.0
AG13T5g,0.0,0.0,0.0,0.0,0.0,0.0,0.0,0.0,0.0,0.0,Negligible,None,False,0.0,0.0,Small,Small,Stable,0.0,0.0
AMETr,0.0,0.0,0.0,0.0,0.0,0.0,0.0,0.0,0.0,0.0,Negligible,None,False,0.0,0.0,Small,Small,Stable,0.0,0.0
AG13T6g,0.0,0.0,0.0,0.0,0.0,0.0,0.0,0.0,0.0,0.0,Negligible,None,False,0.0,0.0,Small,Small,Stable,0.0,0.0
AG13T7g,0.0,0.0,0.0,0.0,0.0,0.0,0.0,0.0,0.0,0.0,Negligible,None,False,0.0,0.0,Small,Small,Stable,0.0,0.0
AG13T8g,0.0,0.0,0.0,0.0,0.0,0.0,0.0,0.0,0.0,0.0,Negligible,None,False,0.0,0.0,Small,Small,Stable,0.0,0.0
AMETt2m,0.0,0.0,0.0,0.0,0.0,0.0,0.0,0.0,0.0,0.0,Negligible,None,False,0.0,0.0,Small,Small,Stable,0.0,0.0
AGPRim,0.0,0.0,0.0,0.0,0.0,0.0,0.0,0.0,0.0,0.0,Negligible,None,False,0.0,0.0,Small,Small,Stable,0.0,0.0
AMETtn,0.0,0.0,0.0,0.0,0.0,0.0,0.0,0.0,0.0,0.0,Negligible,None,False,0.0,0.0,Small,Small,Stable,0.0,0.0
AMPDA,0.0,0.0,0.0,0.0,0.0,0.0,0.0,0.0,0.0,0.0,Negligible,None,False,0.0,0.0,Small,Small,Stable,0.0,0.0
AMPTASECG,0.0,0.0,0.0,0.0,0.0,0.0,0.0,0.0,0.0,0.0,Negligible,None,False,0.0,0.0,Small,Small,Stable,0.0,0.0
AMPTASECGe,0.0,0.0,0.0,0.0,0.0,0.0,0.0,0.0,0.0,0.0,Negligible,None,False,0.0,0.0,Small,Small,Stable,0.0,0.0
AG13T9g,0.0,0.0,0.0,0.0,0.0,0.0,0.0,0.0,0.0,0.0,Negligible,None,False,0.0,0.0,Small,Small,Stable,0.0,0.0
ARTFR204,0.0,0.0,0.0,0.0,0.0,0.0,0.0,0.0,0.0,0.0,Negligible,None,False,0.0,0.0,Small,Small,Stable,0.0,0.0
ARTFR205,0.0,0.0,0.0,0.0,0.0,0.0,0.0,0.0,0.0,0.0,Negligible,None,False,0.0,0.0,Small,Small,Stable,0.0,0.0
ARTFR206,0.0,0.0,0.0,0.0,0.0,0.0,0.0,0.0,0.0,0.0,Negligible,None,False,0.0,0.0,Small,Small,Stable,0.0,0.0
AMPtp,0.0,0.0,0.0,0.0,0.0,0.0,0.0,0.0,0.0,0.0,Negligible,None,False,0.0,0.0,Small,Small,Stable,0.0,0.0
AGPSx,0.0,0.0,0.0,0.0,0.0,0.0,0.0,0.0,0.0,0.0,Negligible,None,False,0.0,0.0,Small,Small,Stable,0.0,0.0
AMPtr,0.0,0.0,0.0,0.0,0.0,0.0,0.0,0.0,0.0,0.0,Negligible,None,False,0.0,0.0,Small,Small,Stable,0.0,0.0
AMY1e,0.0,0.0,0.0,0.0,0.0,0.0,0.0,0.0,0.0,0.0,Negligible,None,False,0.0,0.0,Small,Small,Stable,0.0,0.0
ARTFR207,0.0,0.0,0.0,0.0,0.0,0.0,0.0,0.0,0.0,0.0,Negligible,None,False,0.0,0.0,Small,Small,Stable,0.0,0.0
ARTFR208,0.0,0.0,0.0,0.0,0.0,0.0,0.0,0.0,0.0,0.0,Negligible,None,False,0.0,0.0,Small,Small,Stable,0.0,0.0
ARTFR209,0.0,0.0,0.0,0.0,0.0,0.0,0.0,0.0,0.0,0.0,Negligible,None,False,0.0,0.0,Small,Small,Stable,0.0,0.0
AMY2e,0.0,0.0,0.0,0.0,0.0,0.0,0.0,0.0,0.0,0.0,Negligible,None,False,0.0,0.0,Small,Small,Stable,0.0,0.0
ARTFR210,0.0,0.0,0.0,0.0,0.0,0.0,0.0,0.0,0.0,0.0,Negligible,None,False,0.0,0.0,Small,Small,Stable,0.0,0.0
AGPex,0.0,0.0,0.0,0.0,0.0,0.0,0.0,0.0,0.0,0.0,Negligible,None,False,0.0,0.0,Small,Small,Stable,0.0,0.0
ARTFR211,0.0,0.0,0.0,0.0,0.0,0.0,0.0,0.0,0.0,0.0,Negligible,None,False,0.0,0.0,Small,Small,Stable,0.0,0.0
ANDRSTRNGLCte,0.0,0.0,0.0,0.0,0.0,0.0,0.0,0.0,0.0,0.0,Negligible,None,False,0.0,0.0,Small,Small,Stable,0.0,0.0
ANDRSTRNGLCtr,0.0,0.0,0.0,0.0,0.0,0.0,0.0,0.0,0.0,0.0,Negligible,None,False,0.0,0.0,Small,Small,Stable,0.0,0.0
ARTFR212,0.0,0.0,0.0,0.0,0.0,0.0,0.0,0.0,0.0,0.0,Negligible,None,False,0.0,0.0,Small,Small,Stable,0.0,0.0
AGTim,0.0,0.0,0.0,0.0,0.0,0.0,0.0,0.0,0.0,0.0,Negligible,None,False,0.0,0.0,Small,Small,Stable,0.0,0.0
ARTFR213,0.0,0.0,0.0,0.0,0.0,0.0,0.0,0.0,0.0,0.0,Negligible,None,False,0.0,0.0,Small,Small,Stable,0.0,0.0
ANDRSTRNte,0.0,0.0,0.0,0.0,0.0,0.0,0.0,0.0,0.0,0.0,Negligible,None,False,0.0,0.0,Small,Small,Stable,0.0,0.0
ANDRSTRNtr,0.0,0.0,0.0,0.0,0.0,0.0,0.0,0.0,0.0,0.0,Negligible,None,False,0.0,0.0,Small,Small,Stable,0.0,0.0
ARTFR31,0.0,0.0,0.0,0.0,0.0,0.0,0.0,0.0,0.0,0.0,Negligible,None,False,0.0,0.0,Small,Small,Stable,0.0,0.0
ANTIPYRENEte,0.0,0.0,0.0,0.0,0.0,0.0,0.0,0.0,0.0,0.0,Negligible,None,False,0.0,0.0,Small,Small,Stable,0.0,0.0
AGTix,0.0,0.0,0.0,0.0,0.0,0.0,0.0,0.0,0.0,0.0,Negligible,None,False,0.0,0.0,Small,Small,Stable,0.0,0.0
AOBUTDsm,0.0,0.0,0.0,0.0,0.0,0.0,0.0,0.0,0.0,0.0,Negligible,None,False,0.0,0.0,Small,Small,Stable,0.0,0.0
ARTFR32,0.0,0.0,0.0,0.0,0.0,0.0,0.0,0.0,0.0,0.0,Negligible,None,False,0.0,0.0,Small,Small,Stable,0.0,0.0
ARTFR33,0.0,0.0,0.0,0.0,0.0,0.0,0.0,0.0,0.0,0.0,Negligible,None,False,0.0,0.0,Small,Small,Stable,0.0,0.0
ARTFR34,0.0,0.0,0.0,0.0,0.0,0.0,0.0,0.0,0.0,0.0,Negligible,None,False,0.0,0.0,Small,Small,Stable,0.0,0.0
AP4AH1,0.0,0.0,0.0,0.0,0.0,0.0,0.0,0.0,0.0,0.0,Negligible,None,False,0.0,0.0,Small,Small,Stable,0.0,0.0
APNNOXte,0.0,0.0,0.0,0.0,0.0,0.0,0.0,0.0,0.0,0.0,Negligible,None,False,0.0,0.0,Small,Small,Stable,0.0,0.0
ARTFR42,0.0,0.0,0.0,0.0,0.0,0.0,0.0,0.0,0.0,0.0,Negligible,None,False,0.0,0.0,Small,Small,Stable,0.0,0.0
ARTFR43,0.0,0.0,0.0,0.0,0.0,0.0,0.0,0.0,0.0,0.0,Negligible,None,False,0.0,0.0,Small,Small,Stable,0.0,0.0
APOC_LYS_BTNP,0.0,0.0,0.0,0.0,0.0,0.0,0.0,0.0,0.0,0.0,Negligible,None,False,0.0,0.0,Small,Small,Stable,0.0,0.0
APOC_LYS_BTNPm,0.0,0.0,0.0,0.0,0.0,0.0,0.0,0.0,0.0,0.0,Negligible,None,False,0.0,0.0,Small,Small,Stable,0.0,0.0
ARTFR44,0.0,0.0,0.0,0.0,0.0,0.0,0.0,0.0,0.0,0.0,Negligible,None,False,0.0,0.0,Small,Small,Stable,0.0,0.0
AHANDROSTANGLCte,0.0,0.0,0.0,0.0,0.0,0.0,0.0,0.0,0.0,0.0,Negligible,None,False,0.0,0.0,Small,Small,Stable,0.0,0.0
ARTFR45,0.0,0.0,0.0,0.0,0.0,0.0,0.0,0.0,0.0,0.0,Negligible,None,False,0.0,0.0,Small,Small,Stable,0.0,0.0
ARTFR46,0.0,0.0,0.0,0.0,0.0,0.0,0.0,0.0,0.0,0.0,Negligible,None,False,0.0,0.0,Small,Small,Stable,0.0,0.0
APOCF,0.0,0.0,0.0,0.0,0.0,0.0,0.0,0.0,0.0,0.0,Negligible,None,False,0.0,0.0,Small,Small,Stable,0.0,0.0
APOCFm,0.0,0.0,0.0,0.0,0.0,0.0,0.0,0.0,0.0,0.0,Negligible,None,False,0.0,0.0,Small,Small,Stable,0.0,0.0
APPNNte,0.0,0.0,0.0,0.0,0.0,0.0,0.0,0.0,0.0,0.0,Negligible,None,False,0.0,0.0,Small,Small,Stable,0.0,0.0
APRGSTRNte,0.0,0.0,0.0,0.0,0.0,0.0,0.0,0.0,0.0,0.0,Negligible,None,False,0.0,0.0,Small,Small,Stable,0.0,0.0
ARTFR51,0.0,0.0,0.0,0.0,0.0,0.0,0.0,0.0,0.0,0.0,Negligible,None,False,0.0,0.0,Small,Small,Stable,0.0,0.0
AHANDROSTANGLCtr,0.0,0.0,0.0,0.0,0.0,0.0,0.0,0.0,0.0,0.0,Negligible,None,False,0.0,0.0,Small,Small,Stable,0.0,0.0
ARTFR52,0.0,0.0,0.0,0.0,0.0,0.0,0.0,0.0,0.0,0.0,Negligible,None,False,0.0,0.0,Small,Small,Stable,0.0,0.0
ARTFR53,0.0,0.0,0.0,0.0,0.0,0.0,0.0,0.0,0.0,0.0,Negligible,None,False,0.0,0.0,Small,Small,Stable,0.0,0.0
APRTO2,0.0,0.0,0.0,0.0,0.0,0.0,0.0,0.0,0.0,0.0,Negligible,None,False,0.0,0.0,Small,Small,Stable,0.0,0.0
AQCOBALt,0.0,0.0,0.0,0.0,0.0,0.0,0.0,0.0,0.0,0.0,Negligible,None,False,0.0,0.0,Small,Small,Stable,0.0,0.0
ARAB_Lt,0.0,0.0,0.0,0.0,0.0,0.0,0.0,0.0,0.0,0.0,Negligible,None,False,0.0,0.0,Small,Small,Stable,0.0,0.0
ARTFR54,0.0,0.0,0.0,0.0,0.0,0.0,0.0,0.0,0.0,0.0,Negligible,None,False,0.0,0.0,Small,Small,Stable,0.0,0.0
AHCi,0.0,0.0,0.0,0.0,0.0,0.0,0.0,0.0,0.0,0.0,Negligible,None,False,0.0,0.0,Small,Small,Stable,0.0,0.0
ARTFR55,0.0,0.0,0.0,0.0,0.0,0.0,0.0,0.0,0.0,0.0,Negligible,None,False,0.0,0.0,Small,Small,Stable,0.0,0.0
ARTFR56,0.0,0.0,0.0,0.0,0.0,0.0,0.0,0.0,0.0,0.0,Negligible,None,False,0.0,0.0,Small,Small,Stable,0.0,0.0
ARTFR57,0.0,0.0,0.0,0.0,0.0,0.0,0.0,0.0,0.0,0.0,Negligible,None,False,0.0,0.0,Small,Small,Stable,0.0,0.0
ARABR,0.0,0.0,0.0,0.0,0.0,0.0,0.0,0.0,0.0,0.0,Negligible,None,False,0.0,0.0,Small,Small,Stable,0.0,0.0
ARACHCOAtx,0.0,0.19709913832,0.197040773026,0.19709913832,-5.836529399999568e-05,0.197040773026,0.19709913832,5.836529399999568e-05,99.99999123120604,8.768793961623773e-06,Antagonistic,Diet overcomes microbiome,True,0.0,-0.0002961215076711132,Small,Small,Diet (opposed by microbiome),100.02962092215924,0.029620922159239723
ARACHCPT1,0.0,0.0,0.0,0.0,0.0,0.0,0.0,0.0,0.0,0.0,Negligible,None,False,0.0,0.0,Small,Small,Stable,0.0,0.0
ARACHCPT2,0.0,0.0,0.0,0.0,0.0,0.0,0.0,0.0,0.0,0.0,Negligible,None,False,0.0,0.0,Small,Small,Stable,0.0,0.0
ARACHCRNt,0.0,0.0,0.0,0.0,0.0,0.0,0.0,0.0,0.0,0.0,Negligible,None,False,0.0,0.0,Small,Small,Stable,0.0,0.0
ARACHDCOAtx,0.0,0.0,0.0,0.0,0.0,0.0,0.0,0.0,0.0,0.0,Negligible,None,False,0.0,0.0,Small,Small,Stable,0.0,0.0
AHCYStn,0.0,0.0,0.0,0.0,0.0,0.0,0.0,0.0,0.0,0.0,Negligible,None,False,0.0,0.0,Small,Small,Stable,0.0,0.0
ARACHDt2,0.0,0.0,0.0,0.0,0.0,0.0,0.0,0.0,0.0,0.0,Negligible,None,False,0.0,0.0,Small,Small,Stable,0.0,0.0
ARACHDtr,0.0,0.0,0.0,0.0,0.0,0.0,0.0,0.0,0.0,0.0,Negligible,None,False,0.0,0.0,Small,Small,Stable,0.0,0.0
ARACHt,0.0,0.19709913832,0.197040773026,0.19709913832,-5.836529399999568e-05,0.197040773026,0.19709913832,5.836529399999568e-05,99.99999123120604,8.768793961623773e-06,Antagonistic,Diet overcomes microbiome,True,0.0,-0.0002961215076711132,Small,Small,Diet (opposed by microbiome),100.02962092215924,0.029620922159239723
ARTFR61,0.0,0.0,0.0,0.0,0.0,0.0,0.0,0.0,0.0,0.0,Negligible,None,False,0.0,0.0,Small,Small,Stable,0.0,0.0
ARTPLM1m,0.0,0.0,0.0,0.0,0.0,0.0,0.0,0.0,0.0,0.0,Negligible,None,False,0.0,0.0,Small,Small,Stable,0.0,0.0
ARTPLM2m,0.0,0.0,0.0,0.0,0.0,0.0,0.0,0.0,0.0,0.0,Negligible,None,False,0.0,0.0,Small,Small,Stable,0.0,0.0
ARTPLM3,0.0,0.0,0.875000000007,0.0,0.875000000007,0.875000000007,0.0,0.875000000007,0.0,100.0,Synergistic,Microbiome-dominated synergy,False,0.0,0.0,Small,Small,Microbiome,0.0,100.0
ARGDCm,0.0,0.0,0.0,0.0,0.0,0.0,0.0,0.0,0.0,0.0,Negligible,None,False,0.0,0.0,Small,Small,Stable,0.0,0.0
ARGLYSex,0.0,0.0,0.0,0.0,0.0,0.0,0.0,0.0,0.0,0.0,Negligible,None,False,0.0,0.0,Small,Small,Stable,0.0,0.0
ARGN,0.0,0.0,0.0,0.0,0.0,0.0,0.0,0.0,0.0,0.0,Negligible,None,False,0.0,0.0,Small,Small,Stable,0.0,0.0
ARGNm,0.0,0.0,0.0,0.0,0.0,0.0,0.0,0.0,0.0,0.0,Negligible,None,False,0.0,0.0,Small,Small,Stable,0.0,0.0
ARTPLM3m,0.0,0.0,0.0,0.0,0.0,0.0,0.0,0.0,0.0,0.0,Negligible,None,False,0.0,0.0,Small,Small,Stable,0.0,0.0
ASAH1,0.0,0.0,0.0,0.0,0.0,0.0,0.0,0.0,0.0,0.0,Negligible,None,False,0.0,0.0,Small,Small,Stable,0.0,0.0
AHCYStr,0.0,0.0,0.0,0.0,0.0,0.0,0.0,0.0,0.0,0.0,Negligible,None,False,0.0,0.0,Small,Small,Stable,0.0,0.0
ASCBOX,0.0,0.0,0.0,0.0,0.0,0.0,0.0,0.0,0.0,0.0,Negligible,None,False,0.0,0.0,Small,Small,Stable,0.0,0.0
ASCBt,0.1,0.075,0.075,-0.02500000000000001,0.0,-0.02500000000000001,0.02500000000000001,0.0,100.0,0.0,Synergistic,Diet-dominated synergy,False,-0.25000000000000006,0.0,Medium,Small,Diet,100.0,0.0
ARGSL,0.0,0.0,0.0,0.0,0.0,0.0,0.0,0.0,0.0,0.0,Negligible,None,False,0.0,0.0,Small,Small,Stable,0.0,0.0
ARGSS,0.0,0.0,0.0,0.0,0.0,0.0,0.0,0.0,0.0,0.0,Negligible,None,False,0.0,0.0,Small,Small,Stable,0.0,0.0
ARGt4,0.0,0.0,0.0,0.0,0.0,0.0,0.0,0.0,0.0,0.0,Negligible,None,False,0.0,0.0,Small,Small,Stable,0.0,0.0
ASCBt4,0.0,0.0,0.0,0.0,0.0,0.0,0.0,0.0,0.0,0.0,Negligible,None,False,0.0,0.0,Small,Small,Stable,0.0,0.0
AHEXASE2ly,0.0,0.0,0.0,0.0,0.0,0.0,0.0,0.0,0.0,0.0,Negligible,None,False,0.0,0.0,Small,Small,Stable,0.0,0.0
ASNALANaEx,0.0,0.0,0.0,0.0,0.0,0.0,0.0,0.0,0.0,0.0,Negligible,None,False,0.0,0.0,Small,Small,Stable,0.0,0.0
ARGtm,0.0,0.0,0.0,0.0,0.0,0.0,0.0,0.0,0.0,0.0,Negligible,None,False,0.0,0.0,Small,Small,Stable,0.0,0.0
ARSA,0.0,0.0,0.0,0.0,0.0,0.0,0.0,0.0,0.0,0.0,Negligible,None,False,0.0,0.0,Small,Small,Stable,0.0,0.0
ASNCYSNaEx,0.0,0.0,0.0,0.0,0.0,0.0,0.0,0.0,0.0,0.0,Negligible,None,False,0.0,0.0,Small,Small,Stable,0.0,0.0
ASNGLNNaEx,0.0,0.0,0.0,0.0,0.0,0.0,0.0,0.0,0.0,0.0,Negligible,None,False,0.0,0.0,Small,Small,Stable,0.0,0.0
AHEXASEly,0.0,0.0,0.0,0.0,0.0,0.0,0.0,0.0,0.0,0.0,Negligible,None,False,0.0,0.0,Small,Small,Stable,0.0,0.0
ASNNm,0.0,0.0,0.0,0.0,0.0,0.0,0.0,0.0,0.0,0.0,Negligible,None,False,0.0,0.0,Small,Small,Stable,0.0,0.0
ARTCOAL1,0.0,0.0,0.0,0.0,0.0,0.0,0.0,0.0,0.0,0.0,Negligible,None,False,0.0,0.0,Small,Small,Stable,0.0,0.0
ARTCOAL2,0.0,0.0,0.0,0.0,0.0,0.0,0.0,0.0,0.0,0.0,Negligible,None,False,0.0,0.0,Small,Small,Stable,0.0,0.0
AICART,0.0,0.0,0.0,0.0,0.0,0.0,0.0,0.0,0.0,0.0,Negligible,None,False,0.0,0.0,Small,Small,Stable,0.0,0.0
ARTCOAL3,0.0,0.0,0.0,0.0,0.0,0.0,0.0,0.0,0.0,0.0,Negligible,None,False,0.0,0.0,Small,Small,Stable,0.0,0.0
ARTFR11,0.0,0.0,0.0,0.0,0.0,0.0,0.0,0.0,0.0,0.0,Negligible,None,False,0.0,0.0,Small,Small,Stable,0.0,0.0
ASNS1,0.0,0.0,0.0,0.0,0.0,0.0,0.0,0.0,0.0,0.0,Negligible,None,False,0.0,0.0,Small,Small,Stable,0.0,0.0
ASNSERNaEx,0.0,0.0,0.0,0.0,0.0,0.0,0.0,0.0,0.0,0.0,Negligible,None,False,0.0,0.0,Small,Small,Stable,0.0,0.0
ASNTHRNaEx,0.0,0.0,0.0,0.0,0.0,0.0,0.0,0.0,0.0,0.0,Negligible,None,False,0.0,0.0,Small,Small,Stable,0.0,0.0
ASNt4,0.0,0.0,0.0,0.0,0.0,0.0,0.0,0.0,0.0,0.0,Negligible,None,False,0.0,0.0,Small,Small,Stable,0.0,0.0
ASNtm,0.0,0.0,0.0,0.0,0.0,0.0,0.0,0.0,0.0,0.0,Negligible,None,False,0.0,0.0,Small,Small,Stable,0.0,0.0
ASP1DC,0.0,0.0,0.0,0.0,0.0,0.0,0.0,0.0,0.0,0.0,Negligible,None,False,0.0,0.0,Small,Small,Stable,0.0,0.0
ARTFR13,0.0,0.499999999999,0.500000000004,0.499999999999,5.000000413701855e-12,0.500000000004,0.499999999999,5.000000413701855e-12,100.0,1.0000001654847488e-20,Synergistic,Diet-dominated synergy,False,0.0,1.000000082742371e-11,Small,Small,Diet,99.999999999,1.000000082732371e-09
ARTFR202,0.0,0.499999999999,0.500000000004,0.499999999999,5.000000413701855e-12,0.500000000004,0.499999999999,5.000000413701855e-12,100.0,1.0000001654847488e-20,Synergistic,Diet-dominated synergy,False,0.0,1.000000082742371e-11,Small,Small,Diet,99.999999999,1.000000082732371e-09
ARTFR203,0.0,0.0,0.0,0.0,0.0,0.0,0.0,0.0,0.0,0.0,Negligible,None,False,0.0,0.0,Small,Small,Stable,0.0,0.0
ASPCT,0.0,0.0,0.0,0.0,0.0,0.0,0.0,0.0,0.0,0.0,Negligible,None,False,0.0,0.0,Small,Small,Stable,0.0,0.0
AIRCr,0.0,0.0,0.0,0.0,0.0,0.0,0.0,0.0,0.0,0.0,Negligible,None,False,0.0,0.0,Small,Small,Stable,0.0,0.0
ASPDt6,0.0,0.0,0.0,0.0,0.0,0.0,0.0,0.0,0.0,0.0,Negligible,None,False,0.0,0.0,Small,Small,Stable,0.0,0.0
ASPDxt,0.0,0.0,0.0,0.0,0.0,0.0,0.0,0.0,0.0,0.0,Negligible,None,False,0.0,0.0,Small,Small,Stable,0.0,0.0
ATPasel,0.0,0.0,0.0,0.0,0.0,0.0,0.0,0.0,0.0,0.0,Negligible,None,False,0.0,0.0,Small,Small,Stable,0.0,0.0
ATPtn,0.0,0.0,0.0,0.0,0.0,0.0,0.0,0.0,0.0,0.0,Negligible,None,False,0.0,0.0,Small,Small,Stable,0.0,0.0
AVITE1t,0.0,0.0,0.0,0.0,0.0,0.0,0.0,0.0,0.0,0.0,Negligible,None,False,0.0,0.0,Small,Small,Stable,0.0,0.0
AVITE2t,0.0,0.0,0.0,0.0,0.0,0.0,0.0,0.0,0.0,0.0,Negligible,None,False,0.0,0.0,Small,Small,Stable,0.0,0.0
A_MANASE,0.0,0.0,0.0,0.0,0.0,0.0,0.0,0.0,0.0,0.0,Negligible,None,False,0.0,0.0,Small,Small,Stable,0.0,0.0
A_MANASEly,0.0,0.0,0.0,0.0,0.0,0.0,0.0,0.0,0.0,0.0,Negligible,None,False,0.0,0.0,Small,Small,Stable,0.0,0.0
Asn_X_Ser_Thrtr,0.0,0.0,0.0,0.0,0.0,0.0,0.0,0.0,0.0,0.0,Negligible,None,False,0.0,0.0,Small,Small,Stable,0.0,0.0
B3GALT3g,0.0,0.0,0.0,0.0,0.0,0.0,0.0,0.0,0.0,0.0,Negligible,None,False,0.0,0.0,Small,Small,Stable,0.0,0.0
B3GALT41g,0.0,0.0,0.0,0.0,0.0,0.0,0.0,0.0,0.0,0.0,Negligible,None,False,0.0,0.0,Small,Small,Stable,0.0,0.0
B3GALT42g,0.0,0.0,0.0,0.0,0.0,0.0,0.0,0.0,0.0,0.0,Negligible,None,False,0.0,0.0,Small,Small,Stable,0.0,0.0
B3GALT43g,0.0,0.0,0.0,0.0,0.0,0.0,0.0,0.0,0.0,0.0,Negligible,None,False,0.0,0.0,Small,Small,Stable,0.0,0.0
B3GALT44g,0.0,0.0,0.0,0.0,0.0,0.0,0.0,0.0,0.0,0.0,Negligible,None,False,0.0,0.0,Small,Small,Stable,0.0,0.0
B3GALT5g,0.0,0.0,0.0,0.0,0.0,0.0,0.0,0.0,0.0,0.0,Negligible,None,False,0.0,0.0,Small,Small,Stable,0.0,0.0
B3GALTg,0.0,0.0,0.0,0.0,0.0,0.0,0.0,0.0,0.0,0.0,Negligible,None,False,0.0,0.0,Small,Small,Stable,0.0,0.0
B3GNT11g,0.0,0.0,0.0,0.0,0.0,0.0,0.0,0.0,0.0,0.0,Negligible,None,False,0.0,0.0,Small,Small,Stable,0.0,0.0
B3GNT12g,0.0,0.0,0.0,0.0,0.0,0.0,0.0,0.0,0.0,0.0,Negligible,None,False,0.0,0.0,Small,Small,Stable,0.0,0.0
B3GNT310g,0.0,0.0,0.0,0.0,0.0,0.0,0.0,0.0,0.0,0.0,Negligible,None,False,0.0,0.0,Small,Small,Stable,0.0,0.0
B3GNT311g,0.0,0.0,0.0,0.0,0.0,0.0,0.0,0.0,0.0,0.0,Negligible,None,False,0.0,0.0,Small,Small,Stable,0.0,0.0
B3GNT312g,0.0,0.0,0.0,0.0,0.0,0.0,0.0,0.0,0.0,0.0,Negligible,None,False,0.0,0.0,Small,Small,Stable,0.0,0.0
B3GNT313g,0.0,0.0,0.0,0.0,0.0,0.0,0.0,0.0,0.0,0.0,Negligible,None,False,0.0,0.0,Small,Small,Stable,0.0,0.0
B3GNT314g,0.0,0.0,0.0,0.0,0.0,0.0,0.0,0.0,0.0,0.0,Negligible,None,False,0.0,0.0,Small,Small,Stable,0.0,0.0
B3GNT315g,0.0,0.0,0.0,0.0,0.0,0.0,0.0,0.0,0.0,0.0,Negligible,None,False,0.0,0.0,Small,Small,Stable,0.0,0.0
B3GNT31g,0.0,0.0,0.0,0.0,0.0,0.0,0.0,0.0,0.0,0.0,Negligible,None,False,0.0,0.0,Small,Small,Stable,0.0,0.0
B3GNT32g,0.0,0.0,0.0,0.0,0.0,0.0,0.0,0.0,0.0,0.0,Negligible,None,False,0.0,0.0,Small,Small,Stable,0.0,0.0
B3GNT33g,0.0,0.0,0.0,0.0,0.0,0.0,0.0,0.0,0.0,0.0,Negligible,None,False,0.0,0.0,Small,Small,Stable,0.0,0.0
B3GNT34g,0.0,0.0,0.0,0.0,0.0,0.0,0.0,0.0,0.0,0.0,Negligible,None,False,0.0,0.0,Small,Small,Stable,0.0,0.0
B3GNT35g,0.0,0.0,0.0,0.0,0.0,0.0,0.0,0.0,0.0,0.0,Negligible,None,False,0.0,0.0,Small,Small,Stable,0.0,0.0
B3GNT36g,0.0,0.0,0.0,0.0,0.0,0.0,0.0,0.0,0.0,0.0,Negligible,None,False,0.0,0.0,Small,Small,Stable,0.0,0.0
B3GNT37g,0.0,0.0,0.0,0.0,0.0,0.0,0.0,0.0,0.0,0.0,Negligible,None,False,0.0,0.0,Small,Small,Stable,0.0,0.0
B3GNT38g,0.0,0.0,0.0,0.0,0.0,0.0,0.0,0.0,0.0,0.0,Negligible,None,False,0.0,0.0,Small,Small,Stable,0.0,0.0
B3GNT39g,0.0,0.0,0.0,0.0,0.0,0.0,0.0,0.0,0.0,0.0,Negligible,None,False,0.0,0.0,Small,Small,Stable,0.0,0.0
B3GNT51g,0.0,0.0,0.0,0.0,0.0,0.0,0.0,0.0,0.0,0.0,Negligible,None,False,0.0,0.0,Small,Small,Stable,0.0,0.0
BAAT1x,0.0,0.0,0.0,0.0,0.0,0.0,0.0,0.0,0.0,0.0,Negligible,None,False,0.0,0.0,Small,Small,Stable,0.0,0.0
BAAT2x,0.0,0.0,0.0,0.0,0.0,0.0,0.0,0.0,0.0,0.0,Negligible,None,False,0.0,0.0,Small,Small,Stable,0.0,0.0
BAAT3x,0.0,0.0,0.0,0.0,0.0,0.0,0.0,0.0,0.0,0.0,Negligible,None,False,0.0,0.0,Small,Small,Stable,0.0,0.0
BAAT4x,0.0,0.0,0.0,0.0,0.0,0.0,0.0,0.0,0.0,0.0,Negligible,None,False,0.0,0.0,Small,Small,Stable,0.0,0.0
BAAT5x,0.0,0.0,0.0,0.0,0.0,0.0,0.0,0.0,0.0,0.0,Negligible,None,False,0.0,0.0,Small,Small,Stable,0.0,0.0
BACCL,0.0,0.0,0.0,0.0,0.0,0.0,0.0,0.0,0.0,0.0,Negligible,None,False,0.0,0.0,Small,Small,Stable,0.0,0.0
BACCLm,0.0,0.0,0.0,0.0,0.0,0.0,0.0,0.0,0.0,0.0,Negligible,None,False,0.0,0.0,Small,Small,Stable,0.0,0.0
BALAVECSEC,0.0,0.0,0.0,0.0,0.0,0.0,0.0,0.0,0.0,0.0,Negligible,None,False,0.0,0.0,Small,Small,Stable,0.0,0.0
BAMPPALDOX,0.0,0.0,0.0,0.0,0.0,0.0,0.0,0.0,0.0,0.0,Negligible,None,False,0.0,0.0,Small,Small,Stable,0.0,0.0
BAMPPALDOXm,0.0,0.0,0.0,0.0,0.0,0.0,0.0,0.0,0.0,0.0,Negligible,None,False,0.0,0.0,Small,Small,Stable,0.0,0.0
BBHOX,0.0,0.0,0.0,0.0,0.0,0.0,0.0,0.0,0.0,0.0,Negligible,None,False,0.0,0.0,Small,Small,Stable,0.0,0.0
BCDO,0.0,0.0,0.0,0.0,0.0,0.0,0.0,0.0,0.0,0.0,Negligible,None,False,0.0,0.0,Small,Small,Stable,0.0,0.0
BDMT_L,0.0,0.0,0.0,0.0,0.0,0.0,0.0,0.0,0.0,0.0,Negligible,None,False,0.0,0.0,Small,Small,Stable,0.0,0.0
BDMT_U,0.0,0.0,0.0,0.0,0.0,0.0,0.0,0.0,0.0,0.0,Negligible,None,False,0.0,0.0,Small,Small,Stable,0.0,0.0
BETALDHx,0.0,0.0,0.0,0.0,0.0,0.0,0.0,0.0,0.0,0.0,Negligible,None,False,0.0,0.0,Small,Small,Stable,0.0,0.0
BETALDHxm,0.0,0.0,0.0,0.0,0.0,0.0,0.0,0.0,0.0,0.0,Negligible,None,False,0.0,0.0,Small,Small,Stable,0.0,0.0
BHMT,0.0,0.0,0.0,0.0,0.0,0.0,0.0,0.0,0.0,0.0,Negligible,None,False,0.0,0.0,Small,Small,Stable,0.0,0.0
BILDGLCURte,0.0,0.0,0.0,0.0,0.0,0.0,0.0,0.0,0.0,0.0,Negligible,None,False,0.0,0.0,Small,Small,Stable,0.0,0.0
BILDGLCURtr,0.0,0.0,0.0,0.0,0.0,0.0,0.0,0.0,0.0,0.0,Negligible,None,False,0.0,0.0,Small,Small,Stable,0.0,0.0
CDSm,0.0,0.0,0.0,0.0,0.0,0.0,0.0,0.0,0.0,0.0,Negligible,None,False,0.0,0.0,Small,Small,Stable,0.0,0.0
CERK,0.0,0.0,0.0,0.0,0.0,0.0,0.0,0.0,0.0,0.0,Negligible,None,False,0.0,0.0,Small,Small,Stable,0.0,0.0
CERT1gt,0.0,0.0,0.0,0.0,0.0,0.0,0.0,0.0,0.0,0.0,Negligible,None,False,0.0,0.0,Small,Small,Stable,0.0,0.0
CERT1rt,0.0,0.0,0.0,0.0,0.0,0.0,0.0,0.0,0.0,0.0,Negligible,None,False,0.0,0.0,Small,Small,Stable,0.0,0.0
CERT2gt,0.0,0.0,0.0,0.0,0.0,0.0,0.0,0.0,0.0,0.0,Negligible,None,False,0.0,0.0,Small,Small,Stable,0.0,0.0
CERT2rt,0.0,0.0,0.0,0.0,0.0,0.0,0.0,0.0,0.0,0.0,Negligible,None,False,0.0,0.0,Small,Small,Stable,0.0,0.0
CGLYt3_2,0.0,0.0,0.0,0.0,0.0,0.0,0.0,0.0,0.0,0.0,Negligible,None,False,0.0,0.0,Small,Small,Stable,0.0,0.0
CGMPt,0.0,0.0,0.0,0.0,0.0,0.0,0.0,0.0,0.0,0.0,Negligible,None,False,0.0,0.0,Small,Small,Stable,0.0,0.0
CH25H,0.0,0.0,0.0,0.0,0.0,0.0,0.0,0.0,0.0,0.0,Negligible,None,False,0.0,0.0,Small,Small,Stable,0.0,0.0
CHAT,0.0,0.0,0.0,0.0,0.0,0.0,0.0,0.0,0.0,0.0,Negligible,None,False,0.0,0.0,Small,Small,Stable,0.0,0.0
CHATn,0.0,0.0,0.0,0.0,0.0,0.0,0.0,0.0,0.0,0.0,Negligible,None,False,0.0,0.0,Small,Small,Stable,0.0,0.0
CHLP,0.0,0.0,0.0,0.0,0.0,0.0,0.0,0.0,0.0,0.0,Negligible,None,False,0.0,0.0,Small,Small,Stable,0.0,0.0
CHLtm,0.0,0.0,0.0,0.0,0.0,0.0,0.0,0.0,0.0,0.0,Negligible,None,False,0.0,0.0,Small,Small,Stable,0.0,0.0
CHOLATEt2,0.0,0.0,0.0,0.0,0.0,0.0,0.0,0.0,0.0,0.0,Negligible,None,False,0.0,0.0,Small,Small,Stable,0.0,0.0
CHOLATEt3,0.0,0.0,0.0,0.0,0.0,0.0,0.0,0.0,0.0,0.0,Negligible,None,False,0.0,0.0,Small,Small,Stable,0.0,0.0
CHOLD2m,0.0,0.0,0.0,0.0,0.0,0.0,0.0,0.0,0.0,0.0,Negligible,None,False,0.0,0.0,Small,Small,Stable,0.0,0.0
CHOLPtg,0.0,0.0,0.0,0.0,0.0,0.0,0.0,0.0,0.0,0.0,Negligible,None,False,0.0,0.0,Small,Small,Stable,0.0,0.0
CHOLPtl,0.0,0.0,0.0,0.0,0.0,0.0,0.0,0.0,0.0,0.0,Negligible,None,False,0.0,0.0,Small,Small,Stable,0.0,0.0
CHOLt4,0.0,0.0,0.0,0.0,0.0,0.0,0.0,0.0,0.0,0.0,Negligible,None,False,0.0,0.0,Small,Small,Stable,0.0,0.0
CHOLtg,0.0,0.0,0.0,0.0,0.0,0.0,0.0,0.0,0.0,0.0,Negligible,None,False,0.0,0.0,Small,Small,Stable,0.0,0.0
CHOLtn,0.0,0.0,0.0,0.0,0.0,0.0,0.0,0.0,0.0,0.0,Negligible,None,False,0.0,0.0,Small,Small,Stable,0.0,0.0
CHOLtr,0.0,0.0,0.0,0.0,0.0,0.0,0.0,0.0,0.0,0.0,Negligible,None,False,0.0,0.0,Small,Small,Stable,0.0,0.0
CHSTEROLSULT,0.0,0.0,0.0,0.0,0.0,0.0,0.0,0.0,0.0,0.0,Negligible,None,False,0.0,0.0,Small,Small,Stable,0.0,0.0
CHSTEROLt,0.0,0.0,0.0,0.0,0.0,0.0,0.0,0.0,0.0,0.0,Negligible,None,False,0.0,0.0,Small,Small,Stable,0.0,0.0
CHSTEROLt1,0.0,0.0,0.0,0.0,0.0,0.0,0.0,0.0,0.0,0.0,Negligible,None,False,0.0,0.0,Small,Small,Stable,0.0,0.0
CHSTEROLtg,0.0,0.0,0.0,0.0,0.0,0.0,0.0,0.0,0.0,0.0,Negligible,None,False,0.0,0.0,Small,Small,Stable,0.0,0.0
CHTNASE,0.0,0.0,0.0,0.0,0.0,0.0,0.0,0.0,0.0,0.0,Negligible,None,False,0.0,0.0,Small,Small,Stable,0.0,0.0
CHTNASEe,0.0,0.0,0.0,0.0,0.0,0.0,0.0,0.0,0.0,0.0,Negligible,None,False,0.0,0.0,Small,Small,Stable,0.0,0.0
CITL,0.0,0.0,0.0,0.0,0.0,0.0,0.0,0.0,0.0,0.0,Negligible,None,False,0.0,0.0,Small,Small,Stable,0.0,0.0
CITMCOAHm,0.0,0.0,0.0,0.0,0.0,0.0,0.0,0.0,0.0,0.0,Negligible,None,False,0.0,0.0,Small,Small,Stable,0.0,0.0
CITMCOALm,0.0,0.0,0.0,0.0,0.0,0.0,0.0,0.0,0.0,0.0,Negligible,None,False,0.0,0.0,Small,Small,Stable,0.0,0.0
CITRtm,0.0,0.0,0.0,0.0,0.0,0.0,0.0,0.0,0.0,0.0,Negligible,None,False,0.0,0.0,Small,Small,Stable,0.0,0.0
CITt4_2,0.0,0.0,0.0,0.0,0.0,0.0,0.0,0.0,0.0,0.0,Negligible,None,False,0.0,0.0,Small,Small,Stable,0.0,0.0
CITt4_4,0.0,0.0,0.0,0.0,0.0,0.0,0.0,0.0,0.0,0.0,Negligible,None,False,0.0,0.0,Small,Small,Stable,0.0,0.0
CITtbm,0.0,0.0,0.0,0.0,0.0,0.0,0.0,0.0,0.0,0.0,Negligible,None,False,0.0,0.0,Small,Small,Stable,0.0,0.0
CK,0.0,0.0,0.0,0.0,0.0,0.0,0.0,0.0,0.0,0.0,Negligible,None,False,0.0,0.0,Small,Small,Stable,0.0,0.0
CKc,0.0,0.0,0.0,0.0,0.0,0.0,0.0,0.0,0.0,0.0,Negligible,None,False,0.0,0.0,Small,Small,Stable,0.0,0.0
CLFORtex,0.0,0.0,0.0,0.0,0.0,0.0,0.0,0.0,0.0,0.0,Negligible,None,False,0.0,0.0,Small,Small,Stable,0.0,0.0
CLHCOtex,0.0,0.0,0.0,0.0,0.0,0.0,0.0,0.0,0.0,0.0,Negligible,None,False,0.0,0.0,Small,Small,Stable,0.0,0.0
CLI2tex,0.0,0.0,0.0,0.0,0.0,0.0,0.0,0.0,0.0,0.0,Negligible,None,False,0.0,0.0,Small,Small,Stable,0.0,0.0
CLOHtex2,0.0,0.0,0.0,0.0,0.0,0.0,0.0,0.0,0.0,0.0,Negligible,None,False,0.0,0.0,Small,Small,Stable,0.0,0.0
CLOXAtex2,0.0,0.0,0.0,0.0,0.0,0.0,0.0,0.0,0.0,0.0,Negligible,None,False,0.0,0.0,Small,Small,Stable,0.0,0.0
CLPNDCOAtx,0.0,0.0,0.0,0.0,0.0,0.0,0.0,0.0,0.0,0.0,Negligible,None,False,0.0,0.0,Small,Small,Stable,0.0,0.0
CLPNDCPT1,0.0,0.0,0.0,0.0,0.0,0.0,0.0,0.0,0.0,0.0,Negligible,None,False,0.0,0.0,Small,Small,Stable,0.0,0.0
CLPNDCPT2,0.0,0.0,0.0,0.0,0.0,0.0,0.0,0.0,0.0,0.0,Negligible,None,False,0.0,0.0,Small,Small,Stable,0.0,0.0
CLPNDCRNt,0.0,0.0,0.0,0.0,0.0,0.0,0.0,0.0,0.0,0.0,Negligible,None,False,0.0,0.0,Small,Small,Stable,0.0,0.0
CLPNDt,0.0,0.0,0.0,0.0,0.0,0.0,0.0,0.0,0.0,0.0,Negligible,None,False,0.0,0.0,Small,Small,Stable,0.0,0.0
CMPACNAtg,0.0,0.0,0.0,0.0,0.0,0.0,0.0,0.0,0.0,0.0,Negligible,None,False,0.0,0.0,Small,Small,Stable,0.0,0.0
CMPACNAtn,0.0,0.0,0.0,0.0,0.0,0.0,0.0,0.0,0.0,0.0,Negligible,None,False,0.0,0.0,Small,Small,Stable,0.0,0.0
ACNMCT,0.0,0.0,0.0,0.0,0.0,0.0,0.0,0.0,0.0,0.0,Negligible,None,False,0.0,0.0,Small,Small,Stable,0.0,0.0
CMPSASn,0.0,0.0,0.0,0.0,0.0,0.0,0.0,0.0,0.0,0.0,Negligible,None,False,0.0,0.0,Small,Small,Stable,0.0,0.0
CO2tg,0.0,0.0,0.0,0.0,0.0,0.0,0.0,0.0,0.0,0.0,Negligible,None,False,0.0,0.0,Small,Small,Stable,0.0,0.0
CO2tn,0.0,0.0,0.0,0.0,0.0,0.0,0.0,0.0,0.0,0.0,Negligible,None,False,0.0,0.0,Small,Small,Stable,0.0,0.0
CYOR_u10m,0.1,0.1,0.1,0.0,0.0,0.0,0.0,0.0,0.0,0.0,Negligible,None,False,0.0,0.0,Small,Small,Stable,0.0,0.0
CYSALANaEx,0.0,0.0,0.0,0.0,0.0,0.0,0.0,0.0,0.0,0.0,Negligible,None,False,0.0,0.0,Small,Small,Stable,0.0,0.0
CYSAMO,0.0,0.0,0.0,0.0,0.0,0.0,0.0,0.0,0.0,0.0,Negligible,None,False,0.0,0.0,Small,Small,Stable,0.0,0.0
CYSASNNaEx,0.0,0.0,0.0,0.0,0.0,0.0,0.0,0.0,0.0,0.0,Negligible,None,False,0.0,0.0,Small,Small,Stable,0.0,0.0
CYSGLNNaEx,0.0,0.0,0.0,0.0,0.0,0.0,0.0,0.0,0.0,0.0,Negligible,None,False,0.0,0.0,Small,Small,Stable,0.0,0.0
CYSGLTH,0.0,0.0,0.0,0.0,0.0,0.0,0.0,0.0,0.0,0.0,Negligible,None,False,0.0,0.0,Small,Small,Stable,0.0,0.0
CYSGLUexR,0.0,0.0,0.0,0.0,0.0,0.0,0.0,0.0,0.0,0.0,Negligible,None,False,0.0,0.0,Small,Small,Stable,0.0,0.0
CYSGLYex_copy1,0.0,0.0,0.0,0.0,0.0,0.0,0.0,0.0,0.0,0.0,Negligible,None,False,0.0,0.0,Small,Small,Stable,0.0,0.0
CYSGLYex_copy2,0.0,0.0,0.0,0.0,0.0,0.0,0.0,0.0,0.0,0.0,Negligible,None,False,0.0,0.0,Small,Small,Stable,0.0,0.0
CYSLYSL,0.0,0.0,0.0,0.0,0.0,0.0,0.0,0.0,0.0,0.0,Negligible,None,False,0.0,0.0,Small,Small,Stable,0.0,0.0
CYSSERNaEx,0.0,0.0,0.0,0.0,0.0,0.0,0.0,0.0,0.0,0.0,Negligible,None,False,0.0,0.0,Small,Small,Stable,0.0,0.0
CYSTA,0.0,0.0,0.0,0.0,0.0,0.0,0.0,0.0,0.0,0.0,Negligible,None,False,0.0,0.0,Small,Small,Stable,0.0,0.0
CYSTAm,0.0,0.0,0.0,0.0,0.0,0.0,0.0,0.0,0.0,0.0,Negligible,None,False,0.0,0.0,Small,Small,Stable,0.0,0.0
CYSTGL,0.0,0.0,0.0,0.0,0.0,0.0,0.0,0.0,0.0,0.0,Negligible,None,False,0.0,0.0,Small,Small,Stable,0.0,0.0
CYSTGLUex,0.0,0.0,0.0,0.0,0.0,0.0,0.0,0.0,0.0,0.0,Negligible,None,False,0.0,0.0,Small,Small,Stable,0.0,0.0
CYSTHRNaEx,0.0,0.0,0.0,0.0,0.0,0.0,0.0,0.0,0.0,0.0,Negligible,None,False,0.0,0.0,Small,Small,Stable,0.0,0.0
CYSTS,0.0,0.0,0.0,0.0,0.0,0.0,0.0,0.0,0.0,0.0,Negligible,None,False,0.0,0.0,Small,Small,Stable,0.0,0.0
CYSTSERex,0.0,0.0,0.0,0.0,0.0,0.0,0.0,0.0,0.0,0.0,Negligible,None,False,0.0,0.0,Small,Small,Stable,0.0,0.0
CYSt4,0.0,0.0,0.0,0.0,0.0,0.0,0.0,0.0,0.0,0.0,Negligible,None,False,0.0,0.0,Small,Small,Stable,0.0,0.0
CYTD,0.0,0.0,0.0,0.0,0.0,0.0,0.0,0.0,0.0,0.0,Negligible,None,False,0.0,0.0,Small,Small,Stable,0.0,0.0
CYTDK1,0.0,0.0,0.0,0.0,0.0,0.0,0.0,0.0,0.0,0.0,Negligible,None,False,0.0,0.0,Small,Small,Stable,0.0,0.0
CYTDK2m,0.0,0.0,0.0,0.0,0.0,0.0,0.0,0.0,0.0,0.0,Negligible,None,False,0.0,0.0,Small,Small,Stable,0.0,0.0
CYTDn,0.0,0.0,0.0,0.0,0.0,0.0,0.0,0.0,0.0,0.0,Negligible,None,False,0.0,0.0,Small,Small,Stable,0.0,0.0
CYTDt,0.0,0.0,0.0,0.0,0.0,0.0,0.0,0.0,0.0,0.0,Negligible,None,False,0.0,0.0,Small,Small,Stable,0.0,0.0
CYTDt4,0.0,0.0,0.0,0.0,0.0,0.0,0.0,0.0,0.0,0.0,Negligible,None,False,0.0,0.0,Small,Small,Stable,0.0,0.0
CYTDt5,0.0,0.0,0.0,0.0,0.0,0.0,0.0,0.0,0.0,0.0,Negligible,None,False,0.0,0.0,Small,Small,Stable,0.0,0.0
CYTDtl,0.0,0.0,0.0,0.0,0.0,0.0,0.0,0.0,0.0,0.0,Negligible,None,False,0.0,0.0,Small,Small,Stable,0.0,0.0
CYTDtm,0.0,0.0,0.0,0.0,0.0,0.0,0.0,0.0,0.0,0.0,Negligible,None,False,0.0,0.0,Small,Small,Stable,0.0,0.0
CYTDtn,0.0,0.0,0.0,0.0,0.0,0.0,0.0,0.0,0.0,0.0,Negligible,None,False,0.0,0.0,Small,Small,Stable,0.0,0.0
CYTK10,0.0,0.0,0.0,0.0,0.0,0.0,0.0,0.0,0.0,0.0,Negligible,None,False,0.0,0.0,Small,Small,Stable,0.0,0.0
CYTK10n,0.0,0.0,0.0,0.0,0.0,0.0,0.0,0.0,0.0,0.0,Negligible,None,False,0.0,0.0,Small,Small,Stable,0.0,0.0
CYTK11,0.0,0.0,0.0,0.0,0.0,0.0,0.0,0.0,0.0,0.0,Negligible,None,False,0.0,0.0,Small,Small,Stable,0.0,0.0
CYTK11n,0.0,0.0,0.0,0.0,0.0,0.0,0.0,0.0,0.0,0.0,Negligible,None,False,0.0,0.0,Small,Small,Stable,0.0,0.0
CYTK12,0.0,0.0,0.0,0.0,0.0,0.0,0.0,0.0,0.0,0.0,Negligible,None,False,0.0,0.0,Small,Small,Stable,0.0,0.0
CYTK12n,0.0,0.0,0.0,0.0,0.0,0.0,0.0,0.0,0.0,0.0,Negligible,None,False,0.0,0.0,Small,Small,Stable,0.0,0.0
CYTK13,0.0,0.0,0.0,0.0,0.0,0.0,0.0,0.0,0.0,0.0,Negligible,None,False,0.0,0.0,Small,Small,Stable,0.0,0.0
CYTK13n,0.0,0.0,0.0,0.0,0.0,0.0,0.0,0.0,0.0,0.0,Negligible,None,False,0.0,0.0,Small,Small,Stable,0.0,0.0
CYTK14,0.0,0.0,0.0,0.0,0.0,0.0,0.0,0.0,0.0,0.0,Negligible,None,False,0.0,0.0,Small,Small,Stable,0.0,0.0
CYTK14n,0.0,0.0,0.0,0.0,0.0,0.0,0.0,0.0,0.0,0.0,Negligible,None,False,0.0,0.0,Small,Small,Stable,0.0,0.0
CYTK1m,0.0,0.0,0.0,0.0,0.0,0.0,0.0,0.0,0.0,0.0,Negligible,None,False,0.0,0.0,Small,Small,Stable,0.0,0.0
CYTK1n,0.0,0.0,0.0,0.0,0.0,0.0,0.0,0.0,0.0,0.0,Negligible,None,False,0.0,0.0,Small,Small,Stable,0.0,0.0
CYTK2,0.0,0.0,0.0,0.0,0.0,0.0,0.0,0.0,0.0,0.0,Negligible,None,False,0.0,0.0,Small,Small,Stable,0.0,0.0
CYTK2n,0.0,0.0,0.0,0.0,0.0,0.0,0.0,0.0,0.0,0.0,Negligible,None,False,0.0,0.0,Small,Small,Stable,0.0,0.0
CYTK3,0.0,0.0,0.0,0.0,0.0,0.0,0.0,0.0,0.0,0.0,Negligible,None,False,0.0,0.0,Small,Small,Stable,0.0,0.0
CYTK3n,0.0,0.0,0.0,0.0,0.0,0.0,0.0,0.0,0.0,0.0,Negligible,None,False,0.0,0.0,Small,Small,Stable,0.0,0.0
CYTK4,0.0,0.0,0.0,0.0,0.0,0.0,0.0,0.0,0.0,0.0,Negligible,None,False,0.0,0.0,Small,Small,Stable,0.0,0.0
CYTK4n,0.0,0.0,0.0,0.0,0.0,0.0,0.0,0.0,0.0,0.0,Negligible,None,False,0.0,0.0,Small,Small,Stable,0.0,0.0
CYTK2_1,0.0,0.0,0.0,0.0,0.0,0.0,0.0,0.0,0.0,0.0,Negligible,None,False,0.0,0.0,Small,Small,Stable,0.0,0.0
CYTK5n,0.0,0.0,0.0,0.0,0.0,0.0,0.0,0.0,0.0,0.0,Negligible,None,False,0.0,0.0,Small,Small,Stable,0.0,0.0
CPK1,0.0,0.0,0.0,0.0,0.0,0.0,0.0,0.0,0.0,0.0,Negligible,None,False,0.0,0.0,Small,Small,Stable,0.0,0.0
CYTK6n,0.0,0.0,0.0,0.0,0.0,0.0,0.0,0.0,0.0,0.0,Negligible,None,False,0.0,0.0,Small,Small,Stable,0.0,0.0
CYTK7,0.0,0.0,0.0,0.0,0.0,0.0,0.0,0.0,0.0,0.0,Negligible,None,False,0.0,0.0,Small,Small,Stable,0.0,0.0
CYTK7n,0.0,0.0,0.0,0.0,0.0,0.0,0.0,0.0,0.0,0.0,Negligible,None,False,0.0,0.0,Small,Small,Stable,0.0,0.0
CYTK8,0.0,0.0,0.0,0.0,0.0,0.0,0.0,0.0,0.0,0.0,Negligible,None,False,0.0,0.0,Small,Small,Stable,0.0,0.0
CYTK8n,0.0,0.0,0.0,0.0,0.0,0.0,0.0,0.0,0.0,0.0,Negligible,None,False,0.0,0.0,Small,Small,Stable,0.0,0.0
CYTK9,0.0,0.0,0.0,0.0,0.0,0.0,0.0,0.0,0.0,0.0,Negligible,None,False,0.0,0.0,Small,Small,Stable,0.0,0.0
CYTK9n,0.0,0.0,0.0,0.0,0.0,0.0,0.0,0.0,0.0,0.0,Negligible,None,False,0.0,0.0,Small,Small,Stable,0.0,0.0
CytOxe,0.0,0.0,0.0,0.0,0.0,0.0,0.0,0.0,0.0,0.0,Negligible,None,False,0.0,0.0,Small,Small,Stable,0.0,0.0
D_3AIBt,0.2,0.141549903395,0.141551344113,-0.058450096605,1.4407179999842423e-06,-0.05844865588700002,0.058450096605,1.4407179999842423e-06,99.99999993924425,6.075576554541197e-08,Antagonistic,Diet overcomes microbiome,True,-0.292250483025,1.0178163074854723e-05,Medium,Small,Diet (opposed by microbiome),100.00246492922398,0.0024649292239835455
D_LACtm,0.0,0.0,0.0,0.0,0.0,0.0,0.0,0.0,0.0,0.0,Negligible,None,False,0.0,0.0,Small,Small,Stable,0.0,0.0
D3AIBTm,0.0,0.0,0.0,0.0,0.0,0.0,0.0,0.0,0.0,0.0,Negligible,None,False,0.0,0.0,Small,Small,Stable,0.0,0.0
DADA,0.0,0.0,0.0,0.0,0.0,0.0,0.0,0.0,0.0,0.0,Negligible,None,False,0.0,0.0,Small,Small,Stable,0.0,0.0
DADAe,0.0,0.0,0.0,0.0,0.0,0.0,0.0,0.0,0.0,0.0,Negligible,None,False,0.0,0.0,Small,Small,Stable,0.0,0.0
DADNt4,0.0,0.0,0.0,0.0,0.0,0.0,0.0,0.0,0.0,0.0,Negligible,None,False,0.0,0.0,Small,Small,Stable,0.0,0.0
DAGKn_hs,0.0,0.0,0.0,0.0,0.0,0.0,0.0,0.0,0.0,0.0,Negligible,None,False,0.0,0.0,Small,Small,Stable,0.0,0.0
DAG_HSter,0.0,0.0,0.0,0.0,0.0,0.0,0.0,0.0,0.0,0.0,Negligible,None,False,0.0,0.0,Small,Small,Stable,0.0,0.0
DAGt,0.0,0.0,0.0,0.0,0.0,0.0,0.0,0.0,0.0,0.0,Negligible,None,False,0.0,0.0,Small,Small,Stable,0.0,0.0
DALAOXx,0.0,0.1,0.1,0.1,0.0,0.1,0.1,0.0,100.0,0.0,Synergistic,Diet-dominated synergy,False,0.0,0.0,Small,Small,Diet,100.0,0.0
DALAt2r,0.0,0.0,0.0,0.0,0.0,0.0,0.0,0.0,0.0,0.0,Negligible,None,False,0.0,0.0,Small,Small,Stable,0.0,0.0
DIGALSGALSIDEte,0.0,0.0,0.0,0.0,0.0,0.0,0.0,0.0,0.0,0.0,Negligible,None,False,0.0,0.0,Small,Small,Stable,0.0,0.0
DIGALSGALSIDEtg,0.0,0.0,0.0,0.0,0.0,0.0,0.0,0.0,0.0,0.0,Negligible,None,False,0.0,0.0,Small,Small,Stable,0.0,0.0
DIGALSIDEtg,0.0,0.0,0.0,0.0,0.0,0.0,0.0,0.0,0.0,0.0,Negligible,None,False,0.0,0.0,Small,Small,Stable,0.0,0.0
DIGALSIDEtl,0.0,0.0,0.0,0.0,0.0,0.0,0.0,0.0,0.0,0.0,Negligible,None,False,0.0,0.0,Small,Small,Stable,0.0,0.0
DINt,0.0,0.0,0.0,0.0,0.0,0.0,0.0,0.0,0.0,0.0,Negligible,None,False,0.0,0.0,Small,Small,Stable,0.0,0.0
DITPtn,0.0,0.0,0.0,0.0,0.0,0.0,0.0,0.0,0.0,0.0,Negligible,None,False,0.0,0.0,Small,Small,Stable,0.0,0.0
DKMPPD,0.0,0.0,0.0,0.0,0.0,0.0,0.0,0.0,0.0,0.0,Negligible,None,False,0.0,0.0,Small,Small,Stable,0.0,0.0
DLNLCGCPT1,0.0,0.0,0.0,0.0,0.0,0.0,0.0,0.0,0.0,0.0,Negligible,None,False,0.0,0.0,Small,Small,Stable,0.0,0.0
DLNLCGCPT2,0.0,0.0,0.0,0.0,0.0,0.0,0.0,0.0,0.0,0.0,Negligible,None,False,0.0,0.0,Small,Small,Stable,0.0,0.0
DLNLCGCRNt,0.0,0.0,0.0,0.0,0.0,0.0,0.0,0.0,0.0,0.0,Negligible,None,False,0.0,0.0,Small,Small,Stable,0.0,0.0
DLNLCGt,0.0,0.0,0.0,0.0,0.0,0.0,0.0,0.0,0.0,0.0,Negligible,None,False,0.0,0.0,Small,Small,Stable,0.0,0.0
DMANTIPYRINEte,0.0,0.0,0.0,0.0,0.0,0.0,0.0,0.0,0.0,0.0,Negligible,None,False,0.0,0.0,Small,Small,Stable,0.0,0.0
DMATT,0.0,0.0,0.0,0.0,0.0,0.0,0.0,0.0,0.0,0.0,Negligible,None,False,0.0,0.0,Small,Small,Stable,0.0,0.0
DMGDHm,0.0,0.0,0.0,0.0,0.0,0.0,0.0,0.0,0.0,0.0,Negligible,None,False,0.0,0.0,Small,Small,Stable,0.0,0.0
DMGtm,0.0,0.0,0.0,0.0,0.0,0.0,0.0,0.0,0.0,0.0,Negligible,None,False,0.0,0.0,Small,Small,Stable,0.0,0.0
DMHPTCRNCPT1,0.0,0.0,0.0,0.0,0.0,0.0,0.0,0.0,0.0,0.0,Negligible,None,False,0.0,0.0,Small,Small,Stable,0.0,0.0
DMHPTCRNCPT2,0.0,0.0,0.0,0.0,0.0,0.0,0.0,0.0,0.0,0.0,Negligible,None,False,0.0,0.0,Small,Small,Stable,0.0,0.0
DMHPTCRNt,0.0,0.0,0.0,0.0,0.0,0.0,0.0,0.0,0.0,0.0,Negligible,None,False,0.0,0.0,Small,Small,Stable,0.0,0.0
DMHPTCRNte,0.0,0.0,0.0,0.0,0.0,0.0,0.0,0.0,0.0,0.0,Negligible,None,False,0.0,0.0,Small,Small,Stable,0.0,0.0
DMNONCOACRNCPT1,0.0,0.0,0.0,0.0,0.0,0.0,0.0,0.0,0.0,0.0,Negligible,None,False,0.0,0.0,Small,Small,Stable,0.0,0.0
C110CPT2m_copy2,0.0,0.0,0.0,0.0,0.0,0.0,0.0,0.0,0.0,0.0,Negligible,None,False,0.0,0.0,Small,Small,Stable,0.0,0.0
DMNONCRNt,0.0,0.0,0.0,0.0,0.0,0.0,0.0,0.0,0.0,0.0,Negligible,None,False,0.0,0.0,Small,Small,Stable,0.0,0.0
DNADDP,0.0,0.0,0.0,0.0,0.0,0.0,0.0,0.0,0.0,0.0,Negligible,None,False,0.0,0.0,Small,Small,Stable,0.0,0.0
DNADtn,0.0,0.0,0.0,0.0,0.0,0.0,0.0,0.0,0.0,0.0,Negligible,None,False,0.0,0.0,Small,Small,Stable,0.0,0.0
DNAMTSEn,0.0,0.0,0.0,0.0,0.0,0.0,0.0,0.0,0.0,0.0,Negligible,None,False,0.0,0.0,Small,Small,Stable,0.0,0.0
DNAMTn,0.0,0.0,0.0,0.0,0.0,0.0,0.0,0.0,0.0,0.0,Negligible,None,False,0.0,0.0,Small,Small,Stable,0.0,0.0
DNDPt10m,0.0,0.0,0.0,0.0,0.0,0.0,0.0,0.0,0.0,0.0,Negligible,None,False,0.0,0.0,Small,Small,Stable,0.0,0.0
DNDPt11m,0.0,0.0,0.0,0.0,0.0,0.0,0.0,0.0,0.0,0.0,Negligible,None,False,0.0,0.0,Small,Small,Stable,0.0,0.0
DNDPt12m,0.0,0.0,0.0,0.0,0.0,0.0,0.0,0.0,0.0,0.0,Negligible,None,False,0.0,0.0,Small,Small,Stable,0.0,0.0
DNDPt13m,0.0,0.0,0.0,0.0,0.0,0.0,0.0,0.0,0.0,0.0,Negligible,None,False,0.0,0.0,Small,Small,Stable,0.0,0.0
DNDPt14m,0.0,0.0,0.0,0.0,0.0,0.0,0.0,0.0,0.0,0.0,Negligible,None,False,0.0,0.0,Small,Small,Stable,0.0,0.0
DNDPt15m,0.0,0.0,0.0,0.0,0.0,0.0,0.0,0.0,0.0,0.0,Negligible,None,False,0.0,0.0,Small,Small,Stable,0.0,0.0
DNDPt16m,0.0,0.0,0.0,0.0,0.0,0.0,0.0,0.0,0.0,0.0,Negligible,None,False,0.0,0.0,Small,Small,Stable,0.0,0.0
DNDPt17m,0.0,0.0,0.0,0.0,0.0,0.0,0.0,0.0,0.0,0.0,Negligible,None,False,0.0,0.0,Small,Small,Stable,0.0,0.0
DNDPt18m,0.0,0.0,0.0,0.0,0.0,0.0,0.0,0.0,0.0,0.0,Negligible,None,False,0.0,0.0,Small,Small,Stable,0.0,0.0
DNDPt19m,0.0,0.0,0.0,0.0,0.0,0.0,0.0,0.0,0.0,0.0,Negligible,None,False,0.0,0.0,Small,Small,Stable,0.0,0.0
DNDPt1m,0.0,0.0,0.0,0.0,0.0,0.0,0.0,0.0,0.0,0.0,Negligible,None,False,0.0,0.0,Small,Small,Stable,0.0,0.0
DNDPt20m,0.0,0.0,0.0,0.0,0.0,0.0,0.0,0.0,0.0,0.0,Negligible,None,False,0.0,0.0,Small,Small,Stable,0.0,0.0
DNDPt21m,0.0,0.0,0.0,0.0,0.0,0.0,0.0,0.0,0.0,0.0,Negligible,None,False,0.0,0.0,Small,Small,Stable,0.0,0.0
DNDPt22m,0.0,0.0,0.0,0.0,0.0,0.0,0.0,0.0,0.0,0.0,Negligible,None,False,0.0,0.0,Small,Small,Stable,0.0,0.0
DNDPt23m,0.0,0.0,0.0,0.0,0.0,0.0,0.0,0.0,0.0,0.0,Negligible,None,False,0.0,0.0,Small,Small,Stable,0.0,0.0
DNDPt24m,0.0,0.0,0.0,0.0,0.0,0.0,0.0,0.0,0.0,0.0,Negligible,None,False,0.0,0.0,Small,Small,Stable,0.0,0.0
DNDPt25m,0.0,0.0,0.0,0.0,0.0,0.0,0.0,0.0,0.0,0.0,Negligible,None,False,0.0,0.0,Small,Small,Stable,0.0,0.0
DNDPt26m,0.0,0.0,0.0,0.0,0.0,0.0,0.0,0.0,0.0,0.0,Negligible,None,False,0.0,0.0,Small,Small,Stable,0.0,0.0
DNDPt27m,0.0,0.0,0.0,0.0,0.0,0.0,0.0,0.0,0.0,0.0,Negligible,None,False,0.0,0.0,Small,Small,Stable,0.0,0.0
DNDPt28m,0.0,0.0,0.0,0.0,0.0,0.0,0.0,0.0,0.0,0.0,Negligible,None,False,0.0,0.0,Small,Small,Stable,0.0,0.0
DNDPt29m,0.0,0.0,0.0,0.0,0.0,0.0,0.0,0.0,0.0,0.0,Negligible,None,False,0.0,0.0,Small,Small,Stable,0.0,0.0
DNDPt2m,0.0,0.0,0.0,0.0,0.0,0.0,0.0,0.0,0.0,0.0,Negligible,None,False,0.0,0.0,Small,Small,Stable,0.0,0.0
DNDPt30m,0.0,0.0,0.0,0.0,0.0,0.0,0.0,0.0,0.0,0.0,Negligible,None,False,0.0,0.0,Small,Small,Stable,0.0,0.0
DNDPt31m,0.0,0.0,0.0,0.0,0.0,0.0,0.0,0.0,0.0,0.0,Negligible,None,False,0.0,0.0,Small,Small,Stable,0.0,0.0
DNDPt32m,0.0,0.0,0.0,0.0,0.0,0.0,0.0,0.0,0.0,0.0,Negligible,None,False,0.0,0.0,Small,Small,Stable,0.0,0.0
DNDPt33m,0.0,0.0,0.0,0.0,0.0,0.0,0.0,0.0,0.0,0.0,Negligible,None,False,0.0,0.0,Small,Small,Stable,0.0,0.0
DNDPt34m,0.0,0.0,0.0,0.0,0.0,0.0,0.0,0.0,0.0,0.0,Negligible,None,False,0.0,0.0,Small,Small,Stable,0.0,0.0
DNDPt35m,0.0,0.0,0.0,0.0,0.0,0.0,0.0,0.0,0.0,0.0,Negligible,None,False,0.0,0.0,Small,Small,Stable,0.0,0.0
DNDPt36m,0.0,0.0,0.0,0.0,0.0,0.0,0.0,0.0,0.0,0.0,Negligible,None,False,0.0,0.0,Small,Small,Stable,0.0,0.0
DNDPt37m,0.0,0.0,0.0,0.0,0.0,0.0,0.0,0.0,0.0,0.0,Negligible,None,False,0.0,0.0,Small,Small,Stable,0.0,0.0
DNDPt38m,0.0,0.0,0.0,0.0,0.0,0.0,0.0,0.0,0.0,0.0,Negligible,None,False,0.0,0.0,Small,Small,Stable,0.0,0.0
DNDPt39m,0.0,0.0,0.0,0.0,0.0,0.0,0.0,0.0,0.0,0.0,Negligible,None,False,0.0,0.0,Small,Small,Stable,0.0,0.0
DNDPt3m,0.0,0.0,0.0,0.0,0.0,0.0,0.0,0.0,0.0,0.0,Negligible,None,False,0.0,0.0,Small,Small,Stable,0.0,0.0
DNDPt40m,0.0,0.0,0.0,0.0,0.0,0.0,0.0,0.0,0.0,0.0,Negligible,None,False,0.0,0.0,Small,Small,Stable,0.0,0.0
DNDPt41m,0.0,0.0,0.0,0.0,0.0,0.0,0.0,0.0,0.0,0.0,Negligible,None,False,0.0,0.0,Small,Small,Stable,0.0,0.0
DNDPt42m,0.0,0.0,0.0,0.0,0.0,0.0,0.0,0.0,0.0,0.0,Negligible,None,False,0.0,0.0,Small,Small,Stable,0.0,0.0
DNDPt43m,0.0,0.0,0.0,0.0,0.0,0.0,0.0,0.0,0.0,0.0,Negligible,None,False,0.0,0.0,Small,Small,Stable,0.0,0.0
DNDPt44m,0.0,0.0,0.0,0.0,0.0,0.0,0.0,0.0,0.0,0.0,Negligible,None,False,0.0,0.0,Small,Small,Stable,0.0,0.0
DNDPt45m,0.0,0.0,0.0,0.0,0.0,0.0,0.0,0.0,0.0,0.0,Negligible,None,False,0.0,0.0,Small,Small,Stable,0.0,0.0
DNDPt46m,0.0,0.0,0.0,0.0,0.0,0.0,0.0,0.0,0.0,0.0,Negligible,None,False,0.0,0.0,Small,Small,Stable,0.0,0.0
DNDPt47m,0.0,0.0,0.0,0.0,0.0,0.0,0.0,0.0,0.0,0.0,Negligible,None,False,0.0,0.0,Small,Small,Stable,0.0,0.0
DNDPt48m,0.0,0.0,0.0,0.0,0.0,0.0,0.0,0.0,0.0,0.0,Negligible,None,False,0.0,0.0,Small,Small,Stable,0.0,0.0
DNDPt49m,0.0,0.0,0.0,0.0,0.0,0.0,0.0,0.0,0.0,0.0,Negligible,None,False,0.0,0.0,Small,Small,Stable,0.0,0.0
DNDPt4m,0.0,0.0,0.0,0.0,0.0,0.0,0.0,0.0,0.0,0.0,Negligible,None,False,0.0,0.0,Small,Small,Stable,0.0,0.0
DPGase,0.0,0.0,0.0,0.0,0.0,0.0,0.0,0.0,0.0,0.0,Negligible,None,False,0.0,0.0,Small,Small,Stable,0.0,0.0
DPHMBDCm,0.0,0.0,0.0,0.0,0.0,0.0,0.0,0.0,0.0,0.0,Negligible,None,False,0.0,0.0,Small,Small,Stable,0.0,0.0
DPPS,0.0,0.0,0.0,0.0,0.0,0.0,0.0,0.0,0.0,0.0,Negligible,None,False,0.0,0.0,Small,Small,Stable,0.0,0.0
DPROOp,0.0,0.0,0.0,0.0,0.0,0.0,0.0,0.0,0.0,0.0,Negligible,None,False,0.0,0.0,Small,Small,Stable,0.0,0.0
DRIBt,0.0,0.0,0.0,0.0,0.0,0.0,0.0,0.0,0.0,0.0,Negligible,None,False,0.0,0.0,Small,Small,Stable,0.0,0.0
DTDPtn,0.0,0.0,0.0,0.0,0.0,0.0,0.0,0.0,0.0,0.0,Negligible,None,False,0.0,0.0,Small,Small,Stable,0.0,0.0
DTMPK,0.0,0.0,0.0,0.0,0.0,0.0,0.0,0.0,0.0,0.0,Negligible,None,False,0.0,0.0,Small,Small,Stable,0.0,0.0
DTTPtn,0.0,0.0,0.0,0.0,0.0,0.0,0.0,0.0,0.0,0.0,Negligible,None,False,0.0,0.0,Small,Small,Stable,0.0,0.0
DUDPtn,0.0,0.0,0.0,0.0,0.0,0.0,0.0,0.0,0.0,0.0,Negligible,None,False,0.0,0.0,Small,Small,Stable,0.0,0.0
DUMPtn,0.0,0.0,0.0,0.0,0.0,0.0,0.0,0.0,0.0,0.0,Negligible,None,False,0.0,0.0,Small,Small,Stable,0.0,0.0
DURAD2,-0.2,-0.141549903395,-0.141551344113,0.058450096605,-1.4407179999842423e-06,0.05844865588700002,0.058450096605,1.4407179999842423e-06,99.99999993924425,6.075576554541197e-08,Antagonistic,Diet overcomes microbiome,True,0.292250483025,-1.0178163074854723e-05,Medium,Small,Diet (opposed by microbiome),100.00246492922398,0.0024649292239835455
DURIK1m,0.0,0.0,0.0,0.0,0.0,0.0,0.0,0.0,0.0,0.0,Negligible,None,False,0.0,0.0,Small,Small,Stable,0.0,0.0
DURIt,0.0,0.0,0.0,0.0,0.0,0.0,0.0,0.0,0.0,0.0,Negligible,None,False,0.0,0.0,Small,Small,Stable,0.0,0.0
DURItn,0.0,0.0,0.0,0.0,0.0,0.0,0.0,0.0,0.0,0.0,Negligible,None,False,0.0,0.0,Small,Small,Stable,0.0,0.0
DUTPDPm,0.0,0.0,0.0,0.0,0.0,0.0,0.0,0.0,0.0,0.0,Negligible,None,False,0.0,0.0,Small,Small,Stable,0.0,0.0
DUTPDPn,0.0,0.0,0.0,0.0,0.0,0.0,0.0,0.0,0.0,0.0,Negligible,None,False,0.0,0.0,Small,Small,Stable,0.0,0.0
EAFLATOXINte,0.0,0.0,0.0,0.0,0.0,0.0,0.0,0.0,0.0,0.0,Negligible,None,False,0.0,0.0,Small,Small,Stable,0.0,0.0
EBASTINEOHte,0.0,0.0,0.0,0.0,0.0,0.0,0.0,0.0,0.0,0.0,Negligible,None,False,0.0,0.0,Small,Small,Stable,0.0,0.0
EBASTINEOHtr,0.0,0.0,0.0,0.0,0.0,0.0,0.0,0.0,0.0,0.0,Negligible,None,False,0.0,0.0,Small,Small,Stable,0.0,0.0
EBASTINEte,0.0,0.0,0.0,0.0,0.0,0.0,0.0,0.0,0.0,0.0,Negligible,None,False,0.0,0.0,Small,Small,Stable,0.0,0.0
EBASTINEtr,0.0,0.0,0.0,0.0,0.0,0.0,0.0,0.0,0.0,0.0,Negligible,None,False,0.0,0.0,Small,Small,Stable,0.0,0.0
EBP2r,0.0,0.0,0.0,0.0,0.0,0.0,0.0,0.0,0.0,0.0,Negligible,None,False,0.0,0.0,Small,Small,Stable,0.0,0.0
ECGISOr,0.0,0.0,0.0,0.0,0.0,0.0,0.0,0.0,0.0,0.0,Negligible,None,False,0.0,0.0,Small,Small,Stable,0.0,0.0
ECOAH12m,0.0,0.0,0.0,0.0,0.0,0.0,0.0,0.0,0.0,0.0,Negligible,None,False,0.0,0.0,Small,Small,Stable,0.0,0.0
ECOAH1m,0.0,-0.394198276641,-0.394081546052,-0.394198276641,0.00011673058899996924,-0.394081546052,0.394198276641,0.00011673058899996924,99.99999123120588,8.768794111815813e-06,Antagonistic,Diet overcomes microbiome,True,0.0,0.00029612151020710036,Small,Small,Diet (opposed by microbiome),100.02962092241299,0.0296209224129887
ECOAH1x,0.0,0.0,0.0,0.0,0.0,0.0,0.0,0.0,0.0,0.0,Negligible,None,False,0.0,0.0,Small,Small,Stable,0.0,0.0
ECOAH9m,0.0,0.0,0.0,0.0,0.0,0.0,0.0,0.0,0.0,0.0,Negligible,None,False,0.0,0.0,Small,Small,Stable,0.0,0.0
EGMESTr,0.0,0.0,0.0,0.0,0.0,0.0,0.0,0.0,0.0,0.0,Negligible,None,False,0.0,0.0,Small,Small,Stable,0.0,0.0
EHGLAT,0.0,0.0,0.0,0.0,0.0,0.0,0.0,0.0,0.0,0.0,Negligible,None,False,0.0,0.0,Small,Small,Stable,0.0,0.0
EHGLAT2m,0.0,0.0,0.0,0.0,0.0,0.0,0.0,0.0,0.0,0.0,Negligible,None,False,0.0,0.0,Small,Small,Stable,0.0,0.0
EHGLATm,0.0,0.0,0.0,0.0,0.0,0.0,0.0,0.0,0.0,0.0,Negligible,None,False,0.0,0.0,Small,Small,Stable,0.0,0.0
EICOSTETCPT1,0.0,0.0,0.0,0.0,0.0,0.0,0.0,0.0,0.0,0.0,Negligible,None,False,0.0,0.0,Small,Small,Stable,0.0,0.0
EICOSTETCPT2,0.0,0.0,0.0,0.0,0.0,0.0,0.0,0.0,0.0,0.0,Negligible,None,False,0.0,0.0,Small,Small,Stable,0.0,0.0
EICOSTETCRNt,0.0,0.0,0.0,0.0,0.0,0.0,0.0,0.0,0.0,0.0,Negligible,None,False,0.0,0.0,Small,Small,Stable,0.0,0.0
EICOSTETt,0.0,0.0,0.0,0.0,0.0,0.0,0.0,0.0,0.0,0.0,Negligible,None,False,0.0,0.0,Small,Small,Stable,0.0,0.0
ELAIDCPT1,0.0,0.0,0.0,0.0,0.0,0.0,0.0,0.0,0.0,0.0,Negligible,None,False,0.0,0.0,Small,Small,Stable,0.0,0.0
ELAIDCPT2,0.0,0.0,0.0,0.0,0.0,0.0,0.0,0.0,0.0,0.0,Negligible,None,False,0.0,0.0,Small,Small,Stable,0.0,0.0
ELAIDCRNt,0.0,0.0,0.0,0.0,0.0,0.0,0.0,0.0,0.0,0.0,Negligible,None,False,0.0,0.0,Small,Small,Stable,0.0,0.0
ELAIDt,0.0,0.0,0.0,0.0,0.0,0.0,0.0,0.0,0.0,0.0,Negligible,None,False,0.0,0.0,Small,Small,Stable,0.0,0.0
ENGASE,0.0,0.0,0.0,0.0,0.0,0.0,0.0,0.0,0.0,0.0,Negligible,None,False,0.0,0.0,Small,Small,Stable,0.0,0.0
ENGASE2,0.0,0.0,0.0,0.0,0.0,0.0,0.0,0.0,0.0,0.0,Negligible,None,False,0.0,0.0,Small,Small,Stable,0.0,0.0
ENGASE2ly,0.0,0.0,0.0,0.0,0.0,0.0,0.0,0.0,0.0,0.0,Negligible,None,False,0.0,0.0,Small,Small,Stable,0.0,0.0
ENGASE3ly,0.0,0.0,0.0,0.0,0.0,0.0,0.0,0.0,0.0,0.0,Negligible,None,False,0.0,0.0,Small,Small,Stable,0.0,0.0
ENGASEly,0.0,0.0,0.0,0.0,0.0,0.0,0.0,0.0,0.0,0.0,Negligible,None,False,0.0,0.0,Small,Small,Stable,0.0,0.0
ENMAN1g,0.0,0.0,0.0,0.0,0.0,0.0,0.0,0.0,0.0,0.0,Negligible,None,False,0.0,0.0,Small,Small,Stable,0.0,0.0
ENMAN2g,0.0,0.0,0.0,0.0,0.0,0.0,0.0,0.0,0.0,0.0,Negligible,None,False,0.0,0.0,Small,Small,Stable,0.0,0.0
ENMAN3g,0.0,0.0,0.0,0.0,0.0,0.0,0.0,0.0,0.0,0.0,Negligible,None,False,0.0,0.0,Small,Small,Stable,0.0,0.0
ENMAN4g,0.0,0.0,0.0,0.0,0.0,0.0,0.0,0.0,0.0,0.0,Negligible,None,False,0.0,0.0,Small,Small,Stable,0.0,0.0
ENMAN5g,0.0,0.0,0.0,0.0,0.0,0.0,0.0,0.0,0.0,0.0,Negligible,None,False,0.0,0.0,Small,Small,Stable,0.0,0.0
ENMAN6g,0.0,0.0,0.0,0.0,0.0,0.0,0.0,0.0,0.0,0.0,Negligible,None,False,0.0,0.0,Small,Small,Stable,0.0,0.0
EPCTX,0.0,0.0,0.0,0.0,0.0,0.0,0.0,0.0,0.0,0.0,Negligible,None,False,0.0,0.0,Small,Small,Stable,0.0,0.0
ESTRADIOLGLCt2,0.0,0.0,0.0,0.0,0.0,0.0,0.0,0.0,0.0,0.0,Negligible,None,False,0.0,0.0,Small,Small,Stable,0.0,0.0
ESTRADIOLGLCtr,0.0,0.0,0.0,0.0,0.0,0.0,0.0,0.0,0.0,0.0,Negligible,None,False,0.0,0.0,Small,Small,Stable,0.0,0.0
ESTRADIOLt,0.0,0.0,0.0,0.0,0.0,0.0,0.0,0.0,0.0,0.0,Negligible,None,False,0.0,0.0,Small,Small,Stable,0.0,0.0
ESTRADIOLtr,0.0,0.0,0.0,0.0,0.0,0.0,0.0,0.0,0.0,0.0,Negligible,None,False,0.0,0.0,Small,Small,Stable,0.0,0.0
ESTRIOLGLCte,0.0,0.0,0.0,0.0,0.0,0.0,0.0,0.0,0.0,0.0,Negligible,None,False,0.0,0.0,Small,Small,Stable,0.0,0.0
ESTRIOLGLCtr,0.0,0.0,0.0,0.0,0.0,0.0,0.0,0.0,0.0,0.0,Negligible,None,False,0.0,0.0,Small,Small,Stable,0.0,0.0
ESTRIOLtr,0.0,0.0,0.0,0.0,0.0,0.0,0.0,0.0,0.0,0.0,Negligible,None,False,0.0,0.0,Small,Small,Stable,0.0,0.0
ESTRONEGLCt,0.0,0.0,0.0,0.0,0.0,0.0,0.0,0.0,0.0,0.0,Negligible,None,False,0.0,0.0,Small,Small,Stable,0.0,0.0
ESTRONEGLCtr,0.0,0.0,0.0,0.0,0.0,0.0,0.0,0.0,0.0,0.0,Negligible,None,False,0.0,0.0,Small,Small,Stable,0.0,0.0
ESTRONESt2,0.0,0.0,0.0,0.0,0.0,0.0,0.0,0.0,0.0,0.0,Negligible,None,False,0.0,0.0,Small,Small,Stable,0.0,0.0
ESTRONEtr,0.0,0.0,0.0,0.0,0.0,0.0,0.0,0.0,0.0,0.0,Negligible,None,False,0.0,0.0,Small,Small,Stable,0.0,0.0
ESTSULT,0.0,0.0,0.0,0.0,0.0,0.0,0.0,0.0,0.0,0.0,Negligible,None,False,0.0,0.0,Small,Small,Stable,0.0,0.0
FALDtm,0.0,0.0,0.0,0.0,0.0,0.0,0.0,0.0,0.0,0.0,Negligible,None,False,0.0,0.0,Small,Small,Stable,0.0,0.0
ETF,0.0,0.0,0.0,0.0,0.0,0.0,0.0,0.0,0.0,0.0,Negligible,None,False,0.0,0.0,Small,Small,Stable,0.0,0.0
ETFQO,0.0,0.0,0.0,0.0,0.0,0.0,0.0,0.0,0.0,0.0,Negligible,None,False,0.0,0.0,Small,Small,Stable,0.0,0.0
ETHP,0.0,0.0,0.0,0.0,0.0,0.0,0.0,0.0,0.0,0.0,Negligible,None,False,0.0,0.0,Small,Small,Stable,0.0,0.0
ETOHMO,0.0,0.0,0.0,0.0,0.0,0.0,0.0,0.0,0.0,0.0,Negligible,None,False,0.0,0.0,Small,Small,Stable,0.0,0.0
ETOHt,0.0,0.0,0.0,0.0,0.0,0.0,0.0,0.0,0.0,0.0,Negligible,None,False,0.0,0.0,Small,Small,Stable,0.0,0.0
ETOHtx,0.0,0.0,0.0,0.0,0.0,0.0,0.0,0.0,0.0,0.0,Negligible,None,False,0.0,0.0,Small,Small,Stable,0.0,0.0
F1Atg,0.0,0.0,0.0,0.0,0.0,0.0,0.0,0.0,0.0,0.0,Negligible,None,False,0.0,0.0,Small,Small,Stable,0.0,0.0
F1PGT,0.0,0.0,0.0,0.0,0.0,0.0,0.0,0.0,0.0,0.0,Negligible,None,False,0.0,0.0,Small,Small,Stable,0.0,0.0
F6Tg,0.0,0.0,0.0,0.0,0.0,0.0,0.0,0.0,0.0,0.0,Negligible,None,False,0.0,0.0,Small,Small,Stable,0.0,0.0
FA120ACPHi,0.0,0.0,0.0,0.0,0.0,0.0,0.0,0.0,0.0,0.0,Negligible,None,False,0.0,0.0,Small,Small,Stable,0.0,0.0
FA140ACPHi,0.0,0.0,0.0,0.0,0.0,0.0,0.0,0.0,0.0,0.0,Negligible,None,False,0.0,0.0,Small,Small,Stable,0.0,0.0
FA141ACPHi,0.0,0.0,0.0,0.0,0.0,0.0,0.0,0.0,0.0,0.0,Negligible,None,False,0.0,0.0,Small,Small,Stable,0.0,0.0
FA160ACPHi,0.0,0.0,0.0,0.0,0.0,0.0,0.0,0.0,0.0,0.0,Negligible,None,False,0.0,0.0,Small,Small,Stable,0.0,0.0
FA161ACPHi,0.0,0.0,0.0,0.0,0.0,0.0,0.0,0.0,0.0,0.0,Negligible,None,False,0.0,0.0,Small,Small,Stable,0.0,0.0
FA180ACPH,0.0,0.0,0.0,0.0,0.0,0.0,0.0,0.0,0.0,0.0,Negligible,None,False,0.0,0.0,Small,Small,Stable,0.0,0.0
FA181ACPH,0.0,0.0,0.0,0.0,0.0,0.0,0.0,0.0,0.0,0.0,Negligible,None,False,0.0,0.0,Small,Small,Stable,0.0,0.0
FA1821ACPH,0.0,0.0,0.0,0.0,0.0,0.0,0.0,0.0,0.0,0.0,Negligible,None,False,0.0,0.0,Small,Small,Stable,0.0,0.0
FA1822ACPH,0.0,0.0,0.0,0.0,0.0,0.0,0.0,0.0,0.0,0.0,Negligible,None,False,0.0,0.0,Small,Small,Stable,0.0,0.0
FA182ACPH,0.0,0.0,0.0,0.0,0.0,0.0,0.0,0.0,0.0,0.0,Negligible,None,False,0.0,0.0,Small,Small,Stable,0.0,0.0
FACOAL140,0.0,0.499999999999,0.500000000004,0.499999999999,5.000000413701855e-12,0.500000000004,0.499999999999,5.000000413701855e-12,100.0,1.0000001654847488e-20,Synergistic,Diet-dominated synergy,False,0.0,1.000000082742371e-11,Small,Small,Diet,99.999999999,1.000000082732371e-09
FACOAL150,0.0,0.0,0.0,0.0,0.0,0.0,0.0,0.0,0.0,0.0,Negligible,None,False,0.0,0.0,Small,Small,Stable,0.0,0.0
FACOAL161,0.0,-1.056644829879,-1.056610411676,-1.056644829879,3.4418203000097236e-05,-1.056610411676,1.056644829879,3.4418203000097236e-05,99.9999998938993,1.0610071687542316e-07,Antagonistic,Diet overcomes microbiome,True,0.0,3.257310500827282e-05,Small,Small,Diet (opposed by microbiome),100.00325741660501,0.003257416605000412
FACOAL170,0.0,0.0,0.0,0.0,0.0,0.0,0.0,0.0,0.0,0.0,Negligible,None,False,0.0,0.0,Small,Small,Stable,0.0,0.0
FACOAL180,0.0,0.0,0.0,0.0,0.0,0.0,0.0,0.0,0.0,0.0,Negligible,None,False,0.0,0.0,Small,Small,Stable,0.0,0.0
FACOAL1812,0.0,0.0,0.0,0.0,0.0,0.0,0.0,0.0,0.0,0.0,Negligible,None,False,0.0,0.0,Small,Small,Stable,0.0,0.0
FACOAL1813,0.0,0.0,0.0,0.0,0.0,0.0,0.0,0.0,0.0,0.0,Negligible,None,False,0.0,0.0,Small,Small,Stable,0.0,0.0
ASPNATm,0.0,0.0,0.0,0.0,0.0,0.0,0.0,0.0,0.0,0.0,Negligible,None,False,0.0,0.0,Small,Small,Stable,0.0,0.0
ASPt6,2.0,1.5,1.5,-0.5,0.0,-0.5,0.5,0.0,100.0,0.0,Synergistic,Diet-dominated synergy,False,-0.25,0.0,Medium,Small,Diet,100.0,0.0
ATP1ter,0.0,0.0,0.0,0.0,0.0,0.0,0.0,0.0,0.0,0.0,Negligible,None,False,0.0,0.0,Small,Small,Stable,0.0,0.0
ATP2ter,0.0,0.0,0.0,0.0,0.0,0.0,0.0,0.0,0.0,0.0,Negligible,None,False,0.0,0.0,Small,Small,Stable,0.0,0.0
ATPH1e,0.0,0.0,0.0,0.0,0.0,0.0,0.0,0.0,0.0,0.0,Negligible,None,False,0.0,0.0,Small,Small,Stable,0.0,0.0
ATPH2e,0.0,0.0,0.0,0.0,0.0,0.0,0.0,0.0,0.0,0.0,Negligible,None,False,0.0,0.0,Small,Small,Stable,0.0,0.0
ATPS4m,0.1,0.1,0.1,0.0,0.0,0.0,0.0,0.0,0.0,0.0,Negligible,None,False,0.0,0.0,Small,Small,Stable,0.0,0.0
BILGLCURte,0.0,0.0,0.0,0.0,0.0,0.0,0.0,0.0,0.0,0.0,Negligible,None,False,0.0,0.0,Small,Small,Stable,0.0,0.0
BILGLCURtr,0.0,0.0,0.0,0.0,0.0,0.0,0.0,0.0,0.0,0.0,Negligible,None,False,0.0,0.0,Small,Small,Stable,0.0,0.0
BILIRED,0.0,0.0,0.0,0.0,0.0,0.0,0.0,0.0,0.0,0.0,Negligible,None,False,0.0,0.0,Small,Small,Stable,0.0,0.0
BILIRUBtr,0.0,0.0,0.0,0.0,0.0,0.0,0.0,0.0,0.0,0.0,Negligible,None,False,0.0,0.0,Small,Small,Stable,0.0,0.0
BIOCYTtn,0.0,0.0,0.0,0.0,0.0,0.0,0.0,0.0,0.0,0.0,Negligible,None,False,0.0,0.0,Small,Small,Stable,0.0,0.0
BMTer_L,0.0,0.0,0.0,0.0,0.0,0.0,0.0,0.0,0.0,0.0,Negligible,None,False,0.0,0.0,Small,Small,Stable,0.0,0.0
BMTer_U,0.0,0.0,0.0,0.0,0.0,0.0,0.0,0.0,0.0,0.0,Negligible,None,False,0.0,0.0,Small,Small,Stable,0.0,0.0
BPNT,0.0,0.0,0.0,0.0,0.0,0.0,0.0,0.0,0.0,0.0,Negligible,None,False,0.0,0.0,Small,Small,Stable,0.0,0.0
BPNT2,0.0,0.0,0.0,0.0,0.0,0.0,0.0,0.0,0.0,0.0,Negligible,None,False,0.0,0.0,Small,Small,Stable,0.0,0.0
BTND1,0.0,0.0,0.0,0.0,0.0,0.0,0.0,0.0,0.0,0.0,Negligible,None,False,0.0,0.0,Small,Small,Stable,0.0,0.0
BTND1n,0.0,0.0,0.0,0.0,0.0,0.0,0.0,0.0,0.0,0.0,Negligible,None,False,0.0,0.0,Small,Small,Stable,0.0,0.0
BTNDe,0.0,0.0,0.0,0.0,0.0,0.0,0.0,0.0,0.0,0.0,Negligible,None,False,0.0,0.0,Small,Small,Stable,0.0,0.0
BTNDm,0.0,0.0,0.0,0.0,0.0,0.0,0.0,0.0,0.0,0.0,Negligible,None,False,0.0,0.0,Small,Small,Stable,0.0,0.0
BTNPL,0.0,0.0,0.0,0.0,0.0,0.0,0.0,0.0,0.0,0.0,Negligible,None,False,0.0,0.0,Small,Small,Stable,0.0,0.0
BTNPLm,0.0,0.0,0.0,0.0,0.0,0.0,0.0,0.0,0.0,0.0,Negligible,None,False,0.0,0.0,Small,Small,Stable,0.0,0.0
BTNt2m,0.0,0.0,0.0,0.0,0.0,0.0,0.0,0.0,0.0,0.0,Negligible,None,False,0.0,0.0,Small,Small,Stable,0.0,0.0
BTNt3i,0.0,0.0,0.0,0.0,0.0,0.0,0.0,0.0,0.0,0.0,Negligible,None,False,0.0,0.0,Small,Small,Stable,0.0,0.0
BTNtn,0.0,0.0,0.0,0.0,0.0,0.0,0.0,0.0,0.0,0.0,Negligible,None,False,0.0,0.0,Small,Small,Stable,0.0,0.0
BUP2,0.2,0.141549903395,0.141551344113,-0.058450096605,1.4407179999842423e-06,-0.05844865588700002,0.058450096605,1.4407179999842423e-06,99.99999993924425,6.075576554541197e-08,Antagonistic,Diet overcomes microbiome,True,-0.292250483025,1.0178163074854723e-05,Medium,Small,Diet (opposed by microbiome),100.00246492922398,0.0024649292239835455
BUTt2m,0.0,0.0,0.0,0.0,0.0,0.0,0.0,0.0,0.0,0.0,Negligible,None,False,0.0,0.0,Small,Small,Stable,0.0,0.0
BUTt2r,0.0,0.0,0.0,0.0,0.0,0.0,0.0,0.0,0.0,0.0,Negligible,None,False,0.0,0.0,Small,Small,Stable,0.0,0.0
BVITEt,0.0,0.0,0.0,0.0,0.0,0.0,0.0,0.0,0.0,0.0,Negligible,None,False,0.0,0.0,Small,Small,Stable,0.0,0.0
BZt,0.0,0.0,0.0,0.0,0.0,0.0,0.0,0.0,0.0,0.0,Negligible,None,False,0.0,0.0,Small,Small,Stable,0.0,0.0
BZtr,0.0,0.0,0.0,0.0,0.0,0.0,0.0,0.0,0.0,0.0,Negligible,None,False,0.0,0.0,Small,Small,Stable,0.0,0.0
B_MANNASEly,0.0,0.0,0.0,0.0,0.0,0.0,0.0,0.0,0.0,0.0,Negligible,None,False,0.0,0.0,Small,Small,Stable,0.0,0.0
C110CPT2m_copy1,0.0,0.0,0.0,0.0,0.0,0.0,0.0,0.0,0.0,0.0,Negligible,None,False,0.0,0.0,Small,Small,Stable,0.0,0.0
C160CPT1,0.0,0.0,0.0,0.0,0.0,0.0,0.0,0.0,0.0,0.0,Negligible,None,False,0.0,0.0,Small,Small,Stable,0.0,0.0
C160CPT2,0.0,0.0,0.0,0.0,0.0,0.0,0.0,0.0,0.0,0.0,Negligible,None,False,0.0,0.0,Small,Small,Stable,0.0,0.0
C160CRNt,0.0,0.0,0.0,0.0,0.0,0.0,0.0,0.0,0.0,0.0,Negligible,None,False,0.0,0.0,Small,Small,Stable,0.0,0.0
C161CPT1,0.0,0.0,0.0,0.0,0.0,0.0,0.0,0.0,0.0,0.0,Negligible,None,False,0.0,0.0,Small,Small,Stable,0.0,0.0
C161CPT12,0.0,0.0,0.0,0.0,0.0,0.0,0.0,0.0,0.0,0.0,Negligible,None,False,0.0,0.0,Small,Small,Stable,0.0,0.0
C161CPT2,0.0,0.0,0.0,0.0,0.0,0.0,0.0,0.0,0.0,0.0,Negligible,None,False,0.0,0.0,Small,Small,Stable,0.0,0.0
C161CPT22,0.0,0.0,0.0,0.0,0.0,0.0,0.0,0.0,0.0,0.0,Negligible,None,False,0.0,0.0,Small,Small,Stable,0.0,0.0
C161CRN2t,0.0,0.0,0.0,0.0,0.0,0.0,0.0,0.0,0.0,0.0,Negligible,None,False,0.0,0.0,Small,Small,Stable,0.0,0.0
C161CRNt,0.0,0.0,0.0,0.0,0.0,0.0,0.0,0.0,0.0,0.0,Negligible,None,False,0.0,0.0,Small,Small,Stable,0.0,0.0
C180CPT1,0.0,0.0,0.0,0.0,0.0,0.0,0.0,0.0,0.0,0.0,Negligible,None,False,0.0,0.0,Small,Small,Stable,0.0,0.0
C180CPT2,0.0,0.0,0.0,0.0,0.0,0.0,0.0,0.0,0.0,0.0,Negligible,None,False,0.0,0.0,Small,Small,Stable,0.0,0.0
C180CRNt,0.0,0.0,0.0,0.0,0.0,0.0,0.0,0.0,0.0,0.0,Negligible,None,False,0.0,0.0,Small,Small,Stable,0.0,0.0
C181CPT1,0.0,0.0,0.0,0.0,0.0,0.0,0.0,0.0,0.0,0.0,Negligible,None,False,0.0,0.0,Small,Small,Stable,0.0,0.0
C181CPT2,0.0,0.0,0.0,0.0,0.0,0.0,0.0,0.0,0.0,0.0,Negligible,None,False,0.0,0.0,Small,Small,Stable,0.0,0.0
C181CRNt,0.0,0.0,0.0,0.0,0.0,0.0,0.0,0.0,0.0,0.0,Negligible,None,False,0.0,0.0,Small,Small,Stable,0.0,0.0
C204CPT1,0.0,0.0,0.0,0.0,0.0,0.0,0.0,0.0,0.0,0.0,Negligible,None,False,0.0,0.0,Small,Small,Stable,0.0,0.0
C204CPT2,0.0,0.0,0.0,0.0,0.0,0.0,0.0,0.0,0.0,0.0,Negligible,None,False,0.0,0.0,Small,Small,Stable,0.0,0.0
C204CRNt,0.0,0.0,0.0,0.0,0.0,0.0,0.0,0.0,0.0,0.0,Negligible,None,False,0.0,0.0,Small,Small,Stable,0.0,0.0
C226COAtx,0.0,0.0,0.0,0.0,0.0,0.0,0.0,0.0,0.0,0.0,Negligible,None,False,0.0,0.0,Small,Small,Stable,0.0,0.0
C226CPT1,0.0,0.0,0.0,0.0,0.0,0.0,0.0,0.0,0.0,0.0,Negligible,None,False,0.0,0.0,Small,Small,Stable,0.0,0.0
C226CPT2,0.0,0.0,0.0,0.0,0.0,0.0,0.0,0.0,0.0,0.0,Negligible,None,False,0.0,0.0,Small,Small,Stable,0.0,0.0
C226CRNt,0.0,0.0,0.0,0.0,0.0,0.0,0.0,0.0,0.0,0.0,Negligible,None,False,0.0,0.0,Small,Small,Stable,0.0,0.0
C2M26DCOAHLm,0.0,0.0,0.0,0.0,0.0,0.0,0.0,0.0,0.0,0.0,Negligible,None,False,0.0,0.0,Small,Small,Stable,0.0,0.0
C2M26DCOAHLx,0.0,0.0,0.0,0.0,0.0,0.0,0.0,0.0,0.0,0.0,Negligible,None,False,0.0,0.0,Small,Small,Stable,0.0,0.0
C3STDH1r,0.0,0.0,0.0,0.0,0.0,0.0,0.0,0.0,0.0,0.0,Negligible,None,False,0.0,0.0,Small,Small,Stable,0.0,0.0
C4STMO2r,0.0,0.0,0.0,0.0,0.0,0.0,0.0,0.0,0.0,0.0,Negligible,None,False,0.0,0.0,Small,Small,Stable,0.0,0.0
CAATPS,0.0,0.0,0.0,0.0,0.0,0.0,0.0,0.0,0.0,0.0,Negligible,None,False,0.0,0.0,Small,Small,Stable,0.0,0.0
CAMPt,0.0,0.0,0.0,0.0,0.0,0.0,0.0,0.0,0.0,0.0,Negligible,None,False,0.0,0.0,Small,Small,Stable,0.0,0.0
CAROtr,0.0,0.0,0.0,0.0,0.0,0.0,0.0,0.0,0.0,0.0,Negligible,None,False,0.0,0.0,Small,Small,Stable,0.0,0.0
CARVEOLte,0.0,0.0,0.0,0.0,0.0,0.0,0.0,0.0,0.0,0.0,Negligible,None,False,0.0,0.0,Small,Small,Stable,0.0,0.0
CAT2p,0.0,0.0,0.0,0.0,0.0,0.0,0.0,0.0,0.0,0.0,Negligible,None,False,0.0,0.0,Small,Small,Stable,0.0,0.0
CATm,0.0,0.0,0.0,0.0,0.0,0.0,0.0,0.0,0.0,0.0,Negligible,None,False,0.0,0.0,Small,Small,Stable,0.0,0.0
CATp,0.0,0.616297414961,0.566122319077,0.616297414961,-0.05017509588400004,0.566122319077,0.616297414961,0.05017509588400004,99.34154418641032,0.6584558135896857,Antagonistic,Diet overcomes microbiome,True,0.0,-0.08141376982276517,Small,Small,Diet (opposed by microbiome),108.86294254672823,8.862942546728242
CAt7r,0.0,0.0,0.0,0.0,0.0,0.0,0.0,0.0,0.0,0.0,Negligible,None,False,0.0,0.0,Small,Small,Stable,0.0,0.0
CBL2OR,0.0,0.0,0.0,0.0,0.0,0.0,0.0,0.0,0.0,0.0,Negligible,None,False,0.0,0.0,Small,Small,Stable,0.0,0.0
CBL2tm,0.0,0.0,0.0,0.0,0.0,0.0,0.0,0.0,0.0,0.0,Negligible,None,False,0.0,0.0,Small,Small,Stable,0.0,0.0
CBLATm,0.0,0.0,0.0,0.0,0.0,0.0,0.0,0.0,0.0,0.0,Negligible,None,False,0.0,0.0,Small,Small,Stable,0.0,0.0
CBPPer,0.0,0.0,0.0,0.0,0.0,0.0,0.0,0.0,0.0,0.0,Negligible,None,False,0.0,0.0,Small,Small,Stable,0.0,0.0
CBPS,0.0,0.0,0.0,0.0,0.0,0.0,0.0,0.0,0.0,0.0,Negligible,None,False,0.0,0.0,Small,Small,Stable,0.0,0.0
CBPSam,0.0,0.0,0.0,0.0,0.0,0.0,0.0,0.0,0.0,0.0,Negligible,None,False,0.0,0.0,Small,Small,Stable,0.0,0.0
CBPter,0.0,0.0,0.0,0.0,0.0,0.0,0.0,0.0,0.0,0.0,Negligible,None,False,0.0,0.0,Small,Small,Stable,0.0,0.0
CBR1,0.0,0.0,0.0,0.0,0.0,0.0,0.0,0.0,0.0,0.0,Negligible,None,False,0.0,0.0,Small,Small,Stable,0.0,0.0
CBR2,0.0,0.0,0.0,0.0,0.0,0.0,0.0,0.0,0.0,0.0,Negligible,None,False,0.0,0.0,Small,Small,Stable,0.0,0.0
CCA_D3t,0.0,0.0,0.0,0.0,0.0,0.0,0.0,0.0,0.0,0.0,Negligible,None,False,0.0,0.0,Small,Small,Stable,0.0,0.0
CCA_D3tm,0.0,0.0,0.0,0.0,0.0,0.0,0.0,0.0,0.0,0.0,Negligible,None,False,0.0,0.0,Small,Small,Stable,0.0,0.0
CDPDAGtm,0.0,0.0,0.0,0.0,0.0,0.0,0.0,0.0,0.0,0.0,Negligible,None,False,0.0,0.0,Small,Small,Stable,0.0,0.0
COAtg,0.0,0.0,0.0,0.0,0.0,0.0,0.0,0.0,0.0,0.0,Negligible,None,False,0.0,0.0,Small,Small,Stable,0.0,0.0
COAtl,0.0,0.0,0.0,0.0,0.0,0.0,0.0,0.0,0.0,0.0,Negligible,None,False,0.0,0.0,Small,Small,Stable,0.0,0.0
COAtn,0.0,0.0,0.0,0.0,0.0,0.0,0.0,0.0,0.0,0.0,Negligible,None,False,0.0,0.0,Small,Small,Stable,0.0,0.0
COAtr,0.0,0.0,0.0,0.0,0.0,0.0,0.0,0.0,0.0,0.0,Negligible,None,False,0.0,0.0,Small,Small,Stable,0.0,0.0
COKECBESr,0.0,0.0,0.0,0.0,0.0,0.0,0.0,0.0,0.0,0.0,Negligible,None,False,0.0,0.0,Small,Small,Stable,0.0,0.0
COQ3m,0.0,0.0,0.0,0.0,0.0,0.0,0.0,0.0,0.0,0.0,Negligible,None,False,0.0,0.0,Small,Small,Stable,0.0,0.0
COQ5m,0.0,0.0,0.0,0.0,0.0,0.0,0.0,0.0,0.0,0.0,Negligible,None,False,0.0,0.0,Small,Small,Stable,0.0,0.0
COQ6m,0.0,0.0,0.0,0.0,0.0,0.0,0.0,0.0,0.0,0.0,Negligible,None,False,0.0,0.0,Small,Small,Stable,0.0,0.0
COQ7m,0.0,0.0,0.0,0.0,0.0,0.0,0.0,0.0,0.0,0.0,Negligible,None,False,0.0,0.0,Small,Small,Stable,0.0,0.0
CORE3GTg,0.0,0.0,0.0,0.0,0.0,0.0,0.0,0.0,0.0,0.0,Negligible,None,False,0.0,0.0,Small,Small,Stable,0.0,0.0
CORE4GTg,0.0,0.0,0.0,0.0,0.0,0.0,0.0,0.0,0.0,0.0,Negligible,None,False,0.0,0.0,Small,Small,Stable,0.0,0.0
CORE5GTg,0.0,0.0,0.0,0.0,0.0,0.0,0.0,0.0,0.0,0.0,Negligible,None,False,0.0,0.0,Small,Small,Stable,0.0,0.0
CORE6GTg,0.0,0.0,0.0,0.0,0.0,0.0,0.0,0.0,0.0,0.0,Negligible,None,False,0.0,0.0,Small,Small,Stable,0.0,0.0
CORE7GTg,0.0,0.0,0.0,0.0,0.0,0.0,0.0,0.0,0.0,0.0,Negligible,None,False,0.0,0.0,Small,Small,Stable,0.0,0.0
CORE8GTg,0.0,0.0,0.0,0.0,0.0,0.0,0.0,0.0,0.0,0.0,Negligible,None,False,0.0,0.0,Small,Small,Stable,0.0,0.0
COUCOAFm,0.0,0.0,0.0,0.0,0.0,0.0,0.0,0.0,0.0,0.0,Negligible,None,False,0.0,0.0,Small,Small,Stable,0.0,0.0
COUMARINte,0.0,0.0,0.0,0.0,0.0,0.0,0.0,0.0,0.0,0.0,Negligible,None,False,0.0,0.0,Small,Small,Stable,0.0,0.0
COt,0.0,0.0,0.0,0.0,0.0,0.0,0.0,0.0,0.0,0.0,Negligible,None,False,0.0,0.0,Small,Small,Stable,0.0,0.0
CPCTDTX,0.0,0.0,0.0,0.0,0.0,0.0,0.0,0.0,0.0,0.0,Negligible,None,False,0.0,0.0,Small,Small,Stable,0.0,0.0
CPPPGO,0.0,0.0,0.0,0.0,0.0,0.0,0.0,0.0,0.0,0.0,Negligible,None,False,0.0,0.0,Small,Small,Stable,0.0,0.0
CREATt4_2_r,0.0,0.0,0.0,0.0,0.0,0.0,0.0,0.0,0.0,0.0,Negligible,None,False,0.0,0.0,Small,Small,Stable,0.0,0.0
CREATtmdiffir,0.0,0.0,0.0,0.0,0.0,0.0,0.0,0.0,0.0,0.0,Negligible,None,False,0.0,0.0,Small,Small,Stable,0.0,0.0
CRMPte,0.0,0.0,0.0,0.0,0.0,0.0,0.0,0.0,0.0,0.0,Negligible,None,False,0.0,0.0,Small,Small,Stable,0.0,0.0
CRNCAR3tp,0.0,0.0,0.0,0.0,0.0,0.0,0.0,0.0,0.0,0.0,Negligible,None,False,0.0,0.0,Small,Small,Stable,0.0,0.0
CRNCARtp,0.0,0.394198276641,0.394081546052,0.394198276641,-0.00011673058899996924,0.394081546052,0.394198276641,0.00011673058899996924,99.99999123120588,8.768794111815813e-06,Antagonistic,Diet overcomes microbiome,True,0.0,-0.00029612151020710036,Small,Small,Diet (opposed by microbiome),100.02962092241299,0.0296209224129887
CRNt_copy1,0.0,0.0,0.0,0.0,0.0,0.0,0.0,0.0,0.0,0.0,Negligible,None,False,0.0,0.0,Small,Small,Stable,0.0,0.0
CRNtHa,0.0,0.0,0.0,0.0,0.0,0.0,0.0,0.0,0.0,0.0,Negligible,None,False,0.0,0.0,Small,Small,Stable,0.0,0.0
CRNtim,0.0,0.0,0.0,0.0,0.0,0.0,0.0,0.0,0.0,0.0,Negligible,None,False,0.0,0.0,Small,Small,Stable,0.0,0.0
CRNt_copy2,0.0,0.0,0.0,0.0,0.0,0.0,0.0,0.0,0.0,0.0,Negligible,None,False,0.0,0.0,Small,Small,Stable,0.0,0.0
CRNtuNa,0.0,0.0,0.0,0.0,0.0,0.0,0.0,0.0,0.0,0.0,Negligible,None,False,0.0,0.0,Small,Small,Stable,0.0,0.0
CRNtx,0.0,0.0,0.0,0.0,0.0,0.0,0.0,0.0,0.0,0.0,Negligible,None,False,0.0,0.0,Small,Small,Stable,0.0,0.0
CRTNsyn,0.0,0.0,0.0,0.0,0.0,0.0,0.0,0.0,0.0,0.0,Negligible,None,False,0.0,0.0,Small,Small,Stable,0.0,0.0
CRTSLt,0.0,0.0,0.0,0.0,0.0,0.0,0.0,0.0,0.0,0.0,Negligible,None,False,0.0,0.0,Small,Small,Stable,0.0,0.0
CRTSLtm,0.0,0.0,0.0,0.0,0.0,0.0,0.0,0.0,0.0,0.0,Negligible,None,False,0.0,0.0,Small,Small,Stable,0.0,0.0
CRTSLtr,0.0,0.0,0.0,0.0,0.0,0.0,0.0,0.0,0.0,0.0,Negligible,None,False,0.0,0.0,Small,Small,Stable,0.0,0.0
CRTSTRNt,0.0,0.0,0.0,0.0,0.0,0.0,0.0,0.0,0.0,0.0,Negligible,None,False,0.0,0.0,Small,Small,Stable,0.0,0.0
CRTSTRNtm,0.0,0.0,0.0,0.0,0.0,0.0,0.0,0.0,0.0,0.0,Negligible,None,False,0.0,0.0,Small,Small,Stable,0.0,0.0
CRTSTRNtr,0.0,0.0,0.0,0.0,0.0,0.0,0.0,0.0,0.0,0.0,Negligible,None,False,0.0,0.0,Small,Small,Stable,0.0,0.0
CRVNCtr,0.0,0.0,0.0,0.0,0.0,0.0,0.0,0.0,0.0,0.0,Negligible,None,False,0.0,0.0,Small,Small,Stable,0.0,0.0
CSAPASEly,0.0,0.0,0.0,0.0,0.0,0.0,0.0,0.0,0.0,0.0,Negligible,None,False,0.0,0.0,Small,Small,Stable,0.0,0.0
CSBPASEly,0.0,0.0,0.0,0.0,0.0,0.0,0.0,0.0,0.0,0.0,Negligible,None,False,0.0,0.0,Small,Small,Stable,0.0,0.0
CSCPASEly,0.0,0.0,0.0,0.0,0.0,0.0,0.0,0.0,0.0,0.0,Negligible,None,False,0.0,0.0,Small,Small,Stable,0.0,0.0
CSDPASEly,0.0,0.0,0.0,0.0,0.0,0.0,0.0,0.0,0.0,0.0,Negligible,None,False,0.0,0.0,Small,Small,Stable,0.0,0.0
CSEPASEly,0.0,0.0,0.0,0.0,0.0,0.0,0.0,0.0,0.0,0.0,Negligible,None,False,0.0,0.0,Small,Small,Stable,0.0,0.0
CSNATr_copy1,0.0,0.0,0.0,0.0,0.0,0.0,0.0,0.0,0.0,0.0,Negligible,None,False,0.0,0.0,Small,Small,Stable,0.0,0.0
CSNAT2m,0.0,0.0,0.0,0.0,0.0,0.0,0.0,0.0,0.0,0.0,Negligible,None,False,0.0,0.0,Small,Small,Stable,0.0,0.0
CSNAT2x,0.0,0.0,0.0,0.0,0.0,0.0,0.0,0.0,0.0,0.0,Negligible,None,False,0.0,0.0,Small,Small,Stable,0.0,0.0
CSNAT3x,0.0,0.0,0.0,0.0,0.0,0.0,0.0,0.0,0.0,0.0,Negligible,None,False,0.0,0.0,Small,Small,Stable,0.0,0.0
CSNATer,0.0,0.0,0.0,0.0,0.0,0.0,0.0,0.0,0.0,0.0,Negligible,None,False,0.0,0.0,Small,Small,Stable,0.0,0.0
CSNATm,0.0,0.0,0.0,0.0,0.0,0.0,0.0,0.0,0.0,0.0,Negligible,None,False,0.0,0.0,Small,Small,Stable,0.0,0.0
CSNATp,0.0,0.394198276641,0.394081546052,0.394198276641,-0.00011673058899996924,0.394081546052,0.394198276641,0.00011673058899996924,99.99999123120588,8.768794111815813e-06,Antagonistic,Diet overcomes microbiome,True,0.0,-0.00029612151020710036,Small,Small,Diet (opposed by microbiome),100.02962092241299,0.0296209224129887
CSNATr_copy2,0.0,-0.394198276641,-0.394081546052,-0.394198276641,0.00011673058899996924,-0.394081546052,0.394198276641,0.00011673058899996924,99.99999123120588,8.768794111815813e-06,Antagonistic,Diet overcomes microbiome,True,0.0,0.00029612151020710036,Small,Small,Diet (opposed by microbiome),100.02962092241299,0.0296209224129887
CSND,0.2,0.15,0.15,-0.05000000000000002,0.0,-0.05000000000000002,0.05000000000000002,0.0,100.0,0.0,Synergistic,Diet-dominated synergy,False,-0.25000000000000006,0.0,Medium,Small,Diet,100.0,0.0
CSNt,0.2,0.15,0.15,-0.05000000000000002,0.0,-0.05000000000000002,0.05000000000000002,0.0,100.0,0.0,Synergistic,Diet-dominated synergy,False,-0.25000000000000006,0.0,Medium,Small,Diet,100.0,0.0
CSPG_At,0.0,0.0,0.0,0.0,0.0,0.0,0.0,0.0,0.0,0.0,Negligible,None,False,0.0,0.0,Small,Small,Stable,0.0,0.0
CSPG_Atly,0.0,0.0,0.0,0.0,0.0,0.0,0.0,0.0,0.0,0.0,Negligible,None,False,0.0,0.0,Small,Small,Stable,0.0,0.0
CSPG_Bt,0.0,0.0,0.0,0.0,0.0,0.0,0.0,0.0,0.0,0.0,Negligible,None,False,0.0,0.0,Small,Small,Stable,0.0,0.0
CSPG_Btly,0.0,0.0,0.0,0.0,0.0,0.0,0.0,0.0,0.0,0.0,Negligible,None,False,0.0,0.0,Small,Small,Stable,0.0,0.0
CSPG_Ct,0.0,0.0,0.0,0.0,0.0,0.0,0.0,0.0,0.0,0.0,Negligible,None,False,0.0,0.0,Small,Small,Stable,0.0,0.0
CSPG_Ctly,0.0,0.0,0.0,0.0,0.0,0.0,0.0,0.0,0.0,0.0,Negligible,None,False,0.0,0.0,Small,Small,Stable,0.0,0.0
CSPG_Dt,0.0,0.0,0.0,0.0,0.0,0.0,0.0,0.0,0.0,0.0,Negligible,None,False,0.0,0.0,Small,Small,Stable,0.0,0.0
CSPG_Dtly,0.0,0.0,0.0,0.0,0.0,0.0,0.0,0.0,0.0,0.0,Negligible,None,False,0.0,0.0,Small,Small,Stable,0.0,0.0
CSPG_Et,0.0,0.0,0.0,0.0,0.0,0.0,0.0,0.0,0.0,0.0,Negligible,None,False,0.0,0.0,Small,Small,Stable,0.0,0.0
CSPG_Etly,0.0,0.0,0.0,0.0,0.0,0.0,0.0,0.0,0.0,0.0,Negligible,None,False,0.0,0.0,Small,Small,Stable,0.0,0.0
CSm,0.0,0.0,0.0,0.0,0.0,0.0,0.0,0.0,0.0,0.0,Negligible,None,False,0.0,0.0,Small,Small,Stable,0.0,0.0
CTPS1,0.0,0.0,0.0,0.0,0.0,0.0,0.0,0.0,0.0,0.0,Negligible,None,False,0.0,0.0,Small,Small,Stable,0.0,0.0
CTPtn,0.0,0.0,0.0,0.0,0.0,0.0,0.0,0.0,0.0,0.0,Negligible,None,False,0.0,0.0,Small,Small,Stable,0.0,0.0
CYANSTm,0.0,0.0,0.0,0.0,0.0,0.0,0.0,0.0,0.0,0.0,Negligible,None,False,0.0,0.0,Small,Small,Stable,0.0,0.0
CYANt,0.0,0.0,0.0,0.0,0.0,0.0,0.0,0.0,0.0,0.0,Negligible,None,False,0.0,0.0,Small,Small,Stable,0.0,0.0
CYANtm,0.0,0.0,0.0,0.0,0.0,0.0,0.0,0.0,0.0,0.0,Negligible,None,False,0.0,0.0,Small,Small,Stable,0.0,0.0
CYOOm3,0.0,0.0,0.0,0.0,0.0,0.0,0.0,0.0,0.0,0.0,Negligible,None,False,0.0,0.0,Small,Small,Stable,0.0,0.0
DALAt2rL,0.0,0.0,0.0,0.0,0.0,0.0,0.0,0.0,0.0,0.0,Negligible,None,False,0.0,0.0,Small,Small,Stable,0.0,0.0
DALAxt,0.0,0.1,0.1,0.1,0.0,0.1,0.1,0.0,100.0,0.0,Synergistic,Diet-dominated synergy,False,0.0,0.0,Small,Small,Diet,100.0,0.0
DARGOp,0.0,0.0,0.0,0.0,0.0,0.0,0.0,0.0,0.0,0.0,Negligible,None,False,0.0,0.0,Small,Small,Stable,0.0,0.0
DASCBH,0.0,0.0,0.0,0.0,0.0,0.0,0.0,0.0,0.0,0.0,Negligible,None,False,0.0,0.0,Small,Small,Stable,0.0,0.0
DASCBR,0.0,0.075,0.075,0.075,0.0,0.075,0.075,0.0,100.0,0.0,Synergistic,Diet-dominated synergy,False,0.0,0.0,Small,Small,Diet,100.0,0.0
DASPO1p,0.0,0.0,0.0,0.0,0.0,0.0,0.0,0.0,0.0,0.0,Negligible,None,False,0.0,0.0,Small,Small,Stable,0.0,0.0
DATPtn,0.0,0.0,0.0,0.0,0.0,0.0,0.0,0.0,0.0,0.0,Negligible,None,False,0.0,0.0,Small,Small,Stable,0.0,0.0
DCIm,0.0,0.0,0.0,0.0,0.0,0.0,0.0,0.0,0.0,0.0,Negligible,None,False,0.0,0.0,Small,Small,Stable,0.0,0.0
DCK1m,0.0,0.0,0.0,0.0,0.0,0.0,0.0,0.0,0.0,0.0,Negligible,None,False,0.0,0.0,Small,Small,Stable,0.0,0.0
DCK1n,0.0,0.0,0.0,0.0,0.0,0.0,0.0,0.0,0.0,0.0,Negligible,None,False,0.0,0.0,Small,Small,Stable,0.0,0.0
DCK2n,0.0,0.0,0.0,0.0,0.0,0.0,0.0,0.0,0.0,0.0,Negligible,None,False,0.0,0.0,Small,Small,Stable,0.0,0.0
DCSPTN1COAtx,0.0,0.0,0.0,0.0,0.0,0.0,0.0,0.0,0.0,0.0,Negligible,None,False,0.0,0.0,Small,Small,Stable,0.0,0.0
DCSPTN1CPT1,0.0,0.0,0.0,0.0,0.0,0.0,0.0,0.0,0.0,0.0,Negligible,None,False,0.0,0.0,Small,Small,Stable,0.0,0.0
DCSPTN1CPT2,0.0,0.0,0.0,0.0,0.0,0.0,0.0,0.0,0.0,0.0,Negligible,None,False,0.0,0.0,Small,Small,Stable,0.0,0.0
DCSPTN1CRNt,0.0,0.0,0.0,0.0,0.0,0.0,0.0,0.0,0.0,0.0,Negligible,None,False,0.0,0.0,Small,Small,Stable,0.0,0.0
DCSPTN1t,0.0,0.0,0.0,0.0,0.0,0.0,0.0,0.0,0.0,0.0,Negligible,None,False,0.0,0.0,Small,Small,Stable,0.0,0.0
DCT,0.0,0.0,0.0,0.0,0.0,0.0,0.0,0.0,0.0,0.0,Negligible,None,False,0.0,0.0,Small,Small,Stable,0.0,0.0
DCTPtn,0.0,0.0,0.0,0.0,0.0,0.0,0.0,0.0,0.0,0.0,Negligible,None,False,0.0,0.0,Small,Small,Stable,0.0,0.0
DCYTD,0.0,0.0,0.0,0.0,0.0,0.0,0.0,0.0,0.0,0.0,Negligible,None,False,0.0,0.0,Small,Small,Stable,0.0,0.0
DCYTDn,0.0,0.0,0.0,0.0,0.0,0.0,0.0,0.0,0.0,0.0,Negligible,None,False,0.0,0.0,Small,Small,Stable,0.0,0.0
DCYTt,0.0,0.0,0.0,0.0,0.0,0.0,0.0,0.0,0.0,0.0,Negligible,None,False,0.0,0.0,Small,Small,Stable,0.0,0.0
DDPGAm,0.0,0.0,0.0,0.0,0.0,0.0,0.0,0.0,0.0,0.0,Negligible,None,False,0.0,0.0,Small,Small,Stable,0.0,0.0
DEBRISOQUINEt,0.0,0.0,0.0,0.0,0.0,0.0,0.0,0.0,0.0,0.0,Negligible,None,False,0.0,0.0,Small,Small,Stable,0.0,0.0
DECDPtm,0.0,0.0,0.0,0.0,0.0,0.0,0.0,0.0,0.0,0.0,Negligible,None,False,0.0,0.0,Small,Small,Stable,0.0,0.0
DEDOLP1_L,0.0,0.0,0.0,0.0,0.0,0.0,0.0,0.0,0.0,0.0,Negligible,None,False,0.0,0.0,Small,Small,Stable,0.0,0.0
DEDOLP1_U,0.0,0.0,0.0,0.0,0.0,0.0,0.0,0.0,0.0,0.0,Negligible,None,False,0.0,0.0,Small,Small,Stable,0.0,0.0
DEDOLP2_L,0.0,0.0,0.0,0.0,0.0,0.0,0.0,0.0,0.0,0.0,Negligible,None,False,0.0,0.0,Small,Small,Stable,0.0,0.0
DEDOLP2_U,0.0,0.0,0.0,0.0,0.0,0.0,0.0,0.0,0.0,0.0,Negligible,None,False,0.0,0.0,Small,Small,Stable,0.0,0.0
DEDOLR_L,0.0,0.0,0.0,0.0,0.0,0.0,0.0,0.0,0.0,0.0,Negligible,None,False,0.0,0.0,Small,Small,Stable,0.0,0.0
DEDOLR_U,0.0,0.0,0.0,0.0,0.0,0.0,0.0,0.0,0.0,0.0,Negligible,None,False,0.0,0.0,Small,Small,Stable,0.0,0.0
DESAT18_10,0.0,0.0,0.0,0.0,0.0,0.0,0.0,0.0,0.0,0.0,Negligible,None,False,0.0,0.0,Small,Small,Stable,0.0,0.0
DESAT18_3,0.0,0.0,0.0,0.0,0.0,0.0,0.0,0.0,0.0,0.0,Negligible,None,False,0.0,0.0,Small,Small,Stable,0.0,0.0
DESAT18_4,0.0,0.0,0.0,0.0,0.0,0.0,0.0,0.0,0.0,0.0,Negligible,None,False,0.0,0.0,Small,Small,Stable,0.0,0.0
DESAT18_5,0.0,0.0,0.0,0.0,0.0,0.0,0.0,0.0,0.0,0.0,Negligible,None,False,0.0,0.0,Small,Small,Stable,0.0,0.0
DESAT18_6,0.0,0.0,0.0,0.0,0.0,0.0,0.0,0.0,0.0,0.0,Negligible,None,False,0.0,0.0,Small,Small,Stable,0.0,0.0
DESAT18_7,0.0,0.0,0.0,0.0,0.0,0.0,0.0,0.0,0.0,0.0,Negligible,None,False,0.0,0.0,Small,Small,Stable,0.0,0.0
DESAT18_8,0.0,0.0,0.0,0.0,0.0,0.0,0.0,0.0,0.0,0.0,Negligible,None,False,0.0,0.0,Small,Small,Stable,0.0,0.0
DESAT18_9,0.0,0.0,0.0,0.0,0.0,0.0,0.0,0.0,0.0,0.0,Negligible,None,False,0.0,0.0,Small,Small,Stable,0.0,0.0
DESAT20_1,0.0,0.0,0.0,0.0,0.0,0.0,0.0,0.0,0.0,0.0,Negligible,None,False,0.0,0.0,Small,Small,Stable,0.0,0.0
DESAT20_2,0.0,0.0,0.0,0.0,0.0,0.0,0.0,0.0,0.0,0.0,Negligible,None,False,0.0,0.0,Small,Small,Stable,0.0,0.0
DESAT22_1p,0.0,0.0,0.0,0.0,0.0,0.0,0.0,0.0,0.0,0.0,Negligible,None,False,0.0,0.0,Small,Small,Stable,0.0,0.0
DESAT22_2p,0.0,0.0,0.0,0.0,0.0,0.0,0.0,0.0,0.0,0.0,Negligible,None,False,0.0,0.0,Small,Small,Stable,0.0,0.0
DESAT24_1,0.0,0.0,0.0,0.0,0.0,0.0,0.0,0.0,0.0,0.0,Negligible,None,False,0.0,0.0,Small,Small,Stable,0.0,0.0
DGAT,0.0,0.0,0.0,0.0,0.0,0.0,0.0,0.0,0.0,0.0,Negligible,None,False,0.0,0.0,Small,Small,Stable,0.0,0.0
DGCHOLte,0.0,0.0,0.0,0.0,0.0,0.0,0.0,0.0,0.0,0.0,Negligible,None,False,0.0,0.0,Small,Small,Stable,0.0,0.0
DGCHOLtx,0.0,0.0,0.0,0.0,0.0,0.0,0.0,0.0,0.0,0.0,Negligible,None,False,0.0,0.0,Small,Small,Stable,0.0,0.0
DGK2m,0.0,0.0,0.0,0.0,0.0,0.0,0.0,0.0,0.0,0.0,Negligible,None,False,0.0,0.0,Small,Small,Stable,0.0,0.0
DGNSKm,0.0,0.0,0.0,0.0,0.0,0.0,0.0,0.0,0.0,0.0,Negligible,None,False,0.0,0.0,Small,Small,Stable,0.0,0.0
DGSNt,0.0,0.0,0.0,0.0,0.0,0.0,0.0,0.0,0.0,0.0,Negligible,None,False,0.0,0.0,Small,Small,Stable,0.0,0.0
DGSNtm,0.0,0.0,0.0,0.0,0.0,0.0,0.0,0.0,0.0,0.0,Negligible,None,False,0.0,0.0,Small,Small,Stable,0.0,0.0
DGTPtn,0.0,0.0,0.0,0.0,0.0,0.0,0.0,0.0,0.0,0.0,Negligible,None,False,0.0,0.0,Small,Small,Stable,0.0,0.0
DGULND,0.2,0.15,0.15,-0.05000000000000002,0.0,-0.05000000000000002,0.05000000000000002,0.0,100.0,0.0,Synergistic,Diet-dominated synergy,False,-0.25000000000000006,0.0,Medium,Small,Diet,100.0,0.0
DHAAt1r,0.1,0.075,0.075,-0.02500000000000001,0.0,-0.02500000000000001,0.02500000000000001,0.0,100.0,0.0,Synergistic,Diet-dominated synergy,False,-0.25000000000000006,0.0,Medium,Small,Diet,100.0,0.0
DHAPA,0.0,0.0,0.0,0.0,0.0,0.0,0.0,0.0,0.0,0.0,Negligible,None,False,0.0,0.0,Small,Small,Stable,0.0,0.0
DHAPAx,0.0,0.0,0.0,0.0,0.0,0.0,0.0,0.0,0.0,0.0,Negligible,None,False,0.0,0.0,Small,Small,Stable,0.0,0.0
DHCHOLESTANATEtm,0.0,0.0,0.0,0.0,0.0,0.0,0.0,0.0,0.0,0.0,Negligible,None,False,0.0,0.0,Small,Small,Stable,0.0,0.0
DHCR241r,0.0,0.0,0.0,0.0,0.0,0.0,0.0,0.0,0.0,0.0,Negligible,None,False,0.0,0.0,Small,Small,Stable,0.0,0.0
DHDPBMTm,0.0,0.0,0.0,0.0,0.0,0.0,0.0,0.0,0.0,0.0,Negligible,None,False,0.0,0.0,Small,Small,Stable,0.0,0.0
DHEASULT,0.0,0.0,0.0,0.0,0.0,0.0,0.0,0.0,0.0,0.0,Negligible,None,False,0.0,0.0,Small,Small,Stable,0.0,0.0
DHEAStr,0.0,0.0,0.0,0.0,0.0,0.0,0.0,0.0,0.0,0.0,Negligible,None,False,0.0,0.0,Small,Small,Stable,0.0,0.0
DHEAtr,0.0,0.0,0.0,0.0,0.0,0.0,0.0,0.0,0.0,0.0,Negligible,None,False,0.0,0.0,Small,Small,Stable,0.0,0.0
DHFtl,0.0,0.0,0.0,0.0,0.0,0.0,0.0,0.0,0.0,0.0,Negligible,None,False,0.0,0.0,Small,Small,Stable,0.0,0.0
DHFtm,0.0,0.0,0.0,0.0,0.0,0.0,0.0,0.0,0.0,0.0,Negligible,None,False,0.0,0.0,Small,Small,Stable,0.0,0.0
DHORD9,0.0,0.0,0.0,0.0,0.0,0.0,0.0,0.0,0.0,0.0,Negligible,None,False,0.0,0.0,Small,Small,Stable,0.0,0.0
DHORTS,0.0,0.0,0.0,0.0,0.0,0.0,0.0,0.0,0.0,0.0,Negligible,None,False,0.0,0.0,Small,Small,Stable,0.0,0.0
DHPM2,0.2,0.141549903395,0.141551344113,-0.058450096605,1.4407179999842423e-06,-0.05844865588700002,0.058450096605,1.4407179999842423e-06,99.99999993924425,6.075576554541197e-08,Antagonistic,Diet overcomes microbiome,True,-0.292250483025,1.0178163074854723e-05,Medium,Small,Diet (opposed by microbiome),100.00246492922398,0.0024649292239835455
DHPR2,0.0,0.0,0.0,0.0,0.0,0.0,0.0,0.0,0.0,0.0,Negligible,None,False,0.0,0.0,Small,Small,Stable,0.0,0.0
DIDPtn,0.0,0.0,0.0,0.0,0.0,0.0,0.0,0.0,0.0,0.0,Negligible,None,False,0.0,0.0,Small,Small,Stable,0.0,0.0
DNDPt50m,0.0,0.0,0.0,0.0,0.0,0.0,0.0,0.0,0.0,0.0,Negligible,None,False,0.0,0.0,Small,Small,Stable,0.0,0.0
DNDPt51m,0.0,0.0,0.0,0.0,0.0,0.0,0.0,0.0,0.0,0.0,Negligible,None,False,0.0,0.0,Small,Small,Stable,0.0,0.0
DNDPt52m,0.0,0.0,0.0,0.0,0.0,0.0,0.0,0.0,0.0,0.0,Negligible,None,False,0.0,0.0,Small,Small,Stable,0.0,0.0
DNDPt53m,0.0,0.0,0.0,0.0,0.0,0.0,0.0,0.0,0.0,0.0,Negligible,None,False,0.0,0.0,Small,Small,Stable,0.0,0.0
DNDPt54m,0.0,0.0,0.0,0.0,0.0,0.0,0.0,0.0,0.0,0.0,Negligible,None,False,0.0,0.0,Small,Small,Stable,0.0,0.0
DNDPt55m,0.0,0.0,0.0,0.0,0.0,0.0,0.0,0.0,0.0,0.0,Negligible,None,False,0.0,0.0,Small,Small,Stable,0.0,0.0
DNDPt56m,0.0,0.0,0.0,0.0,0.0,0.0,0.0,0.0,0.0,0.0,Negligible,None,False,0.0,0.0,Small,Small,Stable,0.0,0.0
DNDPt57m,0.0,0.0,0.0,0.0,0.0,0.0,0.0,0.0,0.0,0.0,Negligible,None,False,0.0,0.0,Small,Small,Stable,0.0,0.0
DNDPt58m,0.0,0.0,0.0,0.0,0.0,0.0,0.0,0.0,0.0,0.0,Negligible,None,False,0.0,0.0,Small,Small,Stable,0.0,0.0
DNDPt59m,0.0,0.0,0.0,0.0,0.0,0.0,0.0,0.0,0.0,0.0,Negligible,None,False,0.0,0.0,Small,Small,Stable,0.0,0.0
DNDPt5m,0.0,0.0,0.0,0.0,0.0,0.0,0.0,0.0,0.0,0.0,Negligible,None,False,0.0,0.0,Small,Small,Stable,0.0,0.0
DNDPt60m,0.0,0.0,0.0,0.0,0.0,0.0,0.0,0.0,0.0,0.0,Negligible,None,False,0.0,0.0,Small,Small,Stable,0.0,0.0
DNDPt61m,0.0,0.0,0.0,0.0,0.0,0.0,0.0,0.0,0.0,0.0,Negligible,None,False,0.0,0.0,Small,Small,Stable,0.0,0.0
DNDPt62m,0.0,0.0,0.0,0.0,0.0,0.0,0.0,0.0,0.0,0.0,Negligible,None,False,0.0,0.0,Small,Small,Stable,0.0,0.0
DNDPt63m,0.0,0.0,0.0,0.0,0.0,0.0,0.0,0.0,0.0,0.0,Negligible,None,False,0.0,0.0,Small,Small,Stable,0.0,0.0
DNDPt6m,0.0,0.0,0.0,0.0,0.0,0.0,0.0,0.0,0.0,0.0,Negligible,None,False,0.0,0.0,Small,Small,Stable,0.0,0.0
DNDPt7m,0.0,0.0,0.0,0.0,0.0,0.0,0.0,0.0,0.0,0.0,Negligible,None,False,0.0,0.0,Small,Small,Stable,0.0,0.0
DNDPt8m,0.0,0.0,0.0,0.0,0.0,0.0,0.0,0.0,0.0,0.0,Negligible,None,False,0.0,0.0,Small,Small,Stable,0.0,0.0
DNDPt9m,0.0,0.0,0.0,0.0,0.0,0.0,0.0,0.0,0.0,0.0,Negligible,None,False,0.0,0.0,Small,Small,Stable,0.0,0.0
DOGULND1,0.0,0.0,0.0,0.0,0.0,0.0,0.0,0.0,0.0,0.0,Negligible,None,False,0.0,0.0,Small,Small,Stable,0.0,0.0
DOGULND2,0.0,0.0,0.0,0.0,0.0,0.0,0.0,0.0,0.0,0.0,Negligible,None,False,0.0,0.0,Small,Small,Stable,0.0,0.0
DOGULNO1,0.0,0.0,0.0,0.0,0.0,0.0,0.0,0.0,0.0,0.0,Negligible,None,False,0.0,0.0,Small,Small,Stable,0.0,0.0
DOGULNO2,0.0,0.0,0.0,0.0,0.0,0.0,0.0,0.0,0.0,0.0,Negligible,None,False,0.0,0.0,Small,Small,Stable,0.0,0.0
DOLASNT_Ler,0.0,0.0,0.0,0.0,0.0,0.0,0.0,0.0,0.0,0.0,Negligible,None,False,0.0,0.0,Small,Small,Stable,0.0,0.0
DOLASNT_Uer,0.0,0.0,0.0,0.0,0.0,0.0,0.0,0.0,0.0,0.0,Negligible,None,False,0.0,0.0,Small,Small,Stable,0.0,0.0
DOLDPP_Ler,0.0,0.0,0.0,0.0,0.0,0.0,0.0,0.0,0.0,0.0,Negligible,None,False,0.0,0.0,Small,Small,Stable,0.0,0.0
DOLDPP_Uer,0.0,0.0,0.0,0.0,0.0,0.0,0.0,0.0,0.0,0.0,Negligible,None,False,0.0,0.0,Small,Small,Stable,0.0,0.0
DOLGLCP_Lter,0.0,0.0,0.0,0.0,0.0,0.0,0.0,0.0,0.0,0.0,Negligible,None,False,0.0,0.0,Small,Small,Stable,0.0,0.0
DOLGLCP_Uter,0.0,0.0,0.0,0.0,0.0,0.0,0.0,0.0,0.0,0.0,Negligible,None,False,0.0,0.0,Small,Small,Stable,0.0,0.0
DOLGPP_Ler,0.0,0.0,0.0,0.0,0.0,0.0,0.0,0.0,0.0,0.0,Negligible,None,False,0.0,0.0,Small,Small,Stable,0.0,0.0
DOLGPP_Uer,0.0,0.0,0.0,0.0,0.0,0.0,0.0,0.0,0.0,0.0,Negligible,None,False,0.0,0.0,Small,Small,Stable,0.0,0.0
DOLICHOL_Lter,0.0,0.0,0.0,0.0,0.0,0.0,0.0,0.0,0.0,0.0,Negligible,None,False,0.0,0.0,Small,Small,Stable,0.0,0.0
DOLICHOL_Uter,0.0,0.0,0.0,0.0,0.0,0.0,0.0,0.0,0.0,0.0,Negligible,None,False,0.0,0.0,Small,Small,Stable,0.0,0.0
DOLK_L,0.0,0.0,0.0,0.0,0.0,0.0,0.0,0.0,0.0,0.0,Negligible,None,False,0.0,0.0,Small,Small,Stable,0.0,0.0
DOLK_U,0.0,0.0,0.0,0.0,0.0,0.0,0.0,0.0,0.0,0.0,Negligible,None,False,0.0,0.0,Small,Small,Stable,0.0,0.0
DOLMANP_Lter,0.0,0.0,0.0,0.0,0.0,0.0,0.0,0.0,0.0,0.0,Negligible,None,False,0.0,0.0,Small,Small,Stable,0.0,0.0
DOLMANP_Uter,0.0,0.0,0.0,0.0,0.0,0.0,0.0,0.0,0.0,0.0,Negligible,None,False,0.0,0.0,Small,Small,Stable,0.0,0.0
DOLPGT1_Ler,0.0,0.0,0.0,0.0,0.0,0.0,0.0,0.0,0.0,0.0,Negligible,None,False,0.0,0.0,Small,Small,Stable,0.0,0.0
DOLPGT1_Uer,0.0,0.0,0.0,0.0,0.0,0.0,0.0,0.0,0.0,0.0,Negligible,None,False,0.0,0.0,Small,Small,Stable,0.0,0.0
DOLPGT2_Ler,0.0,0.0,0.0,0.0,0.0,0.0,0.0,0.0,0.0,0.0,Negligible,None,False,0.0,0.0,Small,Small,Stable,0.0,0.0
DOLPGT2_Uer,0.0,0.0,0.0,0.0,0.0,0.0,0.0,0.0,0.0,0.0,Negligible,None,False,0.0,0.0,Small,Small,Stable,0.0,0.0
DOLPGT3_Ler,0.0,0.0,0.0,0.0,0.0,0.0,0.0,0.0,0.0,0.0,Negligible,None,False,0.0,0.0,Small,Small,Stable,0.0,0.0
DOLPGT3_Uer,0.0,0.0,0.0,0.0,0.0,0.0,0.0,0.0,0.0,0.0,Negligible,None,False,0.0,0.0,Small,Small,Stable,0.0,0.0
DOLPH_Ler,0.0,0.0,0.0,0.0,0.0,0.0,0.0,0.0,0.0,0.0,Negligible,None,False,0.0,0.0,Small,Small,Stable,0.0,0.0
DOLPH_Uer,0.0,0.0,0.0,0.0,0.0,0.0,0.0,0.0,0.0,0.0,Negligible,None,False,0.0,0.0,Small,Small,Stable,0.0,0.0
DOLPMT1_Ler,0.0,0.0,0.0,0.0,0.0,0.0,0.0,0.0,0.0,0.0,Negligible,None,False,0.0,0.0,Small,Small,Stable,0.0,0.0
DOLPMT1_Uer,0.0,0.0,0.0,0.0,0.0,0.0,0.0,0.0,0.0,0.0,Negligible,None,False,0.0,0.0,Small,Small,Stable,0.0,0.0
DOLPMT2_Ler,0.0,0.0,0.0,0.0,0.0,0.0,0.0,0.0,0.0,0.0,Negligible,None,False,0.0,0.0,Small,Small,Stable,0.0,0.0
DOLPMT2_Uer,0.0,0.0,0.0,0.0,0.0,0.0,0.0,0.0,0.0,0.0,Negligible,None,False,0.0,0.0,Small,Small,Stable,0.0,0.0
DOLPMT3_Ler,0.0,0.0,0.0,0.0,0.0,0.0,0.0,0.0,0.0,0.0,Negligible,None,False,0.0,0.0,Small,Small,Stable,0.0,0.0
DOLPMT3_Uer,0.0,0.0,0.0,0.0,0.0,0.0,0.0,0.0,0.0,0.0,Negligible,None,False,0.0,0.0,Small,Small,Stable,0.0,0.0
DOLPMT4_Ler,0.0,0.0,0.0,0.0,0.0,0.0,0.0,0.0,0.0,0.0,Negligible,None,False,0.0,0.0,Small,Small,Stable,0.0,0.0
DOLPMT4_Uer,0.0,0.0,0.0,0.0,0.0,0.0,0.0,0.0,0.0,0.0,Negligible,None,False,0.0,0.0,Small,Small,Stable,0.0,0.0
DOLPMT_L,0.0,0.0,0.0,0.0,0.0,0.0,0.0,0.0,0.0,0.0,Negligible,None,False,0.0,0.0,Small,Small,Stable,0.0,0.0
DOLPMT_U,0.0,0.0,0.0,0.0,0.0,0.0,0.0,0.0,0.0,0.0,Negligible,None,False,0.0,0.0,Small,Small,Stable,0.0,0.0
DOLP_Lter,0.0,0.0,0.0,0.0,0.0,0.0,0.0,0.0,0.0,0.0,Negligible,None,False,0.0,0.0,Small,Small,Stable,0.0,0.0
DOLP_Uter,0.0,0.0,0.0,0.0,0.0,0.0,0.0,0.0,0.0,0.0,Negligible,None,False,0.0,0.0,Small,Small,Stable,0.0,0.0
DOPABMO,0.0,0.0,0.0,0.0,0.0,0.0,0.0,0.0,0.0,0.0,Negligible,None,False,0.0,0.0,Small,Small,Stable,0.0,0.0
DOPACHRMISO,0.0,0.0,0.0,0.0,0.0,0.0,0.0,0.0,0.0,0.0,Negligible,None,False,0.0,0.0,Small,Small,Stable,0.0,0.0
DOPAMT,0.0,0.0,0.0,0.0,0.0,0.0,0.0,0.0,0.0,0.0,Negligible,None,False,0.0,0.0,Small,Small,Stable,0.0,0.0
DOPAQNISO1,0.0,0.0,0.0,0.0,0.0,0.0,0.0,0.0,0.0,0.0,Negligible,None,False,0.0,0.0,Small,Small,Stable,0.0,0.0
DOPASFt,0.0,0.0,0.0,0.0,0.0,0.0,0.0,0.0,0.0,0.0,Negligible,None,False,0.0,0.0,Small,Small,Stable,0.0,0.0
DOPAVESSEC,0.0,0.0,0.0,0.0,0.0,0.0,0.0,0.0,0.0,0.0,Negligible,None,False,0.0,0.0,Small,Small,Stable,0.0,0.0
DOPAt4_2_r,0.0,0.0,0.0,0.0,0.0,0.0,0.0,0.0,0.0,0.0,Negligible,None,False,0.0,0.0,Small,Small,Stable,0.0,0.0
DOPAtu,0.0,0.0,0.0,0.0,0.0,0.0,0.0,0.0,0.0,0.0,Negligible,None,False,0.0,0.0,Small,Small,Stable,0.0,0.0
DORNOp,0.0,0.0,0.0,0.0,0.0,0.0,0.0,0.0,0.0,0.0,Negligible,None,False,0.0,0.0,Small,Small,Stable,0.0,0.0
DPCOAK,0.0,0.0,0.0,0.0,0.0,0.0,0.0,0.0,0.0,0.0,Negligible,None,False,0.0,0.0,Small,Small,Stable,0.0,0.0
DPCOAPP,0.0,0.0,0.0,0.0,0.0,0.0,0.0,0.0,0.0,0.0,Negligible,None,False,0.0,0.0,Small,Small,Stable,0.0,0.0
DPCOAtl,0.0,0.0,0.0,0.0,0.0,0.0,0.0,0.0,0.0,0.0,Negligible,None,False,0.0,0.0,Small,Small,Stable,0.0,0.0
DPGM,0.0,0.0,0.0,0.0,0.0,0.0,0.0,0.0,0.0,0.0,Negligible,None,False,0.0,0.0,Small,Small,Stable,0.0,0.0
GALASE1ly,0.0,0.0,0.0,0.0,0.0,0.0,0.0,0.0,0.0,0.0,Negligible,None,False,0.0,0.0,Small,Small,Stable,0.0,0.0
GALASE20ly,0.0,0.0,0.0,0.0,0.0,0.0,0.0,0.0,0.0,0.0,Negligible,None,False,0.0,0.0,Small,Small,Stable,0.0,0.0
GALASE3ly,0.0,0.0,0.0,0.0,0.0,0.0,0.0,0.0,0.0,0.0,Negligible,None,False,0.0,0.0,Small,Small,Stable,0.0,0.0
GALASE4ly,0.0,0.0,0.0,0.0,0.0,0.0,0.0,0.0,0.0,0.0,Negligible,None,False,0.0,0.0,Small,Small,Stable,0.0,0.0
GALASE5ly,0.0,0.0,0.0,0.0,0.0,0.0,0.0,0.0,0.0,0.0,Negligible,None,False,0.0,0.0,Small,Small,Stable,0.0,0.0
GALASE6ly,0.0,0.0,0.0,0.0,0.0,0.0,0.0,0.0,0.0,0.0,Negligible,None,False,0.0,0.0,Small,Small,Stable,0.0,0.0
GALASE7ly,0.0,0.0,0.0,0.0,0.0,0.0,0.0,0.0,0.0,0.0,Negligible,None,False,0.0,0.0,Small,Small,Stable,0.0,0.0
GALASE8ly,0.0,0.0,0.0,0.0,0.0,0.0,0.0,0.0,0.0,0.0,Negligible,None,False,0.0,0.0,Small,Small,Stable,0.0,0.0
GALASE9ly,0.0,0.0,0.0,0.0,0.0,0.0,0.0,0.0,0.0,0.0,Negligible,None,False,0.0,0.0,Small,Small,Stable,0.0,0.0
GALC,0.0,0.0,0.0,0.0,0.0,0.0,0.0,0.0,0.0,0.0,Negligible,None,False,0.0,0.0,Small,Small,Stable,0.0,0.0
GALFUC12GAL14ACGLCGALGLUSIDEte,0.0,0.0,0.0,0.0,0.0,0.0,0.0,0.0,0.0,0.0,Negligible,None,False,0.0,0.0,Small,Small,Stable,0.0,0.0
GALFUC12GAL14ACGLCGALGLUSIDEtg,0.0,0.0,0.0,0.0,0.0,0.0,0.0,0.0,0.0,0.0,Negligible,None,False,0.0,0.0,Small,Small,Stable,0.0,0.0
GALFUCGALACGLCGAL14ACGLCGALGLUSIDEte,0.0,0.0,0.0,0.0,0.0,0.0,0.0,0.0,0.0,0.0,Negligible,None,False,0.0,0.0,Small,Small,Stable,0.0,0.0
GALFUCGALACGLCGAL14ACGLCGALGLUSIDEtg,0.0,0.0,0.0,0.0,0.0,0.0,0.0,0.0,0.0,0.0,Negligible,None,False,0.0,0.0,Small,Small,Stable,0.0,0.0
GALGALFUCFUCGALACGLCGALACGLCGAL14ACGLCGALGLUSIDEte,0.0,0.0,0.0,0.0,0.0,0.0,0.0,0.0,0.0,0.0,Negligible,None,False,0.0,0.0,Small,Small,Stable,0.0,0.0
GALGALFUCFUCGALACGLCGALACGLCGAL14ACGLCGALGLUSIDEtg,0.0,0.0,0.0,0.0,0.0,0.0,0.0,0.0,0.0,0.0,Negligible,None,False,0.0,0.0,Small,Small,Stable,0.0,0.0
GALGALGALTHCRMte,0.0,0.0,0.0,0.0,0.0,0.0,0.0,0.0,0.0,0.0,Negligible,None,False,0.0,0.0,Small,Small,Stable,0.0,0.0
GALGALGALTHCRMtg,0.0,0.0,0.0,0.0,0.0,0.0,0.0,0.0,0.0,0.0,Negligible,None,False,0.0,0.0,Small,Small,Stable,0.0,0.0
GALGLUSIDEtg,0.0,0.0,0.0,0.0,0.0,0.0,0.0,0.0,0.0,0.0,Negligible,None,False,0.0,0.0,Small,Small,Stable,0.0,0.0
GALGLUSIDEtl,0.0,0.0,0.0,0.0,0.0,0.0,0.0,0.0,0.0,0.0,Negligible,None,False,0.0,0.0,Small,Small,Stable,0.0,0.0
GALGT1,0.0,0.0,0.0,0.0,0.0,0.0,0.0,0.0,0.0,0.0,Negligible,None,False,0.0,0.0,Small,Small,Stable,0.0,0.0
GALGT2,0.0,0.0,0.0,0.0,0.0,0.0,0.0,0.0,0.0,0.0,Negligible,None,False,0.0,0.0,Small,Small,Stable,0.0,0.0
GALGT3,0.0,0.0,0.0,0.0,0.0,0.0,0.0,0.0,0.0,0.0,Negligible,None,False,0.0,0.0,Small,Small,Stable,0.0,0.0
GALGT4,0.0,0.0,0.0,0.0,0.0,0.0,0.0,0.0,0.0,0.0,Negligible,None,False,0.0,0.0,Small,Small,Stable,0.0,0.0
GALKr,1.0,0.5,0.5,-0.5,0.0,-0.5,0.5,0.0,100.0,0.0,Synergistic,Diet-dominated synergy,False,-0.5,0.0,Medium,Small,Diet,100.0,0.0
GALNACT1g,0.0,0.0,0.0,0.0,0.0,0.0,0.0,0.0,0.0,0.0,Negligible,None,False,0.0,0.0,Small,Small,Stable,0.0,0.0
GALNACT2g,0.0,0.0,0.0,0.0,0.0,0.0,0.0,0.0,0.0,0.0,Negligible,None,False,0.0,0.0,Small,Small,Stable,0.0,0.0
GALNACT3g,0.0,0.0,0.0,0.0,0.0,0.0,0.0,0.0,0.0,0.0,Negligible,None,False,0.0,0.0,Small,Small,Stable,0.0,0.0
GALNACT4g,0.0,0.0,0.0,0.0,0.0,0.0,0.0,0.0,0.0,0.0,Negligible,None,False,0.0,0.0,Small,Small,Stable,0.0,0.0
GALNACT5g,0.0,0.0,0.0,0.0,0.0,0.0,0.0,0.0,0.0,0.0,Negligible,None,False,0.0,0.0,Small,Small,Stable,0.0,0.0
GALOR,0.0,0.0,0.0,0.0,0.0,0.0,0.0,0.0,0.0,0.0,Negligible,None,False,0.0,0.0,Small,Small,Stable,0.0,0.0
GALSIDEtg,0.0,0.0,0.0,0.0,0.0,0.0,0.0,0.0,0.0,0.0,Negligible,None,False,0.0,0.0,Small,Small,Stable,0.0,0.0
GALSIDEtl,0.0,0.0,0.0,0.0,0.0,0.0,0.0,0.0,0.0,0.0,Negligible,None,False,0.0,0.0,Small,Small,Stable,0.0,0.0
GALT,0.0,0.0,0.0,0.0,0.0,0.0,0.0,0.0,0.0,0.0,Negligible,None,False,0.0,0.0,Small,Small,Stable,0.0,0.0
GALT2g,0.0,0.0,0.0,0.0,0.0,0.0,0.0,0.0,0.0,0.0,Negligible,None,False,0.0,0.0,Small,Small,Stable,0.0,0.0
GALTg,0.0,0.0,0.0,0.0,0.0,0.0,0.0,0.0,0.0,0.0,Negligible,None,False,0.0,0.0,Small,Small,Stable,0.0,0.0
GALUi,0.0,0.0,0.0,0.0,0.0,0.0,0.0,0.0,0.0,0.0,Negligible,None,False,0.0,0.0,Small,Small,Stable,0.0,0.0
GALt1r,1.0,0.5,0.5,-0.5,0.0,-0.5,0.5,0.0,100.0,0.0,Synergistic,Diet-dominated synergy,False,-0.5,0.0,Medium,Small,Diet,100.0,0.0
GALt2_2,0.0,0.0,0.0,0.0,0.0,0.0,0.0,0.0,0.0,0.0,Negligible,None,False,0.0,0.0,Small,Small,Stable,0.0,0.0
GALt4,0.0,0.0,0.0,0.0,0.0,0.0,0.0,0.0,0.0,0.0,Negligible,None,False,0.0,0.0,Small,Small,Stable,0.0,0.0
GALt4_2,0.0,0.0,0.0,0.0,0.0,0.0,0.0,0.0,0.0,0.0,Negligible,None,False,0.0,0.0,Small,Small,Stable,0.0,0.0
GALtly,0.0,0.0,0.0,0.0,0.0,0.0,0.0,0.0,0.0,0.0,Negligible,None,False,0.0,0.0,Small,Small,Stable,0.0,0.0
GAMYe,0.0,0.0,0.0,0.0,0.0,0.0,0.0,0.0,0.0,0.0,Negligible,None,False,0.0,0.0,Small,Small,Stable,0.0,0.0
GAMt1r,0.0,0.0,0.0,0.0,0.0,0.0,0.0,0.0,0.0,0.0,Negligible,None,False,0.0,0.0,Small,Small,Stable,0.0,0.0
GAO1,0.0,0.0,0.0,0.0,0.0,0.0,0.0,0.0,0.0,0.0,Negligible,None,False,0.0,0.0,Small,Small,Stable,0.0,0.0
GAO1g,0.0,0.0,0.0,0.0,0.0,0.0,0.0,0.0,0.0,0.0,Negligible,None,False,0.0,0.0,Small,Small,Stable,0.0,0.0
GAO2,0.0,0.0,0.0,0.0,0.0,0.0,0.0,0.0,0.0,0.0,Negligible,None,False,0.0,0.0,Small,Small,Stable,0.0,0.0
GAO2g,0.0,0.0,0.0,0.0,0.0,0.0,0.0,0.0,0.0,0.0,Negligible,None,False,0.0,0.0,Small,Small,Stable,0.0,0.0
GARFT,0.0,0.0,0.0,0.0,0.0,0.0,0.0,0.0,0.0,0.0,Negligible,None,False,0.0,0.0,Small,Small,Stable,0.0,0.0
GASNASE2ly,0.0,0.0,0.0,0.0,0.0,0.0,0.0,0.0,0.0,0.0,Negligible,None,False,0.0,0.0,Small,Small,Stable,0.0,0.0
GASNASE3ly,0.0,0.0,0.0,0.0,0.0,0.0,0.0,0.0,0.0,0.0,Negligible,None,False,0.0,0.0,Small,Small,Stable,0.0,0.0
GASNASEly,0.0,0.0,0.0,0.0,0.0,0.0,0.0,0.0,0.0,0.0,Negligible,None,False,0.0,0.0,Small,Small,Stable,0.0,0.0
GBA,0.0,0.0,0.0,0.0,0.0,0.0,0.0,0.0,0.0,0.0,Negligible,None,False,0.0,0.0,Small,Small,Stable,0.0,0.0
GBAl,0.0,0.0,0.0,0.0,0.0,0.0,0.0,0.0,0.0,0.0,Negligible,None,False,0.0,0.0,Small,Small,Stable,0.0,0.0
GBGT1,0.0,0.0,0.0,0.0,0.0,0.0,0.0,0.0,0.0,0.0,Negligible,None,False,0.0,0.0,Small,Small,Stable,0.0,0.0
GBSIDEte,0.0,0.0,0.0,0.0,0.0,0.0,0.0,0.0,0.0,0.0,Negligible,None,False,0.0,0.0,Small,Small,Stable,0.0,0.0
GBSIDEtl,0.0,0.0,0.0,0.0,0.0,0.0,0.0,0.0,0.0,0.0,Negligible,None,False,0.0,0.0,Small,Small,Stable,0.0,0.0
FACOAL181,0.0,0.0,0.0,0.0,0.0,0.0,0.0,0.0,0.0,0.0,Negligible,None,False,0.0,0.0,Small,Small,Stable,0.0,0.0
FACOAL1821,0.0,0.0,0.0,0.0,0.0,0.0,0.0,0.0,0.0,0.0,Negligible,None,False,0.0,0.0,Small,Small,Stable,0.0,0.0
FACOAL1822,0.0,0.0,0.0,0.0,0.0,0.0,0.0,0.0,0.0,0.0,Negligible,None,False,0.0,0.0,Small,Small,Stable,0.0,0.0
FACOAL1831,0.0,0.0,0.0,0.0,0.0,0.0,0.0,0.0,0.0,0.0,Negligible,None,False,0.0,0.0,Small,Small,Stable,0.0,0.0
FACOAL1832,0.0,0.5,0.5,0.5,0.0,0.5,0.5,0.0,100.0,0.0,Synergistic,Diet-dominated synergy,False,0.0,0.0,Small,Small,Diet,100.0,0.0
FACOAL184,0.0,0.0,0.0,0.0,0.0,0.0,0.0,0.0,0.0,0.0,Negligible,None,False,0.0,0.0,Small,Small,Stable,0.0,0.0
FACOAL191,0.0,0.0,0.0,0.0,0.0,0.0,0.0,0.0,0.0,0.0,Negligible,None,False,0.0,0.0,Small,Small,Stable,0.0,0.0
FACOAL200,0.0,0.19709913832,0.197040773026,0.19709913832,-5.836529399999568e-05,0.197040773026,0.19709913832,5.836529399999568e-05,99.99999123120604,8.768793961623773e-06,Antagonistic,Diet overcomes microbiome,True,0.0,-0.0002961215076711132,Small,Small,Diet (opposed by microbiome),100.02962092215924,0.029620922159239723
FACOAL203,0.0,0.0,0.0,0.0,0.0,0.0,0.0,0.0,0.0,0.0,Negligible,None,False,0.0,0.0,Small,Small,Stable,0.0,0.0
FACOAL204_copy1,0.0,0.0,0.0,0.0,0.0,0.0,0.0,0.0,0.0,0.0,Negligible,None,False,0.0,0.0,Small,Small,Stable,0.0,0.0
FACOAL2042,0.0,0.0,0.0,0.0,0.0,0.0,0.0,0.0,0.0,0.0,Negligible,None,False,0.0,0.0,Small,Small,Stable,0.0,0.0
FACOAL204_copy2,0.0,0.0,0.0,0.0,0.0,0.0,0.0,0.0,0.0,0.0,Negligible,None,False,0.0,0.0,Small,Small,Stable,0.0,0.0
FACOAL205,0.0,0.0,0.0,0.0,0.0,0.0,0.0,0.0,0.0,0.0,Negligible,None,False,0.0,0.0,Small,Small,Stable,0.0,0.0
FACOAL206,0.0,0.0,0.0,0.0,0.0,0.0,0.0,0.0,0.0,0.0,Negligible,None,False,0.0,0.0,Small,Small,Stable,0.0,0.0
FACOAL224,0.0,0.0,0.0,0.0,0.0,0.0,0.0,0.0,0.0,0.0,Negligible,None,False,0.0,0.0,Small,Small,Stable,0.0,0.0
FACOAL2251,0.0,0.0,0.0,0.0,0.0,0.0,0.0,0.0,0.0,0.0,Negligible,None,False,0.0,0.0,Small,Small,Stable,0.0,0.0
FACOAL2252,0.0,0.0,0.0,0.0,0.0,0.0,0.0,0.0,0.0,0.0,Negligible,None,False,0.0,0.0,Small,Small,Stable,0.0,0.0
FACOAL226_copy1,0.0,0.0,0.0,0.0,0.0,0.0,0.0,0.0,0.0,0.0,Negligible,None,False,0.0,0.0,Small,Small,Stable,0.0,0.0
FACOAL226_copy2,0.0,0.0,0.0,0.0,0.0,0.0,0.0,0.0,0.0,0.0,Negligible,None,False,0.0,0.0,Small,Small,Stable,0.0,0.0
FACOAL240,0.0,0.0,0.0,0.0,0.0,0.0,0.0,0.0,0.0,0.0,Negligible,None,False,0.0,0.0,Small,Small,Stable,0.0,0.0
FACOAL241,0.0,0.0,0.0,0.0,0.0,0.0,0.0,0.0,0.0,0.0,Negligible,None,False,0.0,0.0,Small,Small,Stable,0.0,0.0
FACOAL244_1,0.0,0.0,0.0,0.0,0.0,0.0,0.0,0.0,0.0,0.0,Negligible,None,False,0.0,0.0,Small,Small,Stable,0.0,0.0
FACOAL245_1,0.0,0.0,0.0,0.0,0.0,0.0,0.0,0.0,0.0,0.0,Negligible,None,False,0.0,0.0,Small,Small,Stable,0.0,0.0
FACOAL245_2,0.0,0.0,0.0,0.0,0.0,0.0,0.0,0.0,0.0,0.0,Negligible,None,False,0.0,0.0,Small,Small,Stable,0.0,0.0
FACOAL246_1,0.0,0.0,0.0,0.0,0.0,0.0,0.0,0.0,0.0,0.0,Negligible,None,False,0.0,0.0,Small,Small,Stable,0.0,0.0
FACOAL260,0.0,0.0,0.0,0.0,0.0,0.0,0.0,0.0,0.0,0.0,Negligible,None,False,0.0,0.0,Small,Small,Stable,0.0,0.0
FACOAL40im,0.0,0.0,0.0,0.0,0.0,0.0,0.0,0.0,0.0,0.0,Negligible,None,False,0.0,0.0,Small,Small,Stable,0.0,0.0
FACOAL80,0.0,0.0,0.0,0.0,0.0,0.0,0.0,0.0,0.0,0.0,Negligible,None,False,0.0,0.0,Small,Small,Stable,0.0,0.0
FADDP,0.0,0.0,0.0,0.0,0.0,0.0,0.0,0.0,0.0,0.0,Negligible,None,False,0.0,0.0,Small,Small,Stable,0.0,0.0
FADH2tx,0.0,0.0,0.0,0.0,0.0,0.0,0.0,0.0,0.0,0.0,Negligible,None,False,0.0,0.0,Small,Small,Stable,0.0,0.0
FADtx,0.0,0.0,0.0,0.0,0.0,0.0,0.0,0.0,0.0,0.0,Negligible,None,False,0.0,0.0,Small,Small,Stable,0.0,0.0
FAEL183,0.0,0.0,0.0,0.0,0.0,0.0,0.0,0.0,0.0,0.0,Negligible,None,False,0.0,0.0,Small,Small,Stable,0.0,0.0
FAEL184,0.0,0.0,0.0,0.0,0.0,0.0,0.0,0.0,0.0,0.0,Negligible,None,False,0.0,0.0,Small,Small,Stable,0.0,0.0
FAEL204,0.0,0.0,0.0,0.0,0.0,0.0,0.0,0.0,0.0,0.0,Negligible,None,False,0.0,0.0,Small,Small,Stable,0.0,0.0
FAEL205,0.0,0.0,0.0,0.0,0.0,0.0,0.0,0.0,0.0,0.0,Negligible,None,False,0.0,0.0,Small,Small,Stable,0.0,0.0
FAH1,0.0,0.0,0.0,0.0,0.0,0.0,0.0,0.0,0.0,0.0,Negligible,None,False,0.0,0.0,Small,Small,Stable,0.0,0.0
FAH2,0.0,0.0,0.0,0.0,0.0,0.0,0.0,0.0,0.0,0.0,Negligible,None,False,0.0,0.0,Small,Small,Stable,0.0,0.0
FAH3,0.0,0.0,0.0,0.0,0.0,0.0,0.0,0.0,0.0,0.0,Negligible,None,False,0.0,0.0,Small,Small,Stable,0.0,0.0
FALDH,0.0,0.0,0.0,0.0,0.0,0.0,0.0,0.0,0.0,0.0,Negligible,None,False,0.0,0.0,Small,Small,Stable,0.0,0.0
FALDtly,0.0,0.0,0.0,0.0,0.0,0.0,0.0,0.0,0.0,0.0,Negligible,None,False,0.0,0.0,Small,Small,Stable,0.0,0.0
FAOXC11,0.0,0.0,0.0,0.0,0.0,0.0,0.0,0.0,0.0,0.0,Negligible,None,False,0.0,0.0,Small,Small,Stable,0.0,0.0
FAOXC140,0.0,0.0,0.0,0.0,0.0,0.0,0.0,0.0,0.0,0.0,Negligible,None,False,0.0,0.0,Small,Small,Stable,0.0,0.0
FAOXC150m,0.0,0.0,0.0,0.0,0.0,0.0,0.0,0.0,0.0,0.0,Negligible,None,False,0.0,0.0,Small,Small,Stable,0.0,0.0
FAOXC160,0.0,0.0,0.0,0.0,0.0,0.0,0.0,0.0,0.0,0.0,Negligible,None,False,0.0,0.0,Small,Small,Stable,0.0,0.0
FAOXC16080m,0.0,0.0,0.0,0.0,0.0,0.0,0.0,0.0,0.0,0.0,Negligible,None,False,0.0,0.0,Small,Small,Stable,0.0,0.0
FAOXC16080x,0.0,0.0,0.0,0.0,0.0,0.0,0.0,0.0,0.0,0.0,Negligible,None,False,0.0,0.0,Small,Small,Stable,0.0,0.0
FAOXC161802m,0.0,0.0,0.0,0.0,0.0,0.0,0.0,0.0,0.0,0.0,Negligible,None,False,0.0,0.0,Small,Small,Stable,0.0,0.0
FAOXC16180m,0.0,0.0,0.0,0.0,0.0,0.0,0.0,0.0,0.0,0.0,Negligible,None,False,0.0,0.0,Small,Small,Stable,0.0,0.0
FAOXC170m,0.0,0.0,0.0,0.0,0.0,0.0,0.0,0.0,0.0,0.0,Negligible,None,False,0.0,0.0,Small,Small,Stable,0.0,0.0
FAOXC180,0.0,0.0,0.0,0.0,0.0,0.0,0.0,0.0,0.0,0.0,Negligible,None,False,0.0,0.0,Small,Small,Stable,0.0,0.0
FAOXC180x,0.0,0.19709913832,0.197040773026,0.19709913832,-5.836529399999568e-05,0.197040773026,0.19709913832,5.836529399999568e-05,99.99999123120604,8.768793961623773e-06,Antagonistic,Diet overcomes microbiome,True,0.0,-0.0002961215076711132,Small,Small,Diet (opposed by microbiome),100.02962092215924,0.029620922159239723
FAOXC1811601m,0.0,0.0,0.0,0.0,0.0,0.0,0.0,0.0,0.0,0.0,Negligible,None,False,0.0,0.0,Small,Small,Stable,0.0,0.0
FAOXC1811602m,0.0,0.0,0.0,0.0,0.0,0.0,0.0,0.0,0.0,0.0,Negligible,None,False,0.0,0.0,Small,Small,Stable,0.0,0.0
FAOXC1811603m,0.0,0.0,0.0,0.0,0.0,0.0,0.0,0.0,0.0,0.0,Negligible,None,False,0.0,0.0,Small,Small,Stable,0.0,0.0
FAOXC182806m,0.0,0.0,0.0,0.0,0.0,0.0,0.0,0.0,0.0,0.0,Negligible,None,False,0.0,0.0,Small,Small,Stable,0.0,0.0
FAOXC18280m,0.0,0.0,0.0,0.0,0.0,0.0,0.0,0.0,0.0,0.0,Negligible,None,False,0.0,0.0,Small,Small,Stable,0.0,0.0
FAOXC183803m,0.0,0.0,0.0,0.0,0.0,0.0,0.0,0.0,0.0,0.0,Negligible,None,False,0.0,0.0,Small,Small,Stable,0.0,0.0
FAOXC183806m,0.0,0.0,0.0,0.0,0.0,0.0,0.0,0.0,0.0,0.0,Negligible,None,False,0.0,0.0,Small,Small,Stable,0.0,0.0
FAOXC183806x,0.0,0.0,0.0,0.0,0.0,0.0,0.0,0.0,0.0,0.0,Negligible,None,False,0.0,0.0,Small,Small,Stable,0.0,0.0
FAOXC18480m,0.0,0.0,0.0,0.0,0.0,0.0,0.0,0.0,0.0,0.0,Negligible,None,False,0.0,0.0,Small,Small,Stable,0.0,0.0
FAOXC18480x,0.0,0.0,0.0,0.0,0.0,0.0,0.0,0.0,0.0,0.0,Negligible,None,False,0.0,0.0,Small,Small,Stable,0.0,0.0
FAOXC200180m,0.0,0.0,0.0,0.0,0.0,0.0,0.0,0.0,0.0,0.0,Negligible,None,False,0.0,0.0,Small,Small,Stable,0.0,0.0
FAOXC200180x,0.0,0.19709913832,0.197040773026,0.19709913832,-5.836529399999568e-05,0.197040773026,0.19709913832,5.836529399999568e-05,99.99999123120604,8.768793961623773e-06,Antagonistic,Diet overcomes microbiome,True,0.0,-0.0002961215076711132,Small,Small,Diet (opposed by microbiome),100.02962092215924,0.029620922159239723
FAOXC2031836m,0.0,0.0,0.0,0.0,0.0,0.0,0.0,0.0,0.0,0.0,Negligible,None,False,0.0,0.0,Small,Small,Stable,0.0,0.0
FAOXC204,0.0,0.0,0.0,0.0,0.0,0.0,0.0,0.0,0.0,0.0,Negligible,None,False,0.0,0.0,Small,Small,Stable,0.0,0.0
FAOXC204184m,0.0,0.0,0.0,0.0,0.0,0.0,0.0,0.0,0.0,0.0,Negligible,None,False,0.0,0.0,Small,Small,Stable,0.0,0.0
FAOXC2051843m,0.0,0.0,0.0,0.0,0.0,0.0,0.0,0.0,0.0,0.0,Negligible,None,False,0.0,0.0,Small,Small,Stable,0.0,0.0
FAOXC2051843x,0.0,0.0,0.0,0.0,0.0,0.0,0.0,0.0,0.0,0.0,Negligible,None,False,0.0,0.0,Small,Small,Stable,0.0,0.0
FAOXC2242046m,0.0,0.0,0.0,0.0,0.0,0.0,0.0,0.0,0.0,0.0,Negligible,None,False,0.0,0.0,Small,Small,Stable,0.0,0.0
FAOXC2242046x,0.0,0.0,0.0,0.0,0.0,0.0,0.0,0.0,0.0,0.0,Negligible,None,False,0.0,0.0,Small,Small,Stable,0.0,0.0
FAOXC2251836m,0.0,0.0,0.0,0.0,0.0,0.0,0.0,0.0,0.0,0.0,Negligible,None,False,0.0,0.0,Small,Small,Stable,0.0,0.0
FAOXC2251836x,0.0,0.0,0.0,0.0,0.0,0.0,0.0,0.0,0.0,0.0,Negligible,None,False,0.0,0.0,Small,Small,Stable,0.0,0.0
FAOXC2252053m,0.0,0.0,0.0,0.0,0.0,0.0,0.0,0.0,0.0,0.0,Negligible,None,False,0.0,0.0,Small,Small,Stable,0.0,0.0
FAOXC2252053x,0.0,0.0,0.0,0.0,0.0,0.0,0.0,0.0,0.0,0.0,Negligible,None,False,0.0,0.0,Small,Small,Stable,0.0,0.0
FAOXC226,0.0,0.0,0.0,0.0,0.0,0.0,0.0,0.0,0.0,0.0,Negligible,None,False,0.0,0.0,Small,Small,Stable,0.0,0.0
FAOXC226205m,0.0,0.0,0.0,0.0,0.0,0.0,0.0,0.0,0.0,0.0,Negligible,None,False,0.0,0.0,Small,Small,Stable,0.0,0.0
FAOXC226205x,0.0,0.0,0.0,0.0,0.0,0.0,0.0,0.0,0.0,0.0,Negligible,None,False,0.0,0.0,Small,Small,Stable,0.0,0.0
FAOXC240200x,0.0,0.0,0.0,0.0,0.0,0.0,0.0,0.0,0.0,0.0,Negligible,None,False,0.0,0.0,Small,Small,Stable,0.0,0.0
FAOXC241181x,0.0,0.0,0.0,0.0,0.0,0.0,0.0,0.0,0.0,0.0,Negligible,None,False,0.0,0.0,Small,Small,Stable,0.0,0.0
FAOXC2442246x,0.0,0.0,0.0,0.0,0.0,0.0,0.0,0.0,0.0,0.0,Negligible,None,False,0.0,0.0,Small,Small,Stable,0.0,0.0
FT,0.0,0.0,0.0,0.0,0.0,0.0,0.0,0.0,0.0,0.0,Negligible,None,False,0.0,0.0,Small,Small,Stable,0.0,0.0
FAOXC2452253x,0.0,0.0,0.0,0.0,0.0,0.0,0.0,0.0,0.0,0.0,Negligible,None,False,0.0,0.0,Small,Small,Stable,0.0,0.0
FAOXC2452256x,0.0,0.0,0.0,0.0,0.0,0.0,0.0,0.0,0.0,0.0,Negligible,None,False,0.0,0.0,Small,Small,Stable,0.0,0.0
FAOXC246226x,0.0,0.0,0.0,0.0,0.0,0.0,0.0,0.0,0.0,0.0,Negligible,None,False,0.0,0.0,Small,Small,Stable,0.0,0.0
FAOXC260240x,0.0,0.0,0.0,0.0,0.0,0.0,0.0,0.0,0.0,0.0,Negligible,None,False,0.0,0.0,Small,Small,Stable,0.0,0.0
FAOXC80,0.0,0.0,0.0,0.0,0.0,0.0,0.0,0.0,0.0,0.0,Negligible,None,False,0.0,0.0,Small,Small,Stable,0.0,0.0
FAS100COA,0.0,0.0,0.0,0.0,0.0,0.0,0.0,0.0,0.0,0.0,Negligible,None,False,0.0,0.0,Small,Small,Stable,0.0,0.0
FAS120COA,0.0,0.0,0.0,0.0,0.0,0.0,0.0,0.0,0.0,0.0,Negligible,None,False,0.0,0.0,Small,Small,Stable,0.0,0.0
FAS140COA,0.0,0.0,0.0,0.0,0.0,0.0,0.0,0.0,0.0,0.0,Negligible,None,False,0.0,0.0,Small,Small,Stable,0.0,0.0
FAS160COA,0.0,0.0,0.0,0.0,0.0,0.0,0.0,0.0,0.0,0.0,Negligible,None,False,0.0,0.0,Small,Small,Stable,0.0,0.0
FAS180COA,0.0,0.0,0.0,0.0,0.0,0.0,0.0,0.0,0.0,0.0,Negligible,None,False,0.0,0.0,Small,Small,Stable,0.0,0.0
FAS80COA_L,0.0,0.0,0.0,0.0,0.0,0.0,0.0,0.0,0.0,0.0,Negligible,None,False,0.0,0.0,Small,Small,Stable,0.0,0.0
FATP1t,0.0,0.0,0.0,0.0,0.0,0.0,0.0,0.0,0.0,0.0,Negligible,None,False,0.0,0.0,Small,Small,Stable,0.0,0.0
FATP2t,0.0,0.0,0.0,0.0,0.0,0.0,0.0,0.0,0.0,0.0,Negligible,None,False,0.0,0.0,Small,Small,Stable,0.0,0.0
FATP3t,0.0,0.0,0.0,0.0,0.0,0.0,0.0,0.0,0.0,0.0,Negligible,None,False,0.0,0.0,Small,Small,Stable,0.0,0.0
FATP4t,0.0,0.0,0.0,0.0,0.0,0.0,0.0,0.0,0.0,0.0,Negligible,None,False,0.0,0.0,Small,Small,Stable,0.0,0.0
FATP5t,0.0,0.0,0.0,0.0,0.0,0.0,0.0,0.0,0.0,0.0,Negligible,None,False,0.0,0.0,Small,Small,Stable,0.0,0.0
FATP6t,0.0,0.0,0.0,0.0,0.0,0.0,0.0,0.0,0.0,0.0,Negligible,None,False,0.0,0.0,Small,Small,Stable,0.0,0.0
FATP7t,0.0,0.0,0.0,0.0,0.0,0.0,0.0,0.0,0.0,0.0,Negligible,None,False,0.0,0.0,Small,Small,Stable,0.0,0.0
FATP8t,0.0,0.0,0.0,0.0,0.0,0.0,0.0,0.0,0.0,0.0,Negligible,None,False,0.0,0.0,Small,Small,Stable,0.0,0.0
FATP9t,0.0,0.0,0.0,0.0,0.0,0.0,0.0,0.0,0.0,0.0,Negligible,None,False,0.0,0.0,Small,Small,Stable,0.0,0.0
FBA2,0.0,0.0,0.0,0.0,0.0,0.0,0.0,0.0,0.0,0.0,Negligible,None,False,0.0,0.0,Small,Small,Stable,0.0,0.0
FBA4,0.0,0.0,0.0,0.0,0.0,0.0,0.0,0.0,0.0,0.0,Negligible,None,False,0.0,0.0,Small,Small,Stable,0.0,0.0
FBA5,0.0,0.0,0.0,0.0,0.0,0.0,0.0,0.0,0.0,0.0,Negligible,None,False,0.0,0.0,Small,Small,Stable,0.0,0.0
FBP,0.0,0.0,0.0,0.0,0.0,0.0,0.0,0.0,0.0,0.0,Negligible,None,False,0.0,0.0,Small,Small,Stable,0.0,0.0
FBP26,0.0,0.0,0.0,0.0,0.0,0.0,0.0,0.0,0.0,0.0,Negligible,None,False,0.0,0.0,Small,Small,Stable,0.0,0.0
FCLTm,0.0,0.0,0.0,0.0,0.0,0.0,0.0,0.0,0.0,0.0,Negligible,None,False,0.0,0.0,Small,Small,Stable,0.0,0.0
FCOAH,0.0,0.0,0.0,0.0,0.0,0.0,0.0,0.0,0.0,0.0,Negligible,None,False,0.0,0.0,Small,Small,Stable,0.0,0.0
FDH,0.0,0.0,0.0,0.0,0.0,0.0,0.0,0.0,0.0,0.0,Negligible,None,False,0.0,0.0,Small,Small,Stable,0.0,0.0
FE2t,0.0,0.0,0.0,0.0,0.0,0.0,0.0,0.0,0.0,0.0,Negligible,None,False,0.0,0.0,Small,Small,Stable,0.0,0.0
FE2tm,0.0,0.0,0.0,0.0,0.0,0.0,0.0,0.0,0.0,0.0,Negligible,None,False,0.0,0.0,Small,Small,Stable,0.0,0.0
FE3R2e,0.1,0.075,0.075,-0.02500000000000001,0.0,-0.02500000000000001,0.02500000000000001,0.0,100.0,0.0,Synergistic,Diet-dominated synergy,False,-0.25000000000000006,0.0,Medium,Small,Diet,100.0,0.0
FK,0.0,0.0,0.0,0.0,0.0,0.0,0.0,0.0,0.0,0.0,Negligible,None,False,0.0,0.0,Small,Small,Stable,0.0,0.0
FKYNH,0.0,0.0,0.0,0.0,0.0,0.0,0.0,0.0,0.0,0.0,Negligible,None,False,0.0,0.0,Small,Small,Stable,0.0,0.0
FMNAT,0.0,0.0,0.0,0.0,0.0,0.0,0.0,0.0,0.0,0.0,Negligible,None,False,0.0,0.0,Small,Small,Stable,0.0,0.0
FOLR2,0.05,0.05,0.05,0.0,0.0,0.0,0.0,0.0,0.0,0.0,Negligible,None,False,0.0,0.0,Small,Small,Stable,0.0,0.0
FOLt2,0.05,0.05,0.05,0.0,0.0,0.0,0.0,0.0,0.0,0.0,Negligible,None,False,0.0,0.0,Small,Small,Stable,0.0,0.0
FORMCOAtx,0.0,0.0,0.0,0.0,0.0,0.0,0.0,0.0,0.0,0.0,Negligible,None,False,0.0,0.0,Small,Small,Stable,0.0,0.0
FORtm,0.0,0.0,0.0,0.0,0.0,0.0,0.0,0.0,0.0,0.0,Negligible,None,False,0.0,0.0,Small,Small,Stable,0.0,0.0
FORtrn,0.0,0.0,0.0,0.0,0.0,0.0,0.0,0.0,0.0,0.0,Negligible,None,False,0.0,0.0,Small,Small,Stable,0.0,0.0
FPGS,0.0,0.0,0.0,0.0,0.0,0.0,0.0,0.0,0.0,0.0,Negligible,None,False,0.0,0.0,Small,Small,Stable,0.0,0.0
FPGS2,0.0,0.0,0.0,0.0,0.0,0.0,0.0,0.0,0.0,0.0,Negligible,None,False,0.0,0.0,Small,Small,Stable,0.0,0.0
FPGS2m,0.0,0.0,0.0,0.0,0.0,0.0,0.0,0.0,0.0,0.0,Negligible,None,False,0.0,0.0,Small,Small,Stable,0.0,0.0
FPGS3,0.0,0.0,0.0,0.0,0.0,0.0,0.0,0.0,0.0,0.0,Negligible,None,False,0.0,0.0,Small,Small,Stable,0.0,0.0
FPGS3m,0.0,0.0,0.0,0.0,0.0,0.0,0.0,0.0,0.0,0.0,Negligible,None,False,0.0,0.0,Small,Small,Stable,0.0,0.0
FPGS4,0.0,0.0,0.0,0.0,0.0,0.0,0.0,0.0,0.0,0.0,Negligible,None,False,0.0,0.0,Small,Small,Stable,0.0,0.0
FPGS4m,0.0,0.0,0.0,0.0,0.0,0.0,0.0,0.0,0.0,0.0,Negligible,None,False,0.0,0.0,Small,Small,Stable,0.0,0.0
FPGS5,0.0,0.0,0.0,0.0,0.0,0.0,0.0,0.0,0.0,0.0,Negligible,None,False,0.0,0.0,Small,Small,Stable,0.0,0.0
FPGS5m,0.0,0.0,0.0,0.0,0.0,0.0,0.0,0.0,0.0,0.0,Negligible,None,False,0.0,0.0,Small,Small,Stable,0.0,0.0
FPGS6,0.0,0.0,0.0,0.0,0.0,0.0,0.0,0.0,0.0,0.0,Negligible,None,False,0.0,0.0,Small,Small,Stable,0.0,0.0
FPGS6m,0.0,0.0,0.0,0.0,0.0,0.0,0.0,0.0,0.0,0.0,Negligible,None,False,0.0,0.0,Small,Small,Stable,0.0,0.0
FPGS7,0.0,0.0,0.0,0.0,0.0,0.0,0.0,0.0,0.0,0.0,Negligible,None,False,0.0,0.0,Small,Small,Stable,0.0,0.0
FPGS7m,0.0,0.0,0.0,0.0,0.0,0.0,0.0,0.0,0.0,0.0,Negligible,None,False,0.0,0.0,Small,Small,Stable,0.0,0.0
FPGS8,0.0,0.0,0.0,0.0,0.0,0.0,0.0,0.0,0.0,0.0,Negligible,None,False,0.0,0.0,Small,Small,Stable,0.0,0.0
FPGS8m,0.0,0.0,0.0,0.0,0.0,0.0,0.0,0.0,0.0,0.0,Negligible,None,False,0.0,0.0,Small,Small,Stable,0.0,0.0
FPGS9,0.0,0.0,0.0,0.0,0.0,0.0,0.0,0.0,0.0,0.0,Negligible,None,False,0.0,0.0,Small,Small,Stable,0.0,0.0
FPGS9m,0.0,0.0,0.0,0.0,0.0,0.0,0.0,0.0,0.0,0.0,Negligible,None,False,0.0,0.0,Small,Small,Stable,0.0,0.0
FPGSm,0.0,0.0,0.0,0.0,0.0,0.0,0.0,0.0,0.0,0.0,Negligible,None,False,0.0,0.0,Small,Small,Stable,0.0,0.0
FRDPtc,0.0,0.0,0.0,0.0,0.0,0.0,0.0,0.0,0.0,0.0,Negligible,None,False,0.0,0.0,Small,Small,Stable,0.0,0.0
FRTT,0.0,0.0,0.0,0.0,0.0,0.0,0.0,0.0,0.0,0.0,Negligible,None,False,0.0,0.0,Small,Small,Stable,0.0,0.0
FRUt4,0.1,0.1,0.1,0.0,0.0,0.0,0.0,0.0,0.0,0.0,Negligible,None,False,0.0,0.0,Small,Small,Stable,0.0,0.0
FTHFCL,0.0,0.0,0.0,0.0,0.0,0.0,0.0,0.0,0.0,0.0,Negligible,None,False,0.0,0.0,Small,Small,Stable,0.0,0.0
FTHFDH,0.0,0.0,0.0,0.0,0.0,0.0,0.0,0.0,0.0,0.0,Negligible,None,False,0.0,0.0,Small,Small,Stable,0.0,0.0
FTHFLi,0.0,0.0,0.0,0.0,0.0,0.0,0.0,0.0,0.0,0.0,Negligible,None,False,0.0,0.0,Small,Small,Stable,0.0,0.0
FTHFLmi,0.0,0.0,0.0,0.0,0.0,0.0,0.0,0.0,0.0,0.0,Negligible,None,False,0.0,0.0,Small,Small,Stable,0.0,0.0
FUC13GALACGLCGAL14ACGLCGALGLUSIDEte,0.0,0.0,0.0,0.0,0.0,0.0,0.0,0.0,0.0,0.0,Negligible,None,False,0.0,0.0,Small,Small,Stable,0.0,0.0
FUC13GALACGLCGAL14ACGLCGALGLUSIDEtg,0.0,0.0,0.0,0.0,0.0,0.0,0.0,0.0,0.0,0.0,Negligible,None,False,0.0,0.0,Small,Small,Stable,0.0,0.0
FUC14GALACGLCGALGLUSIDEte,0.0,0.0,0.0,0.0,0.0,0.0,0.0,0.0,0.0,0.0,Negligible,None,False,0.0,0.0,Small,Small,Stable,0.0,0.0
FUC14GALACGLCGALGLUSIDEtg,0.0,0.0,0.0,0.0,0.0,0.0,0.0,0.0,0.0,0.0,Negligible,None,False,0.0,0.0,Small,Small,Stable,0.0,0.0
FUCACGALFUCGALACGLCGALGLUSIDEte,0.0,0.0,0.0,0.0,0.0,0.0,0.0,0.0,0.0,0.0,Negligible,None,False,0.0,0.0,Small,Small,Stable,0.0,0.0
FUCACGALFUCGALACGLCGALGLUSIDEtg,0.0,0.0,0.0,0.0,0.0,0.0,0.0,0.0,0.0,0.0,Negligible,None,False,0.0,0.0,Small,Small,Stable,0.0,0.0
FUCACNGAL14ACGLCGALGLUSIDEte,0.0,0.0,0.0,0.0,0.0,0.0,0.0,0.0,0.0,0.0,Negligible,None,False,0.0,0.0,Small,Small,Stable,0.0,0.0
FUCACNGAL14ACGLCGALGLUSIDEtg,0.0,0.0,0.0,0.0,0.0,0.0,0.0,0.0,0.0,0.0,Negligible,None,False,0.0,0.0,Small,Small,Stable,0.0,0.0
FUCACNGALACGLCGALGLUSIDEte,0.0,0.0,0.0,0.0,0.0,0.0,0.0,0.0,0.0,0.0,Negligible,None,False,0.0,0.0,Small,Small,Stable,0.0,0.0
FUCACNGALACGLCGALGLUSIDEtg,0.0,0.0,0.0,0.0,0.0,0.0,0.0,0.0,0.0,0.0,Negligible,None,False,0.0,0.0,Small,Small,Stable,0.0,0.0
FUCASE2e,0.0,0.0,0.0,0.0,0.0,0.0,0.0,0.0,0.0,0.0,Negligible,None,False,0.0,0.0,Small,Small,Stable,0.0,0.0
FUCASE2ly,0.0,0.0,0.0,0.0,0.0,0.0,0.0,0.0,0.0,0.0,Negligible,None,False,0.0,0.0,Small,Small,Stable,0.0,0.0
FUCASEe,0.0,0.0,0.0,0.0,0.0,0.0,0.0,0.0,0.0,0.0,Negligible,None,False,0.0,0.0,Small,Small,Stable,0.0,0.0
FUCASEly,0.0,0.0,0.0,0.0,0.0,0.0,0.0,0.0,0.0,0.0,Negligible,None,False,0.0,0.0,Small,Small,Stable,0.0,0.0
FUCFUC12GAL14ACGLCGALGLUSIDEte,0.0,0.0,0.0,0.0,0.0,0.0,0.0,0.0,0.0,0.0,Negligible,None,False,0.0,0.0,Small,Small,Stable,0.0,0.0
FUCFUC12GAL14ACGLCGALGLUSIDEtg,0.0,0.0,0.0,0.0,0.0,0.0,0.0,0.0,0.0,0.0,Negligible,None,False,0.0,0.0,Small,Small,Stable,0.0,0.0
FUCFUC132GALACGLCGAL14ACGLCGALGLUSIDEte,0.0,0.0,0.0,0.0,0.0,0.0,0.0,0.0,0.0,0.0,Negligible,None,False,0.0,0.0,Small,Small,Stable,0.0,0.0
FUCFUC132GALACGLCGAL14ACGLCGALGLUSIDEtg,0.0,0.0,0.0,0.0,0.0,0.0,0.0,0.0,0.0,0.0,Negligible,None,False,0.0,0.0,Small,Small,Stable,0.0,0.0
FUCFUCFUCGALACGLC13GALACGLCGAL14ACGLCGALGLUSIDEte,0.0,0.0,0.0,0.0,0.0,0.0,0.0,0.0,0.0,0.0,Negligible,None,False,0.0,0.0,Small,Small,Stable,0.0,0.0
FUCFUCFUCGALACGLC13GALACGLCGAL14ACGLCGALGLUSIDEtg,0.0,0.0,0.0,0.0,0.0,0.0,0.0,0.0,0.0,0.0,Negligible,None,False,0.0,0.0,Small,Small,Stable,0.0,0.0
FUCFUCFUCGALACGLCGAL14ACGLCGALGLUSIDEte,0.0,0.0,0.0,0.0,0.0,0.0,0.0,0.0,0.0,0.0,Negligible,None,False,0.0,0.0,Small,Small,Stable,0.0,0.0
FUCFUCFUCGALACGLCGAL14ACGLCGALGLUSIDEtg,0.0,0.0,0.0,0.0,0.0,0.0,0.0,0.0,0.0,0.0,Negligible,None,False,0.0,0.0,Small,Small,Stable,0.0,0.0
FUCFUCGALACGLCGALGLUSIDEte,0.0,0.0,0.0,0.0,0.0,0.0,0.0,0.0,0.0,0.0,Negligible,None,False,0.0,0.0,Small,Small,Stable,0.0,0.0
FUCFUCGALACGLCGALGLUSIDEtg,0.0,0.0,0.0,0.0,0.0,0.0,0.0,0.0,0.0,0.0,Negligible,None,False,0.0,0.0,Small,Small,Stable,0.0,0.0
FUCGAL14ACGLCGALGLUSIDEte,0.0,0.0,0.0,0.0,0.0,0.0,0.0,0.0,0.0,0.0,Negligible,None,False,0.0,0.0,Small,Small,Stable,0.0,0.0
FUCGAL14ACGLCGALGLUSIDEtg,0.0,0.0,0.0,0.0,0.0,0.0,0.0,0.0,0.0,0.0,Negligible,None,False,0.0,0.0,Small,Small,Stable,0.0,0.0
FUCGALFUCGALACGLCGALGLUSIDEte,0.0,0.0,0.0,0.0,0.0,0.0,0.0,0.0,0.0,0.0,Negligible,None,False,0.0,0.0,Small,Small,Stable,0.0,0.0
FUCGALFUCGALACGLCGALGLUSIDEtg,0.0,0.0,0.0,0.0,0.0,0.0,0.0,0.0,0.0,0.0,Negligible,None,False,0.0,0.0,Small,Small,Stable,0.0,0.0
FUCGALGBSIDEte,0.0,0.0,0.0,0.0,0.0,0.0,0.0,0.0,0.0,0.0,Negligible,None,False,0.0,0.0,Small,Small,Stable,0.0,0.0
FUCGALGBSIDEtg,0.0,0.0,0.0,0.0,0.0,0.0,0.0,0.0,0.0,0.0,Negligible,None,False,0.0,0.0,Small,Small,Stable,0.0,0.0
FUCtly,0.0,0.0,0.0,0.0,0.0,0.0,0.0,0.0,0.0,0.0,Negligible,None,False,0.0,0.0,Small,Small,Stable,0.0,0.0
FUMAC,0.0,0.0,0.0,0.0,0.0,0.0,0.0,0.0,0.0,0.0,Negligible,None,False,0.0,0.0,Small,Small,Stable,0.0,0.0
FUMSO4tm,0.0,0.0,0.0,0.0,0.0,0.0,0.0,0.0,0.0,0.0,Negligible,None,False,0.0,0.0,Small,Small,Stable,0.0,0.0
FUMTSULtm,0.0,0.0,0.0,0.0,0.0,0.0,0.0,0.0,0.0,0.0,Negligible,None,False,0.0,0.0,Small,Small,Stable,0.0,0.0
FUMm,0.0,-0.914789783539,-0.917119722616,-0.914789783539,-0.002329939077000076,-0.917119722616,0.914789783539,0.002329939077000076,99.99935130029286,0.000648699707136783,Synergistic,Diet-dominated synergy,False,0.0,-0.0025469666571770852,Small,Small,Diet,99.7459503901678,0.25404960983219704
FUT11g,0.0,0.0,0.0,0.0,0.0,0.0,0.0,0.0,0.0,0.0,Negligible,None,False,0.0,0.0,Small,Small,Stable,0.0,0.0
FUT12g,0.0,0.0,0.0,0.0,0.0,0.0,0.0,0.0,0.0,0.0,Negligible,None,False,0.0,0.0,Small,Small,Stable,0.0,0.0
FUT14g,0.0,0.0,0.0,0.0,0.0,0.0,0.0,0.0,0.0,0.0,Negligible,None,False,0.0,0.0,Small,Small,Stable,0.0,0.0
FUT15g,0.0,0.0,0.0,0.0,0.0,0.0,0.0,0.0,0.0,0.0,Negligible,None,False,0.0,0.0,Small,Small,Stable,0.0,0.0
FUT16g,0.0,0.0,0.0,0.0,0.0,0.0,0.0,0.0,0.0,0.0,Negligible,None,False,0.0,0.0,Small,Small,Stable,0.0,0.0
FUT17g,0.0,0.0,0.0,0.0,0.0,0.0,0.0,0.0,0.0,0.0,Negligible,None,False,0.0,0.0,Small,Small,Stable,0.0,0.0
FUT18g,0.0,0.0,0.0,0.0,0.0,0.0,0.0,0.0,0.0,0.0,Negligible,None,False,0.0,0.0,Small,Small,Stable,0.0,0.0
FUT910g,0.0,0.0,0.0,0.0,0.0,0.0,0.0,0.0,0.0,0.0,Negligible,None,False,0.0,0.0,Small,Small,Stable,0.0,0.0
FUT911g,0.0,0.0,0.0,0.0,0.0,0.0,0.0,0.0,0.0,0.0,Negligible,None,False,0.0,0.0,Small,Small,Stable,0.0,0.0
FUT91g,0.0,0.0,0.0,0.0,0.0,0.0,0.0,0.0,0.0,0.0,Negligible,None,False,0.0,0.0,Small,Small,Stable,0.0,0.0
FUT92g,0.0,0.0,0.0,0.0,0.0,0.0,0.0,0.0,0.0,0.0,Negligible,None,False,0.0,0.0,Small,Small,Stable,0.0,0.0
FUT93g,0.0,0.0,0.0,0.0,0.0,0.0,0.0,0.0,0.0,0.0,Negligible,None,False,0.0,0.0,Small,Small,Stable,0.0,0.0
FUT94g,0.0,0.0,0.0,0.0,0.0,0.0,0.0,0.0,0.0,0.0,Negligible,None,False,0.0,0.0,Small,Small,Stable,0.0,0.0
FUT95g,0.0,0.0,0.0,0.0,0.0,0.0,0.0,0.0,0.0,0.0,Negligible,None,False,0.0,0.0,Small,Small,Stable,0.0,0.0
FUT96g,0.0,0.0,0.0,0.0,0.0,0.0,0.0,0.0,0.0,0.0,Negligible,None,False,0.0,0.0,Small,Small,Stable,0.0,0.0
FUT97g,0.0,0.0,0.0,0.0,0.0,0.0,0.0,0.0,0.0,0.0,Negligible,None,False,0.0,0.0,Small,Small,Stable,0.0,0.0
FUT98g,0.0,0.0,0.0,0.0,0.0,0.0,0.0,0.0,0.0,0.0,Negligible,None,False,0.0,0.0,Small,Small,Stable,0.0,0.0
FUT99g,0.0,0.0,0.0,0.0,0.0,0.0,0.0,0.0,0.0,0.0,Negligible,None,False,0.0,0.0,Small,Small,Stable,0.0,0.0
G12MT1_L,0.0,0.0,0.0,0.0,0.0,0.0,0.0,0.0,0.0,0.0,Negligible,None,False,0.0,0.0,Small,Small,Stable,0.0,0.0
G12MT1_U,0.0,0.0,0.0,0.0,0.0,0.0,0.0,0.0,0.0,0.0,Negligible,None,False,0.0,0.0,Small,Small,Stable,0.0,0.0
G12MT2_L,0.0,0.0,0.0,0.0,0.0,0.0,0.0,0.0,0.0,0.0,Negligible,None,False,0.0,0.0,Small,Small,Stable,0.0,0.0
G12MT2_U,0.0,0.0,0.0,0.0,0.0,0.0,0.0,0.0,0.0,0.0,Negligible,None,False,0.0,0.0,Small,Small,Stable,0.0,0.0
G13MT_L,0.0,0.0,0.0,0.0,0.0,0.0,0.0,0.0,0.0,0.0,Negligible,None,False,0.0,0.0,Small,Small,Stable,0.0,0.0
G13MT_U,0.0,0.0,0.0,0.0,0.0,0.0,0.0,0.0,0.0,0.0,Negligible,None,False,0.0,0.0,Small,Small,Stable,0.0,0.0
G14T10g,0.0,0.0,0.0,0.0,0.0,0.0,0.0,0.0,0.0,0.0,Negligible,None,False,0.0,0.0,Small,Small,Stable,0.0,0.0
G14T11g,0.0,0.0,0.0,0.0,0.0,0.0,0.0,0.0,0.0,0.0,Negligible,None,False,0.0,0.0,Small,Small,Stable,0.0,0.0
G14T12g,0.0,0.0,0.0,0.0,0.0,0.0,0.0,0.0,0.0,0.0,Negligible,None,False,0.0,0.0,Small,Small,Stable,0.0,0.0
G14T13g,0.0,0.0,0.0,0.0,0.0,0.0,0.0,0.0,0.0,0.0,Negligible,None,False,0.0,0.0,Small,Small,Stable,0.0,0.0
G14T14g,0.0,0.0,0.0,0.0,0.0,0.0,0.0,0.0,0.0,0.0,Negligible,None,False,0.0,0.0,Small,Small,Stable,0.0,0.0
G14T15g,0.0,0.0,0.0,0.0,0.0,0.0,0.0,0.0,0.0,0.0,Negligible,None,False,0.0,0.0,Small,Small,Stable,0.0,0.0
G14T16g,0.0,0.0,0.0,0.0,0.0,0.0,0.0,0.0,0.0,0.0,Negligible,None,False,0.0,0.0,Small,Small,Stable,0.0,0.0
G14T17g,0.0,0.0,0.0,0.0,0.0,0.0,0.0,0.0,0.0,0.0,Negligible,None,False,0.0,0.0,Small,Small,Stable,0.0,0.0
G14T18g,0.0,0.0,0.0,0.0,0.0,0.0,0.0,0.0,0.0,0.0,Negligible,None,False,0.0,0.0,Small,Small,Stable,0.0,0.0
G14T19g,0.0,0.0,0.0,0.0,0.0,0.0,0.0,0.0,0.0,0.0,Negligible,None,False,0.0,0.0,Small,Small,Stable,0.0,0.0
G14T20g,0.0,0.0,0.0,0.0,0.0,0.0,0.0,0.0,0.0,0.0,Negligible,None,False,0.0,0.0,Small,Small,Stable,0.0,0.0
G14T21g,0.0,0.0,0.0,0.0,0.0,0.0,0.0,0.0,0.0,0.0,Negligible,None,False,0.0,0.0,Small,Small,Stable,0.0,0.0
G14T2g,0.0,0.0,0.0,0.0,0.0,0.0,0.0,0.0,0.0,0.0,Negligible,None,False,0.0,0.0,Small,Small,Stable,0.0,0.0
G14T3g,0.0,0.0,0.0,0.0,0.0,0.0,0.0,0.0,0.0,0.0,Negligible,None,False,0.0,0.0,Small,Small,Stable,0.0,0.0
G14T4g,0.0,0.0,0.0,0.0,0.0,0.0,0.0,0.0,0.0,0.0,Negligible,None,False,0.0,0.0,Small,Small,Stable,0.0,0.0
G14T5g,0.0,0.0,0.0,0.0,0.0,0.0,0.0,0.0,0.0,0.0,Negligible,None,False,0.0,0.0,Small,Small,Stable,0.0,0.0
G14T6g,0.0,0.0,0.0,0.0,0.0,0.0,0.0,0.0,0.0,0.0,Negligible,None,False,0.0,0.0,Small,Small,Stable,0.0,0.0
G14T7g,0.0,0.0,0.0,0.0,0.0,0.0,0.0,0.0,0.0,0.0,Negligible,None,False,0.0,0.0,Small,Small,Stable,0.0,0.0
G14T8g,0.0,0.0,0.0,0.0,0.0,0.0,0.0,0.0,0.0,0.0,Negligible,None,False,0.0,0.0,Small,Small,Stable,0.0,0.0
G14T9g,0.0,0.0,0.0,0.0,0.0,0.0,0.0,0.0,0.0,0.0,Negligible,None,False,0.0,0.0,Small,Small,Stable,0.0,0.0
G14Tg,0.0,0.0,0.0,0.0,0.0,0.0,0.0,0.0,0.0,0.0,Negligible,None,False,0.0,0.0,Small,Small,Stable,0.0,0.0
G16MT_L,0.0,0.0,0.0,0.0,0.0,0.0,0.0,0.0,0.0,0.0,Negligible,None,False,0.0,0.0,Small,Small,Stable,0.0,0.0
G16MT_U,0.0,0.0,0.0,0.0,0.0,0.0,0.0,0.0,0.0,0.0,Negligible,None,False,0.0,0.0,Small,Small,Stable,0.0,0.0
G1M6MASNB1terg,0.0,0.0,0.0,0.0,0.0,0.0,0.0,0.0,0.0,0.0,Negligible,None,False,0.0,0.0,Small,Small,Stable,0.0,0.0
G1M7MASNBterg,0.0,0.0,0.0,0.0,0.0,0.0,0.0,0.0,0.0,0.0,Negligible,None,False,0.0,0.0,Small,Small,Stable,0.0,0.0
G1M7MASNCterg,0.0,0.0,0.0,0.0,0.0,0.0,0.0,0.0,0.0,0.0,Negligible,None,False,0.0,0.0,Small,Small,Stable,0.0,0.0
G1M8MASNterg,0.0,0.0,0.0,0.0,0.0,0.0,0.0,0.0,0.0,0.0,Negligible,None,False,0.0,0.0,Small,Small,Stable,0.0,0.0
G1PTT,0.0,0.0,0.0,0.0,0.0,0.0,0.0,0.0,0.0,0.0,Negligible,None,False,0.0,0.0,Small,Small,Stable,0.0,0.0
G2M8MASNterg,0.0,0.0,0.0,0.0,0.0,0.0,0.0,0.0,0.0,0.0,Negligible,None,False,0.0,0.0,Small,Small,Stable,0.0,0.0
G3M8MASNterg,0.0,0.0,0.0,0.0,0.0,0.0,0.0,0.0,0.0,0.0,Negligible,None,False,0.0,0.0,Small,Small,Stable,0.0,0.0
ATPM,0.0,0.0,0.0,0.0,0.0,0.0,0.0,0.0,0.0,0.0,Negligible,None,False,0.0,0.0,Small,Small,Stable,0.0,0.0
EX_5fthf_e,0.0,0.0,0.0,0.0,0.0,0.0,0.0,0.0,0.0,0.0,Negligible,None,False,0.0,0.0,Small,Small,Stable,0.0,0.0
G5SADrm,0.0,0.0,0.0,0.0,0.0,0.0,0.0,0.0,0.0,0.0,Negligible,None,False,0.0,0.0,Small,Small,Stable,0.0,0.0
G5SADs,0.0,0.0,0.0,0.0,0.0,0.0,0.0,0.0,0.0,0.0,Negligible,None,False,0.0,0.0,Small,Small,Stable,0.0,0.0
G5SDym,0.0,0.0,0.0,0.0,0.0,0.0,0.0,0.0,0.0,0.0,Negligible,None,False,0.0,0.0,Small,Small,Stable,0.0,0.0
EX_5homeprazole_e,0.0,0.0,0.0,0.0,0.0,0.0,0.0,0.0,0.0,0.0,Negligible,None,False,0.0,0.0,Small,Small,Stable,0.0,0.0
G6PDH1er_copy1,0.0,0.0,0.0,0.0,0.0,0.0,0.0,0.0,0.0,0.0,Negligible,None,False,0.0,0.0,Small,Small,Stable,0.0,0.0
G6PDH1er_copy2,0.0,0.0,-0.015077484532,0.0,-0.015077484532,-0.015077484532,0.0,0.015077484532,0.0,100.0,Synergistic,Microbiome-dominated synergy,False,0.0,0.0,Small,Small,Microbiome,0.0,100.0
G6PDH2r,0.0,0.0,0.0,0.0,0.0,0.0,0.0,0.0,0.0,0.0,Negligible,None,False,0.0,0.0,Small,Small,Stable,0.0,0.0
G6PDH2er,0.0,0.0,0.015077484532,0.0,0.015077484532,0.015077484532,0.0,0.015077484532,0.0,100.0,Synergistic,Microbiome-dominated synergy,False,0.0,0.0,Small,Small,Microbiome,0.0,100.0
G6PPer,0.0,0.0,0.0,0.0,0.0,0.0,0.0,0.0,0.0,0.0,Negligible,None,False,0.0,0.0,Small,Small,Stable,0.0,0.0
G6Pter,0.0,0.0,0.0,0.0,0.0,0.0,0.0,0.0,0.0,0.0,Negligible,None,False,0.0,0.0,Small,Small,Stable,0.0,0.0
GABAVESSEC,0.0,0.0,0.0,0.0,0.0,0.0,0.0,0.0,0.0,0.0,Negligible,None,False,0.0,0.0,Small,Small,Stable,0.0,0.0
GACMTRc,0.0,0.0,0.0,0.0,0.0,0.0,0.0,0.0,0.0,0.0,Negligible,None,False,0.0,0.0,Small,Small,Stable,0.0,0.0
GACPAILter,0.0,0.0,0.0,0.0,0.0,0.0,0.0,0.0,0.0,0.0,Negligible,None,False,0.0,0.0,Small,Small,Stable,0.0,0.0
GAL3ST11,0.0,0.0,0.0,0.0,0.0,0.0,0.0,0.0,0.0,0.0,Negligible,None,False,0.0,0.0,Small,Small,Stable,0.0,0.0
GAL3ST12,0.0,0.0,0.0,0.0,0.0,0.0,0.0,0.0,0.0,0.0,Negligible,None,False,0.0,0.0,Small,Small,Stable,0.0,0.0
GALACGLCGALGBSIDEte,0.0,0.0,0.0,0.0,0.0,0.0,0.0,0.0,0.0,0.0,Negligible,None,False,0.0,0.0,Small,Small,Stable,0.0,0.0
GALACGLCGALGBSIDEtg,0.0,0.0,0.0,0.0,0.0,0.0,0.0,0.0,0.0,0.0,Negligible,None,False,0.0,0.0,Small,Small,Stable,0.0,0.0
GALASE10ly,0.0,0.0,0.0,0.0,0.0,0.0,0.0,0.0,0.0,0.0,Negligible,None,False,0.0,0.0,Small,Small,Stable,0.0,0.0
GALASE11ly,0.0,0.0,0.0,0.0,0.0,0.0,0.0,0.0,0.0,0.0,Negligible,None,False,0.0,0.0,Small,Small,Stable,0.0,0.0
GALASE12ly,0.0,0.0,0.0,0.0,0.0,0.0,0.0,0.0,0.0,0.0,Negligible,None,False,0.0,0.0,Small,Small,Stable,0.0,0.0
GALASE13ly,0.0,0.0,0.0,0.0,0.0,0.0,0.0,0.0,0.0,0.0,Negligible,None,False,0.0,0.0,Small,Small,Stable,0.0,0.0
GALASE14ly,0.0,0.0,0.0,0.0,0.0,0.0,0.0,0.0,0.0,0.0,Negligible,None,False,0.0,0.0,Small,Small,Stable,0.0,0.0
GALASE15ly,0.0,0.0,0.0,0.0,0.0,0.0,0.0,0.0,0.0,0.0,Negligible,None,False,0.0,0.0,Small,Small,Stable,0.0,0.0
GALASE16ly,0.0,0.0,0.0,0.0,0.0,0.0,0.0,0.0,0.0,0.0,Negligible,None,False,0.0,0.0,Small,Small,Stable,0.0,0.0
GALASE17ly,0.0,0.0,0.0,0.0,0.0,0.0,0.0,0.0,0.0,0.0,Negligible,None,False,0.0,0.0,Small,Small,Stable,0.0,0.0
GALASE18ly,0.0,0.0,0.0,0.0,0.0,0.0,0.0,0.0,0.0,0.0,Negligible,None,False,0.0,0.0,Small,Small,Stable,0.0,0.0
GALASE19ly,0.0,0.0,0.0,0.0,0.0,0.0,0.0,0.0,0.0,0.0,Negligible,None,False,0.0,0.0,Small,Small,Stable,0.0,0.0
GLCAASE8ly,0.0,0.0,0.0,0.0,0.0,0.0,0.0,0.0,0.0,0.0,Negligible,None,False,0.0,0.0,Small,Small,Stable,0.0,0.0
GLCAASE9ly,0.0,0.0,0.0,0.0,0.0,0.0,0.0,0.0,0.0,0.0,Negligible,None,False,0.0,0.0,Small,Small,Stable,0.0,0.0
GLCAE1g,0.0,0.0,0.0,0.0,0.0,0.0,0.0,0.0,0.0,0.0,Negligible,None,False,0.0,0.0,Small,Small,Stable,0.0,0.0
GLCAE2g,0.0,0.0,0.0,0.0,0.0,0.0,0.0,0.0,0.0,0.0,Negligible,None,False,0.0,0.0,Small,Small,Stable,0.0,0.0
GLCAT2g,0.0,0.0,0.0,0.0,0.0,0.0,0.0,0.0,0.0,0.0,Negligible,None,False,0.0,0.0,Small,Small,Stable,0.0,0.0
GLCAT3g,0.0,0.0,0.0,0.0,0.0,0.0,0.0,0.0,0.0,0.0,Negligible,None,False,0.0,0.0,Small,Small,Stable,0.0,0.0
GLCAT4g,0.0,0.0,0.0,0.0,0.0,0.0,0.0,0.0,0.0,0.0,Negligible,None,False,0.0,0.0,Small,Small,Stable,0.0,0.0
GLCAT5g,0.0,0.0,0.0,0.0,0.0,0.0,0.0,0.0,0.0,0.0,Negligible,None,False,0.0,0.0,Small,Small,Stable,0.0,0.0
GLCAT6g,0.0,0.0,0.0,0.0,0.0,0.0,0.0,0.0,0.0,0.0,Negligible,None,False,0.0,0.0,Small,Small,Stable,0.0,0.0
GLCAT7g,0.0,0.0,0.0,0.0,0.0,0.0,0.0,0.0,0.0,0.0,Negligible,None,False,0.0,0.0,Small,Small,Stable,0.0,0.0
GLCAT8g,0.0,0.0,0.0,0.0,0.0,0.0,0.0,0.0,0.0,0.0,Negligible,None,False,0.0,0.0,Small,Small,Stable,0.0,0.0
GLCAT9g,0.0,0.0,0.0,0.0,0.0,0.0,0.0,0.0,0.0,0.0,Negligible,None,False,0.0,0.0,Small,Small,Stable,0.0,0.0
GLCATg,0.0,0.0,0.0,0.0,0.0,0.0,0.0,0.0,0.0,0.0,Negligible,None,False,0.0,0.0,Small,Small,Stable,0.0,0.0
GLCMter,0.0,0.0,0.0,0.0,0.0,0.0,0.0,0.0,0.0,0.0,Negligible,None,False,0.0,0.0,Small,Small,Stable,0.0,0.0
GLCNACASE1ly,0.0,0.0,0.0,0.0,0.0,0.0,0.0,0.0,0.0,0.0,Negligible,None,False,0.0,0.0,Small,Small,Stable,0.0,0.0
GLCNACASE2ly,0.0,0.0,0.0,0.0,0.0,0.0,0.0,0.0,0.0,0.0,Negligible,None,False,0.0,0.0,Small,Small,Stable,0.0,0.0
GLCNACASE3ly,0.0,0.0,0.0,0.0,0.0,0.0,0.0,0.0,0.0,0.0,Negligible,None,False,0.0,0.0,Small,Small,Stable,0.0,0.0
GLCNACASE4ly,0.0,0.0,0.0,0.0,0.0,0.0,0.0,0.0,0.0,0.0,Negligible,None,False,0.0,0.0,Small,Small,Stable,0.0,0.0
GLCNACASE5ly,0.0,0.0,0.0,0.0,0.0,0.0,0.0,0.0,0.0,0.0,Negligible,None,False,0.0,0.0,Small,Small,Stable,0.0,0.0
GLCNACDASg,0.0,0.0,0.0,0.0,0.0,0.0,0.0,0.0,0.0,0.0,Negligible,None,False,0.0,0.0,Small,Small,Stable,0.0,0.0
GLCNACPT_L,0.0,0.0,0.0,0.0,0.0,0.0,0.0,0.0,0.0,0.0,Negligible,None,False,0.0,0.0,Small,Small,Stable,0.0,0.0
GLCNACPT_U,0.0,0.0,0.0,0.0,0.0,0.0,0.0,0.0,0.0,0.0,Negligible,None,False,0.0,0.0,Small,Small,Stable,0.0,0.0
GLCNACT1g,0.0,0.0,0.0,0.0,0.0,0.0,0.0,0.0,0.0,0.0,Negligible,None,False,0.0,0.0,Small,Small,Stable,0.0,0.0
GLCNACT2g,0.0,0.0,0.0,0.0,0.0,0.0,0.0,0.0,0.0,0.0,Negligible,None,False,0.0,0.0,Small,Small,Stable,0.0,0.0
GLCNACT3g,0.0,0.0,0.0,0.0,0.0,0.0,0.0,0.0,0.0,0.0,Negligible,None,False,0.0,0.0,Small,Small,Stable,0.0,0.0
GLCNACT4g,0.0,0.0,0.0,0.0,0.0,0.0,0.0,0.0,0.0,0.0,Negligible,None,False,0.0,0.0,Small,Small,Stable,0.0,0.0
GLCNACT5g,0.0,0.0,0.0,0.0,0.0,0.0,0.0,0.0,0.0,0.0,Negligible,None,False,0.0,0.0,Small,Small,Stable,0.0,0.0
GLCNACT_L,0.0,0.0,0.0,0.0,0.0,0.0,0.0,0.0,0.0,0.0,Negligible,None,False,0.0,0.0,Small,Small,Stable,0.0,0.0
GLCNACT_U,0.0,0.0,0.0,0.0,0.0,0.0,0.0,0.0,0.0,0.0,Negligible,None,False,0.0,0.0,Small,Small,Stable,0.0,0.0
GLCURter,0.0,0.0,0.0,0.0,0.0,0.0,0.0,0.0,0.0,0.0,Negligible,None,False,0.0,0.0,Small,Small,Stable,0.0,0.0
GLCURtly,0.0,0.0,0.0,0.0,0.0,0.0,0.0,0.0,0.0,0.0,Negligible,None,False,0.0,0.0,Small,Small,Stable,0.0,0.0
GLCt2_2,0.0,0.0,0.0,0.0,0.0,0.0,0.0,0.0,0.0,0.0,Negligible,None,False,0.0,0.0,Small,Small,Stable,0.0,0.0
GLCt2,0.0,0.0,0.0,0.0,0.0,0.0,0.0,0.0,0.0,0.0,Negligible,None,False,0.0,0.0,Small,Small,Stable,0.0,0.0
GLCt4,10.0,6.0,6.0,-4.0,0.0,-4.0,4.0,0.0,100.0,0.0,Synergistic,Diet-dominated synergy,False,-0.4,0.0,Medium,Small,Diet,100.0,0.0
GLCt4_2,0.0,0.0,0.0,0.0,0.0,0.0,0.0,0.0,0.0,0.0,Negligible,None,False,0.0,0.0,Small,Small,Stable,0.0,0.0
GLCter,0.0,0.0,0.0,0.0,0.0,0.0,0.0,0.0,0.0,0.0,Negligible,None,False,0.0,0.0,Small,Small,Stable,0.0,0.0
GLCtg,0.0,0.0,0.0,0.0,0.0,0.0,0.0,0.0,0.0,0.0,Negligible,None,False,0.0,0.0,Small,Small,Stable,0.0,0.0
GLCtly,0.0,0.0,0.0,0.0,0.0,0.0,0.0,0.0,0.0,0.0,Negligible,None,False,0.0,0.0,Small,Small,Stable,0.0,0.0
GLDBRAN,0.0,0.0,0.0,0.0,0.0,0.0,0.0,0.0,0.0,0.0,Negligible,None,False,0.0,0.0,Small,Small,Stable,0.0,0.0
GLGNS1,0.0,0.0,0.0,0.0,0.0,0.0,0.0,0.0,0.0,0.0,Negligible,None,False,0.0,0.0,Small,Small,Stable,0.0,0.0
GLNALANaEx,0.0,0.0,0.0,0.0,0.0,0.0,0.0,0.0,0.0,0.0,Negligible,None,False,0.0,0.0,Small,Small,Stable,0.0,0.0
GLNASNNaEx,0.0,0.0,0.0,0.0,0.0,0.0,0.0,0.0,0.0,0.0,Negligible,None,False,0.0,0.0,Small,Small,Stable,0.0,0.0
GLNCYSNaEx,0.0,0.0,0.0,0.0,0.0,0.0,0.0,0.0,0.0,0.0,Negligible,None,False,0.0,0.0,Small,Small,Stable,0.0,0.0
GLNLASEer,-0.2,-0.15,-0.15,0.05000000000000002,0.0,0.05000000000000002,0.05000000000000002,0.0,100.0,0.0,Synergistic,Diet-dominated synergy,False,0.25000000000000006,0.0,Medium,Small,Diet,100.0,0.0
GLNS,0.0,0.0,0.0,0.0,0.0,0.0,0.0,0.0,0.0,0.0,Negligible,None,False,0.0,0.0,Small,Small,Stable,0.0,0.0
GLNSERNaEx,0.0,0.0,0.0,0.0,0.0,0.0,0.0,0.0,0.0,0.0,Negligible,None,False,0.0,0.0,Small,Small,Stable,0.0,0.0
GLNTHRNaEx,0.0,0.0,0.0,0.0,0.0,0.0,0.0,0.0,0.0,0.0,Negligible,None,False,0.0,0.0,Small,Small,Stable,0.0,0.0
GLNt4,0.0,0.0,0.0,0.0,0.0,0.0,0.0,0.0,0.0,0.0,Negligible,None,False,0.0,0.0,Small,Small,Stable,0.0,0.0
GLNtN1,1.9,1.4,1.4,-0.5,0.0,-0.5,0.5,0.0,100.0,0.0,Synergistic,Diet-dominated synergy,False,-0.2631578947368421,0.0,Medium,Small,Diet,100.0,0.0
GLNtm,0.0,0.0,0.0,0.0,0.0,0.0,0.0,0.0,0.0,0.0,Negligible,None,False,0.0,0.0,Small,Small,Stable,0.0,0.0
GLPASE1,0.0,0.0,0.0,0.0,0.0,0.0,0.0,0.0,0.0,0.0,Negligible,None,False,0.0,0.0,Small,Small,Stable,0.0,0.0
GLPASE2,0.0,0.0,0.0,0.0,0.0,0.0,0.0,0.0,0.0,0.0,Negligible,None,False,0.0,0.0,Small,Small,Stable,0.0,0.0
GLRASE,0.0,0.0,0.0,0.0,0.0,0.0,0.0,0.0,0.0,0.0,Negligible,None,False,0.0,0.0,Small,Small,Stable,0.0,0.0
GLU5Km,0.0,0.0,0.0,0.0,0.0,0.0,0.0,0.0,0.0,0.0,Negligible,None,False,0.0,0.0,Small,Small,Stable,0.0,0.0
GLUCYS,0.0,0.0,0.0,0.0,0.0,0.0,0.0,0.0,0.0,0.0,Negligible,None,False,0.0,0.0,Small,Small,Stable,0.0,0.0
LEUKTRB4t,0.0,0.0,0.0,0.0,0.0,0.0,0.0,0.0,0.0,0.0,Negligible,None,False,0.0,0.0,Small,Small,Stable,0.0,0.0
GCALDD,0.0,0.0,0.0,0.0,0.0,0.0,0.0,0.0,0.0,0.0,Negligible,None,False,0.0,0.0,Small,Small,Stable,0.0,0.0
GCALDDm,0.0,0.0,0.0,0.0,0.0,0.0,0.0,0.0,0.0,0.0,Negligible,None,False,0.0,0.0,Small,Small,Stable,0.0,0.0
GCC2am,0.0,0.0,0.0,0.0,0.0,0.0,0.0,0.0,0.0,0.0,Negligible,None,False,0.0,0.0,Small,Small,Stable,0.0,0.0
GCC2bim,0.0,0.0,0.0,0.0,0.0,0.0,0.0,0.0,0.0,0.0,Negligible,None,False,0.0,0.0,Small,Small,Stable,0.0,0.0
GCC2cm,0.0,0.0,0.0,0.0,0.0,0.0,0.0,0.0,0.0,0.0,Negligible,None,False,0.0,0.0,Small,Small,Stable,0.0,0.0
GCCam,0.0,0.0,0.0,0.0,0.0,0.0,0.0,0.0,0.0,0.0,Negligible,None,False,0.0,0.0,Small,Small,Stable,0.0,0.0
GCCbim,0.0,0.0,0.0,0.0,0.0,0.0,0.0,0.0,0.0,0.0,Negligible,None,False,0.0,0.0,Small,Small,Stable,0.0,0.0
GCCcm,0.0,0.0,0.0,0.0,0.0,0.0,0.0,0.0,0.0,0.0,Negligible,None,False,0.0,0.0,Small,Small,Stable,0.0,0.0
GCHOLAt2,0.0,0.0,0.0,0.0,0.0,0.0,0.0,0.0,0.0,0.0,Negligible,None,False,0.0,0.0,Small,Small,Stable,0.0,0.0
GCHOLAt3,0.0,0.0,0.0,0.0,0.0,0.0,0.0,0.0,0.0,0.0,Negligible,None,False,0.0,0.0,Small,Small,Stable,0.0,0.0
GCHOLAte,0.0,0.0,0.0,0.0,0.0,0.0,0.0,0.0,0.0,0.0,Negligible,None,False,0.0,0.0,Small,Small,Stable,0.0,0.0
GCHOLAtx,0.0,0.0,0.0,0.0,0.0,0.0,0.0,0.0,0.0,0.0,Negligible,None,False,0.0,0.0,Small,Small,Stable,0.0,0.0
GCNTg,0.0,0.0,0.0,0.0,0.0,0.0,0.0,0.0,0.0,0.0,Negligible,None,False,0.0,0.0,Small,Small,Stable,0.0,0.0
GD1B2te,0.0,0.0,0.0,0.0,0.0,0.0,0.0,0.0,0.0,0.0,Negligible,None,False,0.0,0.0,Small,Small,Stable,0.0,0.0
GD1B2tg,0.0,0.0,0.0,0.0,0.0,0.0,0.0,0.0,0.0,0.0,Negligible,None,False,0.0,0.0,Small,Small,Stable,0.0,0.0
GD1Cte,0.0,0.0,0.0,0.0,0.0,0.0,0.0,0.0,0.0,0.0,Negligible,None,False,0.0,0.0,Small,Small,Stable,0.0,0.0
GD1Ctg,0.0,0.0,0.0,0.0,0.0,0.0,0.0,0.0,0.0,0.0,Negligible,None,False,0.0,0.0,Small,Small,Stable,0.0,0.0
GDCHOLAte,0.0,0.0,0.0,0.0,0.0,0.0,0.0,0.0,0.0,0.0,Negligible,None,False,0.0,0.0,Small,Small,Stable,0.0,0.0
GDCHOLAtx,0.0,0.0,0.0,0.0,0.0,0.0,0.0,0.0,0.0,0.0,Negligible,None,False,0.0,0.0,Small,Small,Stable,0.0,0.0
GDPFUCtg,0.0,0.0,0.0,0.0,0.0,0.0,0.0,0.0,0.0,0.0,Negligible,None,False,0.0,0.0,Small,Small,Stable,0.0,0.0
GDPtg,0.0,0.0,0.0,0.0,0.0,0.0,0.0,0.0,0.0,0.0,Negligible,None,False,0.0,0.0,Small,Small,Stable,0.0,0.0
EX_34dhoxpeg_e,0.0,0.0,0.0,0.0,0.0,0.0,0.0,0.0,0.0,0.0,Negligible,None,False,0.0,0.0,Small,Small,Stable,0.0,0.0
GFUCS,0.0,0.0,0.0,0.0,0.0,0.0,0.0,0.0,0.0,0.0,Negligible,None,False,0.0,0.0,Small,Small,Stable,0.0,0.0
GGH_10FTHF5GLUe,0.0,0.0,0.0,0.0,0.0,0.0,0.0,0.0,0.0,0.0,Negligible,None,False,0.0,0.0,Small,Small,Stable,0.0,0.0
GGH_10FTHF5GLUl,0.0,0.0,0.0,0.0,0.0,0.0,0.0,0.0,0.0,0.0,Negligible,None,False,0.0,0.0,Small,Small,Stable,0.0,0.0
GGH_10FTHF6GLUe,0.0,0.0,0.0,0.0,0.0,0.0,0.0,0.0,0.0,0.0,Negligible,None,False,0.0,0.0,Small,Small,Stable,0.0,0.0
GGH_10FTHF6GLUl,0.0,0.0,0.0,0.0,0.0,0.0,0.0,0.0,0.0,0.0,Negligible,None,False,0.0,0.0,Small,Small,Stable,0.0,0.0
GGH_10FTHF7GLUe,0.0,0.0,0.0,0.0,0.0,0.0,0.0,0.0,0.0,0.0,Negligible,None,False,0.0,0.0,Small,Small,Stable,0.0,0.0
GGH_10FTHF7GLUl,0.0,0.0,0.0,0.0,0.0,0.0,0.0,0.0,0.0,0.0,Negligible,None,False,0.0,0.0,Small,Small,Stable,0.0,0.0
GGH_5DHFe,0.0,0.0,0.0,0.0,0.0,0.0,0.0,0.0,0.0,0.0,Negligible,None,False,0.0,0.0,Small,Small,Stable,0.0,0.0
GGH_5DHFl,0.0,0.0,0.0,0.0,0.0,0.0,0.0,0.0,0.0,0.0,Negligible,None,False,0.0,0.0,Small,Small,Stable,0.0,0.0
GGH_5THFe,0.0,0.0,0.0,0.0,0.0,0.0,0.0,0.0,0.0,0.0,Negligible,None,False,0.0,0.0,Small,Small,Stable,0.0,0.0
GGH_5THFl,0.0,0.0,0.0,0.0,0.0,0.0,0.0,0.0,0.0,0.0,Negligible,None,False,0.0,0.0,Small,Small,Stable,0.0,0.0
GGH_6DHFe,0.0,0.0,0.0,0.0,0.0,0.0,0.0,0.0,0.0,0.0,Negligible,None,False,0.0,0.0,Small,Small,Stable,0.0,0.0
GGH_6DHFl,0.0,0.0,0.0,0.0,0.0,0.0,0.0,0.0,0.0,0.0,Negligible,None,False,0.0,0.0,Small,Small,Stable,0.0,0.0
GGH_6THFe,0.0,0.0,0.0,0.0,0.0,0.0,0.0,0.0,0.0,0.0,Negligible,None,False,0.0,0.0,Small,Small,Stable,0.0,0.0
GGH_6THFl,0.0,0.0,0.0,0.0,0.0,0.0,0.0,0.0,0.0,0.0,Negligible,None,False,0.0,0.0,Small,Small,Stable,0.0,0.0
GGH_7DHFe,0.0,0.0,0.0,0.0,0.0,0.0,0.0,0.0,0.0,0.0,Negligible,None,False,0.0,0.0,Small,Small,Stable,0.0,0.0
GGH_7DHFl,0.0,0.0,0.0,0.0,0.0,0.0,0.0,0.0,0.0,0.0,Negligible,None,False,0.0,0.0,Small,Small,Stable,0.0,0.0
GGH_7THFe,0.0,0.0,0.0,0.0,0.0,0.0,0.0,0.0,0.0,0.0,Negligible,None,False,0.0,0.0,Small,Small,Stable,0.0,0.0
GGH_7THFl,0.0,0.0,0.0,0.0,0.0,0.0,0.0,0.0,0.0,0.0,Negligible,None,False,0.0,0.0,Small,Small,Stable,0.0,0.0
GGLUCT,0.0,0.0,0.0,0.0,0.0,0.0,0.0,0.0,0.0,0.0,Negligible,None,False,0.0,0.0,Small,Small,Stable,0.0,0.0
GGNG,0.0,0.0,0.0,0.0,0.0,0.0,0.0,0.0,0.0,0.0,Negligible,None,False,0.0,0.0,Small,Small,Stable,0.0,0.0
GGT5r,0.0,0.0,0.0,0.0,0.0,0.0,0.0,0.0,0.0,0.0,Negligible,None,False,0.0,0.0,Small,Small,Stable,0.0,0.0
GGT6,0.0,0.0,0.0,0.0,0.0,0.0,0.0,0.0,0.0,0.0,Negligible,None,False,0.0,0.0,Small,Small,Stable,0.0,0.0
GGT_L,0.0,0.0,0.0,0.0,0.0,0.0,0.0,0.0,0.0,0.0,Negligible,None,False,0.0,0.0,Small,Small,Stable,0.0,0.0
GGT_U,0.0,0.0,0.0,0.0,0.0,0.0,0.0,0.0,0.0,0.0,Negligible,None,False,0.0,0.0,Small,Small,Stable,0.0,0.0
EX_5htrp_e,0.0,0.0,0.0,0.0,0.0,0.0,0.0,0.0,0.0,0.0,Negligible,None,False,0.0,0.0,Small,Small,Stable,0.0,0.0
GHMT2rm,0.0,0.0,0.0,0.0,0.0,0.0,0.0,0.0,0.0,0.0,Negligible,None,False,0.0,0.0,Small,Small,Stable,0.0,0.0
GHMT3,0.0,0.0,0.0,0.0,0.0,0.0,0.0,0.0,0.0,0.0,Negligible,None,False,0.0,0.0,Small,Small,Stable,0.0,0.0
GHMT3m,0.0,0.0,0.0,0.0,0.0,0.0,0.0,0.0,0.0,0.0,Negligible,None,False,0.0,0.0,Small,Small,Stable,0.0,0.0
EX_34dhphe_e,0.0,0.0,0.0,0.0,0.0,0.0,0.0,0.0,0.0,0.0,Negligible,None,False,0.0,0.0,Small,Small,Stable,0.0,0.0
GK1m,0.0,0.0,0.0,0.0,0.0,0.0,0.0,0.0,0.0,0.0,Negligible,None,False,0.0,0.0,Small,Small,Stable,0.0,0.0
GLACO,0.0,0.0,0.0,0.0,0.0,0.0,0.0,0.0,0.0,0.0,Negligible,None,False,0.0,0.0,Small,Small,Stable,0.0,0.0
GLACOm,0.0,0.0,0.0,0.0,0.0,0.0,0.0,0.0,0.0,0.0,Negligible,None,False,0.0,0.0,Small,Small,Stable,0.0,0.0
GLACter,0.0,0.0,0.0,0.0,0.0,0.0,0.0,0.0,0.0,0.0,Negligible,None,False,0.0,0.0,Small,Small,Stable,0.0,0.0
GLAl,0.0,0.0,0.0,0.0,0.0,0.0,0.0,0.0,0.0,0.0,Negligible,None,False,0.0,0.0,Small,Small,Stable,0.0,0.0
GLB1,0.0,0.0,0.0,0.0,0.0,0.0,0.0,0.0,0.0,0.0,Negligible,None,False,0.0,0.0,Small,Small,Stable,0.0,0.0
GLBRAN,0.0,0.0,0.0,0.0,0.0,0.0,0.0,0.0,0.0,0.0,Negligible,None,False,0.0,0.0,Small,Small,Stable,0.0,0.0
GLCAASE1ly,0.0,0.0,0.0,0.0,0.0,0.0,0.0,0.0,0.0,0.0,Negligible,None,False,0.0,0.0,Small,Small,Stable,0.0,0.0
GLCAASE4ly,0.0,0.0,0.0,0.0,0.0,0.0,0.0,0.0,0.0,0.0,Negligible,None,False,0.0,0.0,Small,Small,Stable,0.0,0.0
GLCAASE5ly,0.0,0.0,0.0,0.0,0.0,0.0,0.0,0.0,0.0,0.0,Negligible,None,False,0.0,0.0,Small,Small,Stable,0.0,0.0
GLCAASE6ly,0.0,0.0,0.0,0.0,0.0,0.0,0.0,0.0,0.0,0.0,Negligible,None,False,0.0,0.0,Small,Small,Stable,0.0,0.0
GLCAASE7ly,0.0,0.0,0.0,0.0,0.0,0.0,0.0,0.0,0.0,0.0,Negligible,None,False,0.0,0.0,Small,Small,Stable,0.0,0.0
GLUTCOADHm,0.0,0.394198276641,0.394081546052,0.394198276641,-0.00011673058899996924,0.394081546052,0.394198276641,0.00011673058899996924,99.99999123120588,8.768794111815813e-06,Antagonistic,Diet overcomes microbiome,True,0.0,-0.00029612151020710036,Small,Small,Diet (opposed by microbiome),100.02962092241299,0.0296209224129887
EX_35cgmp_e,0.0,0.0,0.0,0.0,0.0,0.0,0.0,0.0,0.0,0.0,Negligible,None,False,0.0,0.0,Small,Small,Stable,0.0,0.0
GLUt6,2.0,1.5,1.5,-0.5,0.0,-0.5,0.5,0.0,100.0,0.0,Synergistic,Diet-dominated synergy,False,-0.25,0.0,Medium,Small,Diet,100.0,0.0
GLUt7l,0.0,0.0,0.0,0.0,0.0,0.0,0.0,0.0,0.0,0.0,Negligible,None,False,0.0,0.0,Small,Small,Stable,0.0,0.0
GLUtr,0.0,0.0,0.0,0.0,0.0,0.0,0.0,0.0,0.0,0.0,Negligible,None,False,0.0,0.0,Small,Small,Stable,0.0,0.0
GLXO2p,0.0,0.0,0.0,0.0,0.0,0.0,0.0,0.0,0.0,0.0,Negligible,None,False,0.0,0.0,Small,Small,Stable,0.0,0.0
GLXtm,0.0,0.0,0.0,0.0,0.0,0.0,0.0,0.0,0.0,0.0,Negligible,None,False,0.0,0.0,Small,Small,Stable,0.0,0.0
GLXtp,0.0,0.0,0.0,0.0,0.0,0.0,0.0,0.0,0.0,0.0,Negligible,None,False,0.0,0.0,Small,Small,Stable,0.0,0.0
GLYAMDTRc,0.0,0.0,0.0,0.0,0.0,0.0,0.0,0.0,0.0,0.0,Negligible,None,False,0.0,0.0,Small,Small,Stable,0.0,0.0
EX_3aib_e,0.0,0.0,0.0,0.0,0.0,0.0,0.0,0.0,0.0,0.0,Negligible,None,False,0.0,0.0,Small,Small,Stable,0.0,0.0
GLYBt4_2_r,0.0,0.0,0.0,0.0,0.0,0.0,0.0,0.0,0.0,0.0,Negligible,None,False,0.0,0.0,Small,Small,Stable,0.0,0.0
GLYBtm,0.0,0.0,0.0,0.0,0.0,0.0,0.0,0.0,0.0,0.0,Negligible,None,False,0.0,0.0,Small,Small,Stable,0.0,0.0
GLYC_St,0.0,0.0,0.0,0.0,0.0,0.0,0.0,0.0,0.0,0.0,Negligible,None,False,0.0,0.0,Small,Small,Stable,0.0,0.0
GLYC3Ptm,0.0,0.0,0.0,0.0,0.0,0.0,0.0,0.0,0.0,0.0,Negligible,None,False,0.0,0.0,Small,Small,Stable,0.0,0.0
GLYCK2,0.0,0.0,0.0,0.0,0.0,0.0,0.0,0.0,0.0,0.0,Negligible,None,False,0.0,0.0,Small,Small,Stable,0.0,0.0
GLYCLTDy,0.0,0.0,0.0,0.0,0.0,0.0,0.0,0.0,0.0,0.0,Negligible,None,False,0.0,0.0,Small,Small,Stable,0.0,0.0
GLYCLTDym,0.0,0.0,0.0,0.0,0.0,0.0,0.0,0.0,0.0,0.0,Negligible,None,False,0.0,0.0,Small,Small,Stable,0.0,0.0
GLYCLTtp,0.0,0.0,0.0,0.0,0.0,0.0,0.0,0.0,0.0,0.0,Negligible,None,False,0.0,0.0,Small,Small,Stable,0.0,0.0
GLYCTO1p,0.0,0.0,0.0,0.0,0.0,0.0,0.0,0.0,0.0,0.0,Negligible,None,False,0.0,0.0,Small,Small,Stable,0.0,0.0
GLYCt,-1.0,-1.0,-1.0,0.0,0.0,0.0,0.0,0.0,0.0,0.0,Negligible,None,False,0.0,0.0,Small,Small,Stable,0.0,0.0
GLYCtm,0.0,0.0,0.0,0.0,0.0,0.0,0.0,0.0,0.0,0.0,Negligible,None,False,0.0,0.0,Small,Small,Stable,0.0,0.0
GLYK,1.0,1.0,1.0,0.0,0.0,0.0,0.0,0.0,0.0,0.0,Negligible,None,False,0.0,0.0,Small,Small,Stable,0.0,0.0
GLYKm,0.0,0.0,0.0,0.0,0.0,0.0,0.0,0.0,0.0,0.0,Negligible,None,False,0.0,0.0,Small,Small,Stable,0.0,0.0
GLYOX,0.0,0.0,0.0,0.0,0.0,0.0,0.0,0.0,0.0,0.0,Negligible,None,False,0.0,0.0,Small,Small,Stable,0.0,0.0
GLYOXm,0.0,0.0,0.0,0.0,0.0,0.0,0.0,0.0,0.0,0.0,Negligible,None,False,0.0,0.0,Small,Small,Stable,0.0,0.0
GLYOp,0.0,0.0,0.0,0.0,0.0,0.0,0.0,0.0,0.0,0.0,Negligible,None,False,0.0,0.0,Small,Small,Stable,0.0,0.0
GLYVESSEC,0.0,0.0,0.0,0.0,0.0,0.0,0.0,0.0,0.0,0.0,Negligible,None,False,0.0,0.0,Small,Small,Stable,0.0,0.0
GLYt2r,0.0,0.0,0.0,0.0,0.0,0.0,0.0,0.0,0.0,0.0,Negligible,None,False,0.0,0.0,Small,Small,Stable,0.0,0.0
GLYt2rL,0.0,0.0,0.0,0.0,0.0,0.0,0.0,0.0,0.0,0.0,Negligible,None,False,0.0,0.0,Small,Small,Stable,0.0,0.0
EX_3aib__D_e,0.2,0.141549903395,0.141551344113,-0.058450096605,1.4407179999842423e-06,-0.05844865588700002,0.058450096605,1.4407179999842423e-06,99.99999993924425,6.075576554541197e-08,Antagonistic,Diet overcomes microbiome,True,-0.292250483025,1.0178163074854723e-05,Medium,Small,Diet (opposed by microbiome),100.00246492922398,0.0024649292239835455
GLYt7_211_r,0.0,0.0,0.0,0.0,0.0,0.0,0.0,0.0,0.0,0.0,Negligible,None,False,0.0,0.0,Small,Small,Stable,0.0,0.0
GLYt7_311_r,0.0,-0.030680828879,-0.029620390792,-0.030680828879,0.0010604380870000013,-0.029620390792,0.030680828879,0.0010604380870000013,99.88067870911765,0.11932129088235757,Antagonistic,Diet overcomes microbiome,True,0.0,0.03456354100412964,Small,Small,Diet (opposed by microbiome),103.58009485575866,3.580094855758652
EX_3mlda_e,0.0,0.0,0.0,0.0,0.0,0.0,0.0,0.0,0.0,0.0,Negligible,None,False,0.0,0.0,Small,Small,Stable,0.0,0.0
GLYtp,0.0,0.0,0.0,0.0,0.0,0.0,0.0,0.0,0.0,0.0,Negligible,None,False,0.0,0.0,Small,Small,Stable,0.0,0.0
GMAND,0.0,0.0,0.0,0.0,0.0,0.0,0.0,0.0,0.0,0.0,Negligible,None,False,0.0,0.0,Small,Small,Stable,0.0,0.0
GMPR,0.0,0.0,0.0,0.0,0.0,0.0,0.0,0.0,0.0,0.0,Negligible,None,False,0.0,0.0,Small,Small,Stable,0.0,0.0
GMPS2,0.0,0.0,0.0,0.0,0.0,0.0,0.0,0.0,0.0,0.0,Negligible,None,False,0.0,0.0,Small,Small,Stable,0.0,0.0
GMPtg,0.0,0.0,0.0,0.0,0.0,0.0,0.0,0.0,0.0,0.0,Negligible,None,False,0.0,0.0,Small,Small,Stable,0.0,0.0
GMPtn,0.0,0.0,0.0,0.0,0.0,0.0,0.0,0.0,0.0,0.0,Negligible,None,False,0.0,0.0,Small,Small,Stable,0.0,0.0
GND,0.0,0.0,0.0,0.0,0.0,0.0,0.0,0.0,0.0,0.0,Negligible,None,False,0.0,0.0,Small,Small,Stable,0.0,0.0
GNDer,0.0,0.0,0.0,0.0,0.0,0.0,0.0,0.0,0.0,0.0,Negligible,None,False,0.0,0.0,Small,Small,Stable,0.0,0.0
GNMT,0.0,0.0,0.0,0.0,0.0,0.0,0.0,0.0,0.0,0.0,Negligible,None,False,0.0,0.0,Small,Small,Stable,0.0,0.0
GP1CALPHAte,0.0,0.0,0.0,0.0,0.0,0.0,0.0,0.0,0.0,0.0,Negligible,None,False,0.0,0.0,Small,Small,Stable,0.0,0.0
GP1CALPHAtg,0.0,0.0,0.0,0.0,0.0,0.0,0.0,0.0,0.0,0.0,Negligible,None,False,0.0,0.0,Small,Small,Stable,0.0,0.0
GP1Cte,0.0,0.0,0.0,0.0,0.0,0.0,0.0,0.0,0.0,0.0,Negligible,None,False,0.0,0.0,Small,Small,Stable,0.0,0.0
GP1Ctg,0.0,0.0,0.0,0.0,0.0,0.0,0.0,0.0,0.0,0.0,Negligible,None,False,0.0,0.0,Small,Small,Stable,0.0,0.0
EX_4abut_e,0.0,0.0,0.0,0.0,0.0,0.0,0.0,0.0,0.0,0.0,Negligible,None,False,0.0,0.0,Small,Small,Stable,0.0,0.0
GPAMm_hs,0.0,0.0,0.0,0.0,0.0,0.0,0.0,0.0,0.0,0.0,Negligible,None,False,0.0,0.0,Small,Small,Stable,0.0,0.0
GPDDA1,0.0,0.0,0.0,0.0,0.0,0.0,0.0,0.0,0.0,0.0,Negligible,None,False,0.0,0.0,Small,Small,Stable,0.0,0.0
GPIAT,0.0,0.0,0.0,0.0,0.0,0.0,0.0,0.0,0.0,0.0,Negligible,None,False,0.0,0.0,Small,Small,Stable,0.0,0.0
GPIDA2er,0.0,0.0,0.0,0.0,0.0,0.0,0.0,0.0,0.0,0.0,Negligible,None,False,0.0,0.0,Small,Small,Stable,0.0,0.0
GPIDAer,0.0,0.0,0.0,0.0,0.0,0.0,0.0,0.0,0.0,0.0,Negligible,None,False,0.0,0.0,Small,Small,Stable,0.0,0.0
GPIMTer_L,0.0,0.0,0.0,0.0,0.0,0.0,0.0,0.0,0.0,0.0,Negligible,None,False,0.0,0.0,Small,Small,Stable,0.0,0.0
GPIMTer_U,0.0,0.0,0.0,0.0,0.0,0.0,0.0,0.0,0.0,0.0,Negligible,None,False,0.0,0.0,Small,Small,Stable,0.0,0.0
GQ1BALPHAte,0.0,0.0,0.0,0.0,0.0,0.0,0.0,0.0,0.0,0.0,Negligible,None,False,0.0,0.0,Small,Small,Stable,0.0,0.0
GQ1BALPHAtg,0.0,0.0,0.0,0.0,0.0,0.0,0.0,0.0,0.0,0.0,Negligible,None,False,0.0,0.0,Small,Small,Stable,0.0,0.0
GQ1Bte,0.0,0.0,0.0,0.0,0.0,0.0,0.0,0.0,0.0,0.0,Negligible,None,False,0.0,0.0,Small,Small,Stable,0.0,0.0
GQ1Btg,0.0,0.0,0.0,0.0,0.0,0.0,0.0,0.0,0.0,0.0,Negligible,None,False,0.0,0.0,Small,Small,Stable,0.0,0.0
GRTT,0.0,0.0,0.0,0.0,0.0,0.0,0.0,0.0,0.0,0.0,Negligible,None,False,0.0,0.0,Small,Small,Stable,0.0,0.0
EX_4hdebrisoquine_e,0.0,0.0,0.0,0.0,0.0,0.0,0.0,0.0,0.0,0.0,Negligible,None,False,0.0,0.0,Small,Small,Stable,0.0,0.0
GSNKm,0.0,0.0,0.0,0.0,0.0,0.0,0.0,0.0,0.0,0.0,Negligible,None,False,0.0,0.0,Small,Small,Stable,0.0,0.0
GSNt,0.0,0.0,0.0,0.0,0.0,0.0,0.0,0.0,0.0,0.0,Negligible,None,False,0.0,0.0,Small,Small,Stable,0.0,0.0
GSNt4,0.0,0.0,0.0,0.0,0.0,0.0,0.0,0.0,0.0,0.0,Negligible,None,False,0.0,0.0,Small,Small,Stable,0.0,0.0
GSNt5,0.0,0.0,0.0,0.0,0.0,0.0,0.0,0.0,0.0,0.0,Negligible,None,False,0.0,0.0,Small,Small,Stable,0.0,0.0
GSNtl,0.0,0.0,0.0,0.0,0.0,0.0,0.0,0.0,0.0,0.0,Negligible,None,False,0.0,0.0,Small,Small,Stable,0.0,0.0
GLUDC,0.0,0.0,0.0,0.0,0.0,0.0,0.0,0.0,0.0,0.0,Negligible,None,False,0.0,0.0,Small,Small,Stable,0.0,0.0
GLUNm,0.0,0.0,0.0,0.0,0.0,0.0,0.0,0.0,0.0,0.0,Negligible,None,False,0.0,0.0,Small,Small,Stable,0.0,0.0
GLUPRT,0.0,0.0,0.0,0.0,0.0,0.0,0.0,0.0,0.0,0.0,Negligible,None,False,0.0,0.0,Small,Small,Stable,0.0,0.0
GTHOm,0.0,0.0,0.0,0.0,0.0,0.0,0.0,0.0,0.0,0.0,Negligible,None,False,0.0,0.0,Small,Small,Stable,0.0,0.0
GTHPi,-0.1,0.0,0.0,0.1,0.0,0.1,0.1,0.0,100.0,0.0,Synergistic,Diet-dominated synergy,False,1.0,0.0,Large,Small,Diet,100.0,0.0
GTHPe,0.0,0.0,0.0,0.0,0.0,0.0,0.0,0.0,0.0,0.0,Negligible,None,False,0.0,0.0,Small,Small,Stable,0.0,0.0
GTHPm,0.0,0.0,0.0,0.0,0.0,0.0,0.0,0.0,0.0,0.0,Negligible,None,False,0.0,0.0,Small,Small,Stable,0.0,0.0
GTHRDt,0.0,0.0,0.0,0.0,0.0,0.0,0.0,0.0,0.0,0.0,Negligible,None,False,0.0,0.0,Small,Small,Stable,0.0,0.0
GTHRDtr,0.0,0.0,0.0,0.0,0.0,0.0,0.0,0.0,0.0,0.0,Negligible,None,False,0.0,0.0,Small,Small,Stable,0.0,0.0
GTHS,0.0,0.0,0.0,0.0,0.0,0.0,0.0,0.0,0.0,0.0,Negligible,None,False,0.0,0.0,Small,Small,Stable,0.0,0.0
GTMLTe,0.0,0.0,0.0,0.0,0.0,0.0,0.0,0.0,0.0,0.0,Negligible,None,False,0.0,0.0,Small,Small,Stable,0.0,0.0
GTPCI,0.0,0.0,0.0,0.0,0.0,0.0,0.0,0.0,0.0,0.0,Negligible,None,False,0.0,0.0,Small,Small,Stable,0.0,0.0
GTPCIn,0.0,0.0,0.0,0.0,0.0,0.0,0.0,0.0,0.0,0.0,Negligible,None,False,0.0,0.0,Small,Small,Stable,0.0,0.0
GTPtn,0.0,0.0,0.0,0.0,0.0,0.0,0.0,0.0,0.0,0.0,Negligible,None,False,0.0,0.0,Small,Small,Stable,0.0,0.0
GUACYC,0.0,0.0,0.0,0.0,0.0,0.0,0.0,0.0,0.0,0.0,Negligible,None,False,0.0,0.0,Small,Small,Stable,0.0,0.0
GUAD,0.0,0.0,0.0,0.0,0.0,0.0,0.0,0.0,0.0,0.0,Negligible,None,False,0.0,0.0,Small,Small,Stable,0.0,0.0
XOLTRI27te,0.0,0.0,0.0,0.0,0.0,0.0,0.0,0.0,0.0,0.0,Negligible,None,False,0.0,0.0,Small,Small,Stable,0.0,0.0
XAO2x,0.0,0.0,0.0,0.0,0.0,0.0,0.0,0.0,0.0,0.0,Negligible,None,False,0.0,0.0,Small,Small,Stable,0.0,0.0
GULLACter,0.2,0.15,0.15,-0.05000000000000002,0.0,-0.05000000000000002,0.05000000000000002,0.0,100.0,0.0,Synergistic,Diet-dominated synergy,False,-0.25000000000000006,0.0,Medium,Small,Diet,100.0,0.0
GULN3D,0.2,0.15,0.15,-0.05000000000000002,0.0,-0.05000000000000002,0.05000000000000002,0.0,100.0,0.0,Synergistic,Diet-dominated synergy,False,-0.25000000000000006,0.0,Medium,Small,Diet,100.0,0.0
GULNDer,0.0,0.0,0.0,0.0,0.0,0.0,0.0,0.0,0.0,0.0,Negligible,None,False,0.0,0.0,Small,Small,Stable,0.0,0.0
GULNter,0.2,0.15,0.15,-0.05000000000000002,0.0,-0.05000000000000002,0.05000000000000002,0.0,100.0,0.0,Synergistic,Diet-dominated synergy,False,-0.25000000000000006,0.0,Medium,Small,Diet,100.0,0.0
GUR1PP,0.0,0.0,0.0,0.0,0.0,0.0,0.0,0.0,0.0,0.0,Negligible,None,False,0.0,0.0,Small,Small,Stable,0.0,0.0
XAOx,0.0,0.0,0.0,0.0,0.0,0.0,0.0,0.0,0.0,0.0,Negligible,None,False,0.0,0.0,Small,Small,Stable,0.0,0.0
H2CO3D,0.0,0.0,0.0,0.0,0.0,0.0,0.0,0.0,0.0,0.0,Negligible,None,False,0.0,0.0,Small,Small,Stable,0.0,0.0
H2CO3D2,0.0,0.0,0.0,0.0,0.0,0.0,0.0,0.0,0.0,0.0,Negligible,None,False,0.0,0.0,Small,Small,Stable,0.0,0.0
H2CO3D2m,0.0,0.0,0.0,0.0,0.0,0.0,0.0,0.0,0.0,0.0,Negligible,None,False,0.0,0.0,Small,Small,Stable,0.0,0.0
H2CO3Dm,0.0,0.0,0.0,0.0,0.0,0.0,0.0,0.0,0.0,0.0,Negligible,None,False,0.0,0.0,Small,Small,Stable,0.0,0.0
H2ETer,0.0,0.0,0.0,0.0,0.0,0.0,0.0,0.0,0.0,0.0,Negligible,None,False,0.0,0.0,Small,Small,Stable,0.0,0.0
H2MTer_L,0.0,0.0,0.0,0.0,0.0,0.0,0.0,0.0,0.0,0.0,Negligible,None,False,0.0,0.0,Small,Small,Stable,0.0,0.0
H2MTer_U,0.0,0.0,0.0,0.0,0.0,0.0,0.0,0.0,0.0,0.0,Negligible,None,False,0.0,0.0,Small,Small,Stable,0.0,0.0
H2O2syn,0.1,0.1,0.0,0.0,-0.1,-0.1,0.0,0.1,0.0,100.0,Synergistic,Microbiome-dominated synergy,False,0.0,-1.0,Small,Large,Microbiome,0.0,100.0
H2O2t,0.0,0.0,0.0,0.0,0.0,0.0,0.0,0.0,0.0,0.0,Negligible,None,False,0.0,0.0,Small,Small,Stable,0.0,0.0
H2O2tly,0.0,0.0,0.0,0.0,0.0,0.0,0.0,0.0,0.0,0.0,Negligible,None,False,0.0,0.0,Small,Small,Stable,0.0,0.0
H2O2tm,0.0,0.0,0.0,0.0,0.0,0.0,0.0,0.0,0.0,0.0,Negligible,None,False,0.0,0.0,Small,Small,Stable,0.0,0.0
H2O2tn,0.0,0.0,0.0,0.0,0.0,0.0,0.0,0.0,0.0,0.0,Negligible,None,False,0.0,0.0,Small,Small,Stable,0.0,0.0
H2O2tp,0.0,-0.05,-0.15,-0.05,-0.09999999999999999,-0.15,0.05,0.09999999999999999,20.000000000000007,80.0,Synergistic,Microbiome-dominated synergy,False,0.0,-1.9999999999999998,Small,Large,Microbiome,33.333333333333336,66.66666666666666
XOL27OHtm,0.0,0.0,0.0,0.0,0.0,0.0,0.0,0.0,0.0,0.0,Negligible,None,False,0.0,0.0,Small,Small,Stable,0.0,0.0
H2Oter,0.0,0.0,0.0,0.0,0.0,0.0,0.0,0.0,0.0,0.0,Negligible,None,False,0.0,0.0,Small,Small,Stable,0.0,0.0
H2Otg,0.0,0.0,0.0,0.0,0.0,0.0,0.0,0.0,0.0,0.0,Negligible,None,False,0.0,0.0,Small,Small,Stable,0.0,0.0
H2Otly,0.0,0.0,0.0,0.0,0.0,0.0,0.0,0.0,0.0,0.0,Negligible,None,False,0.0,0.0,Small,Small,Stable,0.0,0.0
XOL7AH2tm,0.0,0.0,0.0,0.0,0.0,0.0,0.0,0.0,0.0,0.0,Negligible,None,False,0.0,0.0,Small,Small,Stable,0.0,0.0
H2Otn,0.0,0.0,0.0,0.0,0.0,0.0,0.0,0.0,0.0,0.0,Negligible,None,False,0.0,0.0,Small,Small,Stable,0.0,0.0
H2Otp,0.0,-0.738396553281,-0.638163092103,-0.738396553281,0.10023346117799992,-0.638163092103,0.738396553281,0.10023346117799992,98.19067584047278,1.8093241595272185,Antagonistic,Diet overcomes microbiome,True,0.0,0.13574475765443564,Small,Small,Diet (opposed by microbiome),115.70655878071716,15.706558780717165
H3ETer,0.0,0.0,0.0,0.0,0.0,0.0,0.0,0.0,0.0,0.0,Negligible,None,False,0.0,0.0,Small,Small,Stable,0.0,0.0
H3MTer_L,0.0,0.0,0.0,0.0,0.0,0.0,0.0,0.0,0.0,0.0,Negligible,None,False,0.0,0.0,Small,Small,Stable,0.0,0.0
H3MTer_U,0.0,0.0,0.0,0.0,0.0,0.0,0.0,0.0,0.0,0.0,Negligible,None,False,0.0,0.0,Small,Small,Stable,0.0,0.0
GSNtm,0.0,0.0,0.0,0.0,0.0,0.0,0.0,0.0,0.0,0.0,Negligible,None,False,0.0,0.0,Small,Small,Stable,0.0,0.0
GT1Ate,0.0,0.0,0.0,0.0,0.0,0.0,0.0,0.0,0.0,0.0,Negligible,None,False,0.0,0.0,Small,Small,Stable,0.0,0.0
GT1Atg,0.0,0.0,0.0,0.0,0.0,0.0,0.0,0.0,0.0,0.0,Negligible,None,False,0.0,0.0,Small,Small,Stable,0.0,0.0
GTHDH,0.1,0.0,0.0,-0.1,0.0,-0.1,0.1,0.0,100.0,0.0,Synergistic,Diet-dominated synergy,False,-1.0,0.0,Large,Small,Diet,100.0,0.0
GTHOr,0.0,0.0,0.0,0.0,0.0,0.0,0.0,0.0,0.0,0.0,Negligible,None,False,0.0,0.0,Small,Small,Stable,0.0,0.0
H8MTer_L,0.0,0.0,0.0,0.0,0.0,0.0,0.0,0.0,0.0,0.0,Negligible,None,False,0.0,0.0,Small,Small,Stable,0.0,0.0
H8MTer_U,0.0,0.0,0.0,0.0,0.0,0.0,0.0,0.0,0.0,0.0,Negligible,None,False,0.0,0.0,Small,Small,Stable,0.0,0.0
H8TAer,0.0,0.0,0.0,0.0,0.0,0.0,0.0,0.0,0.0,0.0,Negligible,None,False,0.0,0.0,Small,Small,Stable,0.0,0.0
HACD1m,0.0,-0.394198276641,-0.394081546052,-0.394198276641,0.00011673058899996924,-0.394081546052,0.394198276641,0.00011673058899996924,99.99999123120588,8.768794111815813e-06,Antagonistic,Diet overcomes microbiome,True,0.0,0.00029612151020710036,Small,Small,Diet (opposed by microbiome),100.02962092241299,0.0296209224129887
HACD1x,0.0,0.0,0.0,0.0,0.0,0.0,0.0,0.0,0.0,0.0,Negligible,None,False,0.0,0.0,Small,Small,Stable,0.0,0.0
HACD9m,0.0,0.0,0.0,0.0,0.0,0.0,0.0,0.0,0.0,0.0,Negligible,None,False,0.0,0.0,Small,Small,Stable,0.0,0.0
HAS1,0.0,0.0,0.0,0.0,0.0,0.0,0.0,0.0,0.0,0.0,Negligible,None,False,0.0,0.0,Small,Small,Stable,0.0,0.0
HAS2,0.0,0.0,0.0,0.0,0.0,0.0,0.0,0.0,0.0,0.0,Negligible,None,False,0.0,0.0,Small,Small,Stable,0.0,0.0
HAtly,0.0,0.0,0.0,0.0,0.0,0.0,0.0,0.0,0.0,0.0,Negligible,None,False,0.0,0.0,Small,Small,Stable,0.0,0.0
HBZOPT10m,0.0,0.0,0.0,0.0,0.0,0.0,0.0,0.0,0.0,0.0,Negligible,None,False,0.0,0.0,Small,Small,Stable,0.0,0.0
HCO3Em,0.0,0.0,0.0,0.0,0.0,0.0,0.0,0.0,0.0,0.0,Negligible,None,False,0.0,0.0,Small,Small,Stable,0.0,0.0
HCO3_CLt,0.0,0.0,0.0,0.0,0.0,0.0,0.0,0.0,0.0,0.0,Negligible,None,False,0.0,0.0,Small,Small,Stable,0.0,0.0
HCO3_NAt,0.0,0.0,0.0,0.0,0.0,0.0,0.0,0.0,0.0,0.0,Negligible,None,False,0.0,0.0,Small,Small,Stable,0.0,0.0
H4ET3er,0.0,0.0,0.0,0.0,0.0,0.0,0.0,0.0,0.0,0.0,Negligible,None,False,0.0,0.0,Small,Small,Stable,0.0,0.0
H4ETer,0.0,0.0,0.0,0.0,0.0,0.0,0.0,0.0,0.0,0.0,Negligible,None,False,0.0,0.0,Small,Small,Stable,0.0,0.0
H5MTer_L,0.0,0.0,0.0,0.0,0.0,0.0,0.0,0.0,0.0,0.0,Negligible,None,False,0.0,0.0,Small,Small,Stable,0.0,0.0
H5MTer_U,0.0,0.0,0.0,0.0,0.0,0.0,0.0,0.0,0.0,0.0,Negligible,None,False,0.0,0.0,Small,Small,Stable,0.0,0.0
H6_ET2er,0.0,0.0,0.0,0.0,0.0,0.0,0.0,0.0,0.0,0.0,Negligible,None,False,0.0,0.0,Small,Small,Stable,0.0,0.0
H6_ETer,0.0,0.0,0.0,0.0,0.0,0.0,0.0,0.0,0.0,0.0,Negligible,None,False,0.0,0.0,Small,Small,Stable,0.0,0.0
H6ET3er,0.0,0.0,0.0,0.0,0.0,0.0,0.0,0.0,0.0,0.0,Negligible,None,False,0.0,0.0,Small,Small,Stable,0.0,0.0
H6MTer_L,0.0,0.0,0.0,0.0,0.0,0.0,0.0,0.0,0.0,0.0,Negligible,None,False,0.0,0.0,Small,Small,Stable,0.0,0.0
H6MTer_U,0.0,0.0,0.0,0.0,0.0,0.0,0.0,0.0,0.0,0.0,Negligible,None,False,0.0,0.0,Small,Small,Stable,0.0,0.0
HCOUMARINte,0.0,0.0,0.0,0.0,0.0,0.0,0.0,0.0,0.0,0.0,Negligible,None,False,0.0,0.0,Small,Small,Stable,0.0,0.0
HDCAter,0.0,0.0,0.0,0.0,0.0,0.0,0.0,0.0,0.0,0.0,Negligible,None,False,0.0,0.0,Small,Small,Stable,0.0,0.0
H7_ETer,0.0,0.0,0.0,0.0,0.0,0.0,0.0,0.0,0.0,0.0,Negligible,None,False,0.0,0.0,Small,Small,Stable,0.0,0.0
AK2LGCHOLt,0.0,0.0,0.0,0.0,0.0,0.0,0.0,0.0,0.0,0.0,Negligible,None,False,0.0,0.0,Small,Small,Stable,0.0,0.0
H7_TAer,0.0,0.0,0.0,0.0,0.0,0.0,0.0,0.0,0.0,0.0,Negligible,None,False,0.0,0.0,Small,Small,Stable,0.0,0.0
H7ET2er,0.0,0.0,0.0,0.0,0.0,0.0,0.0,0.0,0.0,0.0,Negligible,None,False,0.0,0.0,Small,Small,Stable,0.0,0.0
H7MTer_L,0.0,0.0,0.0,0.0,0.0,0.0,0.0,0.0,0.0,0.0,Negligible,None,False,0.0,0.0,Small,Small,Stable,0.0,0.0
H7MTer_U,0.0,0.0,0.0,0.0,0.0,0.0,0.0,0.0,0.0,0.0,Negligible,None,False,0.0,0.0,Small,Small,Stable,0.0,0.0
XOL7AH2tr,0.0,0.0,0.0,0.0,0.0,0.0,0.0,0.0,0.0,0.0,Negligible,None,False,0.0,0.0,Small,Small,Stable,0.0,0.0
HDCEAt,0.0,-1.056644829879,-1.056610411676,-1.056644829879,3.4418203000097236e-05,-1.056610411676,1.056644829879,3.4418203000097236e-05,99.9999998938993,1.0610071687542316e-07,Antagonistic,Diet overcomes microbiome,True,0.0,3.257310500827282e-05,Small,Small,Diet (opposed by microbiome),100.00325741660501,0.003257416605000412
HDD2COAtx,0.0,0.0,0.0,0.0,0.0,0.0,0.0,0.0,0.0,0.0,Negligible,None,False,0.0,0.0,Small,Small,Stable,0.0,0.0
HESTRATRIOLte,0.0,0.0,0.0,0.0,0.0,0.0,0.0,0.0,0.0,0.0,Negligible,None,False,0.0,0.0,Small,Small,Stable,0.0,0.0
HESTRATRIOLtr,0.0,0.0,0.0,0.0,0.0,0.0,0.0,0.0,0.0,0.0,Negligible,None,False,0.0,0.0,Small,Small,Stable,0.0,0.0
HEX1,10.0,6.0,6.0,-4.0,0.0,-4.0,4.0,0.0,100.0,0.0,Synergistic,Diet-dominated synergy,False,-0.4,0.0,Medium,Small,Diet,100.0,0.0
HPYRR2x,0.0,0.0,0.0,0.0,0.0,0.0,0.0,0.0,0.0,0.0,Negligible,None,False,0.0,0.0,Small,Small,Stable,0.0,0.0
XOL7AONEtr,0.0,0.0,0.0,0.0,0.0,0.0,0.0,0.0,0.0,0.0,Negligible,None,False,0.0,0.0,Small,Small,Stable,0.0,0.0
HPYRRy,0.0,0.0,0.0,0.0,0.0,0.0,0.0,0.0,0.0,0.0,Negligible,None,False,0.0,0.0,Small,Small,Stable,0.0,0.0
HPYRtp,0.0,0.0,0.0,0.0,0.0,0.0,0.0,0.0,0.0,0.0,Negligible,None,False,0.0,0.0,Small,Small,Stable,0.0,0.0
HEX10,0.0,0.0,0.0,0.0,0.0,0.0,0.0,0.0,0.0,0.0,Negligible,None,False,0.0,0.0,Small,Small,Stable,0.0,0.0
HEX4,0.5,0.2,0.2,-0.3,0.0,-0.3,0.3,0.0,100.0,0.0,Synergistic,Diet-dominated synergy,False,-0.6,0.0,Medium,Small,Diet,100.0,0.0
HEX7,0.1,0.1,0.1,0.0,0.0,0.0,0.0,0.0,0.0,0.0,Negligible,None,False,0.0,0.0,Small,Small,Stable,0.0,0.0
HEXCCOAtx,0.0,0.0,0.0,0.0,0.0,0.0,0.0,0.0,0.0,0.0,Negligible,None,False,0.0,0.0,Small,Small,Stable,0.0,0.0
HRETNtn,0.0,0.0,0.0,0.0,0.0,0.0,0.0,0.0,0.0,0.0,Negligible,None,False,0.0,0.0,Small,Small,Stable,0.0,0.0
HS1ly,0.0,0.0,0.0,0.0,0.0,0.0,0.0,0.0,0.0,0.0,Negligible,None,False,0.0,0.0,Small,Small,Stable,0.0,0.0
HEXCCPT1,0.0,0.0,0.0,0.0,0.0,0.0,0.0,0.0,0.0,0.0,Negligible,None,False,0.0,0.0,Small,Small,Stable,0.0,0.0
XOLDIOLONEt,0.0,0.0,0.0,0.0,0.0,0.0,0.0,0.0,0.0,0.0,Negligible,None,False,0.0,0.0,Small,Small,Stable,0.0,0.0
HEXCCPT2,0.0,0.0,0.0,0.0,0.0,0.0,0.0,0.0,0.0,0.0,Negligible,None,False,0.0,0.0,Small,Small,Stable,0.0,0.0
HEXCCRNt,0.0,0.0,0.0,0.0,0.0,0.0,0.0,0.0,0.0,0.0,Negligible,None,False,0.0,0.0,Small,Small,Stable,0.0,0.0
HS2ly,0.0,0.0,0.0,0.0,0.0,0.0,0.0,0.0,0.0,0.0,Negligible,None,False,0.0,0.0,Small,Small,Stable,0.0,0.0
HEXCt,0.0,0.0,0.0,0.0,0.0,0.0,0.0,0.0,0.0,0.0,Negligible,None,False,0.0,0.0,Small,Small,Stable,0.0,0.0
HS3ly,0.0,0.0,0.0,0.0,0.0,0.0,0.0,0.0,0.0,0.0,Negligible,None,False,0.0,0.0,Small,Small,Stable,0.0,0.0
AKGt4_3,0.0,0.0,0.0,0.0,0.0,0.0,0.0,0.0,0.0,0.0,Negligible,None,False,0.0,0.0,Small,Small,Stable,0.0,0.0
HS4ly,0.0,0.0,0.0,0.0,0.0,0.0,0.0,0.0,0.0,0.0,Negligible,None,False,0.0,0.0,Small,Small,Stable,0.0,0.0
HSAT1ly,0.0,0.0,0.0,0.0,0.0,0.0,0.0,0.0,0.0,0.0,Negligible,None,False,0.0,0.0,Small,Small,Stable,0.0,0.0
HSAT2ly,0.0,0.0,0.0,0.0,0.0,0.0,0.0,0.0,0.0,0.0,Negligible,None,False,0.0,0.0,Small,Small,Stable,0.0,0.0
HGNTOR,0.0,0.0,0.0,0.0,0.0,0.0,0.0,0.0,0.0,0.0,Negligible,None,False,0.0,0.0,Small,Small,Stable,0.0,0.0
HIBDm,0.0,0.0,0.0,0.0,0.0,0.0,0.0,0.0,0.0,0.0,Negligible,None,False,0.0,0.0,Small,Small,Stable,0.0,0.0
HSAT3ly,0.0,0.0,0.0,0.0,0.0,0.0,0.0,0.0,0.0,0.0,Negligible,None,False,0.0,0.0,Small,Small,Stable,0.0,0.0
XOLDIOLONEtm,0.0,0.0,0.0,0.0,0.0,0.0,0.0,0.0,0.0,0.0,Negligible,None,False,0.0,0.0,Small,Small,Stable,0.0,0.0
AKGtp,0.0,0.0,0.0,0.0,0.0,0.0,0.0,0.0,0.0,0.0,Negligible,None,False,0.0,0.0,Small,Small,Stable,0.0,0.0
HISDC,0.0,0.0,0.0,0.0,0.0,0.0,0.0,0.0,0.0,0.0,Negligible,None,False,0.0,0.0,Small,Small,Stable,0.0,0.0
HISTASE,0.0,0.0,0.0,0.0,0.0,0.0,0.0,0.0,0.0,0.0,Negligible,None,False,0.0,0.0,Small,Small,Stable,0.0,0.0
HSAT4ly,0.0,0.0,0.0,0.0,0.0,0.0,0.0,0.0,0.0,0.0,Negligible,None,False,0.0,0.0,Small,Small,Stable,0.0,0.0
HSD11B1r,-0.1,-0.1,-0.1,0.0,0.0,0.0,0.0,0.0,0.0,0.0,Negligible,None,False,0.0,0.0,Small,Small,Stable,0.0,0.0
HSD11B2r,0.1,0.1,0.1,0.0,0.0,0.0,0.0,0.0,0.0,0.0,Negligible,None,False,0.0,0.0,Small,Small,Stable,0.0,0.0
HSD17B1,0.0,0.0,0.0,0.0,0.0,0.0,0.0,0.0,0.0,0.0,Negligible,None,False,0.0,0.0,Small,Small,Stable,0.0,0.0
HSD17B2r,0.0,0.0,0.0,0.0,0.0,0.0,0.0,0.0,0.0,0.0,Negligible,None,False,0.0,0.0,Small,Small,Stable,0.0,0.0
HSD17B3r,0.0,0.0,0.0,0.0,0.0,0.0,0.0,0.0,0.0,0.0,Negligible,None,False,0.0,0.0,Small,Small,Stable,0.0,0.0
HISTAVESSEC,0.0,0.0,0.0,0.0,0.0,0.0,0.0,0.0,0.0,0.0,Negligible,None,False,0.0,0.0,Small,Small,Stable,0.0,0.0
HISTAtu,0.0,0.0,0.0,0.0,0.0,0.0,0.0,0.0,0.0,0.0,Negligible,None,False,0.0,0.0,Small,Small,Stable,0.0,0.0
HISt4,0.0,0.0,0.0,0.0,0.0,0.0,0.0,0.0,0.0,0.0,Negligible,None,False,0.0,0.0,Small,Small,Stable,0.0,0.0
HIStN1,0.0,0.0,0.0,0.0,0.0,0.0,0.0,0.0,0.0,0.0,Negligible,None,False,0.0,0.0,Small,Small,Stable,0.0,0.0
HIStiDF,1.0,0.8,0.8,-0.19999999999999996,0.0,-0.19999999999999996,0.19999999999999996,0.0,100.0,0.0,Synergistic,Diet-dominated synergy,False,-0.19999999999999996,0.0,Small,Small,Diet,100.0,0.0
HSD17B42x,0.0,0.0,0.0,0.0,0.0,0.0,0.0,0.0,0.0,0.0,Negligible,None,False,0.0,0.0,Small,Small,Stable,0.0,0.0
AKR1C1,0.0,0.0,0.0,0.0,0.0,0.0,0.0,0.0,0.0,0.0,Negligible,None,False,0.0,0.0,Small,Small,Stable,0.0,0.0
HSD17B4x,0.0,0.0,0.0,0.0,0.0,0.0,0.0,0.0,0.0,0.0,Negligible,None,False,0.0,0.0,Small,Small,Stable,0.0,0.0
HKYNH,0.0,0.0,0.0,0.0,0.0,0.0,0.0,0.0,0.0,0.0,Negligible,None,False,0.0,0.0,Small,Small,Stable,0.0,0.0
HKt,0.0,0.0,0.0,0.0,0.0,0.0,0.0,0.0,0.0,0.0,Negligible,None,False,0.0,0.0,Small,Small,Stable,0.0,0.0
HSD17B7r,0.0,0.0,0.0,0.0,0.0,0.0,0.0,0.0,0.0,0.0,Negligible,None,False,0.0,0.0,Small,Small,Stable,0.0,0.0
AKR1C41,0.0,0.0,0.0,0.0,0.0,0.0,0.0,0.0,0.0,0.0,Negligible,None,False,0.0,0.0,Small,Small,Stable,0.0,0.0
HSD17B8r,0.0,0.0,0.0,0.0,0.0,0.0,0.0,0.0,0.0,0.0,Negligible,None,False,0.0,0.0,Small,Small,Stable,0.0,0.0
XOLEST2te,0.0,0.0,0.0,0.0,0.0,0.0,0.0,0.0,0.0,0.0,Negligible,None,False,0.0,0.0,Small,Small,Stable,0.0,0.0
HMBS,0.0,0.0,0.0,0.0,0.0,0.0,0.0,0.0,0.0,0.0,Negligible,None,False,0.0,0.0,Small,Small,Stable,0.0,0.0
HMGCOARr,0.0,0.0,0.0,0.0,0.0,0.0,0.0,0.0,0.0,0.0,Negligible,None,False,0.0,0.0,Small,Small,Stable,0.0,0.0
AKR1C42,0.0,0.0,0.0,0.0,0.0,0.0,0.0,0.0,0.0,0.0,Negligible,None,False,0.0,0.0,Small,Small,Stable,0.0,0.0
XOLESTte,0.0,0.0,0.0,0.0,0.0,0.0,0.0,0.0,0.0,0.0,Negligible,None,False,0.0,0.0,Small,Small,Stable,0.0,0.0
XOLTRI24tc,0.0,0.0,0.0,0.0,0.0,0.0,0.0,0.0,0.0,0.0,Negligible,None,False,0.0,0.0,Small,Small,Stable,0.0,0.0
AKR1D,0.0,0.0,0.0,0.0,0.0,0.0,0.0,0.0,0.0,0.0,Negligible,None,False,0.0,0.0,Small,Small,Stable,0.0,0.0
HMGCOAS,0.0,0.0,0.0,0.0,0.0,0.0,0.0,0.0,0.0,0.0,Negligible,None,False,0.0,0.0,Small,Small,Stable,0.0,0.0
HSD3A2r,0.0,-0.01508858196,0.0,-0.01508858196,0.01508858196,0.0,0.01508858196,0.01508858196,50.0,50.0,Negligible,None,False,0.0,1.0,Small,Large,Stable,0.0,0.0
HSD3B11,0.0,0.0,0.0,0.0,0.0,0.0,0.0,0.0,0.0,0.0,Negligible,None,False,0.0,0.0,Small,Small,Stable,0.0,0.0
AKR1D2,0.0,0.0,0.0,0.0,0.0,0.0,0.0,0.0,0.0,0.0,Negligible,None,False,0.0,0.0,Small,Small,Stable,0.0,0.0
HSD3B11r,0.0,0.0,0.0,0.0,0.0,0.0,0.0,0.0,0.0,0.0,Negligible,None,False,0.0,0.0,Small,Small,Stable,0.0,0.0
HSD3B12r,0.0,0.0,0.0,0.0,0.0,0.0,0.0,0.0,0.0,0.0,Negligible,None,False,0.0,0.0,Small,Small,Stable,0.0,0.0
XOLTRI24te,0.0,0.0,0.0,0.0,0.0,0.0,0.0,0.0,0.0,0.0,Negligible,None,False,0.0,0.0,Small,Small,Stable,0.0,0.0
XOLTRI25tc,0.0,0.0,0.0,0.0,0.0,0.0,0.0,0.0,0.0,0.0,Negligible,None,False,0.0,0.0,Small,Small,Stable,0.0,0.0
XOLTRI25te,0.0,0.0,0.0,0.0,0.0,0.0,0.0,0.0,0.0,0.0,Negligible,None,False,0.0,0.0,Small,Small,Stable,0.0,0.0
HMGLm,0.0,0.0,0.0,0.0,0.0,0.0,0.0,0.0,0.0,0.0,Negligible,None,False,0.0,0.0,Small,Small,Stable,0.0,0.0
HMGLx,0.0,0.0,0.0,0.0,0.0,0.0,0.0,0.0,0.0,0.0,Negligible,None,False,0.0,0.0,Small,Small,Stable,0.0,0.0
HOMt4,0.0,0.0,0.0,0.0,0.0,0.0,0.0,0.0,0.0,0.0,Negligible,None,False,0.0,0.0,Small,Small,Stable,0.0,0.0
HSD3B13,0.0,0.0,0.0,0.0,0.0,0.0,0.0,0.0,0.0,0.0,Negligible,None,False,0.0,0.0,Small,Small,Stable,0.0,0.0
HSD3B13r,0.0,0.0,0.0,0.0,0.0,0.0,0.0,0.0,0.0,0.0,Negligible,None,False,0.0,0.0,Small,Small,Stable,0.0,0.0
EX_4hphac_e,0.0,0.0,0.0,0.0,0.0,0.0,0.0,0.0,0.0,0.0,Negligible,None,False,0.0,0.0,Small,Small,Stable,0.0,0.0
HSD3B3r,0.0,0.0,0.0,0.0,0.0,0.0,0.0,0.0,0.0,0.0,Negligible,None,False,0.0,0.0,Small,Small,Stable,0.0,0.0
HSD3B7,0.0,0.0,0.0,0.0,0.0,0.0,0.0,0.0,0.0,0.0,Negligible,None,False,0.0,0.0,Small,Small,Stable,0.0,0.0
HSD3B7P,0.0,0.0,0.0,0.0,0.0,0.0,0.0,0.0,0.0,0.0,Negligible,None,False,0.0,0.0,Small,Small,Stable,0.0,0.0
ALAASNNaEx,0.0,0.0,0.0,0.0,0.0,0.0,0.0,0.0,0.0,0.0,Negligible,None,False,0.0,0.0,Small,Small,Stable,0.0,0.0
HOXG,0.0,0.0,0.0,0.0,0.0,0.0,0.0,0.0,0.0,0.0,Negligible,None,False,0.0,0.0,Small,Small,Stable,0.0,0.0
HPACtr,0.0,0.0,0.0,0.0,0.0,0.0,0.0,0.0,0.0,0.0,Negligible,None,False,0.0,0.0,Small,Small,Stable,0.0,0.0
HPCLx,0.0,0.0,0.0,0.0,0.0,0.0,0.0,0.0,0.0,0.0,Negligible,None,False,0.0,0.0,Small,Small,Stable,0.0,0.0
HPDCACRNCPT1,0.0,0.0,0.0,0.0,0.0,0.0,0.0,0.0,0.0,0.0,Negligible,None,False,0.0,0.0,Small,Small,Stable,0.0,0.0
HSPASEly,0.0,0.0,0.0,0.0,0.0,0.0,0.0,0.0,0.0,0.0,Negligible,None,False,0.0,0.0,Small,Small,Stable,0.0,0.0
HSPGt,0.0,0.0,0.0,0.0,0.0,0.0,0.0,0.0,0.0,0.0,Negligible,None,False,0.0,0.0,Small,Small,Stable,0.0,0.0
HPDCACRNCPT2,0.0,0.0,0.0,0.0,0.0,0.0,0.0,0.0,0.0,0.0,Negligible,None,False,0.0,0.0,Small,Small,Stable,0.0,0.0
ALACYSNaEx,0.0,0.0,0.0,0.0,0.0,0.0,0.0,0.0,0.0,0.0,Negligible,None,False,0.0,0.0,Small,Small,Stable,0.0,0.0
HPDCACRNt,0.0,0.0,0.0,0.0,0.0,0.0,0.0,0.0,0.0,0.0,Negligible,None,False,0.0,0.0,Small,Small,Stable,0.0,0.0
HPDCAt,0.0,0.0,0.0,0.0,0.0,0.0,0.0,0.0,0.0,0.0,Negligible,None,False,0.0,0.0,Small,Small,Stable,0.0,0.0
HSPGtly,0.0,0.0,0.0,0.0,0.0,0.0,0.0,0.0,0.0,0.0,Negligible,None,False,0.0,0.0,Small,Small,Stable,0.0,0.0
HTAXOLte,0.0,0.0,0.0,0.0,0.0,0.0,0.0,0.0,0.0,0.0,Negligible,None,False,0.0,0.0,Small,Small,Stable,0.0,0.0
HXANtl,0.0,0.0,0.0,0.0,0.0,0.0,0.0,0.0,0.0,0.0,Negligible,None,False,0.0,0.0,Small,Small,Stable,0.0,0.0
ALADGLNexR,0.0,0.0,0.0,0.0,0.0,0.0,0.0,0.0,0.0,0.0,Negligible,None,False,0.0,0.0,Small,Small,Stable,0.0,0.0
HXANtx,0.0,0.0,0.0,0.0,0.0,0.0,0.0,0.0,0.0,0.0,Negligible,None,False,0.0,0.0,Small,Small,Stable,0.0,0.0
HXPRT,0.0,0.0,0.0,0.0,0.0,0.0,0.0,0.0,0.0,0.0,Negligible,None,False,0.0,0.0,Small,Small,Stable,0.0,0.0
HPROxm,0.0,0.0,0.0,0.0,0.0,0.0,0.0,0.0,0.0,0.0,Negligible,None,False,0.0,0.0,Small,Small,Stable,0.0,0.0
HPYRDC,0.0,0.0,0.0,0.0,0.0,0.0,0.0,0.0,0.0,0.0,Negligible,None,False,0.0,0.0,Small,Small,Stable,0.0,0.0
HPYRDCm,0.0,0.0,0.0,0.0,0.0,0.0,0.0,0.0,0.0,0.0,Negligible,None,False,0.0,0.0,Small,Small,Stable,0.0,0.0
HYPOE,0.0,0.0,0.0,0.0,0.0,0.0,0.0,0.0,0.0,0.0,Negligible,None,False,0.0,0.0,Small,Small,Stable,0.0,0.0
ALADGLYexR,0.0,0.0,0.0,0.0,0.0,0.0,0.0,0.0,0.0,0.0,Negligible,None,False,0.0,0.0,Small,Small,Stable,0.0,0.0
HYPTROX,0.0,0.0,0.0,0.0,0.0,0.0,0.0,0.0,0.0,0.0,Negligible,None,False,0.0,0.0,Small,Small,Stable,0.0,0.0
ALAGLNNaEx,0.0,0.0,0.0,0.0,0.0,0.0,0.0,0.0,0.0,0.0,Negligible,None,False,0.0,0.0,Small,Small,Stable,0.0,0.0
HYXNt,0.0,0.0,0.0,0.0,0.0,0.0,0.0,0.0,0.0,0.0,Negligible,None,False,0.0,0.0,Small,Small,Stable,0.0,0.0
IMACTD_m,0.0,0.0,0.0,0.0,0.0,0.0,0.0,0.0,0.0,0.0,Negligible,None,False,0.0,0.0,Small,Small,Stable,0.0,0.0
IMPC,0.0,0.0,0.0,0.0,0.0,0.0,0.0,0.0,0.0,0.0,Negligible,None,False,0.0,0.0,Small,Small,Stable,0.0,0.0
IMPD,0.0,0.0,0.0,0.0,0.0,0.0,0.0,0.0,0.0,0.0,Negligible,None,False,0.0,0.0,Small,Small,Stable,0.0,0.0
INOSTO,0.0,0.0,0.0,0.0,0.0,0.0,0.0,0.0,0.0,0.0,Negligible,None,False,0.0,0.0,Small,Small,Stable,0.0,0.0
INSKm,0.0,0.0,0.0,0.0,0.0,0.0,0.0,0.0,0.0,0.0,Negligible,None,False,0.0,0.0,Small,Small,Stable,0.0,0.0
Htg,0.0,0.0,0.0,0.0,0.0,0.0,0.0,0.0,0.0,0.0,Negligible,None,False,0.0,0.0,Small,Small,Stable,0.0,0.0
Htm,0.0,0.0,0.0,0.0,0.0,0.0,0.0,0.0,0.0,0.0,Negligible,None,False,0.0,0.0,Small,Small,Stable,0.0,0.0
EX_acngalacglcgal14acglcgalgluside_hs_e,0.0,0.0,0.0,0.0,0.0,0.0,0.0,0.0,0.0,0.0,Negligible,None,False,0.0,0.0,Small,Small,Stable,0.0,0.0
EX_4nph_e,0.0,0.0,0.0,0.0,0.0,0.0,0.0,0.0,0.0,0.0,Negligible,None,False,0.0,0.0,Small,Small,Stable,0.0,0.0
ALAGLNexR,-0.1,-0.1,-0.1,0.0,0.0,0.0,0.0,0.0,0.0,0.0,Negligible,None,False,0.0,0.0,Small,Small,Stable,0.0,0.0
ICDHxm,0.0,0.0,0.0,0.0,0.0,0.0,0.0,0.0,0.0,0.0,Negligible,None,False,0.0,0.0,Small,Small,Stable,0.0,0.0
ICDHyr,0.0,0.0,0.0,0.0,0.0,0.0,0.0,0.0,0.0,0.0,Negligible,None,False,0.0,0.0,Small,Small,Stable,0.0,0.0
INSTt2,0.0,0.0,0.0,0.0,0.0,0.0,0.0,0.0,0.0,0.0,Negligible,None,False,0.0,0.0,Small,Small,Stable,0.0,0.0
INSTt4,0.0,0.0,0.0,0.0,0.0,0.0,0.0,0.0,0.0,0.0,Negligible,None,False,0.0,0.0,Small,Small,Stable,0.0,0.0
INSTt4_2,0.0,0.0,0.0,0.0,0.0,0.0,0.0,0.0,0.0,0.0,Negligible,None,False,0.0,0.0,Small,Small,Stable,0.0,0.0
ALAGLYexR,-0.1,-0.076594710553,-0.075458245347,0.023405289447000002,0.001136465205999998,0.024541754653,0.023405289447000002,0.001136465205999998,99.76478688449423,0.23521311550576512,Synergistic,Diet-dominated synergy,False,0.23405289447000002,0.014837384955108833,Medium,Small,Diet,95.36925854704087,4.630741452959134
INSt,0.0,0.0,0.0,0.0,0.0,0.0,0.0,0.0,0.0,0.0,Negligible,None,False,0.0,0.0,Small,Small,Stable,0.0,0.0
INSt4,0.0,0.0,0.0,0.0,0.0,0.0,0.0,0.0,0.0,0.0,Negligible,None,False,0.0,0.0,Small,Small,Stable,0.0,0.0
INSt5,0.0,0.0,0.0,0.0,0.0,0.0,0.0,0.0,0.0,0.0,Negligible,None,False,0.0,0.0,Small,Small,Stable,0.0,0.0
ICDHyp,0.0,0.0,0.0,0.0,0.0,0.0,0.0,0.0,0.0,0.0,Negligible,None,False,0.0,0.0,Small,Small,Stable,0.0,0.0
EX_adn_e,0.0,0.0,0.0,0.0,0.0,0.0,0.0,0.0,0.0,0.0,Negligible,None,False,0.0,0.0,Small,Small,Stable,0.0,0.0
IDHPOXOX2b,0.0,0.0,0.0,0.0,0.0,0.0,0.0,0.0,0.0,0.0,Negligible,None,False,0.0,0.0,Small,Small,Stable,0.0,0.0
INStl,0.0,0.0,0.0,0.0,0.0,0.0,0.0,0.0,0.0,0.0,Negligible,None,False,0.0,0.0,Small,Small,Stable,0.0,0.0
IDHPOXOX3,0.0,0.0,0.0,0.0,0.0,0.0,0.0,0.0,0.0,0.0,Negligible,None,False,0.0,0.0,Small,Small,Stable,0.0,0.0
ALAR,0.0,0.1,0.1,0.1,0.0,0.1,0.1,0.0,100.0,0.0,Synergistic,Diet-dominated synergy,False,0.0,0.0,Small,Small,Diet,100.0,0.0
IDHPOXOX4,0.0,0.0,0.0,0.0,0.0,0.0,0.0,0.0,0.0,0.0,Negligible,None,False,0.0,0.0,Small,Small,Stable,0.0,0.0
INStm,0.0,0.0,0.0,0.0,0.0,0.0,0.0,0.0,0.0,0.0,Negligible,None,False,0.0,0.0,Small,Small,Stable,0.0,0.0
EX_adp_e,0.0,0.0,0.0,0.0,0.0,0.0,0.0,0.0,0.0,0.0,Negligible,None,False,0.0,0.0,Small,Small,Stable,0.0,0.0
IPDPtr,0.0,0.0,0.0,0.0,0.0,0.0,0.0,0.0,0.0,0.0,Negligible,None,False,0.0,0.0,Small,Small,Stable,0.0,0.0
IDHPOXOXb,0.0,0.0,0.0,0.0,0.0,0.0,0.0,0.0,0.0,0.0,Negligible,None,False,0.0,0.0,Small,Small,Stable,0.0,0.0
IDOAASE1ly,0.0,0.0,0.0,0.0,0.0,0.0,0.0,0.0,0.0,0.0,Negligible,None,False,0.0,0.0,Small,Small,Stable,0.0,0.0
IPDPtx,0.0,0.0,0.0,0.0,0.0,0.0,0.0,0.0,0.0,0.0,Negligible,None,False,0.0,0.0,Small,Small,Stable,0.0,0.0
ALASERNaEx,0.0,0.0,0.0,0.0,0.0,0.0,0.0,0.0,0.0,0.0,Negligible,None,False,0.0,0.0,Small,Small,Stable,0.0,0.0
ITCOAL1m,0.0,0.0,0.0,0.0,0.0,0.0,0.0,0.0,0.0,0.0,Negligible,None,False,0.0,0.0,Small,Small,Stable,0.0,0.0
IDOAASE2ly,0.0,0.0,0.0,0.0,0.0,0.0,0.0,0.0,0.0,0.0,Negligible,None,False,0.0,0.0,Small,Small,Stable,0.0,0.0
IDOAASE3ly,0.0,0.0,0.0,0.0,0.0,0.0,0.0,0.0,0.0,0.0,Negligible,None,False,0.0,0.0,Small,Small,Stable,0.0,0.0
IDOAASE4ly,0.0,0.0,0.0,0.0,0.0,0.0,0.0,0.0,0.0,0.0,Negligible,None,False,0.0,0.0,Small,Small,Stable,0.0,0.0
IDOURtly,0.0,0.0,0.0,0.0,0.0,0.0,0.0,0.0,0.0,0.0,Negligible,None,False,0.0,0.0,Small,Small,Stable,0.0,0.0
IDPtn,0.0,0.0,0.0,0.0,0.0,0.0,0.0,0.0,0.0,0.0,Negligible,None,False,0.0,0.0,Small,Small,Stable,0.0,0.0
ITCOALm,0.0,0.0,0.0,0.0,0.0,0.0,0.0,0.0,0.0,0.0,Negligible,None,False,0.0,0.0,Small,Small,Stable,0.0,0.0
ITPtn,0.0,0.0,0.0,0.0,0.0,0.0,0.0,0.0,0.0,0.0,Negligible,None,False,0.0,0.0,Small,Small,Stable,0.0,0.0
ILETA,0.0,0.0,0.1,0.0,0.1,0.1,0.0,0.1,0.0,100.0,Synergistic,Microbiome-dominated synergy,False,0.0,0.0,Small,Small,Microbiome,0.0,100.0
EX_adprbp_e,0.0,0.0,0.0,0.0,0.0,0.0,0.0,0.0,0.0,0.0,Negligible,None,False,0.0,0.0,Small,Small,Stable,0.0,0.0
ALASm,0.0,0.0,0.0,0.0,0.0,0.0,0.0,0.0,0.0,0.0,Negligible,None,False,0.0,0.0,Small,Small,Stable,0.0,0.0
It,0.0,0.0,0.0,0.0,0.0,0.0,0.0,0.0,0.0,0.0,Negligible,None,False,0.0,0.0,Small,Small,Stable,0.0,0.0
KAS8,0.0,0.0,0.0,0.0,0.0,0.0,0.0,0.0,0.0,0.0,Negligible,None,False,0.0,0.0,Small,Small,Stable,0.0,0.0
ILETAm,0.0,0.0,-0.1,0.0,-0.1,-0.1,0.0,0.1,0.0,100.0,Synergistic,Microbiome-dominated synergy,False,0.0,0.0,Small,Small,Microbiome,0.0,100.0
ILEt4,0.0,0.0,0.0,0.0,0.0,0.0,0.0,0.0,0.0,0.0,Negligible,None,False,0.0,0.0,Small,Small,Stable,0.0,0.0
ILEtmi,0.0,0.0,0.1,0.0,0.1,0.1,0.0,0.1,0.0,100.0,Synergistic,Microbiome-dominated synergy,False,0.0,0.0,Small,Small,Microbiome,0.0,100.0
KCC2t,0.0,0.0,0.0,0.0,0.0,0.0,0.0,0.0,0.0,0.0,Negligible,None,False,0.0,0.0,Small,Small,Stable,0.0,0.0
EX_adprib_e,0.0,0.0,0.0,0.0,0.0,0.0,0.0,0.0,0.0,0.0,Negligible,None,False,0.0,0.0,Small,Small,Stable,0.0,0.0
EX_adrn_e,0.0,0.0,0.0,0.0,0.0,0.0,0.0,0.0,0.0,0.0,Negligible,None,False,0.0,0.0,Small,Small,Stable,0.0,0.0
KCCt,0.0,0.0,0.0,0.0,0.0,0.0,0.0,0.0,0.0,0.0,Negligible,None,False,0.0,0.0,Small,Small,Stable,0.0,0.0
KDNH,0.0,0.0,0.0,0.0,0.0,0.0,0.0,0.0,0.0,0.0,Negligible,None,False,0.0,0.0,Small,Small,Stable,0.0,0.0
ALATHRNaEx,0.0,0.0,0.0,0.0,0.0,0.0,0.0,0.0,0.0,0.0,Negligible,None,False,0.0,0.0,Small,Small,Stable,0.0,0.0
KHK,0.0,0.0,0.0,0.0,0.0,0.0,0.0,0.0,0.0,0.0,Negligible,None,False,0.0,0.0,Small,Small,Stable,0.0,0.0
KHK2,0.0,0.0,0.0,0.0,0.0,0.0,0.0,0.0,0.0,0.0,Negligible,None,False,0.0,0.0,Small,Small,Stable,0.0,0.0
IMACTD,0.0,0.0,0.0,0.0,0.0,0.0,0.0,0.0,0.0,0.0,Negligible,None,False,0.0,0.0,Small,Small,Stable,0.0,0.0
KHK3,0.0,0.0,0.0,0.0,0.0,0.0,0.0,0.0,0.0,0.0,Negligible,None,False,0.0,0.0,Small,Small,Stable,0.0,0.0
EX_adrnl_e,0.0,0.0,0.0,0.0,0.0,0.0,0.0,0.0,0.0,0.0,Negligible,None,False,0.0,0.0,Small,Small,Stable,0.0,0.0
KSII_CORE2t,0.0,0.0,0.0,0.0,0.0,0.0,0.0,0.0,0.0,0.0,Negligible,None,False,0.0,0.0,Small,Small,Stable,0.0,0.0
KSII_CORE2tly,0.0,0.0,0.0,0.0,0.0,0.0,0.0,0.0,0.0,0.0,Negligible,None,False,0.0,0.0,Small,Small,Stable,0.0,0.0
LEUKTRB4tr,0.0,0.0,0.0,0.0,0.0,0.0,0.0,0.0,0.0,0.0,Negligible,None,False,0.0,0.0,Small,Small,Stable,0.0,0.0
LEUKTRD4t,0.0,0.0,0.0,0.0,0.0,0.0,0.0,0.0,0.0,0.0,Negligible,None,False,0.0,0.0,Small,Small,Stable,0.0,0.0
LEUKTRD4tr,0.0,0.0,0.0,0.0,0.0,0.0,0.0,0.0,0.0,0.0,Negligible,None,False,0.0,0.0,Small,Small,Stable,0.0,0.0
KSII_CORE4t,0.0,0.0,0.0,0.0,0.0,0.0,0.0,0.0,0.0,0.0,Negligible,None,False,0.0,0.0,Small,Small,Stable,0.0,0.0
ALAt2rL,0.0,0.0,0.0,0.0,0.0,0.0,0.0,0.0,0.0,0.0,Negligible,None,False,0.0,0.0,Small,Small,Stable,0.0,0.0
KSII_CORE4tly,0.0,0.0,0.0,0.0,0.0,0.0,0.0,0.0,0.0,0.0,Negligible,None,False,0.0,0.0,Small,Small,Stable,0.0,0.0
KSIt,0.0,0.0,0.0,0.0,0.0,0.0,0.0,0.0,0.0,0.0,Negligible,None,False,0.0,0.0,Small,Small,Stable,0.0,0.0
KSItly,0.0,0.0,0.0,0.0,0.0,0.0,0.0,0.0,0.0,0.0,Negligible,None,False,0.0,0.0,Small,Small,Stable,0.0,0.0
KYN,0.0,0.0,0.0,0.0,0.0,0.0,0.0,0.0,0.0,0.0,Negligible,None,False,0.0,0.0,Small,Small,Stable,0.0,0.0
KYN3OX,0.0,0.0,0.0,0.0,0.0,0.0,0.0,0.0,0.0,0.0,Negligible,None,False,0.0,0.0,Small,Small,Stable,0.0,0.0
LEUKTRE4t,0.0,0.0,0.0,0.0,0.0,0.0,0.0,0.0,0.0,0.0,Negligible,None,False,0.0,0.0,Small,Small,Stable,0.0,0.0
LEUKTRF4t,0.0,0.0,0.0,0.0,0.0,0.0,0.0,0.0,0.0,0.0,Negligible,None,False,0.0,0.0,Small,Small,Stable,0.0,0.0
LEUTA,0.0,0.0,0.1,0.0,0.1,0.1,0.0,0.1,0.0,100.0,Synergistic,Microbiome-dominated synergy,False,0.0,0.0,Small,Small,Microbiome,0.0,100.0
KYNAKGAT,0.0,0.0,0.0,0.0,0.0,0.0,0.0,0.0,0.0,0.0,Negligible,None,False,0.0,0.0,Small,Small,Stable,0.0,0.0
KYNATESYN,0.0,0.0,0.0,0.0,0.0,0.0,0.0,0.0,0.0,0.0,Negligible,None,False,0.0,0.0,Small,Small,Stable,0.0,0.0
LEUTAm,0.0,0.0,-0.1,0.0,-0.1,-0.1,0.0,0.1,0.0,100.0,Synergistic,Microbiome-dominated synergy,False,0.0,0.0,Small,Small,Microbiome,0.0,100.0
ALAt4,0.0,0.0,0.0,0.0,0.0,0.0,0.0,0.0,0.0,0.0,Negligible,None,False,0.0,0.0,Small,Small,Stable,0.0,0.0
LEUt4,0.0,0.0,0.0,0.0,0.0,0.0,0.0,0.0,0.0,0.0,Negligible,None,False,0.0,0.0,Small,Small,Stable,0.0,0.0
LEUt5m,0.0,0.0,-0.1,0.0,-0.1,-0.1,0.0,0.1,0.0,100.0,Synergistic,Microbiome-dominated synergy,False,0.0,0.0,Small,Small,Microbiome,0.0,100.0
EX_aflatoxin_e,0.0,0.0,0.0,0.0,0.0,0.0,0.0,0.0,0.0,0.0,Negligible,None,False,0.0,0.0,Small,Small,Stable,0.0,0.0
LFORKYNHYD,0.0,0.0,0.0,0.0,0.0,0.0,0.0,0.0,0.0,0.0,Negligible,None,False,0.0,0.0,Small,Small,Stable,0.0,0.0
Kt3g,0.0,0.0,0.0,0.0,0.0,0.0,0.0,0.0,0.0,0.0,Negligible,None,False,0.0,0.0,Small,Small,Stable,0.0,0.0
L_LACDcm,0.0,0.0,0.0,0.0,0.0,0.0,0.0,0.0,0.0,0.0,Negligible,None,False,0.0,0.0,Small,Small,Stable,0.0,0.0
L_LACt2r,0.0,0.0,0.0,0.0,0.0,0.0,0.0,0.0,0.0,0.0,Negligible,None,False,0.0,0.0,Small,Small,Stable,0.0,0.0
L_LACt4r,0.0,0.0,0.0,0.0,0.0,0.0,0.0,0.0,0.0,0.0,Negligible,None,False,0.0,0.0,Small,Small,Stable,0.0,0.0
LGNCCOAtx,0.0,0.0,0.0,0.0,0.0,0.0,0.0,0.0,0.0,0.0,Negligible,None,False,0.0,0.0,Small,Small,Stable,0.0,0.0
ALAtN1,0.0,0.0,0.0,0.0,0.0,0.0,0.0,0.0,0.0,0.0,Negligible,None,False,0.0,0.0,Small,Small,Stable,0.0,0.0
LGNCCPT1,0.0,0.0,0.0,0.0,0.0,0.0,0.0,0.0,0.0,0.0,Negligible,None,False,0.0,0.0,Small,Small,Stable,0.0,0.0
L_LACtcm,0.0,0.0,0.0,0.0,0.0,0.0,0.0,0.0,0.0,0.0,Negligible,None,False,0.0,0.0,Small,Small,Stable,0.0,0.0
L_LACtm,0.0,0.0,0.0,0.0,0.0,0.0,0.0,0.0,0.0,0.0,Negligible,None,False,0.0,0.0,Small,Small,Stable,0.0,0.0
LACZe,0.0,0.0,0.0,0.0,0.0,0.0,0.0,0.0,0.0,0.0,Negligible,None,False,0.0,0.0,Small,Small,Stable,0.0,0.0
LGNCCPT2,0.0,0.0,0.0,0.0,0.0,0.0,0.0,0.0,0.0,0.0,Negligible,None,False,0.0,0.0,Small,Small,Stable,0.0,0.0
LACZly,0.0,0.0,0.0,0.0,0.0,0.0,0.0,0.0,0.0,0.0,Negligible,None,False,0.0,0.0,Small,Small,Stable,0.0,0.0
ALCD2y,0.0,0.0,0.0,0.0,0.0,0.0,0.0,0.0,0.0,0.0,Negligible,None,False,0.0,0.0,Small,Small,Stable,0.0,0.0
LALDD,0.0,1.557928521047,0.0,1.557928521047,-1.557928521047,0.0,1.557928521047,1.557928521047,50.0,50.0,Negligible,None,False,0.0,-1.0,Small,Large,Stable,0.0,0.0
LGNCCRNt,0.0,0.0,0.0,0.0,0.0,0.0,0.0,0.0,0.0,0.0,Negligible,None,False,0.0,0.0,Small,Small,Stable,0.0,0.0
LALDO,0.0,0.0,0.0,0.0,0.0,0.0,0.0,0.0,0.0,0.0,Negligible,None,False,0.0,0.0,Small,Small,Stable,0.0,0.0
ALDD19xr,0.0,0.0,0.0,0.0,0.0,0.0,0.0,0.0,0.0,0.0,Negligible,None,False,0.0,0.0,Small,Small,Stable,0.0,0.0
LALDO2,0.0,0.0,0.0,0.0,0.0,0.0,0.0,0.0,0.0,0.0,Negligible,None,False,0.0,0.0,Small,Small,Stable,0.0,0.0
LALDO2x,0.0,1.557928521047,0.0,1.557928521047,-1.557928521047,0.0,1.557928521047,1.557928521047,50.0,50.0,Negligible,None,False,0.0,-1.0,Small,Large,Stable,0.0,0.0
LAPCOAl,0.0,0.0,0.0,0.0,0.0,0.0,0.0,0.0,0.0,0.0,Negligible,None,False,0.0,0.0,Small,Small,Stable,0.0,0.0
LGNCt,0.0,0.0,0.0,0.0,0.0,0.0,0.0,0.0,0.0,0.0,Negligible,None,False,0.0,0.0,Small,Small,Stable,0.0,0.0
LGTHL,0.0,0.0,0.0,0.0,0.0,0.0,0.0,0.0,0.0,0.0,Negligible,None,False,0.0,0.0,Small,Small,Stable,0.0,0.0
LIMNENte,0.0,0.0,0.0,0.0,0.0,0.0,0.0,0.0,0.0,0.0,Negligible,None,False,0.0,0.0,Small,Small,Stable,0.0,0.0
LINKDEG1ly,0.0,0.0,0.0,0.0,0.0,0.0,0.0,0.0,0.0,0.0,Negligible,None,False,0.0,0.0,Small,Small,Stable,0.0,0.0
LINKDEG2ly,0.0,0.0,0.0,0.0,0.0,0.0,0.0,0.0,0.0,0.0,Negligible,None,False,0.0,0.0,Small,Small,Stable,0.0,0.0
LCADi,0.0,0.0,0.0,0.0,0.0,0.0,0.0,0.0,0.0,0.0,Negligible,None,False,0.0,0.0,Small,Small,Stable,0.0,0.0
LCADi_D,0.0,0.0,0.0,0.0,0.0,0.0,0.0,0.0,0.0,0.0,Negligible,None,False,0.0,0.0,Small,Small,Stable,0.0,0.0
LINKDEG3ly,0.0,0.0,0.0,0.0,0.0,0.0,0.0,0.0,0.0,0.0,Negligible,None,False,0.0,0.0,Small,Small,Stable,0.0,0.0
ALDD19x_P,0.0,0.0,0.0,0.0,0.0,0.0,0.0,0.0,0.0,0.0,Negligible,None,False,0.0,0.0,Small,Small,Stable,0.0,0.0
LINKDEG4ly,0.0,0.0,0.0,0.0,0.0,0.0,0.0,0.0,0.0,0.0,Negligible,None,False,0.0,0.0,Small,Small,Stable,0.0,0.0
LCADi_Dm,0.0,0.0,0.0,0.0,0.0,0.0,0.0,0.0,0.0,0.0,Negligible,None,False,0.0,0.0,Small,Small,Stable,0.0,0.0
LCADm,0.0,0.0,0.0,0.0,0.0,0.0,0.0,0.0,0.0,0.0,Negligible,None,False,0.0,0.0,Small,Small,Stable,0.0,0.0
LCAT1e,0.0,0.0,0.0,0.0,0.0,0.0,0.0,0.0,0.0,0.0,Negligible,None,False,0.0,0.0,Small,Small,Stable,0.0,0.0
LCTStg,0.0,0.0,0.0,0.0,0.0,0.0,0.0,0.0,0.0,0.0,Negligible,None,False,0.0,0.0,Small,Small,Stable,0.0,0.0
LIPOti,0.0,0.0,0.0,0.0,0.0,0.0,0.0,0.0,0.0,0.0,Negligible,None,False,0.0,0.0,Small,Small,Stable,0.0,0.0
ALDD20x,0.0,0.0,0.0,0.0,0.0,0.0,0.0,0.0,0.0,0.0,Negligible,None,False,0.0,0.0,Small,Small,Stable,0.0,0.0
LNELDCCPT1,0.0,0.0,0.0,0.0,0.0,0.0,0.0,0.0,0.0,0.0,Negligible,None,False,0.0,0.0,Small,Small,Stable,0.0,0.0
LCTStl,0.0,0.0,0.0,0.0,0.0,0.0,0.0,0.0,0.0,0.0,Negligible,None,False,0.0,0.0,Small,Small,Stable,0.0,0.0
LCYSTAT,0.0,0.0,0.0,0.0,0.0,0.0,0.0,0.0,0.0,0.0,Negligible,None,False,0.0,0.0,Small,Small,Stable,0.0,0.0
LNELDCCPT2,0.0,0.0,0.0,0.0,0.0,0.0,0.0,0.0,0.0,0.0,Negligible,None,False,0.0,0.0,Small,Small,Stable,0.0,0.0
LCYSTATm,0.0,0.0,0.0,0.0,0.0,0.0,0.0,0.0,0.0,0.0,Negligible,None,False,0.0,0.0,Small,Small,Stable,0.0,0.0
LNELDCCRNt,0.0,0.0,0.0,0.0,0.0,0.0,0.0,0.0,0.0,0.0,Negligible,None,False,0.0,0.0,Small,Small,Stable,0.0,0.0
ALDD20xm,0.0,0.0,0.0,0.0,0.0,0.0,0.0,0.0,0.0,0.0,Negligible,None,False,0.0,0.0,Small,Small,Stable,0.0,0.0
LNELDCt,0.0,0.0,0.0,0.0,0.0,0.0,0.0,0.0,0.0,0.0,Negligible,None,False,0.0,0.0,Small,Small,Stable,0.0,0.0
LNLCCPT1,0.0,0.0,0.0,0.0,0.0,0.0,0.0,0.0,0.0,0.0,Negligible,None,False,0.0,0.0,Small,Small,Stable,0.0,0.0
LCYSTCBOXL,0.0,0.0,0.0,0.0,0.0,0.0,0.0,0.0,0.0,0.0,Negligible,None,False,0.0,0.0,Small,Small,Stable,0.0,0.0
EX_ahandrostanglc_e,0.0,0.0,0.0,0.0,0.0,0.0,0.0,0.0,0.0,0.0,Negligible,None,False,0.0,0.0,Small,Small,Stable,0.0,0.0
ALDD21,0.0,0.0,0.0,0.0,0.0,0.0,0.0,0.0,0.0,0.0,Negligible,None,False,0.0,0.0,Small,Small,Stable,0.0,0.0
LNLCCPT2,0.0,0.0,0.0,0.0,0.0,0.0,0.0,0.0,0.0,0.0,Negligible,None,False,0.0,0.0,Small,Small,Stable,0.0,0.0
LNLCCRNt,0.0,0.0,0.0,0.0,0.0,0.0,0.0,0.0,0.0,0.0,Negligible,None,False,0.0,0.0,Small,Small,Stable,0.0,0.0
LNLCt,0.0,0.0,0.0,0.0,0.0,0.0,0.0,0.0,0.0,0.0,Negligible,None,False,0.0,0.0,Small,Small,Stable,0.0,0.0
LNLNCACPT1,0.0,0.0,0.0,0.0,0.0,0.0,0.0,0.0,0.0,0.0,Negligible,None,False,0.0,0.0,Small,Small,Stable,0.0,0.0
LNLNCACPT2,0.0,0.0,0.0,0.0,0.0,0.0,0.0,0.0,0.0,0.0,Negligible,None,False,0.0,0.0,Small,Small,Stable,0.0,0.0
LNLNCACRNt,0.0,0.0,0.0,0.0,0.0,0.0,0.0,0.0,0.0,0.0,Negligible,None,False,0.0,0.0,Small,Small,Stable,0.0,0.0
LNLNCAt,0.0,0.5,0.5,0.5,0.0,0.5,0.5,0.0,100.0,0.0,Synergistic,Diet-dominated synergy,False,0.0,0.0,Small,Small,Diet,100.0,0.0
LDH_Lm,0.0,0.0,0.0,0.0,0.0,0.0,0.0,0.0,0.0,0.0,Negligible,None,False,0.0,0.0,Small,Small,Stable,0.0,0.0
LEUKTRA4t,0.0,0.0,0.0,0.0,0.0,0.0,0.0,0.0,0.0,0.0,Negligible,None,False,0.0,0.0,Small,Small,Stable,0.0,0.0
LEUKTRA4tr,0.0,0.0,0.0,0.0,0.0,0.0,0.0,0.0,0.0,0.0,Negligible,None,False,0.0,0.0,Small,Small,Stable,0.0,0.0
LNLNCGCPT1,0.0,0.0,0.0,0.0,0.0,0.0,0.0,0.0,0.0,0.0,Negligible,None,False,0.0,0.0,Small,Small,Stable,0.0,0.0
LNLNCGCPT2,0.0,0.0,0.0,0.0,0.0,0.0,0.0,0.0,0.0,0.0,Negligible,None,False,0.0,0.0,Small,Small,Stable,0.0,0.0
ALDD2x,0.0,0.0,0.0,0.0,0.0,0.0,0.0,0.0,0.0,0.0,Negligible,None,False,0.0,0.0,Small,Small,Stable,0.0,0.0
LNLNCGCRNt,0.0,0.0,0.0,0.0,0.0,0.0,0.0,0.0,0.0,0.0,Negligible,None,False,0.0,0.0,Small,Small,Stable,0.0,0.0
LYSt4,0.0,0.0,0.0,0.0,0.0,0.0,0.0,0.0,0.0,0.0,Negligible,None,False,0.0,0.0,Small,Small,Stable,0.0,0.0
LNLNCGt,0.0,0.0,0.0,0.0,0.0,0.0,0.0,0.0,0.0,0.0,Negligible,None,False,0.0,0.0,Small,Small,Stable,0.0,0.0
ALDD2xm,0.0,0.0,0.0,0.0,0.0,0.0,0.0,0.0,0.0,0.0,Negligible,None,False,0.0,0.0,Small,Small,Stable,0.0,0.0
DM_core7_g,0.0,0.0,0.0,0.0,0.0,0.0,0.0,0.0,0.0,0.0,Negligible,None,False,0.0,0.0,Small,Small,Stable,0.0,0.0
LYStip,0.0,0.394198276641,0.394081546052,0.394198276641,-0.00011673058899996924,0.394081546052,0.394198276641,0.00011673058899996924,99.99999123120588,8.768794111815813e-06,Antagonistic,Diet overcomes microbiome,True,0.0,-0.00029612151020710036,Small,Small,Diet (opposed by microbiome),100.02962092241299,0.0296209224129887
LNS14DM,0.0,0.0,0.0,0.0,0.0,0.0,0.0,0.0,0.0,0.0,Negligible,None,False,0.0,0.0,Small,Small,Stable,0.0,0.0
LYStm,0.0,0.0,0.0,0.0,0.0,0.0,0.0,0.0,0.0,0.0,Negligible,None,False,0.0,0.0,Small,Small,Stable,0.0,0.0
ALDD2y,0.0,0.0,0.0,0.0,0.0,0.0,0.0,0.0,0.0,0.0,Negligible,None,False,0.0,0.0,Small,Small,Stable,0.0,0.0
LYStn,0.0,0.0,0.0,0.0,0.0,0.0,0.0,0.0,0.0,0.0,Negligible,None,False,0.0,0.0,Small,Small,Stable,0.0,0.0
DM_core8_g,0.0,0.0,0.0,0.0,0.0,0.0,0.0,0.0,0.0,0.0,Negligible,None,False,0.0,0.0,Small,Small,Stable,0.0,0.0
DM_datp_m,0.0,0.0,0.0,0.0,0.0,0.0,0.0,0.0,0.0,0.0,Negligible,None,False,0.0,0.0,Small,Small,Stable,0.0,0.0
M1316Mg,0.0,0.0,0.0,0.0,0.0,0.0,0.0,0.0,0.0,0.0,Negligible,None,False,0.0,0.0,Small,Small,Stable,0.0,0.0
ALDSTRNte,0.0,0.0,0.0,0.0,0.0,0.0,0.0,0.0,0.0,0.0,Negligible,None,False,0.0,0.0,Small,Small,Stable,0.0,0.0
M13N2Tg,0.0,0.0,0.0,0.0,0.0,0.0,0.0,0.0,0.0,0.0,Negligible,None,False,0.0,0.0,Small,Small,Stable,0.0,0.0
LPCHOLt,0.0,0.0,0.0,0.0,0.0,0.0,0.0,0.0,0.0,0.0,Negligible,None,False,0.0,0.0,Small,Small,Stable,0.0,0.0
LPCOXp,0.0,0.394198276641,0.394081546052,0.394198276641,-0.00011673058899996924,0.394081546052,0.394198276641,0.00011673058899996924,99.99999123120588,8.768794111815813e-06,Antagonistic,Diet overcomes microbiome,True,0.0,-0.00029612151020710036,Small,Small,Diet (opposed by microbiome),100.02962092241299,0.0296209224129887
LPS,0.0,0.0,0.0,0.0,0.0,0.0,0.0,0.0,0.0,0.0,Negligible,None,False,0.0,0.0,Small,Small,Stable,0.0,0.0
M13N4Tg,0.0,0.0,0.0,0.0,0.0,0.0,0.0,0.0,0.0,0.0,Negligible,None,False,0.0,0.0,Small,Small,Stable,0.0,0.0
ALDSTRNtm,0.0,0.0,0.0,0.0,0.0,0.0,0.0,0.0,0.0,0.0,Negligible,None,False,0.0,0.0,Small,Small,Stable,0.0,0.0
M14NTg,0.0,0.0,0.0,0.0,0.0,0.0,0.0,0.0,0.0,0.0,Negligible,None,False,0.0,0.0,Small,Small,Stable,0.0,0.0
M16N4Tg,0.0,0.0,0.0,0.0,0.0,0.0,0.0,0.0,0.0,0.0,Negligible,None,False,0.0,0.0,Small,Small,Stable,0.0,0.0
M16N6Tg,0.0,0.0,0.0,0.0,0.0,0.0,0.0,0.0,0.0,0.0,Negligible,None,False,0.0,0.0,Small,Small,Stable,0.0,0.0
M16NTg,0.0,0.0,0.0,0.0,0.0,0.0,0.0,0.0,0.0,0.0,Negligible,None,False,0.0,0.0,Small,Small,Stable,0.0,0.0
M4ATAer,0.0,0.0,0.0,0.0,0.0,0.0,0.0,0.0,0.0,0.0,Negligible,None,False,0.0,0.0,Small,Small,Stable,0.0,0.0
LPS2,0.0,0.0,0.0,0.0,0.0,0.0,0.0,0.0,0.0,0.0,Negligible,None,False,0.0,0.0,Small,Small,Stable,0.0,0.0
LPS2e,0.0,0.0,0.0,0.0,0.0,0.0,0.0,0.0,0.0,0.0,Negligible,None,False,0.0,0.0,Small,Small,Stable,0.0,0.0
LPS3,0.0,0.0,0.0,0.0,0.0,0.0,0.0,0.0,0.0,0.0,Negligible,None,False,0.0,0.0,Small,Small,Stable,0.0,0.0
LPS3e,0.0,0.0,0.0,0.0,0.0,0.0,0.0,0.0,0.0,0.0,Negligible,None,False,0.0,0.0,Small,Small,Stable,0.0,0.0
LPS4e,0.0,0.0,0.0,0.0,0.0,0.0,0.0,0.0,0.0,0.0,Negligible,None,False,0.0,0.0,Small,Small,Stable,0.0,0.0
LPSe,0.0,0.0,0.0,0.0,0.0,0.0,0.0,0.0,0.0,0.0,Negligible,None,False,0.0,0.0,Small,Small,Stable,0.0,0.0
M4BET2er,0.0,0.0,0.0,0.0,0.0,0.0,0.0,0.0,0.0,0.0,Negligible,None,False,0.0,0.0,Small,Small,Stable,0.0,0.0
LRAT,0.0,0.0,0.0,0.0,0.0,0.0,0.0,0.0,0.0,0.0,Negligible,None,False,0.0,0.0,Small,Small,Stable,0.0,0.0
ALKP,0.0,0.0,0.0,0.0,0.0,0.0,0.0,0.0,0.0,0.0,Negligible,None,False,0.0,0.0,Small,Small,Stable,0.0,0.0
LRAT1,0.0,0.0,0.0,0.0,0.0,0.0,0.0,0.0,0.0,0.0,Negligible,None,False,0.0,0.0,Small,Small,Stable,0.0,0.0
LRAT2,0.0,0.0,0.0,0.0,0.0,0.0,0.0,0.0,0.0,0.0,Negligible,None,False,0.0,0.0,Small,Small,Stable,0.0,0.0
M4BTAer,0.0,0.0,0.0,0.0,0.0,0.0,0.0,0.0,0.0,0.0,Negligible,None,False,0.0,0.0,Small,Small,Stable,0.0,0.0
M4CET3er,0.0,0.0,0.0,0.0,0.0,0.0,0.0,0.0,0.0,0.0,Negligible,None,False,0.0,0.0,Small,Small,Stable,0.0,0.0
M4MPDOL_Lter,0.0,0.0,0.0,0.0,0.0,0.0,0.0,0.0,0.0,0.0,Negligible,None,False,0.0,0.0,Small,Small,Stable,0.0,0.0
LS3,0.0,0.0,0.0,0.0,0.0,0.0,0.0,0.0,0.0,0.0,Negligible,None,False,0.0,0.0,Small,Small,Stable,0.0,0.0
M4MPDOL_Uter,0.0,0.0,0.0,0.0,0.0,0.0,0.0,0.0,0.0,0.0,Negligible,None,False,0.0,0.0,Small,Small,Stable,0.0,0.0
DM_datp_n,0.0,0.0,0.0,0.0,0.0,0.0,0.0,0.0,0.0,0.0,Negligible,None,False,0.0,0.0,Small,Small,Stable,0.0,0.0
ALOX12,0.0,0.0,0.0,0.0,0.0,0.0,0.0,0.0,0.0,0.0,Negligible,None,False,0.0,0.0,Small,Small,Stable,0.0,0.0
DM_dctp_m,0.0,0.0,0.0,0.0,0.0,0.0,0.0,0.0,0.0,0.0,Negligible,None,False,0.0,0.0,Small,Small,Stable,0.0,0.0
LTA4H,0.0,0.0,0.0,0.0,0.0,0.0,0.0,0.0,0.0,0.0,Negligible,None,False,0.0,0.0,Small,Small,Stable,0.0,0.0
M7MASNBterg,0.0,0.0,0.0,0.0,0.0,0.0,0.0,0.0,0.0,0.0,Negligible,None,False,0.0,0.0,Small,Small,Stable,0.0,0.0
LTC4CP,0.0,0.0,0.0,0.0,0.0,0.0,0.0,0.0,0.0,0.0,Negligible,None,False,0.0,0.0,Small,Small,Stable,0.0,0.0
MERCPLACCYSt,0.0,0.0,0.0,0.0,0.0,0.0,0.0,0.0,0.0,0.0,Negligible,None,False,0.0,0.0,Small,Small,Stable,0.0,0.0
LTC4Sr,0.0,0.0,0.0,0.0,0.0,0.0,0.0,0.0,0.0,0.0,Negligible,None,False,0.0,0.0,Small,Small,Stable,0.0,0.0
LTD4DP,0.0,0.0,0.0,0.0,0.0,0.0,0.0,0.0,0.0,0.0,Negligible,None,False,0.0,0.0,Small,Small,Stable,0.0,0.0
LTDCL,0.0,0.0,0.0,0.0,0.0,0.0,0.0,0.0,0.0,0.0,Negligible,None,False,0.0,0.0,Small,Small,Stable,0.0,0.0
LYSMTF1n,0.0,0.0,0.0,0.0,0.0,0.0,0.0,0.0,0.0,0.0,Negligible,None,False,0.0,0.0,Small,Small,Stable,0.0,0.0
LYSMTF2n,0.0,0.0,0.0,0.0,0.0,0.0,0.0,0.0,0.0,0.0,Negligible,None,False,0.0,0.0,Small,Small,Stable,0.0,0.0
M8MASNterg,0.0,0.0,0.0,0.0,0.0,0.0,0.0,0.0,0.0,0.0,Negligible,None,False,0.0,0.0,Small,Small,Stable,0.0,0.0
MACACI,0.0,0.0,0.0,0.0,0.0,0.0,0.0,0.0,0.0,0.0,Negligible,None,False,0.0,0.0,Small,Small,Stable,0.0,0.0
MACOXO,0.0,0.0,0.0,0.0,0.0,0.0,0.0,0.0,0.0,0.0,Negligible,None,False,0.0,0.0,Small,Small,Stable,0.0,0.0
MAGt,0.0,0.0,0.0,0.0,0.0,0.0,0.0,0.0,0.0,0.0,Negligible,None,False,0.0,0.0,Small,Small,Stable,0.0,0.0
DM_13_cis_oretn_n,0.0,0.0,0.0,0.0,0.0,0.0,0.0,0.0,0.0,0.0,Negligible,None,False,0.0,0.0,Small,Small,Stable,0.0,0.0
MALSO4tm,0.0,0.0,0.0,0.0,0.0,0.0,0.0,0.0,0.0,0.0,Negligible,None,False,0.0,0.0,Small,Small,Stable,0.0,0.0
MALT,0.0,0.0,0.0,0.0,0.0,0.0,0.0,0.0,0.0,0.0,Negligible,None,False,0.0,0.0,Small,Small,Stable,0.0,0.0
MALTSULtm,0.0,0.0,0.0,0.0,0.0,0.0,0.0,0.0,0.0,0.0,Negligible,None,False,0.0,0.0,Small,Small,Stable,0.0,0.0
MALTe,0.0,0.0,0.0,0.0,0.0,0.0,0.0,0.0,0.0,0.0,Negligible,None,False,0.0,0.0,Small,Small,Stable,0.0,0.0
LYSMTF3n,0.0,0.0,0.0,0.0,0.0,0.0,0.0,0.0,0.0,0.0,Negligible,None,False,0.0,0.0,Small,Small,Stable,0.0,0.0
LYSOXp,0.0,0.394198276641,0.394081546052,0.394198276641,-0.00011673058899996924,0.394081546052,0.394198276641,0.00011673058899996924,99.99999123120588,8.768794111815813e-06,Antagonistic,Diet overcomes microbiome,True,0.0,-0.00029612151020710036,Small,Small,Diet (opposed by microbiome),100.02962092241299,0.0296209224129887
MALTly,0.0,0.0,0.0,0.0,0.0,0.0,0.0,0.0,0.0,0.0,Negligible,None,False,0.0,0.0,Small,Small,Stable,0.0,0.0
MESCOALm,0.0,0.0,0.0,0.0,0.0,0.0,0.0,0.0,0.0,0.0,Negligible,None,False,0.0,0.0,Small,Small,Stable,0.0,0.0
MALTt1r,0.0,0.0,0.0,0.0,0.0,0.0,0.0,0.0,0.0,0.0,Negligible,None,False,0.0,0.0,Small,Small,Stable,0.0,0.0
DM_13_cis_retn_n,0.0,0.0,0.0,0.0,0.0,0.0,0.0,0.0,0.0,0.0,Negligible,None,False,0.0,0.0,Small,Small,Stable,0.0,0.0
MMEm,0.0,0.0,0.0,0.0,0.0,0.0,0.0,0.0,0.0,0.0,Negligible,None,False,0.0,0.0,Small,Small,Stable,0.0,0.0
MMMm,0.0,0.0,0.0,0.0,0.0,0.0,0.0,0.0,0.0,0.0,Negligible,None,False,0.0,0.0,Small,Small,Stable,0.0,0.0
METAT,0.0,0.0,0.0,0.0,0.0,0.0,0.0,0.0,0.0,0.0,Negligible,None,False,0.0,0.0,Small,Small,Stable,0.0,0.0
MMSAD1m,0.0,0.0,0.0,0.0,0.0,0.0,0.0,0.0,0.0,0.0,Negligible,None,False,0.0,0.0,Small,Small,Stable,0.0,0.0
EX_ak2lgchol_hs_e,0.0,0.0,0.0,0.0,0.0,0.0,0.0,0.0,0.0,0.0,Negligible,None,False,0.0,0.0,Small,Small,Stable,0.0,0.0
MMTSADm,0.0,0.0,0.0,0.0,0.0,0.0,0.0,0.0,0.0,0.0,Negligible,None,False,0.0,0.0,Small,Small,Stable,0.0,0.0
MOGAT,0.0,0.0,0.0,0.0,0.0,0.0,0.0,0.0,0.0,0.0,Negligible,None,False,0.0,0.0,Small,Small,Stable,0.0,0.0
MTAP,0.0,0.0,0.0,0.0,0.0,0.0,0.0,0.0,0.0,0.0,Negligible,None,False,0.0,0.0,Small,Small,Stable,0.0,0.0
MAN1PT2,0.0,0.0,0.0,0.0,0.0,0.0,0.0,0.0,0.0,0.0,Negligible,None,False,0.0,0.0,Small,Small,Stable,0.0,0.0
MAN1_6B1er,0.0,0.0,0.0,0.0,0.0,0.0,0.0,0.0,0.0,0.0,Negligible,None,False,0.0,0.0,Small,Small,Stable,0.0,0.0
MAN1_7Ber,0.0,0.0,0.0,0.0,0.0,0.0,0.0,0.0,0.0,0.0,Negligible,None,False,0.0,0.0,Small,Small,Stable,0.0,0.0
MAN2_6B1er,0.0,0.0,0.0,0.0,0.0,0.0,0.0,0.0,0.0,0.0,Negligible,None,False,0.0,0.0,Small,Small,Stable,0.0,0.0
MAN2_7Cer,0.0,0.0,0.0,0.0,0.0,0.0,0.0,0.0,0.0,0.0,Negligible,None,False,0.0,0.0,Small,Small,Stable,0.0,0.0
MAN6PI,0.5,0.2,0.2,-0.3,0.0,-0.3,0.3,0.0,100.0,0.0,Synergistic,Diet-dominated synergy,False,-0.6,0.0,Medium,Small,Diet,100.0,0.0
METLEUex,0.0,0.0,0.0,0.0,0.0,0.0,0.0,0.0,0.0,0.0,Negligible,None,False,0.0,0.0,Small,Small,Stable,0.0,0.0
MANt1r,0.5,0.2,0.2,-0.3,0.0,-0.3,0.3,0.0,100.0,0.0,Synergistic,Diet-dominated synergy,False,-0.6,0.0,Medium,Small,Diet,100.0,0.0
MANt4,0.0,0.0,0.0,0.0,0.0,0.0,0.0,0.0,0.0,0.0,Negligible,None,False,0.0,0.0,Small,Small,Stable,0.0,0.0
MTHFC,0.0,0.0,0.0,0.0,0.0,0.0,0.0,0.0,0.0,0.0,Negligible,None,False,0.0,0.0,Small,Small,Stable,0.0,0.0
MTHFCm,0.0,0.0,0.0,0.0,0.0,0.0,0.0,0.0,0.0,0.0,Negligible,None,False,0.0,0.0,Small,Small,Stable,0.0,0.0
EX_akg_e,0.0,0.0,0.0,0.0,0.0,0.0,0.0,0.0,0.0,0.0,Negligible,None,False,0.0,0.0,Small,Small,Stable,0.0,0.0
MTHFD2i,-0.1,-0.1,-0.1,0.0,0.0,0.0,0.0,0.0,0.0,0.0,Negligible,None,False,0.0,0.0,Small,Small,Stable,0.0,0.0
MANter,0.0,0.0,0.0,0.0,0.0,0.0,0.0,0.0,0.0,0.0,Negligible,None,False,0.0,0.0,Small,Small,Stable,0.0,0.0
MANtg,0.0,0.0,0.0,0.0,0.0,0.0,0.0,0.0,0.0,0.0,Negligible,None,False,0.0,0.0,Small,Small,Stable,0.0,0.0
MANtly,0.0,0.0,0.0,0.0,0.0,0.0,0.0,0.0,0.0,0.0,Negligible,None,False,0.0,0.0,Small,Small,Stable,0.0,0.0
MAOLNOR,0.0,0.0,0.0,0.0,0.0,0.0,0.0,0.0,0.0,0.0,Negligible,None,False,0.0,0.0,Small,Small,Stable,0.0,0.0
EX_ala_B_e,0.0,0.0,0.0,0.0,0.0,0.0,0.0,0.0,0.0,0.0,Negligible,None,False,0.0,0.0,Small,Small,Stable,0.0,0.0
METS,0.0,0.0,0.0,0.0,0.0,0.0,0.0,0.0,0.0,0.0,Negligible,None,False,0.0,0.0,Small,Small,Stable,0.0,0.0
DM_Asn_X_Ser_Thr_l,0.0,0.0,0.0,0.0,0.0,0.0,0.0,0.0,0.0,0.0,Negligible,None,False,0.0,0.0,Small,Small,Stable,0.0,0.0
MTHFR3,0.05,0.0,0.0,-0.05,0.0,-0.05,0.05,0.0,100.0,0.0,Synergistic,Diet-dominated synergy,False,-1.0,0.0,Large,Small,Diet,100.0,0.0
MTHGXLt,0.0,0.0,0.0,0.0,0.0,0.0,0.0,0.0,0.0,0.0,Negligible,None,False,0.0,0.0,Small,Small,Stable,0.0,0.0
MAOX,0.0,0.0,0.0,0.0,0.0,0.0,0.0,0.0,0.0,0.0,Negligible,None,False,0.0,0.0,Small,Small,Stable,0.0,0.0
MCCCrm,0.0,0.0,0.0,0.0,0.0,0.0,0.0,0.0,0.0,0.0,Negligible,None,False,0.0,0.0,Small,Small,Stable,0.0,0.0
METt4,0.0,0.0,0.0,0.0,0.0,0.0,0.0,0.0,0.0,0.0,Negligible,None,False,0.0,0.0,Small,Small,Stable,0.0,0.0
MCD,0.0,0.0,0.0,0.0,0.0,0.0,0.0,0.0,0.0,0.0,Negligible,None,False,0.0,0.0,Small,Small,Stable,0.0,0.0
MTRI,0.0,0.0,0.0,0.0,0.0,0.0,0.0,0.0,0.0,0.0,Negligible,None,False,0.0,0.0,Small,Small,Stable,0.0,0.0
MCDm,0.0,0.0,0.0,0.0,0.0,0.0,0.0,0.0,0.0,0.0,Negligible,None,False,0.0,0.0,Small,Small,Stable,0.0,0.0
EX_4nphsf_e,0.0,0.0,0.0,0.0,0.0,0.0,0.0,0.0,0.0,0.0,Negligible,None,False,0.0,0.0,Small,Small,Stable,0.0,0.0
MCDp,0.0,0.0,0.0,0.0,0.0,0.0,0.0,0.0,0.0,0.0,Negligible,None,False,0.0,0.0,Small,Small,Stable,0.0,0.0
MCITS,0.0,0.0,0.0,0.0,0.0,0.0,0.0,0.0,0.0,0.0,Negligible,None,False,0.0,0.0,Small,Small,Stable,0.0,0.0
N2M2NMASNt,0.0,0.0,0.0,0.0,0.0,0.0,0.0,0.0,0.0,0.0,Negligible,None,False,0.0,0.0,Small,Small,Stable,0.0,0.0
N2M2NMASNtly,0.0,0.0,0.0,0.0,0.0,0.0,0.0,0.0,0.0,0.0,Negligible,None,False,0.0,0.0,Small,Small,Stable,0.0,0.0
N3Tg,0.0,0.0,0.0,0.0,0.0,0.0,0.0,0.0,0.0,0.0,Negligible,None,False,0.0,0.0,Small,Small,Stable,0.0,0.0
N4Tg,0.0,0.0,0.0,0.0,0.0,0.0,0.0,0.0,0.0,0.0,Negligible,None,False,0.0,0.0,Small,Small,Stable,0.0,0.0
NABTNO,0.0,0.0,0.0,0.0,0.0,0.0,0.0,0.0,0.0,0.0,Negligible,None,False,0.0,0.0,Small,Small,Stable,0.0,0.0
MCLACCYSR,0.0,0.0,0.0,0.0,0.0,0.0,0.0,0.0,0.0,0.0,Negligible,None,False,0.0,0.0,Small,Small,Stable,0.0,0.0
MCOATA,0.0,0.0,0.0,0.0,0.0,0.0,0.0,0.0,0.0,0.0,Negligible,None,False,0.0,0.0,Small,Small,Stable,0.0,0.0
NABTNOm,0.0,0.0,0.0,0.0,0.0,0.0,0.0,0.0,0.0,0.0,Negligible,None,False,0.0,0.0,Small,Small,Stable,0.0,0.0
DM_Ser_Gly_Ala_X_Gly_l,0.0,0.0,0.0,0.0,0.0,0.0,0.0,0.0,0.0,0.0,Negligible,None,False,0.0,0.0,Small,Small,Stable,0.0,0.0
NACASPAH,0.0,0.0,0.0,0.0,0.0,0.0,0.0,0.0,0.0,0.0,Negligible,None,False,0.0,0.0,Small,Small,Stable,0.0,0.0
NACASPtm,0.0,0.0,0.0,0.0,0.0,0.0,0.0,0.0,0.0,0.0,Negligible,None,False,0.0,0.0,Small,Small,Stable,0.0,0.0
MCOATAm,0.0,0.0,0.0,0.0,0.0,0.0,0.0,0.0,0.0,0.0,Negligible,None,False,0.0,0.0,Small,Small,Stable,0.0,0.0
MG1er,0.0,0.0,0.0,0.0,0.0,0.0,0.0,0.0,0.0,0.0,Negligible,None,False,0.0,0.0,Small,Small,Stable,0.0,0.0
MCPST,0.0,0.0,0.0,0.0,0.0,0.0,0.0,0.0,0.0,0.0,Negligible,None,False,0.0,0.0,Small,Small,Stable,0.0,0.0
DM_dctp_n,0.0,0.0,0.0,0.0,0.0,0.0,0.0,0.0,0.0,0.0,Negligible,None,False,0.0,0.0,Small,Small,Stable,0.0,0.0
DM_dem2emgacpail_prot_hs_r,0.0,0.0,0.0,0.0,0.0,0.0,0.0,0.0,0.0,0.0,Negligible,None,False,0.0,0.0,Small,Small,Stable,0.0,0.0
NACHEX10ly,0.0,0.0,0.0,0.0,0.0,0.0,0.0,0.0,0.0,0.0,Negligible,None,False,0.0,0.0,Small,Small,Stable,0.0,0.0
NACHEX11ly,0.0,0.0,0.0,0.0,0.0,0.0,0.0,0.0,0.0,0.0,Negligible,None,False,0.0,0.0,Small,Small,Stable,0.0,0.0
NACHEX12ly,0.0,0.0,0.0,0.0,0.0,0.0,0.0,0.0,0.0,0.0,Negligible,None,False,0.0,0.0,Small,Small,Stable,0.0,0.0
NACHEX13ly,0.0,0.0,0.0,0.0,0.0,0.0,0.0,0.0,0.0,0.0,Negligible,None,False,0.0,0.0,Small,Small,Stable,0.0,0.0
NACHEX14ly,0.0,0.0,0.0,0.0,0.0,0.0,0.0,0.0,0.0,0.0,Negligible,None,False,0.0,0.0,Small,Small,Stable,0.0,0.0
NACHEX15ly,0.0,0.0,0.0,0.0,0.0,0.0,0.0,0.0,0.0,0.0,Negligible,None,False,0.0,0.0,Small,Small,Stable,0.0,0.0
MDRPD,0.0,0.0,0.0,0.0,0.0,0.0,0.0,0.0,0.0,0.0,Negligible,None,False,0.0,0.0,Small,Small,Stable,0.0,0.0
ME1m,0.0,0.0,0.0,0.0,0.0,0.0,0.0,0.0,0.0,0.0,Negligible,None,False,0.0,0.0,Small,Small,Stable,0.0,0.0
NACHEX16ly,0.0,0.0,0.0,0.0,0.0,0.0,0.0,0.0,0.0,0.0,Negligible,None,False,0.0,0.0,Small,Small,Stable,0.0,0.0
MG2er,0.0,0.0,0.0,0.0,0.0,0.0,0.0,0.0,0.0,0.0,Negligible,None,False,0.0,0.0,Small,Small,Stable,0.0,0.0
NACHEX17ly,0.0,0.0,0.0,0.0,0.0,0.0,0.0,0.0,0.0,0.0,Negligible,None,False,0.0,0.0,Small,Small,Stable,0.0,0.0
NACHEX18ly,0.0,0.0,0.0,0.0,0.0,0.0,0.0,0.0,0.0,0.0,Negligible,None,False,0.0,0.0,Small,Small,Stable,0.0,0.0
ME2,0.0,0.0,0.0,0.0,0.0,0.0,0.0,0.0,0.0,0.0,Negligible,None,False,0.0,0.0,Small,Small,Stable,0.0,0.0
ME2m,0.0,0.0,0.0,0.0,0.0,0.0,0.0,0.0,0.0,0.0,Negligible,None,False,0.0,0.0,Small,Small,Stable,0.0,0.0
MECOALm,0.0,0.0,0.0,0.0,0.0,0.0,0.0,0.0,0.0,0.0,Negligible,None,False,0.0,0.0,Small,Small,Stable,0.0,0.0
MECOAS1m,0.0,0.0,0.0,0.0,0.0,0.0,0.0,0.0,0.0,0.0,Negligible,None,False,0.0,0.0,Small,Small,Stable,0.0,0.0
NACHEX19ly,0.0,0.0,0.0,0.0,0.0,0.0,0.0,0.0,0.0,0.0,Negligible,None,False,0.0,0.0,Small,Small,Stable,0.0,0.0
MELATN23DOX,0.0,0.0,0.0,0.0,0.0,0.0,0.0,0.0,0.0,0.0,Negligible,None,False,0.0,0.0,Small,Small,Stable,0.0,0.0
NACHEX1ly,0.0,0.0,0.0,0.0,0.0,0.0,0.0,0.0,0.0,0.0,Negligible,None,False,0.0,0.0,Small,Small,Stable,0.0,0.0
MG3er,0.0,0.0,0.0,0.0,0.0,0.0,0.0,0.0,0.0,0.0,Negligible,None,False,0.0,0.0,Small,Small,Stable,0.0,0.0
NACHEX20ly,0.0,0.0,0.0,0.0,0.0,0.0,0.0,0.0,0.0,0.0,Negligible,None,False,0.0,0.0,Small,Small,Stable,0.0,0.0
MELATNOX,0.0,0.0,0.0,0.0,0.0,0.0,0.0,0.0,0.0,0.0,Negligible,None,False,0.0,0.0,Small,Small,Stable,0.0,0.0
NACHEX21ly,0.0,0.0,0.0,0.0,0.0,0.0,0.0,0.0,0.0,0.0,Negligible,None,False,0.0,0.0,Small,Small,Stable,0.0,0.0
MGACONm,0.0,0.0,0.0,0.0,0.0,0.0,0.0,0.0,0.0,0.0,Negligible,None,False,0.0,0.0,Small,Small,Stable,0.0,0.0
NACHEX22ly,0.0,0.0,0.0,0.0,0.0,0.0,0.0,0.0,0.0,0.0,Negligible,None,False,0.0,0.0,Small,Small,Stable,0.0,0.0
NACHEX23ly,0.0,0.0,0.0,0.0,0.0,0.0,0.0,0.0,0.0,0.0,Negligible,None,False,0.0,0.0,Small,Small,Stable,0.0,0.0
NACHEX24ly,0.0,0.0,0.0,0.0,0.0,0.0,0.0,0.0,0.0,0.0,Negligible,None,False,0.0,0.0,Small,Small,Stable,0.0,0.0
MEOHt2,0.0,0.0,0.0,0.0,0.0,0.0,0.0,0.0,0.0,0.0,Negligible,None,False,0.0,0.0,Small,Small,Stable,0.0,0.0
MEOHtly,0.0,0.0,0.0,0.0,0.0,0.0,0.0,0.0,0.0,0.0,Negligible,None,False,0.0,0.0,Small,Small,Stable,0.0,0.0
MEOHtr,0.0,0.0,0.0,0.0,0.0,0.0,0.0,0.0,0.0,0.0,Negligible,None,False,0.0,0.0,Small,Small,Stable,0.0,0.0
MEPIVESSte,0.0,0.0,0.0,0.0,0.0,0.0,0.0,0.0,0.0,0.0,Negligible,None,False,0.0,0.0,Small,Small,Stable,0.0,0.0
NACHEX25ly,0.0,0.0,0.0,0.0,0.0,0.0,0.0,0.0,0.0,0.0,Negligible,None,False,0.0,0.0,Small,Small,Stable,0.0,0.0
NACHEX26ly,0.0,0.0,0.0,0.0,0.0,0.0,0.0,0.0,0.0,0.0,Negligible,None,False,0.0,0.0,Small,Small,Stable,0.0,0.0
NACHEX27ly,0.0,0.0,0.0,0.0,0.0,0.0,0.0,0.0,0.0,0.0,Negligible,None,False,0.0,0.0,Small,Small,Stable,0.0,0.0
NACHEX2ly,0.0,0.0,0.0,0.0,0.0,0.0,0.0,0.0,0.0,0.0,Negligible,None,False,0.0,0.0,Small,Small,Stable,0.0,0.0
NACHEXA14ly,0.0,0.0,0.0,0.0,0.0,0.0,0.0,0.0,0.0,0.0,Negligible,None,False,0.0,0.0,Small,Small,Stable,0.0,0.0
NACHEX3ly,0.0,0.0,0.0,0.0,0.0,0.0,0.0,0.0,0.0,0.0,Negligible,None,False,0.0,0.0,Small,Small,Stable,0.0,0.0
MGCHrm,0.0,0.0,0.0,0.0,0.0,0.0,0.0,0.0,0.0,0.0,Negligible,None,False,0.0,0.0,Small,Small,Stable,0.0,0.0
NACHEX4ly,0.0,0.0,0.0,0.0,0.0,0.0,0.0,0.0,0.0,0.0,Negligible,None,False,0.0,0.0,Small,Small,Stable,0.0,0.0
NACHEX5ly,0.0,0.0,0.0,0.0,0.0,0.0,0.0,0.0,0.0,0.0,Negligible,None,False,0.0,0.0,Small,Small,Stable,0.0,0.0
NACHEX6ly,0.0,0.0,0.0,0.0,0.0,0.0,0.0,0.0,0.0,0.0,Negligible,None,False,0.0,0.0,Small,Small,Stable,0.0,0.0
NACHEXA15ly,0.0,0.0,0.0,0.0,0.0,0.0,0.0,0.0,0.0,0.0,Negligible,None,False,0.0,0.0,Small,Small,Stable,0.0,0.0
NACHEXA16ly,0.0,0.0,0.0,0.0,0.0,0.0,0.0,0.0,0.0,0.0,Negligible,None,False,0.0,0.0,Small,Small,Stable,0.0,0.0
NACHEXA17ly,0.0,0.0,0.0,0.0,0.0,0.0,0.0,0.0,0.0,0.0,Negligible,None,False,0.0,0.0,Small,Small,Stable,0.0,0.0
NACHEX7ly,0.0,0.0,0.0,0.0,0.0,0.0,0.0,0.0,0.0,0.0,Negligible,None,False,0.0,0.0,Small,Small,Stable,0.0,0.0
NACHEXA18ly,0.0,0.0,0.0,0.0,0.0,0.0,0.0,0.0,0.0,0.0,Negligible,None,False,0.0,0.0,Small,Small,Stable,0.0,0.0
NACHEX8ly,0.0,0.0,0.0,0.0,0.0,0.0,0.0,0.0,0.0,0.0,Negligible,None,False,0.0,0.0,Small,Small,Stable,0.0,0.0
MGSA,0.0,0.0,0.0,0.0,0.0,0.0,0.0,0.0,0.0,0.0,Negligible,None,False,0.0,0.0,Small,Small,Stable,0.0,0.0
NACHEX9ly,0.0,0.0,0.0,0.0,0.0,0.0,0.0,0.0,0.0,0.0,Negligible,None,False,0.0,0.0,Small,Small,Stable,0.0,0.0
NACHEXA10ly,0.0,0.0,0.0,0.0,0.0,0.0,0.0,0.0,0.0,0.0,Negligible,None,False,0.0,0.0,Small,Small,Stable,0.0,0.0
NACHEXA19ly,0.0,0.0,0.0,0.0,0.0,0.0,0.0,0.0,0.0,0.0,Negligible,None,False,0.0,0.0,Small,Small,Stable,0.0,0.0
NACHEXA1ly,0.0,0.0,0.0,0.0,0.0,0.0,0.0,0.0,0.0,0.0,Negligible,None,False,0.0,0.0,Small,Small,Stable,0.0,0.0
NACHEXA11ly,0.0,0.0,0.0,0.0,0.0,0.0,0.0,0.0,0.0,0.0,Negligible,None,False,0.0,0.0,Small,Small,Stable,0.0,0.0
NACHEXA20ly,0.0,0.0,0.0,0.0,0.0,0.0,0.0,0.0,0.0,0.0,Negligible,None,False,0.0,0.0,Small,Small,Stable,0.0,0.0
MGSA2,0.0,0.0,0.0,0.0,0.0,0.0,0.0,0.0,0.0,0.0,Negligible,None,False,0.0,0.0,Small,Small,Stable,0.0,0.0
NACHEXA21ly,0.0,0.0,0.0,0.0,0.0,0.0,0.0,0.0,0.0,0.0,Negligible,None,False,0.0,0.0,Small,Small,Stable,0.0,0.0
NACHEXA22ly,0.0,0.0,0.0,0.0,0.0,0.0,0.0,0.0,0.0,0.0,Negligible,None,False,0.0,0.0,Small,Small,Stable,0.0,0.0
NACHEXA2ly,0.0,0.0,0.0,0.0,0.0,0.0,0.0,0.0,0.0,0.0,Negligible,None,False,0.0,0.0,Small,Small,Stable,0.0,0.0
NACHEXA12ly,0.0,0.0,0.0,0.0,0.0,0.0,0.0,0.0,0.0,0.0,Negligible,None,False,0.0,0.0,Small,Small,Stable,0.0,0.0
NACHEXA13ly,0.0,0.0,0.0,0.0,0.0,0.0,0.0,0.0,0.0,0.0,Negligible,None,False,0.0,0.0,Small,Small,Stable,0.0,0.0
NDP8ex,0.0,0.0,0.0,0.0,0.0,0.0,0.0,0.0,0.0,0.0,Negligible,None,False,0.0,0.0,Small,Small,Stable,0.0,0.0
NACHEXA3ly,0.0,0.0,0.0,0.0,0.0,0.0,0.0,0.0,0.0,0.0,Negligible,None,False,0.0,0.0,Small,Small,Stable,0.0,0.0
NACHEXA4ly,0.0,0.0,0.0,0.0,0.0,0.0,0.0,0.0,0.0,0.0,Negligible,None,False,0.0,0.0,Small,Small,Stable,0.0,0.0
NACHEXA5ly,0.0,0.0,0.0,0.0,0.0,0.0,0.0,0.0,0.0,0.0,Negligible,None,False,0.0,0.0,Small,Small,Stable,0.0,0.0
NACHEXA6ly,0.0,0.0,0.0,0.0,0.0,0.0,0.0,0.0,0.0,0.0,Negligible,None,False,0.0,0.0,Small,Small,Stable,0.0,0.0
MHISOR,0.0,0.0,0.0,0.0,0.0,0.0,0.0,0.0,0.0,0.0,Negligible,None,False,0.0,0.0,Small,Small,Stable,0.0,0.0
NACHEXA7ly,0.0,0.0,0.0,0.0,0.0,0.0,0.0,0.0,0.0,0.0,Negligible,None,False,0.0,0.0,Small,Small,Stable,0.0,0.0
NACHEXA8ly,0.0,0.0,0.0,0.0,0.0,0.0,0.0,0.0,0.0,0.0,Negligible,None,False,0.0,0.0,Small,Small,Stable,0.0,0.0
NACHEXA9ly,0.0,0.0,0.0,0.0,0.0,0.0,0.0,0.0,0.0,0.0,Negligible,None,False,0.0,0.0,Small,Small,Stable,0.0,0.0
NDPK1,0.0,0.0,0.0,0.0,0.0,0.0,0.0,0.0,0.0,0.0,Negligible,None,False,0.0,0.0,Small,Small,Stable,0.0,0.0
NDPK10,0.0,0.0,0.0,0.0,0.0,0.0,0.0,0.0,0.0,0.0,Negligible,None,False,0.0,0.0,Small,Small,Stable,0.0,0.0
MI13456PK,0.0,0.0,0.0,0.0,0.0,0.0,0.0,0.0,0.0,0.0,Negligible,None,False,0.0,0.0,Small,Small,Stable,0.0,0.0
NACt,0.0,0.0,0.0,0.0,0.0,0.0,0.0,0.0,0.0,0.0,Negligible,None,False,0.0,0.0,Small,Small,Stable,0.0,0.0
NDPK10m,0.0,0.0,0.0,0.0,0.0,0.0,0.0,0.0,0.0,0.0,Negligible,None,False,0.0,0.0,Small,Small,Stable,0.0,0.0
MI13456Ptn,0.0,0.0,0.0,0.0,0.0,0.0,0.0,0.0,0.0,0.0,Negligible,None,False,0.0,0.0,Small,Small,Stable,0.0,0.0
NDPK10n,0.0,0.0,0.0,0.0,0.0,0.0,0.0,0.0,0.0,0.0,Negligible,None,False,0.0,0.0,Small,Small,Stable,0.0,0.0
NADH2_u10m,0.1,0.1,0.1,0.0,0.0,0.0,0.0,0.0,0.0,0.0,Negligible,None,False,0.0,0.0,Small,Small,Stable,0.0,0.0
NADHtpu,0.0,0.0,0.0,0.0,0.0,0.0,0.0,0.0,0.0,0.0,Negligible,None,False,0.0,0.0,Small,Small,Stable,0.0,0.0
EX_ala__D_e,0.0,0.0,0.0,0.0,0.0,0.0,0.0,0.0,0.0,0.0,Negligible,None,False,0.0,0.0,Small,Small,Stable,0.0,0.0
NADK,0.0,0.0,0.0,0.0,0.0,0.0,0.0,0.0,0.0,0.0,Negligible,None,False,0.0,0.0,Small,Small,Stable,0.0,0.0
NADN,0.0,0.0,0.0,0.0,0.0,0.0,0.0,0.0,0.0,0.0,Negligible,None,False,0.0,0.0,Small,Small,Stable,0.0,0.0
NDPK1m,0.0,0.0,0.0,0.0,0.0,0.0,0.0,0.0,0.0,0.0,Negligible,None,False,0.0,0.0,Small,Small,Stable,0.0,0.0
NDPK1n,0.0,0.0,0.0,0.0,0.0,0.0,0.0,0.0,0.0,0.0,Negligible,None,False,0.0,0.0,Small,Small,Stable,0.0,0.0
EX_aldstrn_e,0.0,0.0,0.0,0.0,0.0,0.0,0.0,0.0,0.0,0.0,Negligible,None,False,0.0,0.0,Small,Small,Stable,0.0,0.0
NDPK2m,0.0,0.0,0.0,0.0,0.0,0.0,0.0,0.0,0.0,0.0,Negligible,None,False,0.0,0.0,Small,Small,Stable,0.0,0.0
NDPK2n,0.0,0.0,0.0,0.0,0.0,0.0,0.0,0.0,0.0,0.0,Negligible,None,False,0.0,0.0,Small,Small,Stable,0.0,0.0
EX_amp_e,0.0,0.0,0.0,0.0,0.0,0.0,0.0,0.0,0.0,0.0,Negligible,None,False,0.0,0.0,Small,Small,Stable,0.0,0.0
NDPK3m,0.0,0.0,0.0,0.0,0.0,0.0,0.0,0.0,0.0,0.0,Negligible,None,False,0.0,0.0,Small,Small,Stable,0.0,0.0
NADNe,0.0,0.0,0.0,0.0,0.0,0.0,0.0,0.0,0.0,0.0,Negligible,None,False,0.0,0.0,Small,Small,Stable,0.0,0.0
DM_dgpi_prot_hs_r,0.0,0.0,0.0,0.0,0.0,0.0,0.0,0.0,0.0,0.0,Negligible,None,False,0.0,0.0,Small,Small,Stable,0.0,0.0
EX_4pyrdx_e,0.0,0.0,0.0,0.0,0.0,0.0,0.0,0.0,0.0,0.0,Negligible,None,False,0.0,0.0,Small,Small,Stable,0.0,0.0
NADPN,0.0,0.0,0.0,0.0,0.0,0.0,0.0,0.0,0.0,0.0,Negligible,None,False,0.0,0.0,Small,Small,Stable,0.0,0.0
NDPK3n,0.0,0.0,0.0,0.0,0.0,0.0,0.0,0.0,0.0,0.0,Negligible,None,False,0.0,0.0,Small,Small,Stable,0.0,0.0
NDPK4,0.0,0.0,0.0,0.0,0.0,0.0,0.0,0.0,0.0,0.0,Negligible,None,False,0.0,0.0,Small,Small,Stable,0.0,0.0
NDPK4m,0.0,0.0,0.0,0.0,0.0,0.0,0.0,0.0,0.0,0.0,Negligible,None,False,0.0,0.0,Small,Small,Stable,0.0,0.0
NDPK4n,0.0,0.0,0.0,0.0,0.0,0.0,0.0,0.0,0.0,0.0,Negligible,None,False,0.0,0.0,Small,Small,Stable,0.0,0.0
NDPK5,0.0,0.0,0.0,0.0,0.0,0.0,0.0,0.0,0.0,0.0,Negligible,None,False,0.0,0.0,Small,Small,Stable,0.0,0.0
NADPNe,0.0,0.0,0.0,0.0,0.0,0.0,0.0,0.0,0.0,0.0,Negligible,None,False,0.0,0.0,Small,Small,Stable,0.0,0.0
DM_dgtp_m,0.0,0.0,0.0,0.0,0.0,0.0,0.0,0.0,0.0,0.0,Negligible,None,False,0.0,0.0,Small,Small,Stable,0.0,0.0
EX_andrstrn_e,0.0,0.0,0.0,0.0,0.0,0.0,0.0,0.0,0.0,0.0,Negligible,None,False,0.0,0.0,Small,Small,Stable,0.0,0.0
NADS2,0.0,0.0,0.0,0.0,0.0,0.0,0.0,0.0,0.0,0.0,Negligible,None,False,0.0,0.0,Small,Small,Stable,0.0,0.0
NDPK5m,0.0,0.0,0.0,0.0,0.0,0.0,0.0,0.0,0.0,0.0,Negligible,None,False,0.0,0.0,Small,Small,Stable,0.0,0.0
NDPK5n,0.0,0.0,0.0,0.0,0.0,0.0,0.0,0.0,0.0,0.0,Negligible,None,False,0.0,0.0,Small,Small,Stable,0.0,0.0
NADtn,0.0,0.0,0.0,0.0,0.0,0.0,0.0,0.0,0.0,0.0,Negligible,None,False,0.0,0.0,Small,Small,Stable,0.0,0.0
MI1345PKn,0.0,0.0,0.0,0.0,0.0,0.0,0.0,0.0,0.0,0.0,Negligible,None,False,0.0,0.0,Small,Small,Stable,0.0,0.0
NADtpu,0.0,0.0,0.0,0.0,0.0,0.0,0.0,0.0,0.0,0.0,Negligible,None,False,0.0,0.0,Small,Small,Stable,0.0,0.0
EX_andrstrnglc_e,0.0,0.0,0.0,0.0,0.0,0.0,0.0,0.0,0.0,0.0,Negligible,None,False,0.0,0.0,Small,Small,Stable,0.0,0.0
NAGA2ly,0.0,0.0,0.0,0.0,0.0,0.0,0.0,0.0,0.0,0.0,Negligible,None,False,0.0,0.0,Small,Small,Stable,0.0,0.0
NDPK6,0.0,0.0,0.0,0.0,0.0,0.0,0.0,0.0,0.0,0.0,Negligible,None,False,0.0,0.0,Small,Small,Stable,0.0,0.0
NDPK6m,0.0,0.0,0.0,0.0,0.0,0.0,0.0,0.0,0.0,0.0,Negligible,None,False,0.0,0.0,Small,Small,Stable,0.0,0.0
NAGAlby,0.0,0.0,0.0,0.0,0.0,0.0,0.0,0.0,0.0,0.0,Negligible,None,False,0.0,0.0,Small,Small,Stable,0.0,0.0
MI1345PP,0.0,0.0,0.0,0.0,0.0,0.0,0.0,0.0,0.0,0.0,Negligible,None,False,0.0,0.0,Small,Small,Stable,0.0,0.0
NAGAly,0.0,0.0,0.0,0.0,0.0,0.0,0.0,0.0,0.0,0.0,Negligible,None,False,0.0,0.0,Small,Small,Stable,0.0,0.0
NAGLCAly,0.0,0.0,0.0,0.0,0.0,0.0,0.0,0.0,0.0,0.0,Negligible,None,False,0.0,0.0,Small,Small,Stable,0.0,0.0
NDPK6n,0.0,0.0,0.0,0.0,0.0,0.0,0.0,0.0,0.0,0.0,Negligible,None,False,0.0,0.0,Small,Small,Stable,0.0,0.0
NDPK7,0.0,0.0,0.0,0.0,0.0,0.0,0.0,0.0,0.0,0.0,Negligible,None,False,0.0,0.0,Small,Small,Stable,0.0,0.0
NDPK7m,0.0,0.0,0.0,0.0,0.0,0.0,0.0,0.0,0.0,0.0,Negligible,None,False,0.0,0.0,Small,Small,Stable,0.0,0.0
NDPK7n,0.0,0.0,0.0,0.0,0.0,0.0,0.0,0.0,0.0,0.0,Negligible,None,False,0.0,0.0,Small,Small,Stable,0.0,0.0
NDPK8,0.0,0.0,0.0,0.0,0.0,0.0,0.0,0.0,0.0,0.0,Negligible,None,False,0.0,0.0,Small,Small,Stable,0.0,0.0
NAHCO3_HCLt,0.0,0.0,0.0,0.0,0.0,0.0,0.0,0.0,0.0,0.0,Negligible,None,False,0.0,0.0,Small,Small,Stable,0.0,0.0
NAIt,0.0,0.0,0.0,0.0,0.0,0.0,0.0,0.0,0.0,0.0,Negligible,None,False,0.0,0.0,Small,Small,Stable,0.0,0.0
NDPK8m,0.0,0.0,0.0,0.0,0.0,0.0,0.0,0.0,0.0,0.0,Negligible,None,False,0.0,0.0,Small,Small,Stable,0.0,0.0
MI1346PKn,0.0,0.0,0.0,0.0,0.0,0.0,0.0,0.0,0.0,0.0,Negligible,None,False,0.0,0.0,Small,Small,Stable,0.0,0.0
NDPK8n,0.0,0.0,0.0,0.0,0.0,0.0,0.0,0.0,0.0,0.0,Negligible,None,False,0.0,0.0,Small,Small,Stable,0.0,0.0
NAt,0.0,0.0,0.0,0.0,0.0,0.0,0.0,0.0,0.0,0.0,Negligible,None,False,0.0,0.0,Small,Small,Stable,0.0,0.0
NAt3_1,0.0,0.0,0.0,0.0,0.0,0.0,0.0,0.0,0.0,0.0,Negligible,None,False,0.0,0.0,Small,Small,Stable,0.0,0.0
NAt3_1g,0.0,0.0,0.0,0.0,0.0,0.0,0.0,0.0,0.0,0.0,Negligible,None,False,0.0,0.0,Small,Small,Stable,0.0,0.0
NAt5,0.0,0.0,0.0,0.0,0.0,0.0,0.0,0.0,0.0,0.0,Negligible,None,False,0.0,0.0,Small,Small,Stable,0.0,0.0
NAtx,0.0,0.0,0.0,0.0,0.0,0.0,0.0,0.0,0.0,0.0,Negligible,None,False,0.0,0.0,Small,Small,Stable,0.0,0.0
NDPK9,0.0,0.0,0.0,0.0,0.0,0.0,0.0,0.0,0.0,0.0,Negligible,None,False,0.0,0.0,Small,Small,Stable,0.0,0.0
NDPK9m,0.0,0.0,0.0,0.0,0.0,0.0,0.0,0.0,0.0,0.0,Negligible,None,False,0.0,0.0,Small,Small,Stable,0.0,0.0
NDPK9n,0.0,0.0,0.0,0.0,0.0,0.0,0.0,0.0,0.0,0.0,Negligible,None,False,0.0,0.0,Small,Small,Stable,0.0,0.0
NH4t3r,0.0,0.0,0.0,0.0,0.0,0.0,0.0,0.0,0.0,0.0,Negligible,None,False,0.0,0.0,Small,Small,Stable,0.0,0.0
NH4tn,0.0,0.0,0.0,0.0,0.0,0.0,0.0,0.0,0.0,0.0,Negligible,None,False,0.0,0.0,Small,Small,Stable,0.0,0.0
NH4tp,0.0,-0.494198276641,-0.494081546052,-0.494198276641,0.00011673058900002475,-0.494081546052,0.494198276641,0.00011673058900002475,99.99999442086492,5.579135077836098e-06,Antagonistic,Diet overcomes microbiome,True,0.0,0.0002362019345624332,Small,Small,Diet (opposed by microbiome),100.02362577390976,0.023625773909746337
NBAHH_ir,0.0,0.0,0.0,0.0,0.0,0.0,0.0,0.0,0.0,0.0,Negligible,None,False,0.0,0.0,Small,Small,Stable,0.0,0.0
NCAMUP,0.0,0.0,0.0,0.0,0.0,0.0,0.0,0.0,0.0,0.0,Negligible,None,False,0.0,0.0,Small,Small,Stable,0.0,0.0
NCCt,0.0,0.0,0.0,0.0,0.0,0.0,0.0,0.0,0.0,0.0,Negligible,None,False,0.0,0.0,Small,Small,Stable,0.0,0.0
MI1346Ptn,0.0,0.0,0.0,0.0,0.0,0.0,0.0,0.0,0.0,0.0,Negligible,None,False,0.0,0.0,Small,Small,Stable,0.0,0.0
NCKt,0.0,0.0,0.0,0.0,0.0,0.0,0.0,0.0,0.0,0.0,Negligible,None,False,0.0,0.0,Small,Small,Stable,0.0,0.0
MI134P4P,0.0,0.0,0.0,0.0,0.0,0.0,0.0,0.0,0.0,0.0,Negligible,None,False,0.0,0.0,Small,Small,Stable,0.0,0.0
NCNt,0.0,0.0,0.0,0.0,0.0,0.0,0.0,0.0,0.0,0.0,Negligible,None,False,0.0,0.0,Small,Small,Stable,0.0,0.0
NICRNS,0.0,0.0,0.0,0.0,0.0,0.0,0.0,0.0,0.0,0.0,Negligible,None,False,0.0,0.0,Small,Small,Stable,0.0,0.0
NDP10ex,0.0,0.0,0.0,0.0,0.0,0.0,0.0,0.0,0.0,0.0,Negligible,None,False,0.0,0.0,Small,Small,Stable,0.0,0.0
MI134PK,0.0,0.0,0.0,0.0,0.0,0.0,0.0,0.0,0.0,0.0,Negligible,None,False,0.0,0.0,Small,Small,Stable,0.0,0.0
NDP3ex,0.0,0.0,0.0,0.0,0.0,0.0,0.0,0.0,0.0,0.0,Negligible,None,False,0.0,0.0,Small,Small,Stable,0.0,0.0
NICRNTtn,0.0,0.0,0.0,0.0,0.0,0.0,0.0,0.0,0.0,0.0,Negligible,None,False,0.0,0.0,Small,Small,Stable,0.0,0.0
NIFEDIPINEte,0.0,0.0,0.0,0.0,0.0,0.0,0.0,0.0,0.0,0.0,Negligible,None,False,0.0,0.0,Small,Small,Stable,0.0,0.0
NDP6,0.0,0.0,0.0,0.0,0.0,0.0,0.0,0.0,0.0,0.0,Negligible,None,False,0.0,0.0,Small,Small,Stable,0.0,0.0
MI134PP,0.0,0.0,0.0,0.0,0.0,0.0,0.0,0.0,0.0,0.0,Negligible,None,False,0.0,0.0,Small,Small,Stable,0.0,0.0
NDP7er,0.0,0.0,0.0,0.0,0.0,0.0,0.0,0.0,0.0,0.0,Negligible,None,False,0.0,0.0,Small,Small,Stable,0.0,0.0
NDP7ex,0.0,0.0,0.0,0.0,0.0,0.0,0.0,0.0,0.0,0.0,Negligible,None,False,0.0,0.0,Small,Small,Stable,0.0,0.0
EX_5adtststerone_e,0.0,0.0,0.0,0.0,0.0,0.0,0.0,0.0,0.0,0.0,Negligible,None,False,0.0,0.0,Small,Small,Stable,0.0,0.0
NKCCt,0.0,0.0,0.0,0.0,0.0,0.0,0.0,0.0,0.0,0.0,Negligible,None,False,0.0,0.0,Small,Small,Stable,0.0,0.0
NMNATm,0.0,0.0,0.0,0.0,0.0,0.0,0.0,0.0,0.0,0.0,Negligible,None,False,0.0,0.0,Small,Small,Stable,0.0,0.0
NMNATn,0.0,0.0,0.0,0.0,0.0,0.0,0.0,0.0,0.0,0.0,Negligible,None,False,0.0,0.0,Small,Small,Stable,0.0,0.0
NDP7g,0.0,0.0,0.0,0.0,0.0,0.0,0.0,0.0,0.0,0.0,Negligible,None,False,0.0,0.0,Small,Small,Stable,0.0,0.0
NDP8,0.0,0.0,0.0,0.0,0.0,0.0,0.0,0.0,0.0,0.0,Negligible,None,False,0.0,0.0,Small,Small,Stable,0.0,0.0
MI13PP,0.0,0.0,0.0,0.0,0.0,0.0,0.0,0.0,0.0,0.0,Negligible,None,False,0.0,0.0,Small,Small,Stable,0.0,0.0
NMNAT,0.0,0.0,0.0,0.0,0.0,0.0,0.0,0.0,0.0,0.0,Negligible,None,False,0.0,0.0,Small,Small,Stable,0.0,0.0
NMNS,0.0,0.0,0.0,0.0,0.0,0.0,0.0,0.0,0.0,0.0,Negligible,None,False,0.0,0.0,Small,Small,Stable,0.0,0.0
NMNtn,0.0,0.0,0.0,0.0,0.0,0.0,0.0,0.0,0.0,0.0,Negligible,None,False,0.0,0.0,Small,Small,Stable,0.0,0.0
NMPTRCOX,0.0,0.0,0.0,0.0,0.0,0.0,0.0,0.0,0.0,0.0,Negligible,None,False,0.0,0.0,Small,Small,Stable,0.0,0.0
NNATr_copy1,0.0,0.0,0.0,0.0,0.0,0.0,0.0,0.0,0.0,0.0,Negligible,None,False,0.0,0.0,Small,Small,Stable,0.0,0.0
NRPPHRVESSEC,0.0,0.0,0.0,0.0,0.0,0.0,0.0,0.0,0.0,0.0,Negligible,None,False,0.0,0.0,Small,Small,Stable,0.0,0.0
NRPPHRt4_2_r,0.0,0.0,0.0,0.0,0.0,0.0,0.0,0.0,0.0,0.0,Negligible,None,False,0.0,0.0,Small,Small,Stable,0.0,0.0
NRPPHRtu,0.0,0.0,0.0,0.0,0.0,0.0,0.0,0.0,0.0,0.0,Negligible,None,False,0.0,0.0,Small,Small,Stable,0.0,0.0
NRVNCCOAtx,0.0,0.0,0.0,0.0,0.0,0.0,0.0,0.0,0.0,0.0,Negligible,None,False,0.0,0.0,Small,Small,Stable,0.0,0.0
NNATm,0.0,0.0,0.0,0.0,0.0,0.0,0.0,0.0,0.0,0.0,Negligible,None,False,0.0,0.0,Small,Small,Stable,0.0,0.0
NNATn,0.0,0.0,0.0,0.0,0.0,0.0,0.0,0.0,0.0,0.0,Negligible,None,False,0.0,0.0,Small,Small,Stable,0.0,0.0
NRVNCCPT1,0.0,0.0,0.0,0.0,0.0,0.0,0.0,0.0,0.0,0.0,Negligible,None,False,0.0,0.0,Small,Small,Stable,0.0,0.0
NNATr_copy2,0.0,0.0,0.0,0.0,0.0,0.0,0.0,0.0,0.0,0.0,Negligible,None,False,0.0,0.0,Small,Small,Stable,0.0,0.0
NRVNCCPT2,0.0,0.0,0.0,0.0,0.0,0.0,0.0,0.0,0.0,0.0,Negligible,None,False,0.0,0.0,Small,Small,Stable,0.0,0.0
MI1456PKn,0.0,0.0,0.0,0.0,0.0,0.0,0.0,0.0,0.0,0.0,Negligible,None,False,0.0,0.0,Small,Small,Stable,0.0,0.0
NRVNCCRNt,0.0,0.0,0.0,0.0,0.0,0.0,0.0,0.0,0.0,0.0,Negligible,None,False,0.0,0.0,Small,Small,Stable,0.0,0.0
NRVNCt,0.0,0.0,0.0,0.0,0.0,0.0,0.0,0.0,0.0,0.0,Negligible,None,False,0.0,0.0,Small,Small,Stable,0.0,0.0
NNDPR,0.0,0.0,0.0,0.0,0.0,0.0,0.0,0.0,0.0,0.0,Negligible,None,False,0.0,0.0,Small,Small,Stable,0.0,0.0
NNMT,0.0,0.0,0.0,0.0,0.0,0.0,0.0,0.0,0.0,0.0,Negligible,None,False,0.0,0.0,Small,Small,Stable,0.0,0.0
NS26T2g,0.0,0.0,0.0,0.0,0.0,0.0,0.0,0.0,0.0,0.0,Negligible,None,False,0.0,0.0,Small,Small,Stable,0.0,0.0
NORANMT,0.0,0.0,0.0,0.0,0.0,0.0,0.0,0.0,0.0,0.0,Negligible,None,False,0.0,0.0,Small,Small,Stable,0.0,0.0
NS26Tg,0.0,0.0,0.0,0.0,0.0,0.0,0.0,0.0,0.0,0.0,Negligible,None,False,0.0,0.0,Small,Small,Stable,0.0,0.0
MI145P6Kn,0.0,0.0,0.0,0.0,0.0,0.0,0.0,0.0,0.0,0.0,Negligible,None,False,0.0,0.0,Small,Small,Stable,0.0,0.0
NT5C,0.0,0.0,0.0,0.0,0.0,0.0,0.0,0.0,0.0,0.0,Negligible,None,False,0.0,0.0,Small,Small,Stable,0.0,0.0
NOS1,0.0,0.0,0.0,0.0,0.0,0.0,0.0,0.0,0.0,0.0,Negligible,None,False,0.0,0.0,Small,Small,Stable,0.0,0.0
MI145PK,0.0,0.0,0.0,0.0,0.0,0.0,0.0,0.0,0.0,0.0,Negligible,None,False,0.0,0.0,Small,Small,Stable,0.0,0.0
NOS2,0.0,0.0,0.0,0.0,0.0,0.0,0.0,0.0,0.0,0.0,Negligible,None,False,0.0,0.0,Small,Small,Stable,0.0,0.0
NOt,0.0,0.0,0.0,0.0,0.0,0.0,0.0,0.0,0.0,0.0,Negligible,None,False,0.0,0.0,Small,Small,Stable,0.0,0.0
NTD1,0.0,0.0,0.0,0.0,0.0,0.0,0.0,0.0,0.0,0.0,Negligible,None,False,0.0,0.0,Small,Small,Stable,0.0,0.0
NTD10,0.0,0.0,0.0,0.0,0.0,0.0,0.0,0.0,0.0,0.0,Negligible,None,False,0.0,0.0,Small,Small,Stable,0.0,0.0
NTD12,0.0,0.0,0.0,0.0,0.0,0.0,0.0,0.0,0.0,0.0,Negligible,None,False,0.0,0.0,Small,Small,Stable,0.0,0.0
NP1,0.0,0.0,0.0,0.0,0.0,0.0,0.0,0.0,0.0,0.0,Negligible,None,False,0.0,0.0,Small,Small,Stable,0.0,0.0
MI145PKn,0.0,0.0,0.0,0.0,0.0,0.0,0.0,0.0,0.0,0.0,Negligible,None,False,0.0,0.0,Small,Small,Stable,0.0,0.0
NPTHLte,0.0,0.0,0.0,0.0,0.0,0.0,0.0,0.0,0.0,0.0,Negligible,None,False,0.0,0.0,Small,Small,Stable,0.0,0.0
MI145PP,0.0,0.0,0.0,0.0,0.0,0.0,0.0,0.0,0.0,0.0,Negligible,None,False,0.0,0.0,Small,Small,Stable,0.0,0.0
NRPPHRSFt,0.0,0.0,0.0,0.0,0.0,0.0,0.0,0.0,0.0,0.0,Negligible,None,False,0.0,0.0,Small,Small,Stable,0.0,0.0
NTD1m,0.0,0.0,0.0,0.0,0.0,0.0,0.0,0.0,0.0,0.0,Negligible,None,False,0.0,0.0,Small,Small,Stable,0.0,0.0
NTD2,0.0,0.0,0.0,0.0,0.0,0.0,0.0,0.0,0.0,0.0,Negligible,None,False,0.0,0.0,Small,Small,Stable,0.0,0.0
NTD2e,0.0,0.0,0.0,0.0,0.0,0.0,0.0,0.0,0.0,0.0,Negligible,None,False,0.0,0.0,Small,Small,Stable,0.0,0.0
NTD2l,0.0,0.0,0.0,0.0,0.0,0.0,0.0,0.0,0.0,0.0,Negligible,None,False,0.0,0.0,Small,Small,Stable,0.0,0.0
NTD2m,0.0,0.0,0.0,0.0,0.0,0.0,0.0,0.0,0.0,0.0,Negligible,None,False,0.0,0.0,Small,Small,Stable,0.0,0.0
NTD3l,0.0,0.0,0.0,0.0,0.0,0.0,0.0,0.0,0.0,0.0,Negligible,None,False,0.0,0.0,Small,Small,Stable,0.0,0.0
NTD4,0.0,0.0,0.0,0.0,0.0,0.0,0.0,0.0,0.0,0.0,Negligible,None,False,0.0,0.0,Small,Small,Stable,0.0,0.0
ORETNF2,0.0,0.0,0.0,0.0,0.0,0.0,0.0,0.0,0.0,0.0,Negligible,None,False,0.0,0.0,Small,Small,Stable,0.0,0.0
ORETNtn,0.0,0.0,0.0,0.0,0.0,0.0,0.0,0.0,0.0,0.0,Negligible,None,False,0.0,0.0,Small,Small,Stable,0.0,0.0
ORETNtn2,0.0,0.0,0.0,0.0,0.0,0.0,0.0,0.0,0.0,0.0,Negligible,None,False,0.0,0.0,Small,Small,Stable,0.0,0.0
NTD4e,0.0,0.0,0.0,0.0,0.0,0.0,0.0,0.0,0.0,0.0,Negligible,None,False,0.0,0.0,Small,Small,Stable,0.0,0.0
NTD4l,0.0,0.0,0.0,0.0,0.0,0.0,0.0,0.0,0.0,0.0,Negligible,None,False,0.0,0.0,Small,Small,Stable,0.0,0.0
MI14P4P,0.0,0.0,0.0,0.0,0.0,0.0,0.0,0.0,0.0,0.0,Negligible,None,False,0.0,0.0,Small,Small,Stable,0.0,0.0
MI14PP,0.0,0.0,0.0,0.0,0.0,0.0,0.0,0.0,0.0,0.0,Negligible,None,False,0.0,0.0,Small,Small,Stable,0.0,0.0
MI14Ptn,0.0,0.0,0.0,0.0,0.0,0.0,0.0,0.0,0.0,0.0,Negligible,None,False,0.0,0.0,Small,Small,Stable,0.0,0.0
ORNDC,0.0,0.0,0.0,0.0,0.0,0.0,0.0,0.0,0.0,0.0,Negligible,None,False,0.0,0.0,Small,Small,Stable,0.0,0.0
MI1P_Dtn,0.0,0.0,0.0,0.0,0.0,0.0,0.0,0.0,0.0,0.0,Negligible,None,False,0.0,0.0,Small,Small,Stable,0.0,0.0
ORNTArm,0.0,0.0,0.0,0.0,0.0,0.0,0.0,0.0,0.0,0.0,Negligible,None,False,0.0,0.0,Small,Small,Stable,0.0,0.0
NTD5,0.0,0.0,0.0,0.0,0.0,0.0,0.0,0.0,0.0,0.0,Negligible,None,False,0.0,0.0,Small,Small,Stable,0.0,0.0
NTD5l,0.0,0.0,0.0,0.0,0.0,0.0,0.0,0.0,0.0,0.0,Negligible,None,False,0.0,0.0,Small,Small,Stable,0.0,0.0
EX_antipyrene_e,0.0,0.0,0.0,0.0,0.0,0.0,0.0,0.0,0.0,0.0,Negligible,None,False,0.0,0.0,Small,Small,Stable,0.0,0.0
NTD5m,0.0,0.0,0.0,0.0,0.0,0.0,0.0,0.0,0.0,0.0,Negligible,None,False,0.0,0.0,Small,Small,Stable,0.0,0.0
ORNt3m,0.0,0.0,0.0,0.0,0.0,0.0,0.0,0.0,0.0,0.0,Negligible,None,False,0.0,0.0,Small,Small,Stable,0.0,0.0
ORNt4m,0.0,0.0,0.0,0.0,0.0,0.0,0.0,0.0,0.0,0.0,Negligible,None,False,0.0,0.0,Small,Small,Stable,0.0,0.0
DM_dgtp_n,0.0,0.0,0.0,0.0,0.0,0.0,0.0,0.0,0.0,0.0,Negligible,None,False,0.0,0.0,Small,Small,Stable,0.0,0.0
ORNt,0.0,0.0,0.0,0.0,0.0,0.0,0.0,0.0,0.0,0.0,Negligible,None,False,0.0,0.0,Small,Small,Stable,0.0,0.0
ORPT,0.0,0.0,0.0,0.0,0.0,0.0,0.0,0.0,0.0,0.0,Negligible,None,False,0.0,0.0,Small,Small,Stable,0.0,0.0
NTD6,0.0,0.0,0.0,0.0,0.0,0.0,0.0,0.0,0.0,0.0,Negligible,None,False,0.0,0.0,Small,Small,Stable,0.0,0.0
NTD6l,0.0,0.0,0.0,0.0,0.0,0.0,0.0,0.0,0.0,0.0,Negligible,None,False,0.0,0.0,Small,Small,Stable,0.0,0.0
NTD7e,0.0,0.0,0.0,0.0,0.0,0.0,0.0,0.0,0.0,0.0,Negligible,None,False,0.0,0.0,Small,Small,Stable,0.0,0.0
OXAHCOtex,0.0,0.0,0.0,0.0,0.0,0.0,0.0,0.0,0.0,0.0,Negligible,None,False,0.0,0.0,Small,Small,Stable,0.0,0.0
MI3456PK,0.0,0.0,0.0,0.0,0.0,0.0,0.0,0.0,0.0,0.0,Negligible,None,False,0.0,0.0,Small,Small,Stable,0.0,0.0
OXAtp,0.0,0.0,0.0,0.0,0.0,0.0,0.0,0.0,0.0,0.0,Negligible,None,False,0.0,0.0,Small,Small,Stable,0.0,0.0
NTD7l,0.0,0.0,0.0,0.0,0.0,0.0,0.0,0.0,0.0,0.0,Negligible,None,False,0.0,0.0,Small,Small,Stable,0.0,0.0
NTD8,0.0,0.0,0.0,0.0,0.0,0.0,0.0,0.0,0.0,0.0,Negligible,None,False,0.0,0.0,Small,Small,Stable,0.0,0.0
NTD8l,0.0,0.0,0.0,0.0,0.0,0.0,0.0,0.0,0.0,0.0,Negligible,None,False,0.0,0.0,Small,Small,Stable,0.0,0.0
NTD9,0.0,0.0,0.0,0.0,0.0,0.0,0.0,0.0,0.0,0.0,Negligible,None,False,0.0,0.0,Small,Small,Stable,0.0,0.0
NTD9e,0.0,0.0,0.0,0.0,0.0,0.0,0.0,0.0,0.0,0.0,Negligible,None,False,0.0,0.0,Small,Small,Stable,0.0,0.0
P45011A1m,0.0,0.0,0.0,0.0,0.0,0.0,0.0,0.0,0.0,0.0,Negligible,None,False,0.0,0.0,Small,Small,Stable,0.0,0.0
P45011B11m,0.0,0.0,0.0,0.0,0.0,0.0,0.0,0.0,0.0,0.0,Negligible,None,False,0.0,0.0,Small,Small,Stable,0.0,0.0
P45011B12m,0.0,0.0,0.0,0.0,0.0,0.0,0.0,0.0,0.0,0.0,Negligible,None,False,0.0,0.0,Small,Small,Stable,0.0,0.0
P45011B21m,0.0,0.0,0.0,0.0,0.0,0.0,0.0,0.0,0.0,0.0,Negligible,None,False,0.0,0.0,Small,Small,Stable,0.0,0.0
P45017A1r,0.0,0.0,0.0,0.0,0.0,0.0,0.0,0.0,0.0,0.0,Negligible,None,False,0.0,0.0,Small,Small,Stable,0.0,0.0
P45017A2r,0.0,0.0,0.0,0.0,0.0,0.0,0.0,0.0,0.0,0.0,Negligible,None,False,0.0,0.0,Small,Small,Stable,0.0,0.0
NTD9l,0.0,0.0,0.0,0.0,0.0,0.0,0.0,0.0,0.0,0.0,Negligible,None,False,0.0,0.0,Small,Small,Stable,0.0,0.0
NTMELYStner,0.0,0.0,0.0,0.0,0.0,0.0,0.0,0.0,0.0,0.0,Negligible,None,False,0.0,0.0,Small,Small,Stable,0.0,0.0
NTP3e,0.0,0.0,0.0,0.0,0.0,0.0,0.0,0.0,0.0,0.0,Negligible,None,False,0.0,0.0,Small,Small,Stable,0.0,0.0
P45017A3r,0.0,0.0,0.0,0.0,0.0,0.0,0.0,0.0,0.0,0.0,Negligible,None,False,0.0,0.0,Small,Small,Stable,0.0,0.0
MI34PP,0.0,0.0,0.0,0.0,0.0,0.0,0.0,0.0,0.0,0.0,Negligible,None,False,0.0,0.0,Small,Small,Stable,0.0,0.0
P45017A4r,0.0,0.0,0.0,0.0,0.0,0.0,0.0,0.0,0.0,0.0,Negligible,None,False,0.0,0.0,Small,Small,Stable,0.0,0.0
P45019A1r,0.0,0.0,0.0,0.0,0.0,0.0,0.0,0.0,0.0,0.0,Negligible,None,False,0.0,0.0,Small,Small,Stable,0.0,0.0
NTPP10,0.0,0.0,0.0,0.0,0.0,0.0,0.0,0.0,0.0,0.0,Negligible,None,False,0.0,0.0,Small,Small,Stable,0.0,0.0
NTPP11,0.0,0.0,0.0,0.0,0.0,0.0,0.0,0.0,0.0,0.0,Negligible,None,False,0.0,0.0,Small,Small,Stable,0.0,0.0
NTPP9,0.0,0.0,0.0,0.0,0.0,0.0,0.0,0.0,0.0,0.0,Negligible,None,False,0.0,0.0,Small,Small,Stable,0.0,0.0
P45019A2r,0.0,0.0,0.0,0.0,0.0,0.0,0.0,0.0,0.0,0.0,Negligible,None,False,0.0,0.0,Small,Small,Stable,0.0,0.0
P4501B1r,0.0,0.0,0.0,0.0,0.0,0.0,0.0,0.0,0.0,0.0,Negligible,None,False,0.0,0.0,Small,Small,Stable,0.0,0.0
O16G1e,0.0,0.0,0.0,0.0,0.0,0.0,0.0,0.0,0.0,0.0,Negligible,None,False,0.0,0.0,Small,Small,Stable,0.0,0.0
MI3PP,0.0,0.0,0.0,0.0,0.0,0.0,0.0,0.0,0.0,0.0,Negligible,None,False,0.0,0.0,Small,Small,Stable,0.0,0.0
O16G2e,0.0,0.0,0.0,0.0,0.0,0.0,0.0,0.0,0.0,0.0,Negligible,None,False,0.0,0.0,Small,Small,Stable,0.0,0.0
O2St,0.0,0.0,0.0,0.0,0.0,0.0,0.0,0.0,0.0,0.0,Negligible,None,False,0.0,0.0,Small,Small,Stable,0.0,0.0
P45021A1r,0.0,0.0,0.0,0.0,0.0,0.0,0.0,0.0,0.0,0.0,Negligible,None,False,0.0,0.0,Small,Small,Stable,0.0,0.0
P45021A2r,0.0,0.0,0.0,0.0,0.0,0.0,0.0,0.0,0.0,0.0,Negligible,None,False,0.0,0.0,Small,Small,Stable,0.0,0.0
P45027A11m,0.0,0.0,0.0,0.0,0.0,0.0,0.0,0.0,0.0,0.0,Negligible,None,False,0.0,0.0,Small,Small,Stable,0.0,0.0
P45027A12m,0.0,0.0,0.0,0.0,0.0,0.0,0.0,0.0,0.0,0.0,Negligible,None,False,0.0,0.0,Small,Small,Stable,0.0,0.0
O2Stm,0.0,0.0,0.0,0.0,0.0,0.0,0.0,0.0,0.0,0.0,Negligible,None,False,0.0,0.0,Small,Small,Stable,0.0,0.0
O2Stn,0.0,0.0,0.0,0.0,0.0,0.0,0.0,0.0,0.0,0.0,Negligible,None,False,0.0,0.0,Small,Small,Stable,0.0,0.0
P45027A13m,0.0,0.0,0.0,0.0,0.0,0.0,0.0,0.0,0.0,0.0,Negligible,None,False,0.0,0.0,Small,Small,Stable,0.0,0.0
MI4PP,0.0,0.0,0.0,0.0,0.0,0.0,0.0,0.0,0.0,0.0,Negligible,None,False,0.0,0.0,Small,Small,Stable,0.0,0.0
P45027A14m,0.0,0.0,0.0,0.0,0.0,0.0,0.0,0.0,0.0,0.0,Negligible,None,False,0.0,0.0,Small,Small,Stable,0.0,0.0
P45027A15m,0.0,0.0,0.0,0.0,0.0,0.0,0.0,0.0,0.0,0.0,Negligible,None,False,0.0,0.0,Small,Small,Stable,0.0,0.0
P45027A16m,0.0,0.0,0.0,0.0,0.0,0.0,0.0,0.0,0.0,0.0,Negligible,None,False,0.0,0.0,Small,Small,Stable,0.0,0.0
P45027A1m,0.0,0.0,0.0,0.0,0.0,0.0,0.0,0.0,0.0,0.0,Negligible,None,False,0.0,0.0,Small,Small,Stable,0.0,0.0
P4502C18,0.0,0.0,0.0,0.0,0.0,0.0,0.0,0.0,0.0,0.0,Negligible,None,False,0.0,0.0,Small,Small,Stable,0.0,0.0
P4502C19,0.0,0.0,0.0,0.0,0.0,0.0,0.0,0.0,0.0,0.0,Negligible,None,False,0.0,0.0,Small,Small,Stable,0.0,0.0
P4502C8,0.0,0.0,0.0,0.0,0.0,0.0,0.0,0.0,0.0,0.0,Negligible,None,False,0.0,0.0,Small,Small,Stable,0.0,0.0
P4502D6,0.0,0.0,0.0,0.0,0.0,0.0,0.0,0.0,0.0,0.0,Negligible,None,False,0.0,0.0,Small,Small,Stable,0.0,0.0
O2Stx,0.0,0.0,0.0,0.0,0.0,0.0,0.0,0.0,0.0,0.0,Negligible,None,False,0.0,0.0,Small,Small,Stable,0.0,0.0
O2t,15.0,12.0,12.0,-3.0,0.0,-3.0,3.0,0.0,100.0,0.0,Synergistic,Diet-dominated synergy,False,-0.2,0.0,Medium,Small,Diet,100.0,0.0
DM_dsT_antigen_g,0.0,0.0,0.0,0.0,0.0,0.0,0.0,0.0,0.0,0.0,Negligible,None,False,0.0,0.0,Small,Small,Stable,0.0,0.0
EX_5adtststeroneglc_e,0.0,0.0,0.0,0.0,0.0,0.0,0.0,0.0,0.0,0.0,Negligible,None,False,0.0,0.0,Small,Small,Stable,0.0,0.0
O2tn,0.0,0.0,0.0,0.0,0.0,0.0,0.0,0.0,0.0,0.0,Negligible,None,False,0.0,0.0,Small,Small,Stable,0.0,0.0
O2tp,0.0,0.666297414962,0.716122319077,0.666297414962,0.04982490411499996,0.716122319077,0.666297414962,0.04982490411499996,99.44392299665785,0.556077003342145,Synergistic,Diet-dominated synergy,False,0.0,0.07477877445741186,Small,Small,Diet,93.04240312196684,6.9575968780331525
P4502E1,0.0,0.0,0.0,0.0,0.0,0.0,0.0,0.0,0.0,0.0,Negligible,None,False,0.0,0.0,Small,Small,Stable,0.0,0.0
P4502F1,0.0,0.0,0.0,0.0,0.0,0.0,0.0,0.0,0.0,0.0,Negligible,None,False,0.0,0.0,Small,Small,Stable,0.0,0.0
OAGD3te,0.0,0.0,0.0,0.0,0.0,0.0,0.0,0.0,0.0,0.0,Negligible,None,False,0.0,0.0,Small,Small,Stable,0.0,0.0
P45039A1r,0.0,0.0,0.0,0.0,0.0,0.0,0.0,0.0,0.0,0.0,Negligible,None,False,0.0,0.0,Small,Small,Stable,0.0,0.0
MICITDr,0.0,0.0,0.0,0.0,0.0,0.0,0.0,0.0,0.0,0.0,Negligible,None,False,0.0,0.0,Small,Small,Stable,0.0,0.0
P4503A4,0.0,0.0,0.0,0.0,0.0,0.0,0.0,0.0,0.0,0.0,Negligible,None,False,0.0,0.0,Small,Small,Stable,0.0,0.0
P4503A43r,0.0,0.0,0.0,0.0,0.0,0.0,0.0,0.0,0.0,0.0,Negligible,None,False,0.0,0.0,Small,Small,Stable,0.0,0.0
OAGD3tg,0.0,0.0,0.0,0.0,0.0,0.0,0.0,0.0,0.0,0.0,Negligible,None,False,0.0,0.0,Small,Small,Stable,0.0,0.0
OAGT3te,0.0,0.0,0.0,0.0,0.0,0.0,0.0,0.0,0.0,0.0,Negligible,None,False,0.0,0.0,Small,Small,Stable,0.0,0.0
OAGT3tg,0.0,0.0,0.0,0.0,0.0,0.0,0.0,0.0,0.0,0.0,Negligible,None,False,0.0,0.0,Small,Small,Stable,0.0,0.0
P4503A5,0.0,0.0,0.0,0.0,0.0,0.0,0.0,0.0,0.0,0.0,Negligible,None,False,0.0,0.0,Small,Small,Stable,0.0,0.0
MINOHPtn,0.0,0.0,0.0,0.0,0.0,0.0,0.0,0.0,0.0,0.0,Negligible,None,False,0.0,0.0,Small,Small,Stable,0.0,0.0
P4503A7r,0.0,0.0,0.0,0.0,0.0,0.0,0.0,0.0,0.0,0.0,Negligible,None,False,0.0,0.0,Small,Small,Stable,0.0,0.0
P45046A1r,0.0,0.0,0.0,0.0,0.0,0.0,0.0,0.0,0.0,0.0,Negligible,None,False,0.0,0.0,Small,Small,Stable,0.0,0.0
OBDHc,0.0,0.0,0.0,0.0,0.0,0.0,0.0,0.0,0.0,0.0,Negligible,None,False,0.0,0.0,Small,Small,Stable,0.0,0.0
OCBTm,0.0,0.0,0.0,0.0,0.0,0.0,0.0,0.0,0.0,0.0,Negligible,None,False,0.0,0.0,Small,Small,Stable,0.0,0.0
MLTG1,0.0,0.0,0.0,0.0,0.0,0.0,0.0,0.0,0.0,0.0,Negligible,None,False,0.0,0.0,Small,Small,Stable,0.0,0.0
OCCOAtm,0.0,0.0,0.0,0.0,0.0,0.0,0.0,0.0,0.0,0.0,Negligible,None,False,0.0,0.0,Small,Small,Stable,0.0,0.0
OCCOAtx,0.0,0.0,0.0,0.0,0.0,0.0,0.0,0.0,0.0,0.0,Negligible,None,False,0.0,0.0,Small,Small,Stable,0.0,0.0
P4504B1r,0.0,0.0,0.0,0.0,0.0,0.0,0.0,0.0,0.0,0.0,Negligible,None,False,0.0,0.0,Small,Small,Stable,0.0,0.0
MLTG1e,0.0,0.0,0.0,0.0,0.0,0.0,0.0,0.0,0.0,0.0,Negligible,None,False,0.0,0.0,Small,Small,Stable,0.0,0.0
P4504F121r,0.0,0.0,0.0,0.0,0.0,0.0,0.0,0.0,0.0,0.0,Negligible,None,False,0.0,0.0,Small,Small,Stable,0.0,0.0
P4504F122r,0.0,0.0,0.0,0.0,0.0,0.0,0.0,0.0,0.0,0.0,Negligible,None,False,0.0,0.0,Small,Small,Stable,0.0,0.0
OCDCAt,0.0,0.0,0.0,0.0,0.0,0.0,0.0,0.0,0.0,0.0,Negligible,None,False,0.0,0.0,Small,Small,Stable,0.0,0.0
OCDCEAt,0.0,0.0,0.0,0.0,0.0,0.0,0.0,0.0,0.0,0.0,Negligible,None,False,0.0,0.0,Small,Small,Stable,0.0,0.0
MLTG1ly,0.0,0.0,0.0,0.0,0.0,0.0,0.0,0.0,0.0,0.0,Negligible,None,False,0.0,0.0,Small,Small,Stable,0.0,0.0
DM_dttp_m,0.0,0.0,0.0,0.0,0.0,0.0,0.0,0.0,0.0,0.0,Negligible,None,False,0.0,0.0,Small,Small,Stable,0.0,0.0
OCTAt,0.0,0.0,0.0,0.0,0.0,0.0,0.0,0.0,0.0,0.0,Negligible,None,False,0.0,0.0,Small,Small,Stable,0.0,0.0
ODECOAtx,0.0,0.0,0.0,0.0,0.0,0.0,0.0,0.0,0.0,0.0,Negligible,None,False,0.0,0.0,Small,Small,Stable,0.0,0.0
OIVD1m,0.0,0.0,0.0,0.0,0.0,0.0,0.0,0.0,0.0,0.0,Negligible,None,False,0.0,0.0,Small,Small,Stable,0.0,0.0
P4504F123r,0.0,0.0,0.0,0.0,0.0,0.0,0.0,0.0,0.0,0.0,Negligible,None,False,0.0,0.0,Small,Small,Stable,0.0,0.0
P4504F81r,0.0,0.0,0.0,0.0,0.0,0.0,0.0,0.0,0.0,0.0,Negligible,None,False,0.0,0.0,Small,Small,Stable,0.0,0.0
P4507A1r,0.0,0.0,0.0,0.0,0.0,0.0,0.0,0.0,0.0,0.0,Negligible,None,False,0.0,0.0,Small,Small,Stable,0.0,0.0
P4507B11r,0.0,0.0,0.0,0.0,0.0,0.0,0.0,0.0,0.0,0.0,Negligible,None,False,0.0,0.0,Small,Small,Stable,0.0,0.0
OIVD2m,0.0,0.0,0.0,0.0,0.0,0.0,0.0,0.0,0.0,0.0,Negligible,None,False,0.0,0.0,Small,Small,Stable,0.0,0.0
P4507B12r,0.0,0.0,0.0,0.0,0.0,0.0,0.0,0.0,0.0,0.0,Negligible,None,False,0.0,0.0,Small,Small,Stable,0.0,0.0
OIVD3m,0.0,0.0,0.0,0.0,0.0,0.0,0.0,0.0,0.0,0.0,Negligible,None,False,0.0,0.0,Small,Small,Stable,0.0,0.0
MM5ag,0.0,0.0,0.0,0.0,0.0,0.0,0.0,0.0,0.0,0.0,Negligible,None,False,0.0,0.0,Small,Small,Stable,0.0,0.0
OMEPRAZOLEte,0.0,0.0,0.0,0.0,0.0,0.0,0.0,0.0,0.0,0.0,Negligible,None,False,0.0,0.0,Small,Small,Stable,0.0,0.0
OMPDC,0.0,0.0,0.0,0.0,0.0,0.0,0.0,0.0,0.0,0.0,Negligible,None,False,0.0,0.0,Small,Small,Stable,0.0,0.0
P4508B11r,0.0,0.0,0.0,0.0,0.0,0.0,0.0,0.0,0.0,0.0,Negligible,None,False,0.0,0.0,Small,Small,Stable,0.0,0.0
P4508B13r,0.0,0.0,0.0,0.0,0.0,0.0,0.0,0.0,0.0,0.0,Negligible,None,False,0.0,0.0,Small,Small,Stable,0.0,0.0
P450LTB4r,0.0,0.0,0.0,0.0,0.0,0.0,0.0,0.0,0.0,0.0,Negligible,None,False,0.0,0.0,Small,Small,Stable,0.0,0.0
P450SCC1m,0.0,0.0,0.0,0.0,0.0,0.0,0.0,0.0,0.0,0.0,Negligible,None,False,0.0,0.0,Small,Small,Stable,0.0,0.0
MM5bg,0.0,0.0,0.0,0.0,0.0,0.0,0.0,0.0,0.0,0.0,Negligible,None,False,0.0,0.0,Small,Small,Stable,0.0,0.0
P5CDm,0.0,0.329464319887,0.330692911415,0.329464319887,0.0012285915280000337,0.330692911415,0.329464319887,0.0012285915280000337,99.99860943204776,0.0013905679522412345,Synergistic,Diet-dominated synergy,False,0.0,0.0037290579095830994,Small,Small,Diet,99.62847963001596,0.37152036998404964
ONPTHLte,0.0,0.0,0.0,0.0,0.0,0.0,0.0,0.0,0.0,0.0,Negligible,None,False,0.0,0.0,Small,Small,Stable,0.0,0.0
OPAH,0.0,0.0,0.0,0.0,0.0,0.0,0.0,0.0,0.0,0.0,Negligible,None,False,0.0,0.0,Small,Small,Stable,0.0,0.0
P5CR,0.0,0.0,0.0,0.0,0.0,0.0,0.0,0.0,0.0,0.0,Negligible,None,False,0.0,0.0,Small,Small,Stable,0.0,0.0
ORETNF,0.0,0.0,0.0,0.0,0.0,0.0,0.0,0.0,0.0,0.0,Negligible,None,False,0.0,0.0,Small,Small,Stable,0.0,0.0
MM5cg,0.0,0.0,0.0,0.0,0.0,0.0,0.0,0.0,0.0,0.0,Negligible,None,False,0.0,0.0,Small,Small,Stable,0.0,0.0
P5CRm,0.0,0.0,0.0,0.0,0.0,0.0,0.0,0.0,0.0,0.0,Negligible,None,False,0.0,0.0,Small,Small,Stable,0.0,0.0
DM_dttp_n,0.0,0.0,0.0,0.0,0.0,0.0,0.0,0.0,0.0,0.0,Negligible,None,False,0.0,0.0,Small,Small,Stable,0.0,0.0
MM6B1ag,0.0,0.0,0.0,0.0,0.0,0.0,0.0,0.0,0.0,0.0,Negligible,None,False,0.0,0.0,Small,Small,Stable,0.0,0.0
P5CRxm,0.0,0.0,0.0,0.0,0.0,0.0,0.0,0.0,0.0,0.0,Negligible,None,False,0.0,0.0,Small,Small,Stable,0.0,0.0
PA_HStn,0.0,0.0,0.0,0.0,0.0,0.0,0.0,0.0,0.0,0.0,Negligible,None,False,0.0,0.0,Small,Small,Stable,0.0,0.0
PCFLOPm,0.0,0.0,0.0,0.0,0.0,0.0,0.0,0.0,0.0,0.0,Negligible,None,False,0.0,0.0,Small,Small,Stable,0.0,0.0
PACCOAL,0.0,0.0,0.0,0.0,0.0,0.0,0.0,0.0,0.0,0.0,Negligible,None,False,0.0,0.0,Small,Small,Stable,0.0,0.0
MM6B1bg,0.0,0.0,0.0,0.0,0.0,0.0,0.0,0.0,0.0,0.0,Negligible,None,False,0.0,0.0,Small,Small,Stable,0.0,0.0
PAFH,0.0,0.0,0.0,0.0,0.0,0.0,0.0,0.0,0.0,0.0,Negligible,None,False,0.0,0.0,Small,Small,Stable,0.0,0.0
PAFHe,0.0,0.0,0.0,0.0,0.0,0.0,0.0,0.0,0.0,0.0,Negligible,None,False,0.0,0.0,Small,Small,Stable,0.0,0.0
PAFS,0.0,0.0,0.0,0.0,0.0,0.0,0.0,0.0,0.0,0.0,Negligible,None,False,0.0,0.0,Small,Small,Stable,0.0,0.0
PAFt,0.0,0.0,0.0,0.0,0.0,0.0,0.0,0.0,0.0,0.0,Negligible,None,False,0.0,0.0,Small,Small,Stable,0.0,0.0
PAIL45P_HStn,0.0,0.0,0.0,0.0,0.0,0.0,0.0,0.0,0.0,0.0,Negligible,None,False,0.0,0.0,Small,Small,Stable,0.0,0.0
PCHOLP_hs,0.0,0.0,0.0,0.0,0.0,0.0,0.0,0.0,0.0,0.0,Negligible,None,False,0.0,0.0,Small,Small,Stable,0.0,0.0
PCHOLPg_hs,0.0,0.0,0.0,0.0,0.0,0.0,0.0,0.0,0.0,0.0,Negligible,None,False,0.0,0.0,Small,Small,Stable,0.0,0.0
PCHOLPm_hs,0.0,0.0,0.0,0.0,0.0,0.0,0.0,0.0,0.0,0.0,Negligible,None,False,0.0,0.0,Small,Small,Stable,0.0,0.0
PCHOLPr_hs,0.0,0.0,0.0,0.0,0.0,0.0,0.0,0.0,0.0,0.0,Negligible,None,False,0.0,0.0,Small,Small,Stable,0.0,0.0
PCHOL_HSter,0.0,0.0,0.0,0.0,0.0,0.0,0.0,0.0,0.0,0.0,Negligible,None,False,0.0,0.0,Small,Small,Stable,0.0,0.0
PCHOL_HStg,0.0,0.0,0.0,0.0,0.0,0.0,0.0,0.0,0.0,0.0,Negligible,None,False,0.0,0.0,Small,Small,Stable,0.0,0.0
PAIL4P_HStn,0.0,0.0,0.0,0.0,0.0,0.0,0.0,0.0,0.0,0.0,Negligible,None,False,0.0,0.0,Small,Small,Stable,0.0,0.0
PAIL_HStn,0.0,0.0,0.0,0.0,0.0,0.0,0.0,0.0,0.0,0.0,Negligible,None,False,0.0,0.0,Small,Small,Stable,0.0,0.0
PAN4PP,0.0,0.0,0.0,0.0,0.0,0.0,0.0,0.0,0.0,0.0,Negligible,None,False,0.0,0.0,Small,Small,Stable,0.0,0.0
PCLAD,0.0,0.0,0.0,0.0,0.0,0.0,0.0,0.0,0.0,0.0,Negligible,None,False,0.0,0.0,Small,Small,Stable,0.0,0.0
PAPStg,0.0,0.0,0.0,0.0,0.0,0.0,0.0,0.0,0.0,0.0,Negligible,None,False,0.0,0.0,Small,Small,Stable,0.0,0.0
MM6B2g,0.0,0.0,0.0,0.0,0.0,0.0,0.0,0.0,0.0,0.0,Negligible,None,False,0.0,0.0,Small,Small,Stable,0.0,0.0
PAPtg,0.0,0.0,0.0,0.0,0.0,0.0,0.0,0.0,0.0,0.0,Negligible,None,False,0.0,0.0,Small,Small,Stable,0.0,0.0
PCLYSOX,0.0,0.0,0.0,0.0,0.0,0.0,0.0,0.0,0.0,0.0,Negligible,None,False,0.0,0.0,Small,Small,Stable,0.0,0.0
PCREATtmdiffir,0.0,0.0,0.0,0.0,0.0,0.0,0.0,0.0,0.0,0.0,Negligible,None,False,0.0,0.0,Small,Small,Stable,0.0,0.0
PA_HSter,0.0,0.0,0.0,0.0,0.0,0.0,0.0,0.0,0.0,0.0,Negligible,None,False,0.0,0.0,Small,Small,Stable,0.0,0.0
MM6ag,0.0,0.0,0.0,0.0,0.0,0.0,0.0,0.0,0.0,0.0,Negligible,None,False,0.0,0.0,Small,Small,Stable,0.0,0.0
PA_HStg,0.0,0.0,0.0,0.0,0.0,0.0,0.0,0.0,0.0,0.0,Negligible,None,False,0.0,0.0,Small,Small,Stable,0.0,0.0
PCRNtc,0.0,0.0,0.0,0.0,0.0,0.0,0.0,0.0,0.0,0.0,Negligible,None,False,0.0,0.0,Small,Small,Stable,0.0,0.0
MM6bg,0.0,0.0,0.0,0.0,0.0,0.0,0.0,0.0,0.0,0.0,Negligible,None,False,0.0,0.0,Small,Small,Stable,0.0,0.0
PCRNtm,0.0,0.0,0.0,0.0,0.0,0.0,0.0,0.0,0.0,0.0,Negligible,None,False,0.0,0.0,Small,Small,Stable,0.0,0.0
PCm,0.0,0.0,0.0,0.0,0.0,0.0,0.0,0.0,0.0,0.0,Negligible,None,False,0.0,0.0,Small,Small,Stable,0.0,0.0
MM7Ag,0.0,0.0,0.0,0.0,0.0,0.0,0.0,0.0,0.0,0.0,Negligible,None,False,0.0,0.0,Small,Small,Stable,0.0,0.0
PCt,0.0,0.0,0.0,0.0,0.0,0.0,0.0,0.0,0.0,0.0,Negligible,None,False,0.0,0.0,Small,Small,Stable,0.0,0.0
PDE1,0.0,0.0,0.0,0.0,0.0,0.0,0.0,0.0,0.0,0.0,Negligible,None,False,0.0,0.0,Small,Small,Stable,0.0,0.0
PDE1g,0.0,0.0,0.0,0.0,0.0,0.0,0.0,0.0,0.0,0.0,Negligible,None,False,0.0,0.0,Small,Small,Stable,0.0,0.0
PHACCOAGLNAC,0.0,0.0,0.0,0.0,0.0,0.0,0.0,0.0,0.0,0.0,Negligible,None,False,0.0,0.0,Small,Small,Stable,0.0,0.0
MM7B1g,0.0,0.0,0.0,0.0,0.0,0.0,0.0,0.0,0.0,0.0,Negligible,None,False,0.0,0.0,Small,Small,Stable,0.0,0.0
PHCDm,0.0,0.0,0.0,0.0,0.0,0.0,0.0,0.0,0.0,0.0,Negligible,None,False,0.0,0.0,Small,Small,Stable,0.0,0.0
PHCHGSm,0.0,0.0,0.0,0.0,0.0,0.0,0.0,0.0,0.0,0.0,Negligible,None,False,0.0,0.0,Small,Small,Stable,0.0,0.0
PHEACGLNt,0.0,0.0,0.0,0.0,0.0,0.0,0.0,0.0,0.0,0.0,Negligible,None,False,0.0,0.0,Small,Small,Stable,0.0,0.0
PHEMEt,0.0,0.0,0.0,0.0,0.0,0.0,0.0,0.0,0.0,0.0,Negligible,None,False,0.0,0.0,Small,Small,Stable,0.0,0.0
PHEMEtm,0.0,0.0,0.0,0.0,0.0,0.0,0.0,0.0,0.0,0.0,Negligible,None,False,0.0,0.0,Small,Small,Stable,0.0,0.0
PDE4,0.0,0.0,0.0,0.0,0.0,0.0,0.0,0.0,0.0,0.0,Negligible,None,False,0.0,0.0,Small,Small,Stable,0.0,0.0
PDE4g,0.0,0.0,0.0,0.0,0.0,0.0,0.0,0.0,0.0,0.0,Negligible,None,False,0.0,0.0,Small,Small,Stable,0.0,0.0
DM_ethamp_r,0.0,0.0,0.0,0.0,0.0,0.0,0.0,0.0,0.0,0.0,Negligible,None,False,0.0,0.0,Small,Small,Stable,0.0,0.0
PDX5POi,0.0,0.0,0.0,0.0,0.0,0.0,0.0,0.0,0.0,0.0,Negligible,None,False,0.0,0.0,Small,Small,Stable,0.0,0.0
PDXPP,0.0,0.0,0.0,0.0,0.0,0.0,0.0,0.0,0.0,0.0,Negligible,None,False,0.0,0.0,Small,Small,Stable,0.0,0.0
PEAMNO,0.0,0.0,0.0,0.0,0.0,0.0,0.0,0.0,0.0,0.0,Negligible,None,False,0.0,0.0,Small,Small,Stable,0.0,0.0
PECGONCOATr,0.0,0.0,0.0,0.0,0.0,0.0,0.0,0.0,0.0,0.0,Negligible,None,False,0.0,0.0,Small,Small,Stable,0.0,0.0
MM7B2g,0.0,0.0,0.0,0.0,0.0,0.0,0.0,0.0,0.0,0.0,Negligible,None,False,0.0,0.0,Small,Small,Stable,0.0,0.0
PEFLIP,0.0,0.0,0.0,0.0,0.0,0.0,0.0,0.0,0.0,0.0,Negligible,None,False,0.0,0.0,Small,Small,Stable,0.0,0.0
PEFLIPm,0.0,0.0,0.0,0.0,0.0,0.0,0.0,0.0,0.0,0.0,Negligible,None,False,0.0,0.0,Small,Small,Stable,0.0,0.0
PHETA1,0.0,0.0,0.0,0.0,0.0,0.0,0.0,0.0,0.0,0.0,Negligible,None,False,0.0,0.0,Small,Small,Stable,0.0,0.0
PHETA1m,0.0,0.0,0.0,0.0,0.0,0.0,0.0,0.0,0.0,0.0,Negligible,None,False,0.0,0.0,Small,Small,Stable,0.0,0.0
MM7Cag,0.0,0.0,0.0,0.0,0.0,0.0,0.0,0.0,0.0,0.0,Negligible,None,False,0.0,0.0,Small,Small,Stable,0.0,0.0
DM_gncore2_g,0.0,0.0,0.0,0.0,0.0,0.0,0.0,0.0,0.0,0.0,Negligible,None,False,0.0,0.0,Small,Small,Stable,0.0,0.0
DM_gpi_sig_r,0.0,0.0,0.0,0.0,0.0,0.0,0.0,0.0,0.0,0.0,Negligible,None,False,0.0,0.0,Small,Small,Stable,0.0,0.0
PEPCK_re,0.0,0.0,0.0,0.0,0.0,0.0,0.0,0.0,0.0,0.0,Negligible,None,False,0.0,0.0,Small,Small,Stable,0.0,0.0
PEPCKm,0.0,0.0,0.0,0.0,0.0,0.0,0.0,0.0,0.0,0.0,Negligible,None,False,0.0,0.0,Small,Small,Stable,0.0,0.0
PEPLYStn,0.0,0.0,0.0,0.0,0.0,0.0,0.0,0.0,0.0,0.0,Negligible,None,False,0.0,0.0,Small,Small,Stable,0.0,0.0
PERILLYLte,0.0,0.0,0.0,0.0,0.0,0.0,0.0,0.0,0.0,0.0,Negligible,None,False,0.0,0.0,Small,Small,Stable,0.0,0.0
PHYCBOXL,0.0,0.0,0.0,0.0,0.0,0.0,0.0,0.0,0.0,0.0,Negligible,None,False,0.0,0.0,Small,Small,Stable,0.0,0.0
MM7Cbg,0.0,0.0,0.0,0.0,0.0,0.0,0.0,0.0,0.0,0.0,Negligible,None,False,0.0,0.0,Small,Small,Stable,0.0,0.0
PHYHx,0.0,0.0,0.0,0.0,0.0,0.0,0.0,0.0,0.0,0.0,Negligible,None,False,0.0,0.0,Small,Small,Stable,0.0,0.0
PHYQt,0.0,0.0,0.0,0.0,0.0,0.0,0.0,0.0,0.0,0.0,Negligible,None,False,0.0,0.0,Small,Small,Stable,0.0,0.0
PEROXx,0.0,0.0,0.0,0.0,0.0,0.0,0.0,0.0,0.0,0.0,Negligible,None,False,0.0,0.0,Small,Small,Stable,0.0,0.0
EX_5adtststerones_e,0.0,0.0,0.0,0.0,0.0,0.0,0.0,0.0,0.0,0.0,Negligible,None,False,0.0,0.0,Small,Small,Stable,0.0,0.0
PETOHMm_hs,0.0,0.0,0.0,0.0,0.0,0.0,0.0,0.0,0.0,0.0,Negligible,None,False,0.0,0.0,Small,Small,Stable,0.0,0.0
PETOHMr_hs,0.0,0.0,0.0,0.0,0.0,0.0,0.0,0.0,0.0,0.0,Negligible,None,False,0.0,0.0,Small,Small,Stable,0.0,0.0
PE_HSter,0.0,0.0,0.0,0.0,0.0,0.0,0.0,0.0,0.0,0.0,Negligible,None,False,0.0,0.0,Small,Small,Stable,0.0,0.0
PHYTt,0.0,0.0,0.0,0.0,0.0,0.0,0.0,0.0,0.0,0.0,Negligible,None,False,0.0,0.0,Small,Small,Stable,0.0,0.0
PI345P3P,0.0,0.0,0.0,0.0,0.0,0.0,0.0,0.0,0.0,0.0,Negligible,None,False,0.0,0.0,Small,Small,Stable,0.0,0.0
PI345P3Pn,0.0,0.0,0.0,0.0,0.0,0.0,0.0,0.0,0.0,0.0,Negligible,None,False,0.0,0.0,Small,Small,Stable,0.0,0.0
PI345P5Pn,0.0,0.0,0.0,0.0,0.0,0.0,0.0,0.0,0.0,0.0,Negligible,None,False,0.0,0.0,Small,Small,Stable,0.0,0.0
PI34P3Pn,0.0,0.0,0.0,0.0,0.0,0.0,0.0,0.0,0.0,0.0,Negligible,None,False,0.0,0.0,Small,Small,Stable,0.0,0.0
PE_HStg,0.0,0.0,0.0,0.0,0.0,0.0,0.0,0.0,0.0,0.0,Negligible,None,False,0.0,0.0,Small,Small,Stable,0.0,0.0
DM_hretn_n,0.0,0.0,0.0,0.0,0.0,0.0,0.0,0.0,0.0,0.0,Negligible,None,False,0.0,0.0,Small,Small,Stable,0.0,0.0
PI34P4Pn,0.0,0.0,0.0,0.0,0.0,0.0,0.0,0.0,0.0,0.0,Negligible,None,False,0.0,0.0,Small,Small,Stable,0.0,0.0
PEt,0.0,0.0,0.0,0.0,0.0,0.0,0.0,0.0,0.0,0.0,Negligible,None,False,0.0,0.0,Small,Small,Stable,0.0,0.0
MM8Ag,0.0,0.0,0.0,0.0,0.0,0.0,0.0,0.0,0.0,0.0,Negligible,None,False,0.0,0.0,Small,Small,Stable,0.0,0.0
DM_kdn_c,0.0,0.0,0.0,0.0,0.0,0.0,0.0,0.0,0.0,0.0,Negligible,None,False,0.0,0.0,Small,Small,Stable,0.0,0.0
PFK26,0.0,0.0,0.0,0.0,0.0,0.0,0.0,0.0,0.0,0.0,Negligible,None,False,0.0,0.0,Small,Small,Stable,0.0,0.0
PI34P5K,0.0,0.0,0.0,0.0,0.0,0.0,0.0,0.0,0.0,0.0,Negligible,None,False,0.0,0.0,Small,Small,Stable,0.0,0.0
PI34P5Kn,0.0,0.0,0.0,0.0,0.0,0.0,0.0,0.0,0.0,0.0,Negligible,None,False,0.0,0.0,Small,Small,Stable,0.0,0.0
PI35P3P,0.0,0.0,0.0,0.0,0.0,0.0,0.0,0.0,0.0,0.0,Negligible,None,False,0.0,0.0,Small,Small,Stable,0.0,0.0
PGCD,0.0,0.0,0.0,0.0,0.0,0.0,0.0,0.0,0.0,0.0,Negligible,None,False,0.0,0.0,Small,Small,Stable,0.0,0.0
MM8Ber,0.0,0.0,0.0,0.0,0.0,0.0,0.0,0.0,0.0,0.0,Negligible,None,False,0.0,0.0,Small,Small,Stable,0.0,0.0
PGDI,0.0,0.0,0.0,0.0,0.0,0.0,0.0,0.0,0.0,0.0,Negligible,None,False,0.0,0.0,Small,Small,Stable,0.0,0.0
PGDIr,0.0,0.0,0.0,0.0,0.0,0.0,0.0,0.0,0.0,0.0,Negligible,None,False,0.0,0.0,Small,Small,Stable,0.0,0.0
PI3P3Pn,0.0,0.0,0.0,0.0,0.0,0.0,0.0,0.0,0.0,0.0,Negligible,None,False,0.0,0.0,Small,Small,Stable,0.0,0.0
PI3P4K,0.0,0.0,0.0,0.0,0.0,0.0,0.0,0.0,0.0,0.0,Negligible,None,False,0.0,0.0,Small,Small,Stable,0.0,0.0
PI3P4Kn,0.0,0.0,0.0,0.0,0.0,0.0,0.0,0.0,0.0,0.0,Negligible,None,False,0.0,0.0,Small,Small,Stable,0.0,0.0
PGESr,0.0,0.0,0.0,0.0,0.0,0.0,0.0,0.0,0.0,0.0,Negligible,None,False,0.0,0.0,Small,Small,Stable,0.0,0.0
EX_apnnox_e,0.0,0.0,0.0,0.0,0.0,0.0,0.0,0.0,0.0,0.0,Negligible,None,False,0.0,0.0,Small,Small,Stable,0.0,0.0
MM8Cg,0.0,0.0,0.0,0.0,0.0,0.0,0.0,0.0,0.0,0.0,Negligible,None,False,0.0,0.0,Small,Small,Stable,0.0,0.0
PGISr,0.0,0.0,0.0,0.0,0.0,0.0,0.0,0.0,0.0,0.0,Negligible,None,False,0.0,0.0,Small,Small,Stable,0.0,0.0
EX_appnn_e,0.0,0.0,0.0,0.0,0.0,0.0,0.0,0.0,0.0,0.0,Negligible,None,False,0.0,0.0,Small,Small,Stable,0.0,0.0
PI3P5K,0.0,0.0,0.0,0.0,0.0,0.0,0.0,0.0,0.0,0.0,Negligible,None,False,0.0,0.0,Small,Small,Stable,0.0,0.0
PI3PP,0.0,0.0,0.0,0.0,0.0,0.0,0.0,0.0,0.0,0.0,Negligible,None,False,0.0,0.0,Small,Small,Stable,0.0,0.0
PI45P3K,0.0,0.0,0.0,0.0,0.0,0.0,0.0,0.0,0.0,0.0,Negligible,None,False,0.0,0.0,Small,Small,Stable,0.0,0.0
PI45P3Kn,0.0,0.0,0.0,0.0,0.0,0.0,0.0,0.0,0.0,0.0,Negligible,None,False,0.0,0.0,Small,Small,Stable,0.0,0.0
PI45P4P,0.0,0.0,0.0,0.0,0.0,0.0,0.0,0.0,0.0,0.0,Negligible,None,False,0.0,0.0,Small,Small,Stable,0.0,0.0
PI45P5P,0.0,0.0,0.0,0.0,0.0,0.0,0.0,0.0,0.0,0.0,Negligible,None,False,0.0,0.0,Small,Small,Stable,0.0,0.0
PGL,0.0,0.0,0.0,0.0,0.0,0.0,0.0,0.0,0.0,0.0,Negligible,None,False,0.0,0.0,Small,Small,Stable,0.0,0.0
PGLYCP,0.0,0.0,0.0,0.0,0.0,0.0,0.0,0.0,0.0,0.0,Negligible,None,False,0.0,0.0,Small,Small,Stable,0.0,0.0
PGLYCt,0.0,0.0,0.0,0.0,0.0,0.0,0.0,0.0,0.0,0.0,Negligible,None,False,0.0,0.0,Small,Small,Stable,0.0,0.0
PGLer,0.0,0.0,0.0,0.0,0.0,0.0,0.0,0.0,0.0,0.0,Negligible,None,False,0.0,0.0,Small,Small,Stable,0.0,0.0
DM_m_em_3gacpail_prot_hs_r,0.0,0.0,0.0,0.0,0.0,0.0,0.0,0.0,0.0,0.0,Negligible,None,False,0.0,0.0,Small,Small,Stable,0.0,0.0
PGMT,1.0,0.5,0.5,-0.5,0.0,-0.5,0.5,0.0,100.0,0.0,Synergistic,Diet-dominated synergy,False,-0.5,0.0,Medium,Small,Diet,100.0,0.0
EX_5dhf_e,0.0,0.0,0.0,0.0,0.0,0.0,0.0,0.0,0.0,0.0,Negligible,None,False,0.0,0.0,Small,Small,Stable,0.0,0.0
PI45P5Pn,0.0,0.0,0.0,0.0,0.0,0.0,0.0,0.0,0.0,0.0,Negligible,None,False,0.0,0.0,Small,Small,Stable,0.0,0.0
PI45PLC,0.0,0.0,0.0,0.0,0.0,0.0,0.0,0.0,0.0,0.0,Negligible,None,False,0.0,0.0,Small,Small,Stable,0.0,0.0
PI45PLCn,0.0,0.0,0.0,0.0,0.0,0.0,0.0,0.0,0.0,0.0,Negligible,None,False,0.0,0.0,Small,Small,Stable,0.0,0.0
DM_melanin_c,0.0,0.0,0.0,0.0,0.0,0.0,0.0,0.0,0.0,0.0,Negligible,None,False,0.0,0.0,Small,Small,Stable,0.0,0.0
PGS,0.0,0.0,0.0,0.0,0.0,0.0,0.0,0.0,0.0,0.0,Negligible,None,False,0.0,0.0,Small,Small,Stable,0.0,0.0
PI4P3K,0.0,0.0,0.0,0.0,0.0,0.0,0.0,0.0,0.0,0.0,Negligible,None,False,0.0,0.0,Small,Small,Stable,0.0,0.0
PGSr,0.0,0.0,0.0,0.0,0.0,0.0,0.0,0.0,0.0,0.0,Negligible,None,False,0.0,0.0,Small,Small,Stable,0.0,0.0
MMCD,0.0,0.0,0.0,0.0,0.0,0.0,0.0,0.0,0.0,0.0,Negligible,None,False,0.0,0.0,Small,Small,Stable,0.0,0.0
PI4P3Ker,0.0,0.0,0.0,0.0,0.0,0.0,0.0,0.0,0.0,0.0,Negligible,None,False,0.0,0.0,Small,Small,Stable,0.0,0.0
PI4P3Kn,0.0,0.0,0.0,0.0,0.0,0.0,0.0,0.0,0.0,0.0,Negligible,None,False,0.0,0.0,Small,Small,Stable,0.0,0.0
PI4P4Pn,0.0,0.0,0.0,0.0,0.0,0.0,0.0,0.0,0.0,0.0,Negligible,None,False,0.0,0.0,Small,Small,Stable,0.0,0.0
PI4P5K,0.0,0.0,0.0,0.0,0.0,0.0,0.0,0.0,0.0,0.0,Negligible,None,False,0.0,0.0,Small,Small,Stable,0.0,0.0
MMCDm,0.0,0.0,0.0,0.0,0.0,0.0,0.0,0.0,0.0,0.0,Negligible,None,False,0.0,0.0,Small,Small,Stable,0.0,0.0
PI4P5Kn,0.0,0.0,0.0,0.0,0.0,0.0,0.0,0.0,0.0,0.0,Negligible,None,False,0.0,0.0,Small,Small,Stable,0.0,0.0
PI5P4Kn,0.0,0.0,0.0,0.0,0.0,0.0,0.0,0.0,0.0,0.0,Negligible,None,False,0.0,0.0,Small,Small,Stable,0.0,0.0
PIACGT,0.0,0.0,0.0,0.0,0.0,0.0,0.0,0.0,0.0,0.0,Negligible,None,False,0.0,0.0,Small,Small,Stable,0.0,0.0
PIK3,0.0,0.0,0.0,0.0,0.0,0.0,0.0,0.0,0.0,0.0,Negligible,None,False,0.0,0.0,Small,Small,Stable,0.0,0.0
PIK3er,0.0,0.0,0.0,0.0,0.0,0.0,0.0,0.0,0.0,0.0,Negligible,None,False,0.0,0.0,Small,Small,Stable,0.0,0.0
PIK3n,0.0,0.0,0.0,0.0,0.0,0.0,0.0,0.0,0.0,0.0,Negligible,None,False,0.0,0.0,Small,Small,Stable,0.0,0.0
PIK4,0.0,0.0,0.0,0.0,0.0,0.0,0.0,0.0,0.0,0.0,Negligible,None,False,0.0,0.0,Small,Small,Stable,0.0,0.0
PIK4n,0.0,0.0,0.0,0.0,0.0,0.0,0.0,0.0,0.0,0.0,Negligible,None,False,0.0,0.0,Small,Small,Stable,0.0,0.0
PIK5,0.0,0.0,0.0,0.0,0.0,0.0,0.0,0.0,0.0,0.0,Negligible,None,False,0.0,0.0,Small,Small,Stable,0.0,0.0
PIK5n,0.0,0.0,0.0,0.0,0.0,0.0,0.0,0.0,0.0,0.0,Negligible,None,False,0.0,0.0,Small,Small,Stable,0.0,0.0
PI4PLCn,0.0,0.0,0.0,0.0,0.0,0.0,0.0,0.0,0.0,0.0,Negligible,None,False,0.0,0.0,Small,Small,Stable,0.0,0.0
PI4PP,0.0,0.0,0.0,0.0,0.0,0.0,0.0,0.0,0.0,0.0,Negligible,None,False,0.0,0.0,Small,Small,Stable,0.0,0.0
PI5P3K,0.0,0.0,0.0,0.0,0.0,0.0,0.0,0.0,0.0,0.0,Negligible,None,False,0.0,0.0,Small,Small,Stable,0.0,0.0
PI5P3Ker,0.0,0.0,0.0,0.0,0.0,0.0,0.0,0.0,0.0,0.0,Negligible,None,False,0.0,0.0,Small,Small,Stable,0.0,0.0
PI5P4K,0.0,0.0,0.0,0.0,0.0,0.0,0.0,0.0,0.0,0.0,Negligible,None,False,0.0,0.0,Small,Small,Stable,0.0,0.0
LCARR,0.0,0.0,0.0,0.0,0.0,0.0,0.0,0.0,0.0,0.0,Negligible,None,False,0.0,0.0,Small,Small,Stable,0.0,0.0
PIPLCn,0.0,0.0,0.0,0.0,0.0,0.0,0.0,0.0,0.0,0.0,Negligible,None,False,0.0,0.0,Small,Small,Stable,0.0,0.0
PIt2m,0.0,0.0,0.0,0.0,0.0,0.0,0.0,0.0,0.0,0.0,Negligible,None,False,0.0,0.0,Small,Small,Stable,0.0,0.0
MMCDp,0.0,0.0,0.0,0.0,0.0,0.0,0.0,0.0,0.0,0.0,Negligible,None,False,0.0,0.0,Small,Small,Stable,0.0,0.0
PPDOy,0.0,0.0,0.0,0.0,0.0,0.0,0.0,0.0,0.0,0.0,Negligible,None,False,0.0,0.0,Small,Small,Stable,0.0,0.0
PTRCAT1,0.0,0.0,0.0,0.0,0.0,0.0,0.0,0.0,0.0,0.0,Negligible,None,False,0.0,0.0,Small,Small,Stable,0.0,0.0
EX_aprgstrn_e,0.0,0.0,0.0,0.0,0.0,0.0,0.0,0.0,0.0,0.0,Negligible,None,False,0.0,0.0,Small,Small,Stable,0.0,0.0
EX_aqcobal_e,0.0,0.0,0.0,0.0,0.0,0.0,0.0,0.0,0.0,0.0,Negligible,None,False,0.0,0.0,Small,Small,Stable,0.0,0.0
EX_5mthf_e,0.05,0.0,0.0,-0.05,0.0,-0.05,0.05,0.0,100.0,0.0,Synergistic,Diet-dominated synergy,False,-1.0,0.0,Large,Small,Diet,100.0,0.0
PPMI12346Ptn,0.0,0.0,0.0,0.0,0.0,0.0,0.0,0.0,0.0,0.0,Negligible,None,False,0.0,0.0,Small,Small,Stable,0.0,0.0
PPMI1346Ptn,0.0,0.0,0.0,0.0,0.0,0.0,0.0,0.0,0.0,0.0,Negligible,None,False,0.0,0.0,Small,Small,Stable,0.0,0.0
PPNCL3,0.0,0.0,0.0,0.0,0.0,0.0,0.0,0.0,0.0,0.0,Negligible,None,False,0.0,0.0,Small,Small,Stable,0.0,0.0
PPOR,0.0,0.0,0.0,0.0,0.0,0.0,0.0,0.0,0.0,0.0,Negligible,None,False,0.0,0.0,Small,Small,Stable,0.0,0.0
PPPG9tm,0.0,0.0,0.0,0.0,0.0,0.0,0.0,0.0,0.0,0.0,Negligible,None,False,0.0,0.0,Small,Small,Stable,0.0,0.0
EX_arab__L_e,0.0,0.0,0.0,0.0,0.0,0.0,0.0,0.0,0.0,0.0,Negligible,None,False,0.0,0.0,Small,Small,Stable,0.0,0.0
PIt7_copy1,0.0,0.0,0.0,0.0,0.0,0.0,0.0,0.0,0.0,0.0,Negligible,None,False,0.0,0.0,Small,Small,Stable,0.0,0.0
PIt7_copy2,0.0,0.0,0.0,0.0,0.0,0.0,0.0,0.0,0.0,0.0,Negligible,None,False,0.0,0.0,Small,Small,Stable,0.0,0.0
EX_arach_e,0.0,-0.19709913832,-0.197040773026,-0.19709913832,5.836529399999568e-05,-0.197040773026,0.19709913832,5.836529399999568e-05,99.99999123120604,8.768793961623773e-06,Antagonistic,Diet overcomes microbiome,True,0.0,0.0002961215076711132,Small,Small,Diet (opposed by microbiome),100.02962092215924,0.029620922159239723
PIt9,0.0,0.0,0.0,0.0,0.0,0.0,0.0,0.0,0.0,0.0,Negligible,None,False,0.0,0.0,Small,Small,Stable,0.0,0.0
PIter,0.0,0.0,0.0,0.0,0.0,0.0,0.0,0.0,0.0,0.0,Negligible,None,False,0.0,0.0,Small,Small,Stable,0.0,0.0
PItg,0.0,0.0,0.0,0.0,0.0,0.0,0.0,0.0,0.0,0.0,Negligible,None,False,0.0,0.0,Small,Small,Stable,0.0,0.0
PItn,0.0,0.0,0.0,0.0,0.0,0.0,0.0,0.0,0.0,0.0,Negligible,None,False,0.0,0.0,Small,Small,Stable,0.0,0.0
DM_mem2emgacpail_prot_hs_r,0.0,0.0,0.0,0.0,0.0,0.0,0.0,0.0,0.0,0.0,Negligible,None,False,0.0,0.0,Small,Small,Stable,0.0,0.0
PLA2,0.0,0.0,0.0,0.0,0.0,0.0,0.0,0.0,0.0,0.0,Negligible,None,False,0.0,0.0,Small,Small,Stable,0.0,0.0
PLYSPSer,0.0,0.0,0.0,0.0,0.0,0.0,0.0,0.0,0.0,0.0,Negligible,None,False,0.0,0.0,Small,Small,Stable,0.0,0.0
PPPGOm,0.0,0.0,0.0,0.0,0.0,0.0,0.0,0.0,0.0,0.0,Negligible,None,False,0.0,0.0,Small,Small,Stable,0.0,0.0
PPPItn,0.0,0.0,0.0,0.0,0.0,0.0,0.0,0.0,0.0,0.0,Negligible,None,False,0.0,0.0,Small,Small,Stable,0.0,0.0
PRAGSr,0.0,0.0,0.0,0.0,0.0,0.0,0.0,0.0,0.0,0.0,Negligible,None,False,0.0,0.0,Small,Small,Stable,0.0,0.0
PRAIS,0.0,0.0,0.0,0.0,0.0,0.0,0.0,0.0,0.0,0.0,Negligible,None,False,0.0,0.0,Small,Small,Stable,0.0,0.0
PTRCOX1,0.0,0.0,0.0,0.0,0.0,0.0,0.0,0.0,0.0,0.0,Negligible,None,False,0.0,0.0,Small,Small,Stable,0.0,0.0
PRASCSi,0.0,0.0,0.0,0.0,0.0,0.0,0.0,0.0,0.0,0.0,Negligible,None,False,0.0,0.0,Small,Small,Stable,0.0,0.0
PRDX,0.0,0.0,0.0,0.0,0.0,0.0,0.0,0.0,0.0,0.0,Negligible,None,False,0.0,0.0,Small,Small,Stable,0.0,0.0
PMANM,0.0,0.0,0.0,0.0,0.0,0.0,0.0,0.0,0.0,0.0,Negligible,None,False,0.0,0.0,Small,Small,Stable,0.0,0.0
DM_n5m2masn_g,0.0,0.0,0.0,0.0,0.0,0.0,0.0,0.0,0.0,0.0,Negligible,None,False,0.0,0.0,Small,Small,Stable,0.0,0.0
PMI12346PH,0.0,0.0,0.0,0.0,0.0,0.0,0.0,0.0,0.0,0.0,Negligible,None,False,0.0,0.0,Small,Small,Stable,0.0,0.0
DM_oretn_n,0.0,0.0,0.0,0.0,0.0,0.0,0.0,0.0,0.0,0.0,Negligible,None,False,0.0,0.0,Small,Small,Stable,0.0,0.0
PMI12346PHn,0.0,0.0,0.0,0.0,0.0,0.0,0.0,0.0,0.0,0.0,Negligible,None,False,0.0,0.0,Small,Small,Stable,0.0,0.0
PMI1346PH,0.0,0.0,0.0,0.0,0.0,0.0,0.0,0.0,0.0,0.0,Negligible,None,False,0.0,0.0,Small,Small,Stable,0.0,0.0
PMI1346PHn,0.0,0.0,0.0,0.0,0.0,0.0,0.0,0.0,0.0,0.0,Negligible,None,False,0.0,0.0,Small,Small,Stable,0.0,0.0
PMTCOAtx,0.0,-0.19709913832,-0.197040773026,-0.19709913832,5.836529399999568e-05,-0.197040773026,0.19709913832,5.836529399999568e-05,99.99999123120604,8.768793961623773e-06,Antagonistic,Diet overcomes microbiome,True,0.0,0.0002961215076711132,Small,Small,Diet (opposed by microbiome),100.02962092215924,0.029620922159239723
PNP,0.0,0.0,0.0,0.0,0.0,0.0,0.0,0.0,0.0,0.0,Negligible,None,False,0.0,0.0,Small,Small,Stable,0.0,0.0
PRDXl,0.0,0.0,0.0,0.0,0.0,0.0,0.0,0.0,0.0,0.0,Negligible,None,False,0.0,0.0,Small,Small,Stable,0.0,0.0
PRFGS,0.0,0.0,0.0,0.0,0.0,0.0,0.0,0.0,0.0,0.0,Negligible,None,False,0.0,0.0,Small,Small,Stable,0.0,0.0
PRGNLONESULT,0.0,0.0,0.0,0.0,0.0,0.0,0.0,0.0,0.0,0.0,Negligible,None,False,0.0,0.0,Small,Small,Stable,0.0,0.0
PRGNLONEtm,0.0,0.0,0.0,0.0,0.0,0.0,0.0,0.0,0.0,0.0,Negligible,None,False,0.0,0.0,Small,Small,Stable,0.0,0.0
PRGNLONEtr,0.0,0.0,0.0,0.0,0.0,0.0,0.0,0.0,0.0,0.0,Negligible,None,False,0.0,0.0,Small,Small,Stable,0.0,0.0
PRGSTRNt,0.0,0.0,0.0,0.0,0.0,0.0,0.0,0.0,0.0,0.0,Negligible,None,False,0.0,0.0,Small,Small,Stable,0.0,0.0
PRISTANALtx,0.0,0.0,0.0,0.0,0.0,0.0,0.0,0.0,0.0,0.0,Negligible,None,False,0.0,0.0,Small,Small,Stable,0.0,0.0
PRISTCOAtx,0.0,0.0,0.0,0.0,0.0,0.0,0.0,0.0,0.0,0.0,Negligible,None,False,0.0,0.0,Small,Small,Stable,0.0,0.0
PRISTtx,0.0,0.0,0.0,0.0,0.0,0.0,0.0,0.0,0.0,0.0,Negligible,None,False,0.0,0.0,Small,Small,Stable,0.0,0.0
PNTEH,0.0,0.0,0.0,0.0,0.0,0.0,0.0,0.0,0.0,0.0,Negligible,None,False,0.0,0.0,Small,Small,Stable,0.0,0.0
PNTK,0.0,0.0,0.0,0.0,0.0,0.0,0.0,0.0,0.0,0.0,Negligible,None,False,0.0,0.0,Small,Small,Stable,0.0,0.0
PNTKm,0.0,0.0,0.0,0.0,0.0,0.0,0.0,0.0,0.0,0.0,Negligible,None,False,0.0,0.0,Small,Small,Stable,0.0,0.0
PNTOt5,0.0,0.0,0.0,0.0,0.0,0.0,0.0,0.0,0.0,0.0,Negligible,None,False,0.0,0.0,Small,Small,Stable,0.0,0.0
PPA,0.0,0.116525055282,0.119021939142,0.116525055282,0.002496883860000007,0.119021939142,0.116525055282,0.002496883860000007,99.95410570671045,0.04589429328955185,Synergistic,Diet-dominated synergy,False,0.0,0.02142787106135541,Small,Small,Diet,97.90216503108634,2.0978349689136566
PRO1x,0.0,0.0,0.0,0.0,0.0,0.0,0.0,0.0,0.0,0.0,Negligible,None,False,0.0,0.0,Small,Small,Stable,0.0,0.0
PRO1xm,0.0,0.329464319887,0.330692911415,0.329464319887,0.0012285915280000337,0.330692911415,0.329464319887,0.0012285915280000337,99.99860943204776,0.0013905679522412345,Synergistic,Diet-dominated synergy,False,0.0,0.0037290579095830994,Small,Small,Diet,99.62847963001596,0.37152036998404964
PPA2,0.0,0.0,0.0,0.0,0.0,0.0,0.0,0.0,0.0,0.0,Negligible,None,False,0.0,0.0,Small,Small,Stable,0.0,0.0
EX_arachd_e,0.0,0.0,0.0,0.0,0.0,0.0,0.0,0.0,0.0,0.0,Negligible,None,False,0.0,0.0,Small,Small,Stable,0.0,0.0
PPA2m,0.0,0.0,0.0,0.0,0.0,0.0,0.0,0.0,0.0,0.0,Negligible,None,False,0.0,0.0,Small,Small,Stable,0.0,0.0
DM_sTn_antigen_g,0.0,0.0,0.0,0.0,0.0,0.0,0.0,0.0,0.0,0.0,Negligible,None,False,0.0,0.0,Small,Small,Stable,0.0,0.0
PROAKGOX1r,0.0,0.0,0.0,0.0,0.0,0.0,0.0,0.0,0.0,0.0,Negligible,None,False,0.0,0.0,Small,Small,Stable,0.0,0.0
EX_5thf_e,0.0,0.0,0.0,0.0,0.0,0.0,0.0,0.0,0.0,0.0,Negligible,None,False,0.0,0.0,Small,Small,Stable,0.0,0.0
PROD2m,0.0,0.0,0.0,0.0,0.0,0.0,0.0,0.0,0.0,0.0,Negligible,None,False,0.0,0.0,Small,Small,Stable,0.0,0.0
PPAer,0.0,0.0,0.0,0.0,0.0,0.0,0.0,0.0,0.0,0.0,Negligible,None,False,0.0,0.0,Small,Small,Stable,0.0,0.0
PUNP3,0.0,0.0,0.0,0.0,0.0,0.0,0.0,0.0,0.0,0.0,Negligible,None,False,0.0,0.0,Small,Small,Stable,0.0,0.0
PPAm,0.0,0.0,0.0,0.0,0.0,0.0,0.0,0.0,0.0,0.0,Negligible,None,False,0.0,0.0,Small,Small,Stable,0.0,0.0
PPAn,0.0,0.0,0.0,0.0,0.0,0.0,0.0,0.0,0.0,0.0,Negligible,None,False,0.0,0.0,Small,Small,Stable,0.0,0.0
PRODt2r,0.0,0.0,0.0,0.0,0.0,0.0,0.0,0.0,0.0,0.0,Negligible,None,False,0.0,0.0,Small,Small,Stable,0.0,0.0
PRODt2rL,0.0,0.0,0.0,0.0,0.0,0.0,0.0,0.0,0.0,0.0,Negligible,None,False,0.0,0.0,Small,Small,Stable,0.0,0.0
PUNP4,0.0,0.0,0.0,0.0,0.0,0.0,0.0,0.0,0.0,0.0,Negligible,None,False,0.0,0.0,Small,Small,Stable,0.0,0.0
PROSTGD2t,0.0,0.0,0.0,0.0,0.0,0.0,0.0,0.0,0.0,0.0,Negligible,None,False,0.0,0.0,Small,Small,Stable,0.0,0.0
PROSTGE1t,0.0,0.0,0.0,0.0,0.0,0.0,0.0,0.0,0.0,0.0,Negligible,None,False,0.0,0.0,Small,Small,Stable,0.0,0.0
PPAtr,0.0,0.0,0.0,0.0,0.0,0.0,0.0,0.0,0.0,0.0,Negligible,None,False,0.0,0.0,Small,Small,Stable,0.0,0.0
PPAtm,0.0,0.0,0.0,0.0,0.0,0.0,0.0,0.0,0.0,0.0,Negligible,None,False,0.0,0.0,Small,Small,Stable,0.0,0.0
PPBNGS,0.0,0.0,0.0,0.0,0.0,0.0,0.0,0.0,0.0,0.0,Negligible,None,False,0.0,0.0,Small,Small,Stable,0.0,0.0
PROSTGE1t3,0.0,0.0,0.0,0.0,0.0,0.0,0.0,0.0,0.0,0.0,Negligible,None,False,0.0,0.0,Small,Small,Stable,0.0,0.0
PROSTGE2t,0.0,0.0,0.0,0.0,0.0,0.0,0.0,0.0,0.0,0.0,Negligible,None,False,0.0,0.0,Small,Small,Stable,0.0,0.0
PROSTGE2t2,0.0,0.0,0.0,0.0,0.0,0.0,0.0,0.0,0.0,0.0,Negligible,None,False,0.0,0.0,Small,Small,Stable,0.0,0.0
PROSTGE2t3,0.0,0.0,0.0,0.0,0.0,0.0,0.0,0.0,0.0,0.0,Negligible,None,False,0.0,0.0,Small,Small,Stable,0.0,0.0
PROSTGF2t,0.0,0.0,0.0,0.0,0.0,0.0,0.0,0.0,0.0,0.0,Negligible,None,False,0.0,0.0,Small,Small,Stable,0.0,0.0
PPCDC,0.0,0.0,0.0,0.0,0.0,0.0,0.0,0.0,0.0,0.0,Negligible,None,False,0.0,0.0,Small,Small,Stable,0.0,0.0
PPCOACm,0.0,0.0,0.0,0.0,0.0,0.0,0.0,0.0,0.0,0.0,Negligible,None,False,0.0,0.0,Small,Small,Stable,0.0,0.0
PPCOAOm,0.0,0.0,0.0,0.0,0.0,0.0,0.0,0.0,0.0,0.0,Negligible,None,False,0.0,0.0,Small,Small,Stable,0.0,0.0
PPD2CSPp,0.0,0.394198276641,0.394081546052,0.394198276641,-0.00011673058899996924,0.394081546052,0.394198276641,0.00011673058899996924,99.99999123120588,8.768794111815813e-06,Antagonistic,Diet overcomes microbiome,True,0.0,-0.00029612151020710036,Small,Small,Diet (opposed by microbiome),100.02962092241299,0.0296209224129887
PROSTGH2t,0.0,0.0,0.0,0.0,0.0,0.0,0.0,0.0,0.0,0.0,Negligible,None,False,0.0,0.0,Small,Small,Stable,0.0,0.0
PUNP5,0.0,0.0,0.0,0.0,0.0,0.0,0.0,0.0,0.0,0.0,Negligible,None,False,0.0,0.0,Small,Small,Stable,0.0,0.0
PUNP6,0.0,0.0,0.0,0.0,0.0,0.0,0.0,0.0,0.0,0.0,Negligible,None,False,0.0,0.0,Small,Small,Stable,0.0,0.0
PROSTGI2t,0.0,0.0,0.0,0.0,0.0,0.0,0.0,0.0,0.0,0.0,Negligible,None,False,0.0,0.0,Small,Small,Stable,0.0,0.0
PROSTGI2tr,0.0,0.0,0.0,0.0,0.0,0.0,0.0,0.0,0.0,0.0,Negligible,None,False,0.0,0.0,Small,Small,Stable,0.0,0.0
RIBt2,0.0,0.0,0.0,0.0,0.0,0.0,0.0,0.0,0.0,0.0,Negligible,None,False,0.0,0.0,Small,Small,Stable,0.0,0.0
PROt2r,0.0,0.0,0.0,0.0,0.0,0.0,0.0,0.0,0.0,0.0,Negligible,None,False,0.0,0.0,Small,Small,Stable,0.0,0.0
PUNP7,0.0,0.0,0.0,0.0,0.0,0.0,0.0,0.0,0.0,0.0,Negligible,None,False,0.0,0.0,Small,Small,Stable,0.0,0.0
PROt2rL,0.0,0.0,0.0,0.0,0.0,0.0,0.0,0.0,0.0,0.0,Negligible,None,False,0.0,0.0,Small,Small,Stable,0.0,0.0
RNDR1,0.0,0.0,0.0,0.0,0.0,0.0,0.0,0.0,0.0,0.0,Negligible,None,False,0.0,0.0,Small,Small,Stable,0.0,0.0
PVD3,0.0,0.0,0.0,0.0,0.0,0.0,0.0,0.0,0.0,0.0,Negligible,None,False,0.0,0.0,Small,Small,Stable,0.0,0.0
DM_sprm_c,0.0,0.0,0.0,0.0,0.0,0.0,0.0,0.0,0.0,0.0,Negligible,None,False,0.0,0.0,Small,Small,Stable,0.0,0.0
RNDR3,0.0,0.0,0.0,0.0,0.0,0.0,0.0,0.0,0.0,0.0,Negligible,None,False,0.0,0.0,Small,Small,Stable,0.0,0.0
DM_yvite_c,0.0,0.0,0.0,0.0,0.0,0.0,0.0,0.0,0.0,0.0,Negligible,None,False,0.0,0.0,Small,Small,Stable,0.0,0.0
PYAM5PO,0.0,0.0,0.0,0.0,0.0,0.0,0.0,0.0,0.0,0.0,Negligible,None,False,0.0,0.0,Small,Small,Stable,0.0,0.0
PROt4_2_r,0.0,0.0,0.0,0.0,0.0,0.0,0.0,0.0,0.0,0.0,Negligible,None,False,0.0,0.0,Small,Small,Stable,0.0,0.0
PROtm,0.0,0.329464319887,0.330692911415,0.329464319887,0.0012285915280000337,0.330692911415,0.329464319887,0.0012285915280000337,99.99860943204776,0.0013905679522412345,Synergistic,Diet-dominated synergy,False,0.0,0.0037290579095830994,Small,Small,Diet,99.62847963001596,0.37152036998404964
PRPNCOAHYDm,0.0,0.0,0.0,0.0,0.0,0.0,0.0,0.0,0.0,0.0,Negligible,None,False,0.0,0.0,Small,Small,Stable,0.0,0.0
RNDR4,0.0,0.0,0.0,0.0,0.0,0.0,0.0,0.0,0.0,0.0,Negligible,None,False,0.0,0.0,Small,Small,Stable,0.0,0.0
RNMK,0.0,0.0,0.0,0.0,0.0,0.0,0.0,0.0,0.0,0.0,Negligible,None,False,0.0,0.0,Small,Small,Stable,0.0,0.0
SK_T_antigen_g,0.0,0.0,0.0,0.0,0.0,0.0,0.0,0.0,0.0,0.0,Negligible,None,False,0.0,0.0,Small,Small,Stable,0.0,0.0
PRPNCOAHYDx,0.0,0.0,0.0,0.0,0.0,0.0,0.0,0.0,0.0,0.0,Negligible,None,False,0.0,0.0,Small,Small,Stable,0.0,0.0
PYAM5Ptm,0.0,0.0,0.0,0.0,0.0,0.0,0.0,0.0,0.0,0.0,Negligible,None,False,0.0,0.0,Small,Small,Stable,0.0,0.0
EX_ascb__L_e,-0.2,-0.15,-0.15,0.05000000000000002,0.0,0.05000000000000002,0.05000000000000002,0.0,100.0,0.0,Synergistic,Diet-dominated synergy,False,0.25000000000000006,0.0,Medium,Small,Diet,100.0,0.0
EX_asp__D_e,0.0,0.0,0.0,0.0,0.0,0.0,0.0,0.0,0.0,0.0,Negligible,None,False,0.0,0.0,Small,Small,Stable,0.0,0.0
EX_6dhf_e,0.0,0.0,0.0,0.0,0.0,0.0,0.0,0.0,0.0,0.0,Negligible,None,False,0.0,0.0,Small,Small,Stable,0.0,0.0
PYDAMK,0.0,0.0,0.0,0.0,0.0,0.0,0.0,0.0,0.0,0.0,Negligible,None,False,0.0,0.0,Small,Small,Stable,0.0,0.0
EX_asp__L_e,-2.0,-1.5,-1.5,0.5,0.0,0.5,0.5,0.0,100.0,0.0,Synergistic,Diet-dominated synergy,False,0.25,0.0,Medium,Small,Diet,100.0,0.0
PSERT,0.0,0.0,0.0,0.0,0.0,0.0,0.0,0.0,0.0,0.0,Negligible,None,False,0.0,0.0,Small,Small,Stable,0.0,0.0
PSFLIP,0.0,0.0,0.0,0.0,0.0,0.0,0.0,0.0,0.0,0.0,Negligible,None,False,0.0,0.0,Small,Small,Stable,0.0,0.0
EX_10fthf_e,0.0,0.0,0.0,0.0,0.0,0.0,0.0,0.0,0.0,0.0,Negligible,None,False,0.0,0.0,Small,Small,Stable,0.0,0.0
PSP_L,0.0,0.0,0.0,0.0,0.0,0.0,0.0,0.0,0.0,0.0,Negligible,None,False,0.0,0.0,Small,Small,Stable,0.0,0.0
PSSA1_hs,0.0,0.0,0.0,0.0,0.0,0.0,0.0,0.0,0.0,0.0,Negligible,None,False,0.0,0.0,Small,Small,Stable,0.0,0.0
PYDAMtr,0.0,0.0,0.0,0.0,0.0,0.0,0.0,0.0,0.0,0.0,Negligible,None,False,0.0,0.0,Small,Small,Stable,0.0,0.0
EX_10fthf5glu_e,0.0,0.0,0.0,0.0,0.0,0.0,0.0,0.0,0.0,0.0,Negligible,None,False,0.0,0.0,Small,Small,Stable,0.0,0.0
PS_HSter,0.0,0.0,0.0,0.0,0.0,0.0,0.0,0.0,0.0,0.0,Negligible,None,False,0.0,0.0,Small,Small,Stable,0.0,0.0
RTOT2,0.0,0.0,0.0,0.0,0.0,0.0,0.0,0.0,0.0,0.0,Negligible,None,False,0.0,0.0,Small,Small,Stable,0.0,0.0
RTOT3,0.0,0.0,0.0,0.0,0.0,0.0,0.0,0.0,0.0,0.0,Negligible,None,False,0.0,0.0,Small,Small,Stable,0.0,0.0
PYDX5Ptm,0.0,0.0,0.0,0.0,0.0,0.0,0.0,0.0,0.0,0.0,Negligible,None,False,0.0,0.0,Small,Small,Stable,0.0,0.0
EX_6htststerone_e,0.0,0.0,0.0,0.0,0.0,0.0,0.0,0.0,0.0,0.0,Negligible,None,False,0.0,0.0,Small,Small,Stable,0.0,0.0
RTOT5,0.0,0.0,0.0,0.0,0.0,0.0,0.0,0.0,0.0,0.0,Negligible,None,False,0.0,0.0,Small,Small,Stable,0.0,0.0
PS_HStg,0.0,0.0,0.0,0.0,0.0,0.0,0.0,0.0,0.0,0.0,Negligible,None,False,0.0,0.0,Small,Small,Stable,0.0,0.0
PSt3,0.0,0.0,0.0,0.0,0.0,0.0,0.0,0.0,0.0,0.0,Negligible,None,False,0.0,0.0,Small,Small,Stable,0.0,0.0
PTDCACRNCPT1,0.0,0.0,0.0,0.0,0.0,0.0,0.0,0.0,0.0,0.0,Negligible,None,False,0.0,0.0,Small,Small,Stable,0.0,0.0
RTOT6,0.0,0.0,0.0,0.0,0.0,0.0,0.0,0.0,0.0,0.0,Negligible,None,False,0.0,0.0,Small,Small,Stable,0.0,0.0
PYDXDH,0.0,0.0,0.0,0.0,0.0,0.0,0.0,0.0,0.0,0.0,Negligible,None,False,0.0,0.0,Small,Small,Stable,0.0,0.0
PTDCACRNCPT2,0.0,0.0,0.0,0.0,0.0,0.0,0.0,0.0,0.0,0.0,Negligible,None,False,0.0,0.0,Small,Small,Stable,0.0,0.0
PTDCACRNt,0.0,0.0,0.0,0.0,0.0,0.0,0.0,0.0,0.0,0.0,Negligible,None,False,0.0,0.0,Small,Small,Stable,0.0,0.0
RTOTAL2CRNCPT1,0.0,0.0,0.0,0.0,0.0,0.0,0.0,0.0,0.0,0.0,Negligible,None,False,0.0,0.0,Small,Small,Stable,0.0,0.0
PYDXK,0.0,0.0,0.0,0.0,0.0,0.0,0.0,0.0,0.0,0.0,Negligible,None,False,0.0,0.0,Small,Small,Stable,0.0,0.0
RTOTAL2CRNCPT2,0.0,0.0,0.0,0.0,0.0,0.0,0.0,0.0,0.0,0.0,Negligible,None,False,0.0,0.0,Small,Small,Stable,0.0,0.0
PTDCAt,0.0,0.0,0.0,0.0,0.0,0.0,0.0,0.0,0.0,0.0,Negligible,None,False,0.0,0.0,Small,Small,Stable,0.0,0.0
PTE2x,0.0,0.0,0.0,0.0,0.0,0.0,0.0,0.0,0.0,0.0,Negligible,None,False,0.0,0.0,Small,Small,Stable,0.0,0.0
PTE3x,0.0,0.0,0.0,0.0,0.0,0.0,0.0,0.0,0.0,0.0,Negligible,None,False,0.0,0.0,Small,Small,Stable,0.0,0.0
RTOTAL2CRNt,0.0,0.0,0.0,0.0,0.0,0.0,0.0,0.0,0.0,0.0,Negligible,None,False,0.0,0.0,Small,Small,Stable,0.0,0.0
RTOTAL2t,0.0,0.0,0.0,0.0,0.0,0.0,0.0,0.0,0.0,0.0,Negligible,None,False,0.0,0.0,Small,Small,Stable,0.0,0.0
PTE4x,0.0,0.0,0.0,0.0,0.0,0.0,0.0,0.0,0.0,0.0,Negligible,None,False,0.0,0.0,Small,Small,Stable,0.0,0.0
RTOTAL3CRNCPT1,0.0,0.0,0.0,0.0,0.0,0.0,0.0,0.0,0.0,0.0,Negligible,None,False,0.0,0.0,Small,Small,Stable,0.0,0.0
PYDXNK,0.0,0.0,0.0,0.0,0.0,0.0,0.0,0.0,0.0,0.0,Negligible,None,False,0.0,0.0,Small,Small,Stable,0.0,0.0
RTOTAL3CRNCPT2,0.0,0.0,0.0,0.0,0.0,0.0,0.0,0.0,0.0,0.0,Negligible,None,False,0.0,0.0,Small,Small,Stable,0.0,0.0
PTE5x,0.0,0.0,0.0,0.0,0.0,0.0,0.0,0.0,0.0,0.0,Negligible,None,False,0.0,0.0,Small,Small,Stable,0.0,0.0
PTHPS,0.0,0.0,0.0,0.0,0.0,0.0,0.0,0.0,0.0,0.0,Negligible,None,False,0.0,0.0,Small,Small,Stable,0.0,0.0
RTOTAL3CRNt,0.0,0.0,0.0,0.0,0.0,0.0,0.0,0.0,0.0,0.0,Negligible,None,False,0.0,0.0,Small,Small,Stable,0.0,0.0
RTOTAL3t,0.0,0.0,0.0,0.0,0.0,0.0,0.0,0.0,0.0,0.0,Negligible,None,False,0.0,0.0,Small,Small,Stable,0.0,0.0
RTOTALCRNCPT1,0.0,0.0,0.0,0.0,0.0,0.0,0.0,0.0,0.0,0.0,Negligible,None,False,0.0,0.0,Small,Small,Stable,0.0,0.0
RTOTALCRNCPT2,0.0,0.0,0.0,0.0,0.0,0.0,0.0,0.0,0.0,0.0,Negligible,None,False,0.0,0.0,Small,Small,Stable,0.0,0.0
RTOTALCRNt,0.0,0.0,0.0,0.0,0.0,0.0,0.0,0.0,0.0,0.0,Negligible,None,False,0.0,0.0,Small,Small,Stable,0.0,0.0
PTHPSn,0.0,0.0,0.0,0.0,0.0,0.0,0.0,0.0,0.0,0.0,Negligible,None,False,0.0,0.0,Small,Small,Stable,0.0,0.0
PTPATi,0.0,0.0,0.0,0.0,0.0,0.0,0.0,0.0,0.0,0.0,Negligible,None,False,0.0,0.0,Small,Small,Stable,0.0,0.0
PYDXNtr,0.0,0.0,0.0,0.0,0.0,0.0,0.0,0.0,0.0,0.0,Negligible,None,False,0.0,0.0,Small,Small,Stable,0.0,0.0
RTOTALt,0.0,0.0,0.0,0.0,0.0,0.0,0.0,0.0,0.0,0.0,Negligible,None,False,0.0,0.0,Small,Small,Stable,0.0,0.0
RTOT_2,0.0,0.562499999999,0.125000000001,0.562499999999,-0.43749999999800004,0.125000000001,0.562499999999,0.43749999999800004,62.307692307823515,37.69230769217648,Antagonistic,Balanced opposition,True,0.0,-0.777777777775605,Small,Medium,Diet (opposed by microbiome),449.9999999956,349.99999999560004
RTOT_3,0.0,0.0,0.437500000004,0.0,0.437500000004,0.437500000004,0.0,0.437500000004,0.0,100.0,Synergistic,Microbiome-dominated synergy,False,0.0,0.0,Small,Small,Microbiome,0.0,100.0
Rtotaltl,0.0,0.0,0.0,0.0,0.0,0.0,0.0,0.0,0.0,0.0,Negligible,None,False,0.0,0.0,Small,Small,Stable,0.0,0.0
Rtotaltp,0.0,0.0,0.0,0.0,0.0,0.0,0.0,0.0,0.0,0.0,Negligible,None,False,0.0,0.0,Small,Small,Stable,0.0,0.0
S23T2g,0.0,0.0,0.0,0.0,0.0,0.0,0.0,0.0,0.0,0.0,Negligible,None,False,0.0,0.0,Small,Small,Stable,0.0,0.0
S6T10g,0.0,0.0,0.0,0.0,0.0,0.0,0.0,0.0,0.0,0.0,Negligible,None,False,0.0,0.0,Small,Small,Stable,0.0,0.0
PYDXPP,0.0,0.0,0.0,0.0,0.0,0.0,0.0,0.0,0.0,0.0,Negligible,None,False,0.0,0.0,Small,Small,Stable,0.0,0.0
S6T11g,0.0,0.0,0.0,0.0,0.0,0.0,0.0,0.0,0.0,0.0,Negligible,None,False,0.0,0.0,Small,Small,Stable,0.0,0.0
S23T3g,0.0,0.0,0.0,0.0,0.0,0.0,0.0,0.0,0.0,0.0,Negligible,None,False,0.0,0.0,Small,Small,Stable,0.0,0.0
S23T4g,0.0,0.0,0.0,0.0,0.0,0.0,0.0,0.0,0.0,0.0,Negligible,None,False,0.0,0.0,Small,Small,Stable,0.0,0.0
S23Tg,0.0,0.0,0.0,0.0,0.0,0.0,0.0,0.0,0.0,0.0,Negligible,None,False,0.0,0.0,Small,Small,Stable,0.0,0.0
S26Tg,0.0,0.0,0.0,0.0,0.0,0.0,0.0,0.0,0.0,0.0,Negligible,None,False,0.0,0.0,Small,Small,Stable,0.0,0.0
S6T12g,0.0,0.0,0.0,0.0,0.0,0.0,0.0,0.0,0.0,0.0,Negligible,None,False,0.0,0.0,Small,Small,Stable,0.0,0.0
S6T13g,0.0,0.0,0.0,0.0,0.0,0.0,0.0,0.0,0.0,0.0,Negligible,None,False,0.0,0.0,Small,Small,Stable,0.0,0.0
S2L2FN2M2MASNt,0.0,0.0,0.0,0.0,0.0,0.0,0.0,0.0,0.0,0.0,Negligible,None,False,0.0,0.0,Small,Small,Stable,0.0,0.0
PYDXtr,0.0,0.0,0.0,0.0,0.0,0.0,0.0,0.0,0.0,0.0,Negligible,None,False,0.0,0.0,Small,Small,Stable,0.0,0.0
S2L2FN2M2MASNtly,0.0,0.0,0.0,0.0,0.0,0.0,0.0,0.0,0.0,0.0,Negligible,None,False,0.0,0.0,Small,Small,Stable,0.0,0.0
S6T14g,0.0,0.0,0.0,0.0,0.0,0.0,0.0,0.0,0.0,0.0,Negligible,None,False,0.0,0.0,Small,Small,Stable,0.0,0.0
S6T15g,0.0,0.0,0.0,0.0,0.0,0.0,0.0,0.0,0.0,0.0,Negligible,None,False,0.0,0.0,Small,Small,Stable,0.0,0.0
S2L2N2M2MASNtly,0.0,0.0,0.0,0.0,0.0,0.0,0.0,0.0,0.0,0.0,Negligible,None,False,0.0,0.0,Small,Small,Stable,0.0,0.0
S6T16g,0.0,0.0,0.0,0.0,0.0,0.0,0.0,0.0,0.0,0.0,Negligible,None,False,0.0,0.0,Small,Small,Stable,0.0,0.0
S2T1g,0.0,0.0,0.0,0.0,0.0,0.0,0.0,0.0,0.0,0.0,Negligible,None,False,0.0,0.0,Small,Small,Stable,0.0,0.0
EX_atp_e,0.0,0.0,0.0,0.0,0.0,0.0,0.0,0.0,0.0,0.0,Negligible,None,False,0.0,0.0,Small,Small,Stable,0.0,0.0
S2T2g,0.0,0.0,0.0,0.0,0.0,0.0,0.0,0.0,0.0,0.0,Negligible,None,False,0.0,0.0,Small,Small,Stable,0.0,0.0
S2T3g,0.0,0.0,0.0,0.0,0.0,0.0,0.0,0.0,0.0,0.0,Negligible,None,False,0.0,0.0,Small,Small,Stable,0.0,0.0
S2T4g,0.0,0.0,0.0,0.0,0.0,0.0,0.0,0.0,0.0,0.0,Negligible,None,False,0.0,0.0,Small,Small,Stable,0.0,0.0
S2TASE1ly,0.0,0.0,0.0,0.0,0.0,0.0,0.0,0.0,0.0,0.0,Negligible,None,False,0.0,0.0,Small,Small,Stable,0.0,0.0
S6T17g,0.0,0.0,0.0,0.0,0.0,0.0,0.0,0.0,0.0,0.0,Negligible,None,False,0.0,0.0,Small,Small,Stable,0.0,0.0
S6T18g,0.0,0.0,0.0,0.0,0.0,0.0,0.0,0.0,0.0,0.0,Negligible,None,False,0.0,0.0,Small,Small,Stable,0.0,0.0
S6T19g,0.0,0.0,0.0,0.0,0.0,0.0,0.0,0.0,0.0,0.0,Negligible,None,False,0.0,0.0,Small,Small,Stable,0.0,0.0
S6T1g,0.0,0.0,0.0,0.0,0.0,0.0,0.0,0.0,0.0,0.0,Negligible,None,False,0.0,0.0,Small,Small,Stable,0.0,0.0
S6T20g,0.0,0.0,0.0,0.0,0.0,0.0,0.0,0.0,0.0,0.0,Negligible,None,False,0.0,0.0,Small,Small,Stable,0.0,0.0
S6T21g,0.0,0.0,0.0,0.0,0.0,0.0,0.0,0.0,0.0,0.0,Negligible,None,False,0.0,0.0,Small,Small,Stable,0.0,0.0
S2TASE2ly,0.0,0.0,0.0,0.0,0.0,0.0,0.0,0.0,0.0,0.0,Negligible,None,False,0.0,0.0,Small,Small,Stable,0.0,0.0
S2TASE3ly,0.0,0.0,0.0,0.0,0.0,0.0,0.0,0.0,0.0,0.0,Negligible,None,False,0.0,0.0,Small,Small,Stable,0.0,0.0
S6T22g,0.0,0.0,0.0,0.0,0.0,0.0,0.0,0.0,0.0,0.0,Negligible,None,False,0.0,0.0,Small,Small,Stable,0.0,0.0
S2TASE4ly,0.0,0.0,0.0,0.0,0.0,0.0,0.0,0.0,0.0,0.0,Negligible,None,False,0.0,0.0,Small,Small,Stable,0.0,0.0
S6T23g,0.0,0.0,0.0,0.0,0.0,0.0,0.0,0.0,0.0,0.0,Negligible,None,False,0.0,0.0,Small,Small,Stable,0.0,0.0
PYLALDOX,0.0,0.0,0.0,0.0,0.0,0.0,0.0,0.0,0.0,0.0,Negligible,None,False,0.0,0.0,Small,Small,Stable,0.0,0.0
S6T24g,0.0,0.0,0.0,0.0,0.0,0.0,0.0,0.0,0.0,0.0,Negligible,None,False,0.0,0.0,Small,Small,Stable,0.0,0.0
S6T25g,0.0,0.0,0.0,0.0,0.0,0.0,0.0,0.0,0.0,0.0,Negligible,None,False,0.0,0.0,Small,Small,Stable,0.0,0.0
S2TASE5ly,0.0,0.0,0.0,0.0,0.0,0.0,0.0,0.0,0.0,0.0,Negligible,None,False,0.0,0.0,Small,Small,Stable,0.0,0.0
S3T1g,0.0,0.0,0.0,0.0,0.0,0.0,0.0,0.0,0.0,0.0,Negligible,None,False,0.0,0.0,Small,Small,Stable,0.0,0.0
S3T2g,0.0,0.0,0.0,0.0,0.0,0.0,0.0,0.0,0.0,0.0,Negligible,None,False,0.0,0.0,Small,Small,Stable,0.0,0.0
S3T3g,0.0,0.0,0.0,0.0,0.0,0.0,0.0,0.0,0.0,0.0,Negligible,None,False,0.0,0.0,Small,Small,Stable,0.0,0.0
S6T2g,0.0,0.0,0.0,0.0,0.0,0.0,0.0,0.0,0.0,0.0,Negligible,None,False,0.0,0.0,Small,Small,Stable,0.0,0.0
PYLALDOXm,0.0,0.0,0.0,0.0,0.0,0.0,0.0,0.0,0.0,0.0,Negligible,None,False,0.0,0.0,Small,Small,Stable,0.0,0.0
S6T3g,0.0,0.0,0.0,0.0,0.0,0.0,0.0,0.0,0.0,0.0,Negligible,None,False,0.0,0.0,Small,Small,Stable,0.0,0.0
S6T4g,0.0,0.0,0.0,0.0,0.0,0.0,0.0,0.0,0.0,0.0,Negligible,None,False,0.0,0.0,Small,Small,Stable,0.0,0.0
S6T5g,0.0,0.0,0.0,0.0,0.0,0.0,0.0,0.0,0.0,0.0,Negligible,None,False,0.0,0.0,Small,Small,Stable,0.0,0.0
S3TASE1ly,0.0,0.0,0.0,0.0,0.0,0.0,0.0,0.0,0.0,0.0,Negligible,None,False,0.0,0.0,Small,Small,Stable,0.0,0.0
S3TASE2ly,0.0,0.0,0.0,0.0,0.0,0.0,0.0,0.0,0.0,0.0,Negligible,None,False,0.0,0.0,Small,Small,Stable,0.0,0.0
S3TASE3ly,0.0,0.0,0.0,0.0,0.0,0.0,0.0,0.0,0.0,0.0,Negligible,None,False,0.0,0.0,Small,Small,Stable,0.0,0.0
S4T1g,0.0,0.0,0.0,0.0,0.0,0.0,0.0,0.0,0.0,0.0,Negligible,None,False,0.0,0.0,Small,Small,Stable,0.0,0.0
S4T2g,0.0,0.0,0.0,0.0,0.0,0.0,0.0,0.0,0.0,0.0,Negligible,None,False,0.0,0.0,Small,Small,Stable,0.0,0.0
S4T3g,0.0,0.0,0.0,0.0,0.0,0.0,0.0,0.0,0.0,0.0,Negligible,None,False,0.0,0.0,Small,Small,Stable,0.0,0.0
S4T4g,0.0,0.0,0.0,0.0,0.0,0.0,0.0,0.0,0.0,0.0,Negligible,None,False,0.0,0.0,Small,Small,Stable,0.0,0.0
S6T6g,0.0,0.0,0.0,0.0,0.0,0.0,0.0,0.0,0.0,0.0,Negligible,None,False,0.0,0.0,Small,Small,Stable,0.0,0.0
S6T7g,0.0,0.0,0.0,0.0,0.0,0.0,0.0,0.0,0.0,0.0,Negligible,None,False,0.0,0.0,Small,Small,Stable,0.0,0.0
S6T8g,0.0,0.0,0.0,0.0,0.0,0.0,0.0,0.0,0.0,0.0,Negligible,None,False,0.0,0.0,Small,Small,Stable,0.0,0.0
S6T9g,0.0,0.0,0.0,0.0,0.0,0.0,0.0,0.0,0.0,0.0,Negligible,None,False,0.0,0.0,Small,Small,Stable,0.0,0.0
S6TASE10ly,0.0,0.0,0.0,0.0,0.0,0.0,0.0,0.0,0.0,0.0,Negligible,None,False,0.0,0.0,Small,Small,Stable,0.0,0.0
S4T5g,0.0,0.0,0.0,0.0,0.0,0.0,0.0,0.0,0.0,0.0,Negligible,None,False,0.0,0.0,Small,Small,Stable,0.0,0.0
S4T6g,0.0,0.0,0.0,0.0,0.0,0.0,0.0,0.0,0.0,0.0,Negligible,None,False,0.0,0.0,Small,Small,Stable,0.0,0.0
S6TASE11ly,0.0,0.0,0.0,0.0,0.0,0.0,0.0,0.0,0.0,0.0,Negligible,None,False,0.0,0.0,Small,Small,Stable,0.0,0.0
EX_avite1_e,0.0,0.0,0.0,0.0,0.0,0.0,0.0,0.0,0.0,0.0,Negligible,None,False,0.0,0.0,Small,Small,Stable,0.0,0.0
S6TASE12ly,0.0,0.0,0.0,0.0,0.0,0.0,0.0,0.0,0.0,0.0,Negligible,None,False,0.0,0.0,Small,Small,Stable,0.0,0.0
S6TASE13ly,0.0,0.0,0.0,0.0,0.0,0.0,0.0,0.0,0.0,0.0,Negligible,None,False,0.0,0.0,Small,Small,Stable,0.0,0.0
S6TASE14ly,0.0,0.0,0.0,0.0,0.0,0.0,0.0,0.0,0.0,0.0,Negligible,None,False,0.0,0.0,Small,Small,Stable,0.0,0.0
S4TASE1ly,0.0,0.0,0.0,0.0,0.0,0.0,0.0,0.0,0.0,0.0,Negligible,None,False,0.0,0.0,Small,Small,Stable,0.0,0.0
S4TASE2ly,0.0,0.0,0.0,0.0,0.0,0.0,0.0,0.0,0.0,0.0,Negligible,None,False,0.0,0.0,Small,Small,Stable,0.0,0.0
S4TASE3ly,0.0,0.0,0.0,0.0,0.0,0.0,0.0,0.0,0.0,0.0,Negligible,None,False,0.0,0.0,Small,Small,Stable,0.0,0.0
S6TASE15ly,0.0,0.0,0.0,0.0,0.0,0.0,0.0,0.0,0.0,0.0,Negligible,None,False,0.0,0.0,Small,Small,Stable,0.0,0.0
EX_avite2_e,0.0,0.0,0.0,0.0,0.0,0.0,0.0,0.0,0.0,0.0,Negligible,None,False,0.0,0.0,Small,Small,Stable,0.0,0.0
S6TASE16ly,0.0,0.0,0.0,0.0,0.0,0.0,0.0,0.0,0.0,0.0,Negligible,None,False,0.0,0.0,Small,Small,Stable,0.0,0.0
S6TASE17ly,0.0,0.0,0.0,0.0,0.0,0.0,0.0,0.0,0.0,0.0,Negligible,None,False,0.0,0.0,Small,Small,Stable,0.0,0.0
S4TASE4ly,0.0,0.0,0.0,0.0,0.0,0.0,0.0,0.0,0.0,0.0,Negligible,None,False,0.0,0.0,Small,Small,Stable,0.0,0.0
S4TASE5ly,0.0,0.0,0.0,0.0,0.0,0.0,0.0,0.0,0.0,0.0,Negligible,None,False,0.0,0.0,Small,Small,Stable,0.0,0.0
S6TASE18ly,0.0,0.0,0.0,0.0,0.0,0.0,0.0,0.0,0.0,0.0,Negligible,None,False,0.0,0.0,Small,Small,Stable,0.0,0.0
SALMCOM2,0.0,0.0,0.0,0.0,0.0,0.0,0.0,0.0,0.0,0.0,Negligible,None,False,0.0,0.0,Small,Small,Stable,0.0,0.0
S6TASE19ly,0.0,0.0,0.0,0.0,0.0,0.0,0.0,0.0,0.0,0.0,Negligible,None,False,0.0,0.0,Small,Small,Stable,0.0,0.0
PYRt2p,0.0,-0.1,-0.1,-0.1,0.0,-0.1,0.1,0.0,100.0,0.0,Synergistic,Diet-dominated synergy,False,0.0,0.0,Small,Small,Diet,100.0,0.0
S6TASE1ly,0.0,0.0,0.0,0.0,0.0,0.0,0.0,0.0,0.0,0.0,Negligible,None,False,0.0,0.0,Small,Small,Stable,0.0,0.0
S6TASE20ly,0.0,0.0,0.0,0.0,0.0,0.0,0.0,0.0,0.0,0.0,Negligible,None,False,0.0,0.0,Small,Small,Stable,0.0,0.0
S6TASE21ly,0.0,0.0,0.0,0.0,0.0,0.0,0.0,0.0,0.0,0.0,Negligible,None,False,0.0,0.0,Small,Small,Stable,0.0,0.0
S6TASE22ly,0.0,0.0,0.0,0.0,0.0,0.0,0.0,0.0,0.0,0.0,Negligible,None,False,0.0,0.0,Small,Small,Stable,0.0,0.0
S6TASE23ly,0.0,0.0,0.0,0.0,0.0,0.0,0.0,0.0,0.0,0.0,Negligible,None,False,0.0,0.0,Small,Small,Stable,0.0,0.0
SAMHISTA,0.0,0.0,0.0,0.0,0.0,0.0,0.0,0.0,0.0,0.0,Negligible,None,False,0.0,0.0,Small,Small,Stable,0.0,0.0
SARCOXp,0.0,0.0,0.0,0.0,0.0,0.0,0.0,0.0,0.0,0.0,Negligible,None,False,0.0,0.0,Small,Small,Stable,0.0,0.0
SARCStex,0.0,0.0,0.0,0.0,0.0,0.0,0.0,0.0,0.0,0.0,Negligible,None,False,0.0,0.0,Small,Small,Stable,0.0,0.0
S6TASE24ly,0.0,0.0,0.0,0.0,0.0,0.0,0.0,0.0,0.0,0.0,Negligible,None,False,0.0,0.0,Small,Small,Stable,0.0,0.0
SARCStm,0.0,0.0,0.0,0.0,0.0,0.0,0.0,0.0,0.0,0.0,Negligible,None,False,0.0,0.0,Small,Small,Stable,0.0,0.0
S6TASE25ly,0.0,0.0,0.0,0.0,0.0,0.0,0.0,0.0,0.0,0.0,Negligible,None,False,0.0,0.0,Small,Small,Stable,0.0,0.0
PYRt2,0.0,0.0,0.0,0.0,0.0,0.0,0.0,0.0,0.0,0.0,Negligible,None,False,0.0,0.0,Small,Small,Stable,0.0,0.0
S6TASE26ly,0.0,0.0,0.0,0.0,0.0,0.0,0.0,0.0,0.0,0.0,Negligible,None,False,0.0,0.0,Small,Small,Stable,0.0,0.0
S6TASE2ly,0.0,0.0,0.0,0.0,0.0,0.0,0.0,0.0,0.0,0.0,Negligible,None,False,0.0,0.0,Small,Small,Stable,0.0,0.0
SARCStp,0.0,0.0,0.0,0.0,0.0,0.0,0.0,0.0,0.0,0.0,Negligible,None,False,0.0,0.0,Small,Small,Stable,0.0,0.0
SARDHm,0.0,0.0,0.0,0.0,0.0,0.0,0.0,0.0,0.0,0.0,Negligible,None,False,0.0,0.0,Small,Small,Stable,0.0,0.0
S6TASE3ly,0.0,0.0,0.0,0.0,0.0,0.0,0.0,0.0,0.0,0.0,Negligible,None,False,0.0,0.0,Small,Small,Stable,0.0,0.0
QUILSYN,0.0,0.0,0.0,0.0,0.0,0.0,0.0,0.0,0.0,0.0,Negligible,None,False,0.0,0.0,Small,Small,Stable,0.0,0.0
S6TASE4ly,0.0,0.0,0.0,0.0,0.0,0.0,0.0,0.0,0.0,0.0,Negligible,None,False,0.0,0.0,Small,Small,Stable,0.0,0.0
S6TASE5ly,0.0,0.0,0.0,0.0,0.0,0.0,0.0,0.0,0.0,0.0,Negligible,None,False,0.0,0.0,Small,Small,Stable,0.0,0.0
S6TASE6ly,0.0,0.0,0.0,0.0,0.0,0.0,0.0,0.0,0.0,0.0,Negligible,None,False,0.0,0.0,Small,Small,Stable,0.0,0.0
SBPP1er,0.0,0.0,0.0,0.0,0.0,0.0,0.0,0.0,0.0,0.0,Negligible,None,False,0.0,0.0,Small,Small,Stable,0.0,0.0
SBPP3er,0.0,0.0,0.0,0.0,0.0,0.0,0.0,0.0,0.0,0.0,Negligible,None,False,0.0,0.0,Small,Small,Stable,0.0,0.0
SBTD_D2,0.0,0.0,0.0,0.0,0.0,0.0,0.0,0.0,0.0,0.0,Negligible,None,False,0.0,0.0,Small,Small,Stable,0.0,0.0
SBTR,0.0,0.0,0.0,0.0,0.0,0.0,0.0,0.0,0.0,0.0,Negligible,None,False,0.0,0.0,Small,Small,Stable,0.0,0.0
S6TASE7ly,0.0,0.0,0.0,0.0,0.0,0.0,0.0,0.0,0.0,0.0,Negligible,None,False,0.0,0.0,Small,Small,Stable,0.0,0.0
S6TASE8ly,0.0,0.0,0.0,0.0,0.0,0.0,0.0,0.0,0.0,0.0,Negligible,None,False,0.0,0.0,Small,Small,Stable,0.0,0.0
SCP21x,0.0,0.0,0.0,0.0,0.0,0.0,0.0,0.0,0.0,0.0,Negligible,None,False,0.0,0.0,Small,Small,Stable,0.0,0.0
RADH,0.0,0.0,0.0,0.0,0.0,0.0,0.0,0.0,0.0,0.0,Negligible,None,False,0.0,0.0,Small,Small,Stable,0.0,0.0
SCP22x,0.0,0.0,0.0,0.0,0.0,0.0,0.0,0.0,0.0,0.0,Negligible,None,False,0.0,0.0,Small,Small,Stable,0.0,0.0
SCP2x,0.0,0.0,0.0,0.0,0.0,0.0,0.0,0.0,0.0,0.0,Negligible,None,False,0.0,0.0,Small,Small,Stable,0.0,0.0
SCP3x,0.0,0.0,0.0,0.0,0.0,0.0,0.0,0.0,0.0,0.0,Negligible,None,False,0.0,0.0,Small,Small,Stable,0.0,0.0
S6TASE9ly,0.0,0.0,0.0,0.0,0.0,0.0,0.0,0.0,0.0,0.0,Negligible,None,False,0.0,0.0,Small,Small,Stable,0.0,0.0
SACCD3m,0.0,0.0,0.0,0.0,0.0,0.0,0.0,0.0,0.0,0.0,Negligible,None,False,0.0,0.0,Small,Small,Stable,0.0,0.0
SACCD4m,0.0,0.0,0.0,0.0,0.0,0.0,0.0,0.0,0.0,0.0,Negligible,None,False,0.0,0.0,Small,Small,Stable,0.0,0.0
SADT,0.0,0.0,0.0,0.0,0.0,0.0,0.0,0.0,0.0,0.0,Negligible,None,False,0.0,0.0,Small,Small,Stable,0.0,0.0
SALMCOM,0.0,0.0,0.0,0.0,0.0,0.0,0.0,0.0,0.0,0.0,Negligible,None,False,0.0,0.0,Small,Small,Stable,0.0,0.0
SCPx,0.0,0.0,0.0,0.0,0.0,0.0,0.0,0.0,0.0,0.0,Negligible,None,False,0.0,0.0,Small,Small,Stable,0.0,0.0
SEAHCYSHYD,0.0,0.0,0.0,0.0,0.0,0.0,0.0,0.0,0.0,0.0,Negligible,None,False,0.0,0.0,Small,Small,Stable,0.0,0.0
SEAHCYStn,0.0,0.0,0.0,0.0,0.0,0.0,0.0,0.0,0.0,0.0,Negligible,None,False,0.0,0.0,Small,Small,Stable,0.0,0.0
RADH2,0.0,0.0,0.0,0.0,0.0,0.0,0.0,0.0,0.0,0.0,Negligible,None,False,0.0,0.0,Small,Small,Stable,0.0,0.0
SEASMETtn,0.0,0.0,0.0,0.0,0.0,0.0,0.0,0.0,0.0,0.0,Negligible,None,False,0.0,0.0,Small,Small,Stable,0.0,0.0
SELADT,0.0,0.0,0.0,0.0,0.0,0.0,0.0,0.0,0.0,0.0,Negligible,None,False,0.0,0.0,Small,Small,Stable,0.0,0.0
RADH3,0.0,0.0,0.0,0.0,0.0,0.0,0.0,0.0,0.0,0.0,Negligible,None,False,0.0,0.0,Small,Small,Stable,0.0,0.0
SELCYSLY,0.0,0.0,0.0,0.0,0.0,0.0,0.0,0.0,0.0,0.0,Negligible,None,False,0.0,0.0,Small,Small,Stable,0.0,0.0
SO4t4_3,-0.1,-0.1,-0.1,0.0,0.0,0.0,0.0,0.0,0.0,0.0,Negligible,None,False,0.0,0.0,Small,Small,Stable,0.0,0.0
RADH4,0.0,0.0,0.0,0.0,0.0,0.0,0.0,0.0,0.0,0.0,Negligible,None,False,0.0,0.0,Small,Small,Stable,0.0,0.0
SELCYSLY2,0.0,0.0,0.0,0.0,0.0,0.0,0.0,0.0,0.0,0.0,Negligible,None,False,0.0,0.0,Small,Small,Stable,0.0,0.0
SELCYSTGL,0.0,0.0,0.0,0.0,0.0,0.0,0.0,0.0,0.0,0.0,Negligible,None,False,0.0,0.0,Small,Small,Stable,0.0,0.0
SELCYSTS,0.0,0.0,0.0,0.0,0.0,0.0,0.0,0.0,0.0,0.0,Negligible,None,False,0.0,0.0,Small,Small,Stable,0.0,0.0
SO4tl,0.0,0.0,0.0,0.0,0.0,0.0,0.0,0.0,0.0,0.0,Negligible,None,False,0.0,0.0,Small,Small,Stable,0.0,0.0
SOAT11,0.0,0.0,0.0,0.0,0.0,0.0,0.0,0.0,0.0,0.0,Negligible,None,False,0.0,0.0,Small,Small,Stable,0.0,0.0
RAHY,0.0,0.0,0.0,0.0,0.0,0.0,0.0,0.0,0.0,0.0,Negligible,None,False,0.0,0.0,Small,Small,Stable,0.0,0.0
SOAT11r,0.0,0.0,0.0,0.0,0.0,0.0,0.0,0.0,0.0,0.0,Negligible,None,False,0.0,0.0,Small,Small,Stable,0.0,0.0
SOAT12,0.0,0.0,0.0,0.0,0.0,0.0,0.0,0.0,0.0,0.0,Negligible,None,False,0.0,0.0,Small,Small,Stable,0.0,0.0
SELMETAT,0.0,0.0,0.0,0.0,0.0,0.0,0.0,0.0,0.0,0.0,Negligible,None,False,0.0,0.0,Small,Small,Stable,0.0,0.0
SELNPS,0.0,0.0,0.0,0.0,0.0,0.0,0.0,0.0,0.0,0.0,Negligible,None,False,0.0,0.0,Small,Small,Stable,0.0,0.0
SOAT12r,0.0,0.0,0.0,0.0,0.0,0.0,0.0,0.0,0.0,0.0,Negligible,None,False,0.0,0.0,Small,Small,Stable,0.0,0.0
RAI1,0.0,0.0,0.0,0.0,0.0,0.0,0.0,0.0,0.0,0.0,Negligible,None,False,0.0,0.0,Small,Small,Stable,0.0,0.0
SELt4_3,0.0,0.0,0.0,0.0,0.0,0.0,0.0,0.0,0.0,0.0,Negligible,None,False,0.0,0.0,Small,Small,Stable,0.0,0.0
SERALANaEx,0.0,0.287912347649,1.1,0.287912347649,0.8120876523510001,1.1,0.287912347649,0.8120876523510001,11.165916900083047,88.83408309991697,Synergistic,Microbiome-dominated synergy,False,0.0,2.820607240301598,Small,Large,Microbiome,26.173849786272722,73.82615021372729
SOProd,0.0,0.0,0.0,0.0,0.0,0.0,0.0,0.0,0.0,0.0,Negligible,None,False,0.0,0.0,Small,Small,Stable,0.0,0.0
RAI2,0.0,0.0,0.0,0.0,0.0,0.0,0.0,0.0,0.0,0.0,Negligible,None,False,0.0,0.0,Small,Small,Stable,0.0,0.0
SPC_HSt,0.0,0.0,0.0,0.0,0.0,0.0,0.0,0.0,0.0,0.0,Negligible,None,False,0.0,0.0,Small,Small,Stable,0.0,0.0
SPH1Pte,0.0,0.0,0.0,0.0,0.0,0.0,0.0,0.0,0.0,0.0,Negligible,None,False,0.0,0.0,Small,Small,Stable,0.0,0.0
SERASNNaEx,0.0,0.0,0.0,0.0,0.0,0.0,0.0,0.0,0.0,0.0,Negligible,None,False,0.0,0.0,Small,Small,Stable,0.0,0.0
SERCYSNaEx,0.0,0.0,0.0,0.0,0.0,0.0,0.0,0.0,0.0,0.0,Negligible,None,False,0.0,0.0,Small,Small,Stable,0.0,0.0
RAI3,0.0,0.0,0.0,0.0,0.0,0.0,0.0,0.0,0.0,0.0,Negligible,None,False,0.0,0.0,Small,Small,Stable,0.0,0.0
SERDGLNexR,0.0,0.0,0.0,0.0,0.0,0.0,0.0,0.0,0.0,0.0,Negligible,None,False,0.0,0.0,Small,Small,Stable,0.0,0.0
SERDGLYexR,0.0,0.0,0.0,0.0,0.0,0.0,0.0,0.0,0.0,0.0,Negligible,None,False,0.0,0.0,Small,Small,Stable,0.0,0.0
SERGLNNaEx,0.0,0.0,0.0,0.0,0.0,0.0,0.0,0.0,0.0,0.0,Negligible,None,False,0.0,0.0,Small,Small,Stable,0.0,0.0
SERGLNexR,0.0,0.0,0.0,0.0,0.0,0.0,0.0,0.0,0.0,0.0,Negligible,None,False,0.0,0.0,Small,Small,Stable,0.0,0.0
SERGLYexR,0.0,0.0,0.0,0.0,0.0,0.0,0.0,0.0,0.0,0.0,Negligible,None,False,0.0,0.0,Small,Small,Stable,0.0,0.0
EX_10fthf6glu_e,0.0,0.0,0.0,0.0,0.0,0.0,0.0,0.0,0.0,0.0,Negligible,None,False,0.0,0.0,Small,Small,Stable,0.0,0.0
SPH1Pter,0.0,0.0,0.0,0.0,0.0,0.0,0.0,0.0,0.0,0.0,Negligible,None,False,0.0,0.0,Small,Small,Stable,0.0,0.0
SPHGNtr,0.0,0.0,0.0,0.0,0.0,0.0,0.0,0.0,0.0,0.0,Negligible,None,False,0.0,0.0,Small,Small,Stable,0.0,0.0
SPHINGStl,0.0,0.0,0.0,0.0,0.0,0.0,0.0,0.0,0.0,0.0,Negligible,None,False,0.0,0.0,Small,Small,Stable,0.0,0.0
SPHINGStr,0.0,0.0,0.0,0.0,0.0,0.0,0.0,0.0,0.0,0.0,Negligible,None,False,0.0,0.0,Small,Small,Stable,0.0,0.0
SPHK21c,0.0,0.0,0.0,0.0,0.0,0.0,0.0,0.0,0.0,0.0,Negligible,None,False,0.0,0.0,Small,Small,Stable,0.0,0.0
SERLYSNaex,0.0,0.0,0.0,0.0,0.0,0.0,0.0,0.0,0.0,0.0,Negligible,None,False,0.0,0.0,Small,Small,Stable,0.0,0.0
EX_10fthf7glu_e,0.0,0.0,0.0,0.0,0.0,0.0,0.0,0.0,0.0,0.0,Negligible,None,False,0.0,0.0,Small,Small,Stable,0.0,0.0
SPHMDAc,0.0,0.0,0.0,0.0,0.0,0.0,0.0,0.0,0.0,0.0,Negligible,None,False,0.0,0.0,Small,Small,Stable,0.0,0.0
SPHMYLNtg,0.0,0.0,0.0,0.0,0.0,0.0,0.0,0.0,0.0,0.0,Negligible,None,False,0.0,0.0,Small,Small,Stable,0.0,0.0
RAI4,0.0,0.0,0.0,0.0,0.0,0.0,0.0,0.0,0.0,0.0,Negligible,None,False,0.0,0.0,Small,Small,Stable,0.0,0.0
SPHMYLNtl,0.0,0.0,0.0,0.0,0.0,0.0,0.0,0.0,0.0,0.0,Negligible,None,False,0.0,0.0,Small,Small,Stable,0.0,0.0
SPHS1Pte,0.0,0.0,0.0,0.0,0.0,0.0,0.0,0.0,0.0,0.0,Negligible,None,False,0.0,0.0,Small,Small,Stable,0.0,0.0
SERTHRNaEx,0.0,0.0,0.0,0.0,0.0,0.0,0.0,0.0,0.0,0.0,Negligible,None,False,0.0,0.0,Small,Small,Stable,0.0,0.0
RAtn,0.0,0.0,0.0,0.0,0.0,0.0,0.0,0.0,0.0,0.0,Negligible,None,False,0.0,0.0,Small,Small,Stable,0.0,0.0
SERt4,1.4,0.812087652351,0.0,-0.5879123476489999,-0.812087652351,-1.4,0.5879123476489999,0.812087652351,34.3877769662788,65.61222303372121,Synergistic,Microbiome-dominated synergy,False,-0.4199373911778571,-1.0,Medium,Large,Microbiome,41.99373911778571,58.00626088221429
SPHS1Ptr,0.0,0.0,0.0,0.0,0.0,0.0,0.0,0.0,0.0,0.0,Negligible,None,False,0.0,0.0,Small,Small,Stable,0.0,0.0
SPMDOX,0.0,0.0,0.0,0.0,0.0,0.0,0.0,0.0,0.0,0.0,Negligible,None,False,0.0,0.0,Small,Small,Stable,0.0,0.0
SERtN1,0.1,0.1,0.1,0.0,0.0,0.0,0.0,0.0,0.0,0.0,Negligible,None,False,0.0,0.0,Small,Small,Stable,0.0,0.0
RAtn3,0.0,0.0,0.0,0.0,0.0,0.0,0.0,0.0,0.0,0.0,Negligible,None,False,0.0,0.0,Small,Small,Stable,0.0,0.0
SERtp,0.0,0.0,0.0,0.0,0.0,0.0,0.0,0.0,0.0,0.0,Negligible,None,False,0.0,0.0,Small,Small,Stable,0.0,0.0
SFGTHi,0.0,0.0,0.0,0.0,0.0,0.0,0.0,0.0,0.0,0.0,Negligible,None,False,0.0,0.0,Small,Small,Stable,0.0,0.0
SPMS,0.0,0.0,0.0,0.0,0.0,0.0,0.0,0.0,0.0,0.0,Negligible,None,False,0.0,0.0,Small,Small,Stable,0.0,0.0
SGALSIDEtg,0.0,0.0,0.0,0.0,0.0,0.0,0.0,0.0,0.0,0.0,Negligible,None,False,0.0,0.0,Small,Small,Stable,0.0,0.0
RBK,0.5,0.2,0.2,-0.3,0.0,-0.3,0.3,0.0,100.0,0.0,Synergistic,Diet-dominated synergy,False,-0.6,0.0,Medium,Small,Diet,100.0,0.0
SGALSIDEtl,0.0,0.0,0.0,0.0,0.0,0.0,0.0,0.0,0.0,0.0,Negligible,None,False,0.0,0.0,Small,Small,Stable,0.0,0.0
SPODM,0.0,0.0,0.0,0.0,0.0,0.0,0.0,0.0,0.0,0.0,Negligible,None,False,0.0,0.0,Small,Small,Stable,0.0,0.0
SPODMe,0.0,0.0,0.0,0.0,0.0,0.0,0.0,0.0,0.0,0.0,Negligible,None,False,0.0,0.0,Small,Small,Stable,0.0,0.0
SPODMm,0.0,0.0,0.0,0.0,0.0,0.0,0.0,0.0,0.0,0.0,Negligible,None,False,0.0,0.0,Small,Small,Stable,0.0,0.0
SGPL11r,0.0,0.0,0.0,0.0,0.0,0.0,0.0,0.0,0.0,0.0,Negligible,None,False,0.0,0.0,Small,Small,Stable,0.0,0.0
RBK_Dr,0.0,0.0,0.0,0.0,0.0,0.0,0.0,0.0,0.0,0.0,Negligible,None,False,0.0,0.0,Small,Small,Stable,0.0,0.0
SGPL12r,0.0,0.0,0.0,0.0,0.0,0.0,0.0,0.0,0.0,0.0,Negligible,None,False,0.0,0.0,Small,Small,Stable,0.0,0.0
SIAASE,0.0,0.0,0.0,0.0,0.0,0.0,0.0,0.0,0.0,0.0,Negligible,None,False,0.0,0.0,Small,Small,Stable,0.0,0.0
SIAASE2ly,0.0,0.0,0.0,0.0,0.0,0.0,0.0,0.0,0.0,0.0,Negligible,None,False,0.0,0.0,Small,Small,Stable,0.0,0.0
SIAASE3ly,0.0,0.0,0.0,0.0,0.0,0.0,0.0,0.0,0.0,0.0,Negligible,None,False,0.0,0.0,Small,Small,Stable,0.0,0.0
SIAASE4ly,0.0,0.0,0.0,0.0,0.0,0.0,0.0,0.0,0.0,0.0,Negligible,None,False,0.0,0.0,Small,Small,Stable,0.0,0.0
SIAASEly,0.0,0.0,0.0,0.0,0.0,0.0,0.0,0.0,0.0,0.0,Negligible,None,False,0.0,0.0,Small,Small,Stable,0.0,0.0
SIAT4Bg,0.0,0.0,0.0,0.0,0.0,0.0,0.0,0.0,0.0,0.0,Negligible,None,False,0.0,0.0,Small,Small,Stable,0.0,0.0
SIAT9g,0.0,0.0,0.0,0.0,0.0,0.0,0.0,0.0,0.0,0.0,Negligible,None,False,0.0,0.0,Small,Small,Stable,0.0,0.0
SPODMn,0.0,0.0,0.0,0.0,0.0,0.0,0.0,0.0,0.0,0.0,Negligible,None,False,0.0,0.0,Small,Small,Stable,0.0,0.0
SPODMx,0.0,0.0,0.0,0.0,0.0,0.0,0.0,0.0,0.0,0.0,Negligible,None,False,0.0,0.0,Small,Small,Stable,0.0,0.0
SPR,0.0,0.0,0.0,0.0,0.0,0.0,0.0,0.0,0.0,0.0,Negligible,None,False,0.0,0.0,Small,Small,Stable,0.0,0.0
SPRMS,0.0,0.0,0.0,0.0,0.0,0.0,0.0,0.0,0.0,0.0,Negligible,None,False,0.0,0.0,Small,Small,Stable,0.0,0.0
SPRn,0.0,0.0,0.0,0.0,0.0,0.0,0.0,0.0,0.0,0.0,Negligible,None,False,0.0,0.0,Small,Small,Stable,0.0,0.0
SPTix,0.0,0.0,0.0,0.0,0.0,0.0,0.0,0.0,0.0,0.0,Negligible,None,False,0.0,0.0,Small,Small,Stable,0.0,0.0
EX_11_cis_retfa_e,0.0,0.0,0.0,0.0,0.0,0.0,0.0,0.0,0.0,0.0,Negligible,None,False,0.0,0.0,Small,Small,Stable,0.0,0.0
EX_6thf_e,0.0,0.0,0.0,0.0,0.0,0.0,0.0,0.0,0.0,0.0,Negligible,None,False,0.0,0.0,Small,Small,Stable,0.0,0.0
SR5AR2r,0.0,0.0,0.0,0.0,0.0,0.0,0.0,0.0,0.0,0.0,Negligible,None,False,0.0,0.0,Small,Small,Stable,0.0,0.0
SR5ARr,0.0,0.0,0.0,0.0,0.0,0.0,0.0,0.0,0.0,0.0,Negligible,None,False,0.0,0.0,Small,Small,Stable,0.0,0.0
SRTN23OX,0.0,0.0,0.0,0.0,0.0,0.0,0.0,0.0,0.0,0.0,Negligible,None,False,0.0,0.0,Small,Small,Stable,0.0,0.0
SLCBK1,0.0,0.0,0.0,0.0,0.0,0.0,0.0,0.0,0.0,0.0,Negligible,None,False,0.0,0.0,Small,Small,Stable,0.0,0.0
SLDt,0.0,0.0,0.0,0.0,0.0,0.0,0.0,0.0,0.0,0.0,Negligible,None,False,0.0,0.0,Small,Small,Stable,0.0,0.0
SLDx,0.0,0.0,0.0,0.0,0.0,0.0,0.0,0.0,0.0,0.0,Negligible,None,False,0.0,0.0,Small,Small,Stable,0.0,0.0
SLDxm,0.0,0.0,0.0,0.0,0.0,0.0,0.0,0.0,0.0,0.0,Negligible,None,False,0.0,0.0,Small,Small,Stable,0.0,0.0
SRTNACT,0.0,0.0,0.0,0.0,0.0,0.0,0.0,0.0,0.0,0.0,Negligible,None,False,0.0,0.0,Small,Small,Stable,0.0,0.0
SRTNMTX,0.0,0.0,0.0,0.0,0.0,0.0,0.0,0.0,0.0,0.0,Negligible,None,False,0.0,0.0,Small,Small,Stable,0.0,0.0
SMPD3g,0.0,0.0,0.0,0.0,0.0,0.0,0.0,0.0,0.0,0.0,Negligible,None,False,0.0,0.0,Small,Small,Stable,0.0,0.0
RBTt,0.0,0.0,0.0,0.0,0.0,0.0,0.0,0.0,0.0,0.0,Negligible,None,False,0.0,0.0,Small,Small,Stable,0.0,0.0
SMPD3l,0.0,0.0,0.0,0.0,0.0,0.0,0.0,0.0,0.0,0.0,Negligible,None,False,0.0,0.0,Small,Small,Stable,0.0,0.0
SMPD4,0.0,0.0,0.0,0.0,0.0,0.0,0.0,0.0,0.0,0.0,Negligible,None,False,0.0,0.0,Small,Small,Stable,0.0,0.0
SRTNt6_2_r,-2.0,-1.5,-1.5,0.5,0.0,0.5,0.5,0.0,100.0,0.0,Synergistic,Diet-dominated synergy,False,0.25,0.0,Medium,Small,Diet,100.0,0.0
SRTNtu,2.0,1.5,1.5,-0.5,0.0,-0.5,0.5,0.0,100.0,0.0,Synergistic,Diet-dominated synergy,False,-0.25,0.0,Medium,Small,Diet,100.0,0.0
SSALxm,0.0,0.0,0.0,0.0,0.0,0.0,0.0,0.0,0.0,0.0,Negligible,None,False,0.0,0.0,Small,Small,Stable,0.0,0.0
EX_13_cis_retnglc_e,0.0,0.0,0.0,0.0,0.0,0.0,0.0,0.0,0.0,0.0,Negligible,None,False,0.0,0.0,Small,Small,Stable,0.0,0.0
ST3GAL21g,0.0,0.0,0.0,0.0,0.0,0.0,0.0,0.0,0.0,0.0,Negligible,None,False,0.0,0.0,Small,Small,Stable,0.0,0.0
EX_1glyc_hs_e,0.0,0.0,0.0,0.0,0.0,0.0,0.0,0.0,0.0,0.0,Negligible,None,False,0.0,0.0,Small,Small,Stable,0.0,0.0
ST3GAL22g,0.0,0.0,0.0,0.0,0.0,0.0,0.0,0.0,0.0,0.0,Negligible,None,False,0.0,0.0,Small,Small,Stable,0.0,0.0
ST3GAL23g,0.0,0.0,0.0,0.0,0.0,0.0,0.0,0.0,0.0,0.0,Negligible,None,False,0.0,0.0,Small,Small,Stable,0.0,0.0
ST3GAL61g,0.0,0.0,0.0,0.0,0.0,0.0,0.0,0.0,0.0,0.0,Negligible,None,False,0.0,0.0,Small,Small,Stable,0.0,0.0
ST3GAL62g,0.0,0.0,0.0,0.0,0.0,0.0,0.0,0.0,0.0,0.0,Negligible,None,False,0.0,0.0,Small,Small,Stable,0.0,0.0
ST6GALNAC21,0.0,0.0,0.0,0.0,0.0,0.0,0.0,0.0,0.0,0.0,Negligible,None,False,0.0,0.0,Small,Small,Stable,0.0,0.0
ST6GALNAC22,0.0,0.0,0.0,0.0,0.0,0.0,0.0,0.0,0.0,0.0,Negligible,None,False,0.0,0.0,Small,Small,Stable,0.0,0.0
EX_1mncam_e,0.0,0.0,0.0,0.0,0.0,0.0,0.0,0.0,0.0,0.0,Negligible,None,False,0.0,0.0,Small,Small,Stable,0.0,0.0
SO4HCOtex,0.0,0.0,0.0,0.0,0.0,0.0,0.0,0.0,0.0,0.0,Negligible,None,False,0.0,0.0,Small,Small,Stable,0.0,0.0
SO4OXAtex2,0.0,0.0,0.0,0.0,0.0,0.0,0.0,0.0,0.0,0.0,Negligible,None,False,0.0,0.0,Small,Small,Stable,0.0,0.0
EX_7dhf_e,0.0,0.0,0.0,0.0,0.0,0.0,0.0,0.0,0.0,0.0,Negligible,None,False,0.0,0.0,Small,Small,Stable,0.0,0.0
SUCOAS1m,0.0,0.0,0.0,0.0,0.0,0.0,0.0,0.0,0.0,0.0,Negligible,None,False,0.0,0.0,Small,Small,Stable,0.0,0.0
EX_2425dhvitd2_e,0.0,0.0,0.0,0.0,0.0,0.0,0.0,0.0,0.0,0.0,Negligible,None,False,0.0,0.0,Small,Small,Stable,0.0,0.0
ST6GALNAC23,0.0,0.0,0.0,0.0,0.0,0.0,0.0,0.0,0.0,0.0,Negligible,None,False,0.0,0.0,Small,Small,Stable,0.0,0.0
ST6GALNAC24,0.0,0.0,0.0,0.0,0.0,0.0,0.0,0.0,0.0,0.0,Negligible,None,False,0.0,0.0,Small,Small,Stable,0.0,0.0
SUCRe,0.0,2.0,2.0,2.0,0.0,2.0,2.0,0.0,100.0,0.0,Synergistic,Diet-dominated synergy,False,0.0,0.0,Small,Small,Diet,100.0,0.0
EX_2425dhvitd3_e,0.0,0.0,0.0,0.0,0.0,0.0,0.0,0.0,0.0,0.0,Negligible,None,False,0.0,0.0,Small,Small,Stable,0.0,0.0
ST6GALNAC25,0.0,0.0,0.0,0.0,0.0,0.0,0.0,0.0,0.0,0.0,Negligible,None,False,0.0,0.0,Small,Small,Stable,0.0,0.0
ST6GALNAC26,0.0,0.0,0.0,0.0,0.0,0.0,0.0,0.0,0.0,0.0,Negligible,None,False,0.0,0.0,Small,Small,Stable,0.0,0.0
ST6GALNAC27,0.0,0.0,0.0,0.0,0.0,0.0,0.0,0.0,0.0,0.0,Negligible,None,False,0.0,0.0,Small,Small,Stable,0.0,0.0
ST6GALNAC28,0.0,0.0,0.0,0.0,0.0,0.0,0.0,0.0,0.0,0.0,Negligible,None,False,0.0,0.0,Small,Small,Stable,0.0,0.0
EX_7thf_e,0.0,0.0,0.0,0.0,0.0,0.0,0.0,0.0,0.0,0.0,Negligible,None,False,0.0,0.0,Small,Small,Stable,0.0,0.0
Ser_Thrtg,0.0,0.0,0.0,0.0,0.0,0.0,0.0,0.0,0.0,0.0,Negligible,None,False,0.0,0.0,Small,Small,Stable,0.0,0.0
ST6GALNAC31,0.0,0.0,0.0,0.0,0.0,0.0,0.0,0.0,0.0,0.0,Negligible,None,False,0.0,0.0,Small,Small,Stable,0.0,0.0
RDH2,0.0,0.0,0.0,0.0,0.0,0.0,0.0,0.0,0.0,0.0,Negligible,None,False,0.0,0.0,Small,Small,Stable,0.0,0.0
ST6GALNAC61,0.0,0.0,0.0,0.0,0.0,0.0,0.0,0.0,0.0,0.0,Negligible,None,False,0.0,0.0,Small,Small,Stable,0.0,0.0
ST6GALNAC62,0.0,0.0,0.0,0.0,0.0,0.0,0.0,0.0,0.0,0.0,Negligible,None,False,0.0,0.0,Small,Small,Stable,0.0,0.0
T2M26DCOAHLm,0.0,0.0,0.0,0.0,0.0,0.0,0.0,0.0,0.0,0.0,Negligible,None,False,0.0,0.0,Small,Small,Stable,0.0,0.0
T2M26DCOAHLx,0.0,0.0,0.0,0.0,0.0,0.0,0.0,0.0,0.0,0.0,Negligible,None,False,0.0,0.0,Small,Small,Stable,0.0,0.0
T4HCINNMFM,0.0,0.0,0.0,0.0,0.0,0.0,0.0,0.0,0.0,0.0,Negligible,None,False,0.0,0.0,Small,Small,Stable,0.0,0.0
ST8SIA11,0.0,0.0,0.0,0.0,0.0,0.0,0.0,0.0,0.0,0.0,Negligible,None,False,0.0,0.0,Small,Small,Stable,0.0,0.0
ST8SIA12,0.0,0.0,0.0,0.0,0.0,0.0,0.0,0.0,0.0,0.0,Negligible,None,False,0.0,0.0,Small,Small,Stable,0.0,0.0
ST8SIA51g,0.0,0.0,0.0,0.0,0.0,0.0,0.0,0.0,0.0,0.0,Negligible,None,False,0.0,0.0,Small,Small,Stable,0.0,0.0
ST8SIA52g,0.0,0.0,0.0,0.0,0.0,0.0,0.0,0.0,0.0,0.0,Negligible,None,False,0.0,0.0,Small,Small,Stable,0.0,0.0
T4HCINNOX,0.0,0.0,0.0,0.0,0.0,0.0,0.0,0.0,0.0,0.0,Negligible,None,False,0.0,0.0,Small,Small,Stable,0.0,0.0
TAGAT_Dt,0.0,0.0,0.0,0.0,0.0,0.0,0.0,0.0,0.0,0.0,Negligible,None,False,0.0,0.0,Small,Small,Stable,0.0,0.0
TAGt,0.0,0.0,0.0,0.0,0.0,0.0,0.0,0.0,0.0,0.0,Negligible,None,False,0.0,0.0,Small,Small,Stable,0.0,0.0
ST8SIA53g,0.0,0.0,0.0,0.0,0.0,0.0,0.0,0.0,0.0,0.0,Negligible,None,False,0.0,0.0,Small,Small,Stable,0.0,0.0
ST8SIA54g,0.0,0.0,0.0,0.0,0.0,0.0,0.0,0.0,0.0,0.0,Negligible,None,False,0.0,0.0,Small,Small,Stable,0.0,0.0
RDH2a,0.0,0.0,0.0,0.0,0.0,0.0,0.0,0.0,0.0,0.0,Negligible,None,False,0.0,0.0,Small,Small,Stable,0.0,0.0
ST8SIA55g,0.0,0.0,0.0,0.0,0.0,0.0,0.0,0.0,0.0,0.0,Negligible,None,False,0.0,0.0,Small,Small,Stable,0.0,0.0
ST8SIA56g,0.0,0.0,0.0,0.0,0.0,0.0,0.0,0.0,0.0,0.0,Negligible,None,False,0.0,0.0,Small,Small,Stable,0.0,0.0
STCOAtx,0.0,0.0,0.0,0.0,0.0,0.0,0.0,0.0,0.0,0.0,Negligible,None,False,0.0,0.0,Small,Small,Stable,0.0,0.0
EX_24nph_e,0.0,0.0,0.0,0.0,0.0,0.0,0.0,0.0,0.0,0.0,Negligible,None,False,0.0,0.0,Small,Small,Stable,0.0,0.0
TAURt4_2_r,0.0,0.0,0.0,0.0,0.0,0.0,0.0,0.0,0.0,0.0,Negligible,None,False,0.0,0.0,Small,Small,Stable,0.0,0.0
TAURtcx,0.0,0.0,0.0,0.0,0.0,0.0,0.0,0.0,0.0,0.0,Negligible,None,False,0.0,0.0,Small,Small,Stable,0.0,0.0
STRDNCCPT1,0.0,0.0,0.0,0.0,0.0,0.0,0.0,0.0,0.0,0.0,Negligible,None,False,0.0,0.0,Small,Small,Stable,0.0,0.0
EX_9_cis_retfa_e,0.0,0.0,0.0,0.0,0.0,0.0,0.0,0.0,0.0,0.0,Negligible,None,False,0.0,0.0,Small,Small,Stable,0.0,0.0
STRDNCCPT2,0.0,0.0,0.0,0.0,0.0,0.0,0.0,0.0,0.0,0.0,Negligible,None,False,0.0,0.0,Small,Small,Stable,0.0,0.0
STRDNCCRNt,0.0,0.0,0.0,0.0,0.0,0.0,0.0,0.0,0.0,0.0,Negligible,None,False,0.0,0.0,Small,Small,Stable,0.0,0.0
TAXOLte,0.0,0.0,0.0,0.0,0.0,0.0,0.0,0.0,0.0,0.0,Negligible,None,False,0.0,0.0,Small,Small,Stable,0.0,0.0
TCHOLAt2,0.0,0.0,0.0,0.0,0.0,0.0,0.0,0.0,0.0,0.0,Negligible,None,False,0.0,0.0,Small,Small,Stable,0.0,0.0
TCHOLAt3,0.0,0.0,0.0,0.0,0.0,0.0,0.0,0.0,0.0,0.0,Negligible,None,False,0.0,0.0,Small,Small,Stable,0.0,0.0
TCHOLAte,0.0,0.0,0.0,0.0,0.0,0.0,0.0,0.0,0.0,0.0,Negligible,None,False,0.0,0.0,Small,Small,Stable,0.0,0.0
STRDNCt,0.0,0.0,0.0,0.0,0.0,0.0,0.0,0.0,0.0,0.0,Negligible,None,False,0.0,0.0,Small,Small,Stable,0.0,0.0
TCHOLAtx,0.0,0.0,0.0,0.0,0.0,0.0,0.0,0.0,0.0,0.0,Negligible,None,False,0.0,0.0,Small,Small,Stable,0.0,0.0
EX_25hvitd2_e,0.0,0.0,0.0,0.0,0.0,0.0,0.0,0.0,0.0,0.0,Negligible,None,False,0.0,0.0,Small,Small,Stable,0.0,0.0
EX_25hvitd3_e,0.0,0.0,0.0,0.0,0.0,0.0,0.0,0.0,0.0,0.0,Negligible,None,False,0.0,0.0,Small,Small,Stable,0.0,0.0
SUCCt4_2,0.0,0.0,0.0,0.0,0.0,0.0,0.0,0.0,0.0,0.0,Negligible,None,False,0.0,0.0,Small,Small,Stable,0.0,0.0
TCYNTt,0.0,0.0,0.0,0.0,0.0,0.0,0.0,0.0,0.0,0.0,Negligible,None,False,0.0,0.0,Small,Small,Stable,0.0,0.0
TCYNTtm,0.0,0.0,0.0,0.0,0.0,0.0,0.0,0.0,0.0,0.0,Negligible,None,False,0.0,0.0,Small,Small,Stable,0.0,0.0
EX_bildglcur_e,0.0,0.0,0.0,0.0,0.0,0.0,0.0,0.0,0.0,0.0,Negligible,None,False,0.0,0.0,Small,Small,Stable,0.0,0.0
TDCHOLAte,0.0,0.0,0.0,0.0,0.0,0.0,0.0,0.0,0.0,0.0,Negligible,None,False,0.0,0.0,Small,Small,Stable,0.0,0.0
RDH4,0.0,0.0,0.0,0.0,0.0,0.0,0.0,0.0,0.0,0.0,Negligible,None,False,0.0,0.0,Small,Small,Stable,0.0,0.0
TDCHOLAtx,0.0,0.0,0.0,0.0,0.0,0.0,0.0,0.0,0.0,0.0,Negligible,None,False,0.0,0.0,Small,Small,Stable,0.0,0.0
SUCCtp,0.0,0.0,0.0,0.0,0.0,0.0,0.0,0.0,0.0,0.0,Negligible,None,False,0.0,0.0,Small,Small,Stable,0.0,0.0
EX_bilglcur_e,0.0,0.0,0.0,0.0,0.0,0.0,0.0,0.0,0.0,0.0,Negligible,None,False,0.0,0.0,Small,Small,Stable,0.0,0.0
TDP,0.0,0.0,0.0,0.0,0.0,0.0,0.0,0.0,0.0,0.0,Negligible,None,False,0.0,0.0,Small,Small,Stable,0.0,0.0
TDPDRE,0.0,0.0,0.0,0.0,0.0,0.0,0.0,0.0,0.0,0.0,Negligible,None,False,0.0,0.0,Small,Small,Stable,0.0,0.0
TDPDRR,0.0,0.0,0.0,0.0,0.0,0.0,0.0,0.0,0.0,0.0,Negligible,None,False,0.0,0.0,Small,Small,Stable,0.0,0.0
TDPGDH,0.0,0.0,0.0,0.0,0.0,0.0,0.0,0.0,0.0,0.0,Negligible,None,False,0.0,0.0,Small,Small,Stable,0.0,0.0
RETFA,0.0,0.0,0.0,0.0,0.0,0.0,0.0,0.0,0.0,0.0,Negligible,None,False,0.0,0.0,Small,Small,Stable,0.0,0.0
TDPm,0.0,0.0,0.0,0.0,0.0,0.0,0.0,0.0,0.0,0.0,Negligible,None,False,0.0,0.0,Small,Small,Stable,0.0,0.0
TETHEX3COAtx,0.0,0.0,0.0,0.0,0.0,0.0,0.0,0.0,0.0,0.0,Negligible,None,False,0.0,0.0,Small,Small,Stable,0.0,0.0
TETHEX3t,0.0,0.0,0.0,0.0,0.0,0.0,0.0,0.0,0.0,0.0,Negligible,None,False,0.0,0.0,Small,Small,Stable,0.0,0.0
THRt4,0.0,0.0,0.0,0.0,0.0,0.0,0.0,0.0,0.0,0.0,Negligible,None,False,0.0,0.0,Small,Small,Stable,0.0,0.0
RETFAt,0.0,0.0,0.0,0.0,0.0,0.0,0.0,0.0,0.0,0.0,Negligible,None,False,0.0,0.0,Small,Small,Stable,0.0,0.0
RETFAt1,0.0,0.0,0.0,0.0,0.0,0.0,0.0,0.0,0.0,0.0,Negligible,None,False,0.0,0.0,Small,Small,Stable,0.0,0.0
THYMDt1,0.2,0.15,0.15,-0.05000000000000002,0.0,-0.05000000000000002,0.05000000000000002,0.0,100.0,0.0,Synergistic,Diet-dominated synergy,False,-0.25000000000000006,0.0,Medium,Small,Diet,100.0,0.0
TETPENT3COAtx,0.0,0.0,0.0,0.0,0.0,0.0,0.0,0.0,0.0,0.0,Negligible,None,False,0.0,0.0,Small,Small,Stable,0.0,0.0
THYMDtl,0.0,0.0,0.0,0.0,0.0,0.0,0.0,0.0,0.0,0.0,Negligible,None,False,0.0,0.0,Small,Small,Stable,0.0,0.0
RETFAt2,0.0,0.0,0.0,0.0,0.0,0.0,0.0,0.0,0.0,0.0,Negligible,None,False,0.0,0.0,Small,Small,Stable,0.0,0.0
THYMDtm,0.0,0.0,0.0,0.0,0.0,0.0,0.0,0.0,0.0,0.0,Negligible,None,False,0.0,0.0,Small,Small,Stable,0.0,0.0
TETPENT3CPT1,0.0,0.0,0.0,0.0,0.0,0.0,0.0,0.0,0.0,0.0,Negligible,None,False,0.0,0.0,Small,Small,Stable,0.0,0.0
TETPENT3CPT2,0.0,0.0,0.0,0.0,0.0,0.0,0.0,0.0,0.0,0.0,Negligible,None,False,0.0,0.0,Small,Small,Stable,0.0,0.0
THYMt,0.0,0.0,0.0,0.0,0.0,0.0,0.0,0.0,0.0,0.0,Negligible,None,False,0.0,0.0,Small,Small,Stable,0.0,0.0
RETH1,0.0,0.0,0.0,0.0,0.0,0.0,0.0,0.0,0.0,0.0,Negligible,None,False,0.0,0.0,Small,Small,Stable,0.0,0.0
THYOXt2,0.0,0.0,0.0,0.0,0.0,0.0,0.0,0.0,0.0,0.0,Negligible,None,False,0.0,0.0,Small,Small,Stable,0.0,0.0
TETPENT3CRNt,0.0,0.0,0.0,0.0,0.0,0.0,0.0,0.0,0.0,0.0,Negligible,None,False,0.0,0.0,Small,Small,Stable,0.0,0.0
TETPENT3t,0.0,0.0,0.0,0.0,0.0,0.0,0.0,0.0,0.0,0.0,Negligible,None,False,0.0,0.0,Small,Small,Stable,0.0,0.0
THYPX,0.0,0.0,0.0,0.0,0.0,0.0,0.0,0.0,0.0,0.0,Negligible,None,False,0.0,0.0,Small,Small,Stable,0.0,0.0
TETPENT6COAtx,0.0,0.0,0.0,0.0,0.0,0.0,0.0,0.0,0.0,0.0,Negligible,None,False,0.0,0.0,Small,Small,Stable,0.0,0.0
RETH1e,0.0,0.0,0.0,0.0,0.0,0.0,0.0,0.0,0.0,0.0,Negligible,None,False,0.0,0.0,Small,Small,Stable,0.0,0.0
TETPENT6CPT1,0.0,0.0,0.0,0.0,0.0,0.0,0.0,0.0,0.0,0.0,Negligible,None,False,0.0,0.0,Small,Small,Stable,0.0,0.0
TETPENT6CPT2,0.0,0.0,0.0,0.0,0.0,0.0,0.0,0.0,0.0,0.0,Negligible,None,False,0.0,0.0,Small,Small,Stable,0.0,0.0
EX_bilirub_e,0.0,0.0,0.0,0.0,0.0,0.0,0.0,0.0,0.0,0.0,Negligible,None,False,0.0,0.0,Small,Small,Stable,0.0,0.0
RETH2,0.0,0.0,0.0,0.0,0.0,0.0,0.0,0.0,0.0,0.0,Negligible,None,False,0.0,0.0,Small,Small,Stable,0.0,0.0
EX_clpnd_e,0.0,0.0,0.0,0.0,0.0,0.0,0.0,0.0,0.0,0.0,Negligible,None,False,0.0,0.0,Small,Small,Stable,0.0,0.0
TMABADH,0.0,0.0,0.0,0.0,0.0,0.0,0.0,0.0,0.0,0.0,Negligible,None,False,0.0,0.0,Small,Small,Stable,0.0,0.0
TETPENT6CRNt,0.0,0.0,0.0,0.0,0.0,0.0,0.0,0.0,0.0,0.0,Negligible,None,False,0.0,0.0,Small,Small,Stable,0.0,0.0
TETPENT6t,0.0,0.0,0.0,0.0,0.0,0.0,0.0,0.0,0.0,0.0,Negligible,None,False,0.0,0.0,Small,Small,Stable,0.0,0.0
TETTET6COAtx,0.0,0.0,0.0,0.0,0.0,0.0,0.0,0.0,0.0,0.0,Negligible,None,False,0.0,0.0,Small,Small,Stable,0.0,0.0
TMDK1,0.0,0.008450096605,0.008448655887,0.008450096605,-1.4407179999998548e-06,0.008448655887,0.008450096605,1.4407179999998548e-06,99.9999970930698,2.906930199445996e-06,Antagonistic,Diet overcomes microbiome,True,0.0,-0.00017049722238055465,Small,Small,Diet (opposed by microbiome),100.01705262966405,0.01705262966404747
TMDK1m,0.0,0.0,0.0,0.0,0.0,0.0,0.0,0.0,0.0,0.0,Negligible,None,False,0.0,0.0,Small,Small,Stable,0.0,0.0
TMDPK,0.0,0.0,0.0,0.0,0.0,0.0,0.0,0.0,0.0,0.0,Negligible,None,False,0.0,0.0,Small,Small,Stable,0.0,0.0
TETTET6CPT1,0.0,0.0,0.0,0.0,0.0,0.0,0.0,0.0,0.0,0.0,Negligible,None,False,0.0,0.0,Small,Small,Stable,0.0,0.0
TETTET6CPT2,0.0,0.0,0.0,0.0,0.0,0.0,0.0,0.0,0.0,0.0,Negligible,None,False,0.0,0.0,Small,Small,Stable,0.0,0.0
TETTET6CRNt,0.0,0.0,0.0,0.0,0.0,0.0,0.0,0.0,0.0,0.0,Negligible,None,False,0.0,0.0,Small,Small,Stable,0.0,0.0
TETTET6t,0.0,0.0,0.0,0.0,0.0,0.0,0.0,0.0,0.0,0.0,Negligible,None,False,0.0,0.0,Small,Small,Stable,0.0,0.0
TMDPP,0.2,0.141549903395,0.141551344113,-0.058450096605,1.4407179999842423e-06,-0.05844865588700002,0.058450096605,1.4407179999842423e-06,99.99999993924425,6.075576554541197e-08,Antagonistic,Diet overcomes microbiome,True,-0.292250483025,1.0178163074854723e-05,Medium,Small,Diet (opposed by microbiome),100.00246492922398,0.0024649292239835455
TMDPPK,0.0,0.0,0.0,0.0,0.0,0.0,0.0,0.0,0.0,0.0,Negligible,None,False,0.0,0.0,Small,Small,Stable,0.0,0.0
EX_biocyt_e,0.0,0.0,0.0,0.0,0.0,0.0,0.0,0.0,0.0,0.0,Negligible,None,False,0.0,0.0,Small,Small,Stable,0.0,0.0
RETH2e,0.0,0.0,0.0,0.0,0.0,0.0,0.0,0.0,0.0,0.0,Negligible,None,False,0.0,0.0,Small,Small,Stable,0.0,0.0
THCHOLSTOICtm,0.0,0.0,0.0,0.0,0.0,0.0,0.0,0.0,0.0,0.0,Negligible,None,False,0.0,0.0,Small,Small,Stable,0.0,0.0
THD1m,0.0,0.0,0.0,0.0,0.0,0.0,0.0,0.0,0.0,0.0,Negligible,None,False,0.0,0.0,Small,Small,Stable,0.0,0.0
EX_cysi__L_e,0.0,0.0,0.0,0.0,0.0,0.0,0.0,0.0,0.0,0.0,Negligible,None,False,0.0,0.0,Small,Small,Stable,0.0,0.0
TMLYSOX,0.0,0.0,0.0,0.0,0.0,0.0,0.0,0.0,0.0,0.0,Negligible,None,False,0.0,0.0,Small,Small,Stable,0.0,0.0
TMLYSter,0.0,0.0,0.0,0.0,0.0,0.0,0.0,0.0,0.0,0.0,Negligible,None,False,0.0,0.0,Small,Small,Stable,0.0,0.0
TMNDNCCOAtx,0.0,0.0,0.0,0.0,0.0,0.0,0.0,0.0,0.0,0.0,Negligible,None,False,0.0,0.0,Small,Small,Stable,0.0,0.0
THFt2,0.0,-0.05,-0.05,-0.05,0.0,-0.05,0.05,0.0,100.0,0.0,Synergistic,Diet-dominated synergy,False,0.0,0.0,Small,Small,Diet,100.0,0.0
THFtl,0.0,0.0,0.0,0.0,0.0,0.0,0.0,0.0,0.0,0.0,Negligible,None,False,0.0,0.0,Small,Small,Stable,0.0,0.0
RETHe,0.0,0.0,0.0,0.0,0.0,0.0,0.0,0.0,0.0,0.0,Negligible,None,False,0.0,0.0,Small,Small,Stable,0.0,0.0
THFtm,0.0,0.0,0.0,0.0,0.0,0.0,0.0,0.0,0.0,0.0,Negligible,None,False,0.0,0.0,Small,Small,Stable,0.0,0.0
RETI1,0.0,0.0,0.0,0.0,0.0,0.0,0.0,0.0,0.0,0.0,Negligible,None,False,0.0,0.0,Small,Small,Stable,0.0,0.0
THMDt4,0.0,0.0,0.0,0.0,0.0,0.0,0.0,0.0,0.0,0.0,Negligible,None,False,0.0,0.0,Small,Small,Stable,0.0,0.0
THMDt5,0.0,0.0,0.0,0.0,0.0,0.0,0.0,0.0,0.0,0.0,Negligible,None,False,0.0,0.0,Small,Small,Stable,0.0,0.0
THMMPt4,0.0,0.0,0.0,0.0,0.0,0.0,0.0,0.0,0.0,0.0,Negligible,None,False,0.0,0.0,Small,Small,Stable,0.0,0.0
TMNDNCCPT1,0.0,0.0,0.0,0.0,0.0,0.0,0.0,0.0,0.0,0.0,Negligible,None,False,0.0,0.0,Small,Small,Stable,0.0,0.0
TMNDNCCPT2,0.0,0.0,0.0,0.0,0.0,0.0,0.0,0.0,0.0,0.0,Negligible,None,False,0.0,0.0,Small,Small,Stable,0.0,0.0
TMNDNCCRNt,0.0,0.0,0.0,0.0,0.0,0.0,0.0,0.0,0.0,0.0,Negligible,None,False,0.0,0.0,Small,Small,Stable,0.0,0.0
THMMPtm,0.0,0.0,0.0,0.0,0.0,0.0,0.0,0.0,0.0,0.0,Negligible,None,False,0.0,0.0,Small,Small,Stable,0.0,0.0
TMNDNCt,0.0,0.0,0.0,0.0,0.0,0.0,0.0,0.0,0.0,0.0,Negligible,None,False,0.0,0.0,Small,Small,Stable,0.0,0.0
RETI2,0.0,0.0,0.0,0.0,0.0,0.0,0.0,0.0,0.0,0.0,Negligible,None,False,0.0,0.0,Small,Small,Stable,0.0,0.0
TOLBUTAMIDEte,0.0,0.0,0.0,0.0,0.0,0.0,0.0,0.0,0.0,0.0,Negligible,None,False,0.0,0.0,Small,Small,Stable,0.0,0.0
EX_2hb_e,0.0,0.0,0.0,0.0,0.0,0.0,0.0,0.0,0.0,0.0,Negligible,None,False,0.0,0.0,Small,Small,Stable,0.0,0.0
THMP,0.0,0.0,0.0,0.0,0.0,0.0,0.0,0.0,0.0,0.0,Negligible,None,False,0.0,0.0,Small,Small,Stable,0.0,0.0
THMPPtm,0.0,0.0,0.0,0.0,0.0,0.0,0.0,0.0,0.0,0.0,Negligible,None,False,0.0,0.0,Small,Small,Stable,0.0,0.0
RETI3,0.0,0.0,0.0,0.0,0.0,0.0,0.0,0.0,0.0,0.0,Negligible,None,False,0.0,0.0,Small,Small,Stable,0.0,0.0
THMTP,0.0,0.0,0.0,0.0,0.0,0.0,0.0,0.0,0.0,0.0,Negligible,None,False,0.0,0.0,Small,Small,Stable,0.0,0.0
THMTPt,0.0,0.0,0.0,0.0,0.0,0.0,0.0,0.0,0.0,0.0,Negligible,None,False,0.0,0.0,Small,Small,Stable,0.0,0.0
THMt2m,0.0,0.0,0.0,0.0,0.0,0.0,0.0,0.0,0.0,0.0,Negligible,None,False,0.0,0.0,Small,Small,Stable,0.0,0.0
THMt3,0.0,0.0,0.0,0.0,0.0,0.0,0.0,0.0,0.0,0.0,Negligible,None,False,0.0,0.0,Small,Small,Stable,0.0,0.0
THP2Ctp,0.0,-0.394198276641,-0.394081546052,-0.394198276641,0.00011673058899996924,-0.394081546052,0.394198276641,0.00011673058899996924,99.99999123120588,8.768794111815813e-06,Antagonistic,Diet overcomes microbiome,True,0.0,0.00029612151020710036,Small,Small,Diet (opposed by microbiome),100.02962092241299,0.0296209224129887
THRALANaEx,1.5,1.2,1.2,-0.30000000000000004,0.0,-0.30000000000000004,0.30000000000000004,0.0,100.0,0.0,Synergistic,Diet-dominated synergy,False,-0.20000000000000004,0.0,Medium,Small,Diet,100.0,0.0
EX_2mcit_e,0.0,0.0,0.0,0.0,0.0,0.0,0.0,0.0,0.0,0.0,Negligible,None,False,0.0,0.0,Small,Small,Stable,0.0,0.0
TRDR2,0.0,0.0,0.0,0.0,0.0,0.0,0.0,0.0,0.0,0.0,Negligible,None,False,0.0,0.0,Small,Small,Stable,0.0,0.0
TRDR3,0.0,0.0,0.0,0.0,0.0,0.0,0.0,0.0,0.0,0.0,Negligible,None,False,0.0,0.0,Small,Small,Stable,0.0,0.0
TRDRm,0.0,0.0,0.0,0.0,0.0,0.0,0.0,0.0,0.0,0.0,Negligible,None,False,0.0,0.0,Small,Small,Stable,0.0,0.0
TREH,0.0,0.0,0.0,0.0,0.0,0.0,0.0,0.0,0.0,0.0,Negligible,None,False,0.0,0.0,Small,Small,Stable,0.0,0.0
TREHe,0.0,0.0,0.0,0.0,0.0,0.0,0.0,0.0,0.0,0.0,Negligible,None,False,0.0,0.0,Small,Small,Stable,0.0,0.0
THRASNNaEx,0.0,0.0,0.0,0.0,0.0,0.0,0.0,0.0,0.0,0.0,Negligible,None,False,0.0,0.0,Small,Small,Stable,0.0,0.0
THRCYSNaEx,0.0,0.0,0.0,0.0,0.0,0.0,0.0,0.0,0.0,0.0,Negligible,None,False,0.0,0.0,Small,Small,Stable,0.0,0.0
TRIODTHYSUFt,0.0,0.0,0.0,0.0,0.0,0.0,0.0,0.0,0.0,0.0,Negligible,None,False,0.0,0.0,Small,Small,Stable,0.0,0.0
RETNCOA,0.0,0.0,0.0,0.0,0.0,0.0,0.0,0.0,0.0,0.0,Negligible,None,False,0.0,0.0,Small,Small,Stable,0.0,0.0
TRIODTHYSULT,0.0,0.0,0.0,0.0,0.0,0.0,0.0,0.0,0.0,0.0,Negligible,None,False,0.0,0.0,Small,Small,Stable,0.0,0.0
TRIODTHYt2,0.0,0.0,0.0,0.0,0.0,0.0,0.0,0.0,0.0,0.0,Negligible,None,False,0.0,0.0,Small,Small,Stable,0.0,0.0
TRIOK,0.0,0.0,0.0,0.0,0.0,0.0,0.0,0.0,0.0,0.0,Negligible,None,False,0.0,0.0,Small,Small,Stable,0.0,0.0
THRD_L,0.0,0.0,0.0,0.0,0.0,0.0,0.0,0.0,0.0,0.0,Negligible,None,False,0.0,0.0,Small,Small,Stable,0.0,0.0
THRGLNNaEx,0.0,0.0,0.0,0.0,0.0,0.0,0.0,0.0,0.0,0.0,Negligible,None,False,0.0,0.0,Small,Small,Stable,0.0,0.0
THRGLNexR,0.0,0.0,0.0,0.0,0.0,0.0,0.0,0.0,0.0,0.0,Negligible,None,False,0.0,0.0,Small,Small,Stable,0.0,0.0
THRGLYexR,0.0,0.0,0.0,0.0,0.0,0.0,0.0,0.0,0.0,0.0,Negligible,None,False,0.0,0.0,Small,Small,Stable,0.0,0.0
TRPHYDRO2,0.0,0.0,0.0,0.0,0.0,0.0,0.0,0.0,0.0,0.0,Negligible,None,False,0.0,0.0,Small,Small,Stable,0.0,0.0
TRPO2,0.0,0.0,0.0,0.0,0.0,0.0,0.0,0.0,0.0,0.0,Negligible,None,False,0.0,0.0,Small,Small,Stable,0.0,0.0
THRS,0.0,0.0,0.0,0.0,0.0,0.0,0.0,0.0,0.0,0.0,Negligible,None,False,0.0,0.0,Small,Small,Stable,0.0,0.0
RETNGLCt,0.0,0.0,0.0,0.0,0.0,0.0,0.0,0.0,0.0,0.0,Negligible,None,False,0.0,0.0,Small,Small,Stable,0.0,0.0
THRSERNaEx,0.0,0.0,0.0,0.0,0.0,0.0,0.0,0.0,0.0,0.0,Negligible,None,False,0.0,0.0,Small,Small,Stable,0.0,0.0
EX_Rtotal_e,0.0,0.0,0.0,0.0,0.0,0.0,0.0,0.0,0.0,0.0,Negligible,None,False,0.0,0.0,Small,Small,Stable,0.0,0.0
TRYPTAOX,0.0,0.0,0.0,0.0,0.0,0.0,0.0,0.0,0.0,0.0,Negligible,None,False,0.0,0.0,Small,Small,Stable,0.0,0.0
TS3,0.0,0.0,0.0,0.0,0.0,0.0,0.0,0.0,0.0,0.0,Negligible,None,False,0.0,0.0,Small,Small,Stable,0.0,0.0
RETNGLCt2,0.0,0.0,0.0,0.0,0.0,0.0,0.0,0.0,0.0,0.0,Negligible,None,False,0.0,0.0,Small,Small,Stable,0.0,0.0
TSTSTERONEGLCte,0.0,0.0,0.0,0.0,0.0,0.0,0.0,0.0,0.0,0.0,Negligible,None,False,0.0,0.0,Small,Small,Stable,0.0,0.0
TSTSTERONEGLCtr,0.0,0.0,0.0,0.0,0.0,0.0,0.0,0.0,0.0,0.0,Negligible,None,False,0.0,0.0,Small,Small,Stable,0.0,0.0
TSTSTERONESULT,0.0,0.0,0.0,0.0,0.0,0.0,0.0,0.0,0.0,0.0,Negligible,None,False,0.0,0.0,Small,Small,Stable,0.0,0.0
TSTSTERONESte,0.0,0.0,0.0,0.0,0.0,0.0,0.0,0.0,0.0,0.0,Negligible,None,False,0.0,0.0,Small,Small,Stable,0.0,0.0
TSTSTERONEt,0.0,0.0,0.0,0.0,0.0,0.0,0.0,0.0,0.0,0.0,Negligible,None,False,0.0,0.0,Small,Small,Stable,0.0,0.0
TSTSTERONEtr,0.0,0.0,0.0,0.0,0.0,0.0,0.0,0.0,0.0,0.0,Negligible,None,False,0.0,0.0,Small,Small,Stable,0.0,0.0
TSULt4_3,0.0,0.0,0.0,0.0,0.0,0.0,0.0,0.0,0.0,0.0,Negligible,None,False,0.0,0.0,Small,Small,Stable,0.0,0.0
VITD3Hm,0.0,0.0,0.0,0.0,0.0,0.0,0.0,0.0,0.0,0.0,Negligible,None,False,0.0,0.0,Small,Small,Stable,0.0,0.0
UDPDOLPT_L,0.0,0.0,0.0,0.0,0.0,0.0,0.0,0.0,0.0,0.0,Negligible,None,False,0.0,0.0,Small,Small,Stable,0.0,0.0
RETNGLCt2r,0.0,0.0,0.0,0.0,0.0,0.0,0.0,0.0,0.0,0.0,Negligible,None,False,0.0,0.0,Small,Small,Stable,0.0,0.0
UDPDOLPT_U,0.0,0.0,0.0,0.0,0.0,0.0,0.0,0.0,0.0,0.0,Negligible,None,False,0.0,0.0,Small,Small,Stable,0.0,0.0
UDPG1P,0.0,0.0,0.0,0.0,0.0,0.0,0.0,0.0,0.0,0.0,Negligible,None,False,0.0,0.0,Small,Small,Stable,0.0,0.0
TTDCAtr_copy1,0.0,0.499999999999,0.500000000004,0.499999999999,5.000000413701855e-12,0.500000000004,0.499999999999,5.000000413701855e-12,100.0,1.0000001654847488e-20,Synergistic,Diet-dominated synergy,False,0.0,1.000000082742371e-11,Small,Small,Diet,99.999999999,1.000000082732371e-09
TTDCAtr_copy2,0.0,0.0,0.0,0.0,0.0,0.0,0.0,0.0,0.0,0.0,Negligible,None,False,0.0,0.0,Small,Small,Stable,0.0,0.0
TTDCPT1,0.0,0.0,0.0,0.0,0.0,0.0,0.0,0.0,0.0,0.0,Negligible,None,False,0.0,0.0,Small,Small,Stable,0.0,0.0
UDPG4E,-1.0,-0.5,-0.5,0.5,0.0,0.5,0.5,0.0,100.0,0.0,Synergistic,Diet-dominated synergy,False,0.5,0.0,Medium,Small,Diet,100.0,0.0
TTDCPT2,0.0,0.0,0.0,0.0,0.0,0.0,0.0,0.0,0.0,0.0,Negligible,None,False,0.0,0.0,Small,Small,Stable,0.0,0.0
RETNGLCtr,0.0,0.0,0.0,0.0,0.0,0.0,0.0,0.0,0.0,0.0,Negligible,None,False,0.0,0.0,Small,Small,Stable,0.0,0.0
TTDCRNt,0.0,0.0,0.0,0.0,0.0,0.0,0.0,0.0,0.0,0.0,Negligible,None,False,0.0,0.0,Small,Small,Stable,0.0,0.0
TXA2te,0.0,0.0,0.0,0.0,0.0,0.0,0.0,0.0,0.0,0.0,Negligible,None,False,0.0,0.0,Small,Small,Stable,0.0,0.0
TXA2tr,0.0,0.0,0.0,0.0,0.0,0.0,0.0,0.0,0.0,0.0,Negligible,None,False,0.0,0.0,Small,Small,Stable,0.0,0.0
UDPGALt2g,0.0,0.0,0.0,0.0,0.0,0.0,0.0,0.0,0.0,0.0,Negligible,None,False,0.0,0.0,Small,Small,Stable,0.0,0.0
UDPGALtg,0.0,0.0,0.0,0.0,0.0,0.0,0.0,0.0,0.0,0.0,Negligible,None,False,0.0,0.0,Small,Small,Stable,0.0,0.0
UDPGD,0.0,0.0,0.0,0.0,0.0,0.0,0.0,0.0,0.0,0.0,Negligible,None,False,0.0,0.0,Small,Small,Stable,0.0,0.0
UDPGLCAter,0.0,0.0,0.0,0.0,0.0,0.0,0.0,0.0,0.0,0.0,Negligible,None,False,0.0,0.0,Small,Small,Stable,0.0,0.0
TXASr,0.0,0.0,0.0,0.0,0.0,0.0,0.0,0.0,0.0,0.0,Negligible,None,False,0.0,0.0,Small,Small,Stable,0.0,0.0
TYMSFt,0.0,0.0,0.0,0.0,0.0,0.0,0.0,0.0,0.0,0.0,Negligible,None,False,0.0,0.0,Small,Small,Stable,0.0,0.0
UDPGLCAtg,0.0,0.0,0.0,0.0,0.0,0.0,0.0,0.0,0.0,0.0,Negligible,None,False,0.0,0.0,Small,Small,Stable,0.0,0.0
RETNt,0.0,0.0,0.0,0.0,0.0,0.0,0.0,0.0,0.0,0.0,Negligible,None,False,0.0,0.0,Small,Small,Stable,0.0,0.0
UDPGLCter,0.0,0.0,0.0,0.0,0.0,0.0,0.0,0.0,0.0,0.0,Negligible,None,False,0.0,0.0,Small,Small,Stable,0.0,0.0
UDPGLCtg,0.0,0.0,0.0,0.0,0.0,0.0,0.0,0.0,0.0,0.0,Negligible,None,False,0.0,0.0,Small,Small,Stable,0.0,0.0
TYR3MO2,0.0,0.0,0.0,0.0,0.0,0.0,0.0,0.0,0.0,0.0,Negligible,None,False,0.0,0.0,Small,Small,Stable,0.0,0.0
TYRASE,0.0,0.0,0.0,0.0,0.0,0.0,0.0,0.0,0.0,0.0,Negligible,None,False,0.0,0.0,Small,Small,Stable,0.0,0.0
TYRCBOX,0.0,0.0,0.0,0.0,0.0,0.0,0.0,0.0,0.0,0.0,Negligible,None,False,0.0,0.0,Small,Small,Stable,0.0,0.0
TYRDOPO,0.0,0.0,0.0,0.0,0.0,0.0,0.0,0.0,0.0,0.0,Negligible,None,False,0.0,0.0,Small,Small,Stable,0.0,0.0
UDPGLDCg,0.0,0.0,0.0,0.0,0.0,0.0,0.0,0.0,0.0,0.0,Negligible,None,False,0.0,0.0,Small,Small,Stable,0.0,0.0
RETNtr,0.0,0.0,0.0,0.0,0.0,0.0,0.0,0.0,0.0,0.0,Negligible,None,False,0.0,0.0,Small,Small,Stable,0.0,0.0
TYRDOPO3,0.0,0.0,0.0,0.0,0.0,0.0,0.0,0.0,0.0,0.0,Negligible,None,False,0.0,0.0,Small,Small,Stable,0.0,0.0
TYROXDAc,0.0,0.0,0.0,0.0,0.0,0.0,0.0,0.0,0.0,0.0,Negligible,None,False,0.0,0.0,Small,Small,Stable,0.0,0.0
TYRTA,0.0,0.0,0.0,0.0,0.0,0.0,0.0,0.0,0.0,0.0,Negligible,None,False,0.0,0.0,Small,Small,Stable,0.0,0.0
TYRTAim,0.0,0.0,0.0,0.0,0.0,0.0,0.0,0.0,0.0,0.0,Negligible,None,False,0.0,0.0,Small,Small,Stable,0.0,0.0
TYRt4,0.1,0.1,0.1,0.0,0.0,0.0,0.0,0.0,0.0,0.0,Negligible,None,False,0.0,0.0,Small,Small,Stable,0.0,0.0
UAG2EMA,0.0,0.0,0.0,0.0,0.0,0.0,0.0,0.0,0.0,0.0,Negligible,None,False,0.0,0.0,Small,Small,Stable,0.0,0.0
UDPGNP,0.0,0.0,0.0,0.0,0.0,0.0,0.0,0.0,0.0,0.0,Negligible,None,False,0.0,0.0,Small,Small,Stable,0.0,0.0
UDPGP,0.0,0.0,0.0,0.0,0.0,0.0,0.0,0.0,0.0,0.0,Negligible,None,False,0.0,0.0,Small,Small,Stable,0.0,0.0
UDPXYLter,0.0,0.0,0.0,0.0,0.0,0.0,0.0,0.0,0.0,0.0,Negligible,None,False,0.0,0.0,Small,Small,Stable,0.0,0.0
UDPXYLtg,0.0,0.0,0.0,0.0,0.0,0.0,0.0,0.0,0.0,0.0,Negligible,None,False,0.0,0.0,Small,Small,Stable,0.0,0.0
UDPtl,0.0,0.0,0.0,0.0,0.0,0.0,0.0,0.0,0.0,0.0,Negligible,None,False,0.0,0.0,Small,Small,Stable,0.0,0.0
UGALGTg,0.0,0.0,0.0,0.0,0.0,0.0,0.0,0.0,0.0,0.0,Negligible,None,False,0.0,0.0,Small,Small,Stable,0.0,0.0
RETNtr2,0.0,0.0,0.0,0.0,0.0,0.0,0.0,0.0,0.0,0.0,Negligible,None,False,0.0,0.0,Small,Small,Stable,0.0,0.0
UGALNACter,0.0,0.0,0.0,0.0,0.0,0.0,0.0,0.0,0.0,0.0,Negligible,None,False,0.0,0.0,Small,Small,Stable,0.0,0.0
UGALNACtg,0.0,0.0,0.0,0.0,0.0,0.0,0.0,0.0,0.0,0.0,Negligible,None,False,0.0,0.0,Small,Small,Stable,0.0,0.0
UGCG,0.0,0.0,0.0,0.0,0.0,0.0,0.0,0.0,0.0,0.0,Negligible,None,False,0.0,0.0,Small,Small,Stable,0.0,0.0
UGLCNACtg,0.0,0.0,0.0,0.0,0.0,0.0,0.0,0.0,0.0,0.0,Negligible,None,False,0.0,0.0,Small,Small,Stable,0.0,0.0
UAG4Ei,0.0,0.0,0.0,0.0,0.0,0.0,0.0,0.0,0.0,0.0,Negligible,None,False,0.0,0.0,Small,Small,Stable,0.0,0.0
UAGALDP,0.0,0.0,0.0,0.0,0.0,0.0,0.0,0.0,0.0,0.0,Negligible,None,False,0.0,0.0,Small,Small,Stable,0.0,0.0
RETt,0.0,0.0,0.0,0.0,0.0,0.0,0.0,0.0,0.0,0.0,Negligible,None,False,0.0,0.0,Small,Small,Stable,0.0,0.0
UAGDP,0.0,0.0,0.0,0.0,0.0,0.0,0.0,0.0,0.0,0.0,Negligible,None,False,0.0,0.0,Small,Small,Stable,0.0,0.0
UGLT,1.0,0.5,0.5,-0.5,0.0,-0.5,0.5,0.0,100.0,0.0,Synergistic,Diet-dominated synergy,False,-0.5,0.0,Medium,Small,Diet,100.0,0.0
UGT1A9r,0.0,0.0,0.0,0.0,0.0,0.0,0.0,0.0,0.0,0.0,Negligible,None,False,0.0,0.0,Small,Small,Stable,0.0,0.0
EX_Rtotal2_e,0.0,0.0,0.0,0.0,0.0,0.0,0.0,0.0,0.0,0.0,Negligible,None,False,0.0,0.0,Small,Small,Stable,0.0,0.0
UMPK2,0.0,0.0,0.0,0.0,0.0,0.0,0.0,0.0,0.0,0.0,Negligible,None,False,0.0,0.0,Small,Small,Stable,0.0,0.0
UDPACGALtl,0.0,0.0,0.0,0.0,0.0,0.0,0.0,0.0,0.0,0.0,Negligible,None,False,0.0,0.0,Small,Small,Stable,0.0,0.0
RIBFLVt3,0.0,0.0,0.0,0.0,0.0,0.0,0.0,0.0,0.0,0.0,Negligible,None,False,0.0,0.0,Small,Small,Stable,0.0,0.0
UMPK2n,0.0,0.0,0.0,0.0,0.0,0.0,0.0,0.0,0.0,0.0,Negligible,None,False,0.0,0.0,Small,Small,Stable,0.0,0.0
UMPK3,0.0,0.0,0.0,0.0,0.0,0.0,0.0,0.0,0.0,0.0,Negligible,None,False,0.0,0.0,Small,Small,Stable,0.0,0.0
RIBt,0.5,0.2,0.2,-0.3,0.0,-0.3,0.3,0.0,100.0,0.0,Synergistic,Diet-dominated synergy,False,-0.6,0.0,Medium,Small,Diet,100.0,0.0
UMPK3n,0.0,0.0,0.0,0.0,0.0,0.0,0.0,0.0,0.0,0.0,Negligible,None,False,0.0,0.0,Small,Small,Stable,0.0,0.0
EX_Rtotal3_e,0.0,0.0,0.0,0.0,0.0,0.0,0.0,0.0,0.0,0.0,Negligible,None,False,0.0,0.0,Small,Small,Stable,0.0,0.0
UMPK4n,0.0,0.0,0.0,0.0,0.0,0.0,0.0,0.0,0.0,0.0,Negligible,None,False,0.0,0.0,Small,Small,Stable,0.0,0.0
UMPK5,0.0,0.0,0.0,0.0,0.0,0.0,0.0,0.0,0.0,0.0,Negligible,None,False,0.0,0.0,Small,Small,Stable,0.0,0.0
UMPK5n,0.0,0.0,0.0,0.0,0.0,0.0,0.0,0.0,0.0,0.0,Negligible,None,False,0.0,0.0,Small,Small,Stable,0.0,0.0
UMPK6,0.0,0.0,0.0,0.0,0.0,0.0,0.0,0.0,0.0,0.0,Negligible,None,False,0.0,0.0,Small,Small,Stable,0.0,0.0
UMPK6n,0.0,0.0,0.0,0.0,0.0,0.0,0.0,0.0,0.0,0.0,Negligible,None,False,0.0,0.0,Small,Small,Stable,0.0,0.0
UMPK7,0.0,0.0,0.0,0.0,0.0,0.0,0.0,0.0,0.0,0.0,Negligible,None,False,0.0,0.0,Small,Small,Stable,0.0,0.0
UMPK7n,0.0,0.0,0.0,0.0,0.0,0.0,0.0,0.0,0.0,0.0,Negligible,None,False,0.0,0.0,Small,Small,Stable,0.0,0.0
UMPKm,0.0,0.0,0.0,0.0,0.0,0.0,0.0,0.0,0.0,0.0,Negligible,None,False,0.0,0.0,Small,Small,Stable,0.0,0.0
UMPKn,0.0,0.0,0.0,0.0,0.0,0.0,0.0,0.0,0.0,0.0,Negligible,None,False,0.0,0.0,Small,Small,Stable,0.0,0.0
UMPtr,0.0,0.0,0.0,0.0,0.0,0.0,0.0,0.0,0.0,0.0,Negligible,None,False,0.0,0.0,Small,Small,Stable,0.0,0.0
UNK2,0.0,0.0,0.0,0.0,0.0,0.0,0.0,0.0,0.0,0.0,Negligible,None,False,0.0,0.0,Small,Small,Stable,0.0,0.0
UNK3,0.0,0.0,0.0,0.0,0.0,0.0,0.0,0.0,0.0,0.0,Negligible,None,False,0.0,0.0,Small,Small,Stable,0.0,0.0
UPP3S,0.0,0.0,0.0,0.0,0.0,0.0,0.0,0.0,0.0,0.0,Negligible,None,False,0.0,0.0,Small,Small,Stable,0.0,0.0
UPPDC1,0.0,0.0,0.0,0.0,0.0,0.0,0.0,0.0,0.0,0.0,Negligible,None,False,0.0,0.0,Small,Small,Stable,0.0,0.0
EX_cspg_e_e,0.0,0.0,0.0,0.0,0.0,0.0,0.0,0.0,0.0,0.0,Negligible,None,False,0.0,0.0,Small,Small,Stable,0.0,0.0
URATEt,0.0,0.0,0.0,0.0,0.0,0.0,0.0,0.0,0.0,0.0,Negligible,None,False,0.0,0.0,Small,Small,Stable,0.0,0.0
URATEtx,0.0,0.0,0.0,0.0,0.0,0.0,0.0,0.0,0.0,0.0,Negligible,None,False,0.0,0.0,Small,Small,Stable,0.0,0.0
URAt,0.2,0.15,0.15,-0.05000000000000002,0.0,-0.05000000000000002,0.05000000000000002,0.0,100.0,0.0,Synergistic,Diet-dominated synergy,False,-0.25000000000000006,0.0,Medium,Small,Diet,100.0,0.0
EX_Tyr_ggn_e,0.0,0.0,0.0,0.0,0.0,0.0,0.0,0.0,0.0,0.0,Negligible,None,False,0.0,0.0,Small,Small,Stable,0.0,0.0
UREAt,0.0,0.0,0.0,0.0,0.0,0.0,0.0,0.0,0.0,0.0,Negligible,None,False,0.0,0.0,Small,Small,Stable,0.0,0.0
UREAt5,0.0,0.0,0.0,0.0,0.0,0.0,0.0,0.0,0.0,0.0,Negligible,None,False,0.0,0.0,Small,Small,Stable,0.0,0.0
UREAtm,0.0,0.0,0.0,0.0,0.0,0.0,0.0,0.0,0.0,0.0,Negligible,None,False,0.0,0.0,Small,Small,Stable,0.0,0.0
URIDK2m,0.0,0.0,0.0,0.0,0.0,0.0,0.0,0.0,0.0,0.0,Negligible,None,False,0.0,0.0,Small,Small,Stable,0.0,0.0
EX_btn_e,0.0,0.0,0.0,0.0,0.0,0.0,0.0,0.0,0.0,0.0,Negligible,None,False,0.0,0.0,Small,Small,Stable,0.0,0.0
URIt,0.0,0.0,0.0,0.0,0.0,0.0,0.0,0.0,0.0,0.0,Negligible,None,False,0.0,0.0,Small,Small,Stable,0.0,0.0
URIt4,0.0,0.0,0.0,0.0,0.0,0.0,0.0,0.0,0.0,0.0,Negligible,None,False,0.0,0.0,Small,Small,Stable,0.0,0.0
URIt5,0.0,0.0,0.0,0.0,0.0,0.0,0.0,0.0,0.0,0.0,Negligible,None,False,0.0,0.0,Small,Small,Stable,0.0,0.0
UROLACer,0.0,0.0,0.0,0.0,0.0,0.0,0.0,0.0,0.0,0.0,Negligible,None,False,0.0,0.0,Small,Small,Stable,0.0,0.0
UTPtn,0.0,0.0,0.0,0.0,0.0,0.0,0.0,0.0,0.0,0.0,Negligible,None,False,0.0,0.0,Small,Small,Stable,0.0,0.0
Uritl,0.0,0.0,0.0,0.0,0.0,0.0,0.0,0.0,0.0,0.0,Negligible,None,False,0.0,0.0,Small,Small,Stable,0.0,0.0
Uritm,0.0,0.0,0.0,0.0,0.0,0.0,0.0,0.0,0.0,0.0,Negligible,None,False,0.0,0.0,Small,Small,Stable,0.0,0.0
Uritn,0.0,0.0,0.0,0.0,0.0,0.0,0.0,0.0,0.0,0.0,Negligible,None,False,0.0,0.0,Small,Small,Stable,0.0,0.0
VACCCPT1,0.0,0.0,0.0,0.0,0.0,0.0,0.0,0.0,0.0,0.0,Negligible,None,False,0.0,0.0,Small,Small,Stable,0.0,0.0
VACCCPT2,0.0,0.0,0.0,0.0,0.0,0.0,0.0,0.0,0.0,0.0,Negligible,None,False,0.0,0.0,Small,Small,Stable,0.0,0.0
VACCCRNt,0.0,0.0,0.0,0.0,0.0,0.0,0.0,0.0,0.0,0.0,Negligible,None,False,0.0,0.0,Small,Small,Stable,0.0,0.0
VACCt,0.0,0.0,0.0,0.0,0.0,0.0,0.0,0.0,0.0,0.0,Negligible,None,False,0.0,0.0,Small,Small,Stable,0.0,0.0
VALTA,0.0,0.0,0.0,0.0,0.0,0.0,0.0,0.0,0.0,0.0,Negligible,None,False,0.0,0.0,Small,Small,Stable,0.0,0.0
VALTAim,0.0,0.0,0.0,0.0,0.0,0.0,0.0,0.0,0.0,0.0,Negligible,None,False,0.0,0.0,Small,Small,Stable,0.0,0.0
VALt4,0.0,0.0,0.0,0.0,0.0,0.0,0.0,0.0,0.0,0.0,Negligible,None,False,0.0,0.0,Small,Small,Stable,0.0,0.0
VALt5m,0.0,0.0,0.0,0.0,0.0,0.0,0.0,0.0,0.0,0.0,Negligible,None,False,0.0,0.0,Small,Small,Stable,0.0,0.0
EX_abt_e,0.0,0.0,0.0,0.0,0.0,0.0,0.0,0.0,0.0,0.0,Negligible,None,False,0.0,0.0,Small,Small,Stable,0.0,0.0
VD3,0.0,0.0,0.0,0.0,0.0,0.0,0.0,0.0,0.0,0.0,Negligible,None,False,0.0,0.0,Small,Small,Stable,0.0,0.0
VITD2Hm,0.0,0.0,0.0,0.0,0.0,0.0,0.0,0.0,0.0,0.0,Negligible,None,False,0.0,0.0,Small,Small,Stable,0.0,0.0
VITD2t,0.0,0.0,0.0,0.0,0.0,0.0,0.0,0.0,0.0,0.0,Negligible,None,False,0.0,0.0,Small,Small,Stable,0.0,0.0
VITD2tm,0.0,0.0,0.0,0.0,0.0,0.0,0.0,0.0,0.0,0.0,Negligible,None,False,0.0,0.0,Small,Small,Stable,0.0,0.0
VITD3t,0.0,0.0,0.0,0.0,0.0,0.0,0.0,0.0,0.0,0.0,Negligible,None,False,0.0,0.0,Small,Small,Stable,0.0,0.0
VITD3t2,0.0,0.0,0.0,0.0,0.0,0.0,0.0,0.0,0.0,0.0,Negligible,None,False,0.0,0.0,Small,Small,Stable,0.0,0.0
VITD3tm,0.0,0.0,0.0,0.0,0.0,0.0,0.0,0.0,0.0,0.0,Negligible,None,False,0.0,0.0,Small,Small,Stable,0.0,0.0
VITD3tm3,0.0,0.0,0.0,0.0,0.0,0.0,0.0,0.0,0.0,0.0,Negligible,None,False,0.0,0.0,Small,Small,Stable,0.0,0.0
VLCS2p,0.0,0.0,0.0,0.0,0.0,0.0,0.0,0.0,0.0,0.0,Negligible,None,False,0.0,0.0,Small,Small,Stable,0.0,0.0
VLCS2r,0.0,0.0,0.0,0.0,0.0,0.0,0.0,0.0,0.0,0.0,Negligible,None,False,0.0,0.0,Small,Small,Stable,0.0,0.0
VLCSp,0.0,0.0,0.0,0.0,0.0,0.0,0.0,0.0,0.0,0.0,Negligible,None,False,0.0,0.0,Small,Small,Stable,0.0,0.0
VLCSr,0.0,0.0,0.0,0.0,0.0,0.0,0.0,0.0,0.0,0.0,Negligible,None,False,0.0,0.0,Small,Small,Stable,0.0,0.0
WHDDCAte,0.0,0.0,0.0,0.0,0.0,0.0,0.0,0.0,0.0,0.0,Negligible,None,False,0.0,0.0,Small,Small,Stable,0.0,0.0
WHHDCAte,0.0,0.0,0.0,0.0,0.0,0.0,0.0,0.0,0.0,0.0,Negligible,None,False,0.0,0.0,Small,Small,Stable,0.0,0.0
WHTSTSTERONEte,0.0,0.0,0.0,0.0,0.0,0.0,0.0,0.0,0.0,0.0,Negligible,None,False,0.0,0.0,Small,Small,Stable,0.0,0.0
WHTTDCAte,0.0,0.0,0.0,0.0,0.0,0.0,0.0,0.0,0.0,0.0,Negligible,None,False,0.0,0.0,Small,Small,Stable,0.0,0.0
XANDp,0.0,0.0,0.0,0.0,0.0,0.0,0.0,0.0,0.0,0.0,Negligible,None,False,0.0,0.0,Small,Small,Stable,0.0,0.0
DM_Ser_Thr_l,0.0,0.0,0.0,0.0,0.0,0.0,0.0,0.0,0.0,0.0,Negligible,None,False,0.0,0.0,Small,Small,Stable,0.0,0.0
XOLTRIOLtm,0.0,0.0,0.0,0.0,0.0,0.0,0.0,0.0,0.0,0.0,Negligible,None,False,0.0,0.0,Small,Small,Stable,0.0,0.0
XOLTRIOLtr,0.0,0.0,0.0,0.0,0.0,0.0,0.0,0.0,0.0,0.0,Negligible,None,False,0.0,0.0,Small,Small,Stable,0.0,0.0
XSERtg,0.0,0.0,0.0,0.0,0.0,0.0,0.0,0.0,0.0,0.0,Negligible,None,False,0.0,0.0,Small,Small,Stable,0.0,0.0
XYLK,0.2,0.15,0.15,-0.05000000000000002,0.0,-0.05000000000000002,0.05000000000000002,0.0,100.0,0.0,Synergistic,Diet-dominated synergy,False,-0.25000000000000006,0.0,Medium,Small,Diet,100.0,0.0
XYLTD_D,0.2,0.15,0.15,-0.05000000000000002,0.0,-0.05000000000000002,0.05000000000000002,0.0,100.0,0.0,Synergistic,Diet-dominated synergy,False,-0.25000000000000006,0.0,Medium,Small,Diet,100.0,0.0
XYLTer,0.0,0.0,0.0,0.0,0.0,0.0,0.0,0.0,0.0,0.0,Negligible,None,False,0.0,0.0,Small,Small,Stable,0.0,0.0
XYLTt,0.0,0.0,0.0,0.0,0.0,0.0,0.0,0.0,0.0,0.0,Negligible,None,False,0.0,0.0,Small,Small,Stable,0.0,0.0
XYLUR,0.2,0.15,0.15,-0.05000000000000002,0.0,-0.05000000000000002,0.05000000000000002,0.0,100.0,0.0,Synergistic,Diet-dominated synergy,False,-0.25000000000000006,0.0,Medium,Small,Diet,100.0,0.0
XYLt,0.0,0.0,0.0,0.0,0.0,0.0,0.0,0.0,0.0,0.0,Negligible,None,False,0.0,0.0,Small,Small,Stable,0.0,0.0
XYLtly,0.0,0.0,0.0,0.0,0.0,0.0,0.0,0.0,0.0,0.0,Negligible,None,False,0.0,0.0,Small,Small,Stable,0.0,0.0
YVITEt,0.0,0.0,0.0,0.0,0.0,0.0,0.0,0.0,0.0,0.0,Negligible,None,False,0.0,0.0,Small,Small,Stable,0.0,0.0
EX_but_e,0.0,0.0,0.0,0.0,0.0,0.0,0.0,0.0,0.0,0.0,Negligible,None,False,0.0,0.0,Small,Small,Stable,0.0,0.0
R03184_PLUS_R00647,-0.2,-0.15,-0.15,0.05000000000000002,0.0,0.05000000000000002,0.05000000000000002,0.0,100.0,0.0,Synergistic,Diet-dominated synergy,False,0.25000000000000006,0.0,Medium,Small,Diet,100.0,0.0
EX_bvite_e,0.0,0.0,0.0,0.0,0.0,0.0,0.0,0.0,0.0,0.0,Negligible,None,False,0.0,0.0,Small,Small,Stable,0.0,0.0
EX_acnacngalgbside_hs_e,0.0,0.0,0.0,0.0,0.0,0.0,0.0,0.0,0.0,0.0,Negligible,None,False,0.0,0.0,Small,Small,Stable,0.0,0.0
XANtx,0.0,0.0,0.0,0.0,0.0,0.0,0.0,0.0,0.0,0.0,Negligible,None,False,0.0,0.0,Small,Small,Stable,0.0,0.0
DM_avite1_c,0.0,0.0,0.0,0.0,0.0,0.0,0.0,0.0,0.0,0.0,Negligible,None,False,0.0,0.0,Small,Small,Stable,0.0,0.0
EX_acetone_e,0.0,0.0,0.0,0.0,0.0,0.0,0.0,0.0,0.0,0.0,Negligible,None,False,0.0,0.0,Small,Small,Stable,0.0,0.0
EX_acgalfucgalacgalfuc12gal14acglcgalgluside_hs_e,0.0,0.0,0.0,0.0,0.0,0.0,0.0,0.0,0.0,0.0,Negligible,None,False,0.0,0.0,Small,Small,Stable,0.0,0.0
EX_acgalfucgalacgalfucgalacglcgal14acglcgalgluside_hs_e,0.0,0.0,0.0,0.0,0.0,0.0,0.0,0.0,0.0,0.0,Negligible,None,False,0.0,0.0,Small,Small,Stable,0.0,0.0
DM_avite2_c,0.0,0.0,0.0,0.0,0.0,0.0,0.0,0.0,0.0,0.0,Negligible,None,False,0.0,0.0,Small,Small,Stable,0.0,0.0
DM_bvite_c,0.0,0.0,0.0,0.0,0.0,0.0,0.0,0.0,0.0,0.0,Negligible,None,False,0.0,0.0,Small,Small,Stable,0.0,0.0
EX_4mptnl_e,0.0,0.0,0.0,0.0,0.0,0.0,0.0,0.0,0.0,0.0,Negligible,None,False,0.0,0.0,Small,Small,Stable,0.0,0.0
DM_core5_g,0.0,0.0,0.0,0.0,0.0,0.0,0.0,0.0,0.0,0.0,Negligible,None,False,0.0,0.0,Small,Small,Stable,0.0,0.0
EX_acgam_e,0.0,0.0,0.0,0.0,0.0,0.0,0.0,0.0,0.0,0.0,Negligible,None,False,0.0,0.0,Small,Small,Stable,0.0,0.0
EX_ach_e,0.0,0.0,0.0,0.0,0.0,0.0,0.0,0.0,0.0,0.0,Negligible,None,False,0.0,0.0,Small,Small,Stable,0.0,0.0
EX_acn13acngalgbside_hs_e,0.0,0.0,0.0,0.0,0.0,0.0,0.0,0.0,0.0,0.0,Negligible,None,False,0.0,0.0,Small,Small,Stable,0.0,0.0
EX_acn23acngalgbside_hs_e,0.0,0.0,0.0,0.0,0.0,0.0,0.0,0.0,0.0,0.0,Negligible,None,False,0.0,0.0,Small,Small,Stable,0.0,0.0
EX_4mtolbutamide_e,0.0,0.0,0.0,0.0,0.0,0.0,0.0,0.0,0.0,0.0,Negligible,None,False,0.0,0.0,Small,Small,Stable,0.0,0.0
EX_acnacngal14acglcgalgluside_hs_e,0.0,0.0,0.0,0.0,0.0,0.0,0.0,0.0,0.0,0.0,Negligible,None,False,0.0,0.0,Small,Small,Stable,0.0,0.0
XOLTRI27tc,0.0,0.0,0.0,0.0,0.0,0.0,0.0,0.0,0.0,0.0,Negligible,None,False,0.0,0.0,Small,Small,Stable,0.0,0.0
