ReactionID,ReactionName,Subsystem,HFD_mean,SCD_mean,MeanDiff,log2FC,t_statistic,p_value,Cohen_d,HFD_n,SCD_n,q_value,Significant,Direction
CYOR_u10m,"Ubiquinol-6 cytochrome c reductase, Complex III",Oxidative Phosphorylation,0.7824913605817619,0.9204353126884005,-0.13794395210663857,-0.2342415104212493,-7.040900204792611,8.758632535243213e-10,-1.6259408509897693,38,37,3.263466482631621e-06,True,Down
DESAT16_2,Palmitoyl-CoA desaturase (n-C16:0CoA -> n-C16:1CoA),Fatty acid elongation,0.7895482014652334,0.9652687197838713,-0.17572051831863789,-0.2899032836001274,-6.627987541397936,1.0713703591251012e-08,-1.5399376321743137,38,37,6.653209930166879e-06,True,Down
RTOT6,R total flux,R Group Synthesis,0.8152804499063571,0.9787577653893791,-0.16347731548302202,-0.2636554284603423,-6.663496169928133,5.021256795426765e-09,-1.5343760894055822,38,37,3.741840563952025e-06,True,Down
HDD2COAtx,Hdd2coa intracellular transport,"Transport, Peroxisomal",-0.8152804499063571,-0.9787577653893791,0.16347731548302202,-0.2636554285194548,6.663496169928133,5.021256795426765e-09,1.5343760894055822,38,37,3.741840563952025e-06,True,Up
ARTFR61,R group artificial flux,R Group Synthesis,0.8152804499063571,0.9787577653893791,-0.16347731548302202,-0.2636554284603423,-6.663496169928133,5.021256795426765e-09,-1.5343760894055822,38,37,3.741840563952025e-06,True,Down
ACOAO7p,Acyl CoA oxidase  hexadecanoyl CoA   peroxisomal,Fatty Acid Metabolism,0.8152804499063571,0.9787577653893791,-0.16347731548302202,-0.2636554284603423,-6.663496169928133,5.021256795426765e-09,-1.5343760894055822,38,37,3.741840563952025e-06,True,Down
NADH2_u10m,"NADH dehydrogenase, mitochondrial",Oxidative Phosphorylation,0.7853448911363579,0.9252936333490133,-0.1399487422126554,-0.23658489872737082,-6.320236783515361,3.20885034442926e-08,-1.4508868130250163,38,37,1.0370113959141183e-05,True,Down
CLS_hs,Cardiolipin synthase (homo sapiens),Glycerophospholipid Metabolism,0.00019392765768336313,0.0002170515280356459,-2.312387035228276e-05,-0.1625189266881502,-5.821198476379391,1.8368961924175625e-07,-1.3496289956331502,38,37,1.0370113959141183e-05,True,Down
DGK1,Deoxyguanylate kinase (dGMP:ATP),Nucleotides,-0.0006399612703553842,-0.0007162700425179351,7.630877216255089e-05,-0.16251902996112697,5.821198476376772,1.8368961924345778e-07,1.3496289956325294,38,37,1.0370113959141183e-05,True,Up
CDIPTr,Phosphatidylinositol synthase (Homo sapiens),Glycerophospholipid Metabolism,0.0006464255256115,0.0007235050934524621,-7.707956784096205e-05,-0.1625189821673255,-5.821198476376565,1.8368961924347718e-07,-1.3496289956324723,38,37,1.0370113959141183e-05,True,Down
MI1PP,Myo-inositol 1-phosphatase,Inositol Phosphate Metabolism,0.0006464255256115,0.0007235050934524621,-7.707956784096205e-05,-0.1625189821673255,-5.821198476376565,1.8368961924347718e-07,-1.3496289956324723,38,37,1.0370113959141183e-05,True,Down
MI1PS,Myo Inositol 1 phosphate synthase,Inositol Phosphate Metabolism,0.0006464255256115,0.0007235050934524621,-7.707956784096205e-05,-0.1625189821673255,-5.821198476376565,1.8368961924347718e-07,-1.3496289956324723,38,37,1.0370113959141183e-05,True,Down
PGPP_hs,Phosphatidylglycerol phosphate phosphatase (homo sapiens),Glycerophospholipid Metabolism,0.00025857021024456315,0.00028940203738093246,-3.0831827136369315e-05,-0.1625189465020624,-5.821198476376541,1.8368961924327058e-07,-1.3496289956324516,38,37,1.0370113959141183e-05,True,Down
PGPPT,Phosphatidyl-CMP: glycerophosphate phosphatidyltransferase,Glycerophospholipid Metabolism,0.00025857021024456315,0.00028940203738093246,-3.0831827136369315e-05,-0.1625189465020624,-5.821198476376541,1.8368961924327058e-07,-1.3496289956324516,38,37,1.0370113959141183e-05,True,Down
AGPAT1,1-acylglycerol-3-phosphate O-acyltransferase 1,Triacylglycerol Synthesis,0.0074338935445332705,0.008320308574704345,-0.0008864150301710746,-0.16251900387657067,-5.821198476376354,1.8368961924376183e-07,-1.3496289956324325,38,37,1.0370113959141183e-05,True,Down
GPAM_hs,Glycerol-3-phosphate acyltransferase,Triacylglycerol Synthesis,0.0074338935445332705,0.008320308574704345,-0.0008864150301710746,-0.16251900387657067,-5.821198476376354,1.8368961924376183e-07,-1.3496289956324325,38,37,1.0370113959141183e-05,True,Down
ARTPLM2,R group to palmitate conversion,R Group Synthesis,-0.007433893544533279,-0.008320308574704347,0.0008864150301710677,-0.16251900801166788,5.821198476376342,1.8368961924377658e-07,1.3496289956324299,38,37,1.0370113959141183e-05,True,Up
PSSA1_hs,Phosphatidylserine synthase homo sapiens,Glycerophospholipid Metabolism,0.001874634024273524,0.002098164771012308,-0.00022353074673878387,-0.1625189977452186,-5.821198476376327,1.8368961924380223e-07,-1.3496289956324274,38,37,1.0370113959141183e-05,True,Down
EX_chol_e,Choline exchange,Extracellular exchange,-0.004977476547209184,-0.005570989219584598,0.0005935126723754141,-0.1625190090320197,5.821198476376321,1.8368961924378463e-07,1.3496289956324248,38,37,1.0370113959141183e-05,True,Up
CHSTEROLt3,Cholesterol intracellular transport,"Transport, Mitochondrial",-0.001163565946100787,-0.0013023091682145078,0.00013874322211372084,-0.16251901915345965,5.821198476376333,1.836896192437356e-07,1.3496289956324246,38,37,1.0370113959141183e-05,True,Up
SQLEr,Squalene epoxidase  endoplasmic reticular  NADP ,Cholesterol Metabolism,0.001163565946100787,0.0013023091682145078,-0.00013874322211372084,-0.16251899273477383,-5.821198476376333,1.836896192437356e-07,-1.3496289956324246,38,37,1.0370113959141183e-05,True,Down
FADH2tru,"FADH2 transporter, endoplasmic reticulum","Transport, Endoplasmic Reticular",0.001163565946100787,0.0013023091682145078,-0.00013874322211372084,-0.16251899273477383,-5.821198476376333,1.836896192437356e-07,-1.3496289956324246,38,37,1.0370113959141183e-05,True,Down
LNS14DMr,Cytochrome P450 lanosterol 14-alpha-demethylase,Cholesterol Metabolism,0.001163565946100787,0.0013023091682145078,-0.00013874322211372084,-0.16251899273477383,-5.821198476376333,1.836896192437356e-07,-1.3496289956324246,38,37,1.0370113959141183e-05,True,Down
FADtru,"FAD transporter, endoplasmic reticulum","Transport, Endoplasmic Reticular",0.001163565946100787,0.0013023091682145078,-0.00013874322211372084,-0.16251899273477383,-5.821198476376333,1.836896192437356e-07,-1.3496289956324246,38,37,1.0370113959141183e-05,True,Down
CHSTEROLt2,Cholesterol intracellular transport,"Transport, Mitochondrial",0.001163565946100787,0.0013023091682145078,-0.00013874322211372084,-0.16251899273477383,-5.821198476376333,1.836896192437356e-07,-1.3496289956324246,38,37,1.0370113959141183e-05,True,Down
LNSTLSr,Lanosterol synthase,Cholesterol Metabolism,0.001163565946100787,0.0013023091682145078,-0.00013874322211372084,-0.16251899273477383,-5.821198476376333,1.836896192437356e-07,-1.3496289956324246,38,37,1.0370113959141183e-05,True,Down
C3STKR2r,C-3 sterol keto reductase (zymosterol),Cholesterol Metabolism,0.001163565946100787,0.0013023091682145078,-0.00013874322211372084,-0.16251899273477383,-5.821198476376333,1.836896192437356e-07,-1.3496289956324246,38,37,1.0370113959141183e-05,True,Down
FORtr,"FOR transporter, endoplasmic reticulum","Transport, Endoplasmic Reticular",-0.001163565946100787,-0.0013023091682145078,0.00013874322211372084,-0.16251901915345965,5.821198476376333,1.836896192437356e-07,1.3496289956324246,38,37,1.0370113959141183e-05,True,Up
C4STMO1r,"C-4 sterol methyl oxidase (4,4-dimethylzymosterol)",Cholesterol Metabolism,0.001163565946100787,0.0013023091682145078,-0.00013874322211372084,-0.16251899273477383,-5.821198476376333,1.836896192437356e-07,-1.3496289956324246,38,37,1.0370113959141183e-05,True,Down
SQLSr,Squalene synthase,Cholesterol Metabolism,0.001163565946100787,0.0013023091682145078,-0.00013874322211372084,-0.16251899273477383,-5.821198476376333,1.836896192437356e-07,-1.3496289956324246,38,37,1.0370113959141183e-05,True,Down
C14STRr,C-14 sterol reductase,Cholesterol Metabolism,0.001163565946100787,0.0013023091682145078,-0.00013874322211372084,-0.16251899273477383,-5.821198476376333,1.836896192437356e-07,-1.3496289956324246,38,37,1.0370113959141183e-05,True,Down
CHOLK,Choline kinase,Glycerophospholipid Metabolism,0.006852110571482813,0.0076691539905970165,-0.0008170434191142033,-0.16251900370102382,-5.821198476376316,1.836896192438049e-07,-1.3496289956324243,38,37,1.0370113959141183e-05,True,Down
CEPTC,Choline phosphotransferase,Glycerophospholipid Metabolism,0.006852110571482813,0.0076691539905970165,-0.0008170434191142033,-0.16251900370102382,-5.821198476376316,1.836896192438049e-07,-1.3496289956324243,38,37,1.0370113959141183e-05,True,Down
CHLPCTD,Choline phosphate cytididyltransferase,Glycerophospholipid Metabolism,0.006852110571482813,0.0076691539905970165,-0.0008170434191142033,-0.16251900370102382,-5.821198476376316,1.836896192438049e-07,-1.3496289956324243,38,37,1.0370113959141183e-05,True,Down
URIK1,Uridine kinase  ATPUridine ,Pyrimidine Biosynthesis,0.005695008880638057,0.006374079873316933,-0.0006790709926788761,-0.16251900324527513,-5.821198476376311,1.8368961924379257e-07,-1.3496289956324221,38,37,1.0370113959141183e-05,True,Down
PYNP2r,Pyrimidine-nucleoside phosphorylase (uracil),Pyrimidine Catabolism,-0.005695008880638057,-0.006374079873316933,0.0006790709926788761,-0.16251900864296343,5.821198476376311,1.8368961924379257e-07,1.3496289956324221,38,37,1.0370113959141183e-05,True,Up
PPItr,"Diphosphate transporter, endoplasmic reticulum","Transport, Endoplasmic Reticular",-0.002327131892201682,-0.002604618336429139,0.00027748644422745687,-0.16251901254878873,5.821198476376299,1.8368961924381316e-07,1.3496289956324203,38,37,1.0370113959141183e-05,True,Up
CO2ter,CO2 endoplasmic reticular transport via diffusion,"Transport, Endoplasmic Reticular",-0.002327131892201682,-0.002604618336429139,0.00027748644422745687,-0.16251901254878873,5.821198476376299,1.8368961924381316e-07,1.3496289956324203,38,37,1.0370113959141183e-05,True,Up
FRDPtr,"Lipid, flip-flop intracellular transport","Transport, Peroxisomal",0.002327131892201682,0.002604618336429139,-0.00027748644422745687,-0.16251899933944572,-5.821198476376299,1.8368961924381316e-07,-1.3496289956324203,38,37,1.0370113959141183e-05,True,Down
IPDDIx,Isopentenyl-diphosphate D-isomerase,Cholesterol Metabolism,0.002327131892201682,0.002604618336429139,-0.00027748644422745687,-0.16251899933944572,-5.821198476376299,1.8368961924381316e-07,-1.3496289956324203,38,37,1.0370113959141183e-05,True,Down
DMATTx,Dimethylallyltranstransferase,Cholesterol Metabolism,0.002327131892201682,0.002604618336429139,-0.00027748644422745687,-0.16251899933944572,-5.821198476376299,1.8368961924381316e-07,-1.3496289956324203,38,37,1.0370113959141183e-05,True,Down
GRTTx,Geranyltranstransferase,Cholesterol Metabolism,0.002327131892201682,0.002604618336429139,-0.00027748644422745687,-0.16251899933944572,-5.821198476376299,1.8368961924381316e-07,-1.3496289956324203,38,37,1.0370113959141183e-05,True,Down
NADPHtxu,"NADPH transport, glyoxysome","Transport, Peroxisomal",0.013962791353210385,0.015627710018575162,-0.0016649186653647768,-0.16251900484333864,-5.821198476376276,1.8368961924382446e-07,-1.349628995632415,38,37,1.0370113959141183e-05,True,Down
PPAP,Phosphatidic acid phosphatase,Triacylglycerol Synthesis,0.006334970150993553,0.007090349915834976,-0.0007553797648414224,-0.1625190035179116,-5.821198476376277,1.8368961924382253e-07,-1.3496289956324146,38,37,1.0370113959141183e-05,True,Down
PPItx,"Diphosphate transporter, peroxisome","Transport, Peroxisomal",-0.004654263784403405,-0.005209236672858324,0.0005549728884549189,-0.16251900924645293,5.821198476376263,1.8368961924381988e-07,1.3496289956324106,38,37,1.0370113959141183e-05,True,Up
NADPtxu,"NADP transport, glyoxysome","Transport, Peroxisomal",0.013962791353210388,0.01562771001857516,-0.0016649186653647698,-0.16251900484333792,-5.8211984763762565,1.8368961924383775e-07,-1.3496289956324101,38,37,1.0370113959141183e-05,True,Down
EX_met__L_e,L-Methionine exchange,Extracellular exchange,-0.008920672253439928,-0.009984370289645206,0.0010636980362052784,-0.16251900766707617,5.821198476376231,1.8368961924386681e-07,1.349628995632405,38,37,1.0370113959141183e-05,True,Up
DPMVDx,Diphosphomevalonate decarboxylase,Cholesterol Metabolism,0.0069813956766051405,0.007813855009287522,-0.0008324593326823814,-0.16251900374255981,-5.821198476376228,1.8368961924386038e-07,-1.3496289956324035,38,37,1.0370113959141183e-05,True,Down
PMEVKx,Phosphomevalonate kinase,Cholesterol Metabolism,0.0069813956766051405,0.007813855009287522,-0.0008324593326823814,-0.16251900374255981,-5.821198476376228,1.8368961924386038e-07,-1.3496289956324035,38,37,1.0370113959141183e-05,True,Down
PItx,"Phosphate transporter, peroxisome","Transport, Peroxisomal",-0.0069813956766051405,-0.007813855009287522,0.0008324593326823814,-0.16251900814567408,5.821198476376228,1.8368961924386038e-07,1.3496289956324035,38,37,1.0370113959141183e-05,True,Up
CO2tp,CO2 peroxisomal transport,"Transport, Peroxisomal",-0.0069813956766051405,-0.007813855009287522,0.0008324593326823814,-0.16251900814567408,5.821198476376228,1.8368961924386038e-07,1.3496289956324035,38,37,1.0370113959141183e-05,True,Up
EX_asn__L_e,L-Asparagine exchange,Extracellular exchange,-0.018623519392870012,-0.020844181742368118,0.002220662349498106,-0.16251900676941358,5.821198476376222,1.8368961924387041e-07,1.3496289956324024,38,37,1.0370113959141183e-05,True,Up
MEVK1x,Mevalonate kinase (atp),Cholesterol Metabolism,0.0069813956766051405,0.007813855009287518,-0.000832459332682378,-0.1625190037425591,-5.821198476376216,1.8368961924386756e-07,-1.3496289956324006,38,37,1.0370113959141183e-05,True,Down
HMGCOARx,Hydroxymethylglutaryl CoA reductase (ir),Cholesterol Metabolism,0.0069813956766051405,0.007813855009287518,-0.000832459332682378,-0.1625190037425591,-5.821198476376216,1.8368961924386756e-07,-1.3496289956324006,38,37,1.0370113959141183e-05,True,Down
BIOMASS_mm_1_no_glygln,Biomass mm 1 no glygln,Biomass and maintenance functions,0.06464255256115953,0.07235050934525569,-0.007707956784096165,-0.1625190057063476,-5.821198476376211,1.836896192438759e-07,-1.3496289956324001,38,37,1.0370113959141183e-05,True,Down
EX_ile__L_e,L-Isoleucine exchange,Extracellular exchange,-0.020944187029815643,-0.0234415650278628,0.0024973779980471573,-0.16251900667796843,5.821198476376205,1.83689619243881e-07,1.3496289956323984,38,37,1.0370113959141183e-05,True,Up
ATPtx,"ATP transporter, peroxisomal","Transport, Peroxisomal",0.020944187029815625,0.023441565027862783,-0.0024973779980471573,-0.16251900521026386,-5.821198476376202,1.836896192438789e-07,-1.3496289956323977,38,37,1.0370113959141183e-05,True,Down
ADPtx,"ADP transporter, peroxisomal","Transport, Peroxisomal",-0.020944187029815625,-0.023441565027862783,0.0024973779980471573,-0.16251900667796862,5.821198476376202,1.836896192438789e-07,1.3496289956323977,38,37,1.0370113959141183e-05,True,Up
DSAT,Dihydrosphingosine N-acyltransferase,Sphingolipid Metabolism,0.0005171404204891841,0.0005788040747619405,-6.166365427275641e-05,-0.16251897622309475,-5.821198476376076,1.8368961924383314e-07,-1.3496289956323593,38,37,1.0370113959141183e-05,True,Down
SERPT,Serine C palmitoyltransferase,Sphingolipid Metabolism,0.0005171404204891841,0.0005788040747619405,-6.166365427275641e-05,-0.16251897622309475,-5.821198476376076,1.8368961924383314e-07,-1.3496289956323593,38,37,1.0370113959141183e-05,True,Down
SMS,Sphingomyelin synthase (homo sapiens),Sphingolipid Metabolism,0.0005171404204891841,0.0005788040747619405,-6.166365427275641e-05,-0.16251897622309475,-5.821198476376076,1.8368961924383314e-07,-1.3496289956323593,38,37,1.0370113959141183e-05,True,Down
3DSPHR,3 Dehydrosphinganine reductase,Sphingolipid Metabolism,0.0005171404204891841,0.0005788040747619405,-6.166365427275641e-05,-0.16251897622309475,-5.821198476376076,1.8368961924383314e-07,-1.3496289956323593,38,37,1.0370113959141183e-05,True,Down
CDS,Phosphatidate cytidylyltransferase,Glycerophospholipid Metabolism,0.0010989233935396264,0.0012299586588692569,-0.0001310352653296305,-0.16251899195776073,-5.8211984763760425,1.8368961924396811e-07,-1.3496289956323588,38,37,1.0370113959141183e-05,True,Down
PE_HStm,Phosphatidylethanolamine scramblase,"Transport, Mitochondrial",-0.0016807063665900419,-0.001881113242976535,0.00020040687638649309,-0.1625190150890502,5.821198476375992,1.836896192440467e-07,1.34962899563235,38,37,1.0370113959141183e-05,True,Up
PSFLIPm,Phosphatidylserine flippase,"Transport, Mitochondrial",0.0016807063665900419,0.001881113242976535,-0.00020040687638649309,-0.16251899679919074,-5.821198476375992,1.836896192440467e-07,-1.34962899563235,38,37,1.0370113959141183e-05,True,Down
PSDm_hs,Phosphatidylserine decarboxylase,Glycerophospholipid Metabolism,0.0016807063665900419,0.001881113242976535,-0.00020040687638649309,-0.16251899679919074,-5.821198476375992,1.836896192440467e-07,-1.34962899563235,38,37,1.0370113959141183e-05,True,Down
ATPS4m,ATP synthase (four protons for one ATP),Oxidative Phosphorylation,0.8482059572836506,0.9520021271693455,-0.10379616988569496,-0.166550181516051,-5.609706333989541,4.040500433678997e-07,-1.299953272376701,38,37,2.2470006889384987e-05,True,Down
PGK,Phosphoglycerate kinase,Glycolysis/Gluconeogenesis,-0.8611773644515358,-0.9542461435524751,0.09306877910093925,-0.1480510514264196,5.230836343273356,2.9140256086424085e-06,1.2177723300733942,38,37,0.00015735738286669007,True,Up
GAPD,Glyceraldehyde-3-phosphate dehydrogenase,Glycolysis/Gluconeogenesis,0.8611773644515358,0.9542461435524751,-0.09306877910093925,-0.14805105139374158,-5.230836343273356,2.9140256086424085e-06,-1.2177723300733942,38,37,0.00015735738286669007,True,Down
PROD2m,Proline dehydrogenase (m),Arginine and Proline Metabolism,0.7159162657842986,0.8992106164141952,-0.18329435062989663,-0.3288682101749387,-5.013550626414175,3.631814199572445e-06,-1.1567951285509463,38,37,0.00019331628153724186,True,Down
ILEtec,L-isoleucine transport via diffusion (extracellular to cytosol),"Transport, Extracellular",0.021039398032595774,0.02333081959831328,-0.002291421565717506,-0.14914356094540424,-4.9739245746322895,5.9624608203597474e-06,-1.1559390647025711,38,37,0.00031290322558676645,True,Down
PROD2,Proline dehydrogenase,Arginine and Proline Metabolism,0.0007584778088311184,0.000977737111265365,-0.00021925930243424656,-0.36633959909045116,-4.876770047370854,7.040891764201188e-06,-1.1307303859018327,38,37,0.0003643661487974115,True,Down
O2Stm,Superoxide anion transport via diffusion (mitochondria),"Transport, Mitochondrial",-0.7024474406809506,-1.2205701018476067,0.5181226611666562,-0.7970929693688356,4.845987326195903,7.225075931125767e-06,1.1216311929469158,38,37,0.00036877579341609054,True,Up
ARTPLM1,R group to palmitate conversion,R Group Synthesis,1.488697818948445,1.7164234366589597,-0.2277256177105147,-0.20535456500499438,-4.763943875404789,9.76126314308131e-06,-1.1023917419900393,38,37,0.0004914927901502833,True,Down
FACOAL140,Fatty acid  CoA ligase  tetradecanoate ,Fatty acid activation,0.12173496293261755,0.026524146863290972,0.09521081606932658,2.198365319653167,4.756685842789269,2.6446422217559452e-05,1.0847396223210903,38,37,0.001263325245931109,True,Up
ARTFR13,R group artificial flux,R Group Synthesis,0.12173496293261755,0.026524146863290972,0.09521081606932658,2.198365319653167,4.756685842789269,2.6446422217559452e-05,1.0847396223210903,38,37,0.001263325245931109,True,Up
PYK,Pyruvate kinase,Glycolysis/Gluconeogenesis,0.9459173059414195,1.0645214136724332,-0.11860410773101371,-0.17041900020444337,-4.659152261957561,2.091687396564709e-05,-1.0842878165553487,38,37,0.0010391502986133473,True,Down
O2tm,O2 transport  diffusion ,"Transport, Mitochondrial",0.9174964616276552,1.2653850954416657,-0.3478886338140105,-0.4638020087363836,-4.533049508548248,2.2617274995172613e-05,-1.0482218079604362,38,37,0.0011088416662106994,True,Down
ENO,Enolase,Glycolysis/Gluconeogenesis,0.8689570937482916,0.9529534403987197,-0.0839963466504281,-0.13312078509398517,-4.464405278555585,4.402997281449361e-05,-1.039843963448104,38,37,0.00207665416084561,True,Down
PGM,Phosphoglycerate mutase,Glycolysis/Gluconeogenesis,-0.8696015519151107,-0.9526667822415686,0.08306523032645796,-0.13161717059698144,4.385331084120097,5.7856830154244896e-05,1.0215215739135182,38,37,0.0026946818644339563,True,Up
METtec,L-methionine transport via diffusion (extracellular to cytosol),"Transport, Extracellular",0.00789512798875514,0.0095166258426764,-0.0016214978539212596,-0.2694874938892616,-4.288483934666017,8.537757494311969e-05,-0.9807277015693767,38,37,0.003927368447383506,True,Down
EX_ttdca_e,Tetradecanoate (n-C14:0) exchange,Extracellular exchange,-0.19621805077538224,-0.07978622413133407,-0.11643182664404816,1.2982461895163888,-4.267176674308974,0.00011433228432882877,-0.9736077215335937,38,37,0.005071453469157333,True,Down
AKGDm,2-oxoglutarate dehydrogenase,Citric Acid Cycle,0.14517702468970956,0.35324276781764147,-0.2080657431279319,-1.282846868475523,-4.180124744269881,9.823421586691395e-05,-0.9715769538765262,38,37,0.0044098878110858004,True,Down
TTDCAtr_copy2,Fatty acid transport,"Transport, Extracellular",0.19304791688052225,0.07738003375354176,0.1156678831269805,1.318925722372904,4.215772772092803,0.00013498112004072966,0.9618100499822592,38,37,0.005780915554847802,True,Up
ALATA_L,L-alanine transaminase,Glutamate metabolism,-0.8332241310930734,-0.9209197431946347,0.0876956121015613,-0.14437081102498764,4.132813367339424,9.445452042081407e-05,0.9543094036275747,38,37,0.004291921257170161,True,Up
PRPPS,Phosphoribosylpyrophosphate synthetase,Pentose Phosphate Pathway,0.003314016252977134,0.0045859486748912204,-0.0012719324219140865,-0.4686395185462294,-4.061592277474218,0.00012360709679036714,-0.9357586745310658,38,37,0.005418353442834211,True,Down
FAOXC180x,Beta oxidation of long chain fatty acid,"Fatty acid oxidation, peroxisome",0.12419474731891304,0.23555418435860848,-0.11135943703969543,-0.9234548019213634,-4.048622199991157,0.00013124245578215787,-0.9321152716414974,38,37,0.0056861557005153515,True,Down
STCOAtx,Fatty acid intracellular transport,"Transport, Peroxisomal",-0.4406365889136925,-0.17976303518990266,-0.26087355372378984,1.2934929079461654,-3.8426894020558158,0.0002574689121385082,-0.8869270557990659,38,37,0.010901467802591835,True,Down
GUAPRT,Guanine phosphoribosyltransferase,Salvage Pathway,0.0031972296142522526,0.0043369978075867574,-0.0011397681933345049,-0.4398743447069498,-3.840894792694402,0.0002694301391255332,-0.8838492624848187,38,37,0.011279738184064459,True,Down
EX_nh4_e,Ammonia exchange,Extracellular exchange,1.4183765362163185,1.7270533298741164,-0.3086767936577979,-0.2840720572098756,-3.582903917164845,0.0006285673693376517,-0.8299097847806208,38,37,0.02602268909057878,True,Down
GLNALANaEx,L-alanine/L-glutamine Na-dependent exchange (Gln-L in),"Transport, Extracellular",0.08300225775487631,-0.08945208677237992,0.17245434452725622,,3.6163930873732197,0.0006374673628294208,0.8289226643076784,38,37,0.02610113619672991,True,Up
EX_o2s_e,Superoxide anion exchange,Extracellular exchange,0.20163591040543158,0.597439346204796,-0.3958034357993644,-1.5670396545123133,-3.5325867566364813,0.000856258145979692,-0.8223134070952512,38,37,0.03430556830021863,True,Down
C3STDH1r,C-3 sterol dehydrogenase (4-methylzymosterol),Cholesterol Metabolism,0.001065270073515081,0.0012351734631713192,-0.00016990338965623816,-0.2134944068099282,-3.5722750349223578,0.000828330965982829,-0.8166234675448971,38,37,0.03354740412230457,True,Down
RTOT2,R total flux,R Group Synthesis,0.07762032570173445,0.01304622891059937,0.06457409679113509,2.572801630066722,3.564945062822745,0.0009635321174456155,0.8131036691682033,38,37,0.0377907438905512,True,Up
UMPK3,UMP kinase (UTP),Nucleotides,-0.10454043639940586,-0.23896634733312322,0.13442591093371736,-1.1927463774735607,3.457023192748348,0.0009331822130544433,0.8004069975452851,38,37,0.036989754530221866,True,Up
SUCCtm,Succinate transport  mitochondrial,"Transport, Mitochondrial",-0.10537459810989566,-0.25432442946254075,0.14894983135264508,-1.27114292057026,3.312490668720514,0.0015651286694628246,0.7695375330880242,38,37,0.05950683084100495,False,Up
EX_succ_e,Succinate exchange,Extracellular exchange,0.10537459810989566,0.25432442946254075,-0.14894983135264508,-1.27114291896657,-3.312490668720514,0.0015651286694628246,-0.7695375330880242,38,37,0.05950683084100495,False,Down
ARTFR12,R group artificial flux (C16:1),R Group Synthesis,-0.011573696224221722,0.15695387355366752,-0.16852756977788924,,-3.3144031064840918,0.0014674607887977247,-0.7626821021446315,38,37,0.05695582186521169,False,Down
PYRt2m,Pyruvate mitochondrial transport via proton symport,"Transport, Mitochondrial",0.4173064865989636,0.6160793507335338,-0.19877286413457024,-0.5620088352437391,-3.2768174540511126,0.0016861492439142127,-0.7601338127277557,38,37,0.06346052608913491,False,Down
PDHm,Pyruvate dehydrogenase,Glycolysis/Gluconeogenesis,0.4193970208078571,0.6153460705907307,-0.19594904978287353,-0.5530813969161912,-3.223457021025985,0.001982352872672226,-0.7477828071025745,38,37,0.07386246803576714,False,Down
CKc,ATP Creatine kinase (c),Urea cycle/amino group metabolism,-0.8324039822316696,-0.9775895109598743,0.14518552872820478,-0.2319449389166939,3.1960418881927803,0.002445830973612259,0.7450229089261181,38,37,0.08597326611018186,False,Up
CREATtmdiffir,Creatine transport to/from mitochondria via diffusion,Urea cycle/amino group metabolism,0.8324039822316696,0.9775895109598743,-0.14518552872820478,-0.231944938865214,-3.1960418881927803,0.002445830973612259,-0.7450229089261181,38,37,0.08597326611018186,False,Down
CK,ATP Creatine kinase,Urea cycle/amino group metabolism,0.8324039822316696,0.9775895109598743,-0.14518552872820478,-0.231944938865214,-3.1960418881927803,0.002445830973612259,-0.7450229089261181,38,37,0.08597326611018186,False,Down
PCREATtmdiffir,Phosphocreatine transport to/from mitochondria via diffusion,Urea cycle/amino group metabolism,0.8324039822316696,0.9775895109598743,-0.14518552872820478,-0.231944938865214,-3.1960418881927803,0.002445830973612259,-0.7450229089261181,38,37,0.08597326611018186,False,Down
ARTFR204,R group artificial flux,R Group Synthesis,0.06413249000644246,0.01608227520694764,0.04805021479949482,1.995583892301427,3.2253158218229747,0.0025462480915086016,0.735439734950249,38,37,0.08784555915704674,False,Up
SERASNNaEx,L-serine/L-asparagine Na-dependent exchange (Ser-L in),"Transport, Extracellular",0.0837747202016924,-0.05175084639570568,0.13552556659739806,,3.172627004165792,0.002539407573951899,0.726244662521676,38,37,0.08784555915704674,False,Up
GUAt,Guanine transport,"Transport, Extracellular",0.003974988113692685,0.005038733998266818,-0.0010637458845741332,-0.34211074244153183,-3.159000535242395,0.0024351032706265876,-0.7253953619542866,38,37,0.08597326611018186,False,Down
EX_gua_e,Guanine exchange,Extracellular exchange,-0.003974988113692685,-0.005038733998266818,0.0010637458845741332,-0.34211075776599104,3.159000535242395,0.0024351032706265876,0.7253953619542866,38,37,0.08597326611018186,False,Up
DHCRD1,Dihydroceramide desaturase,Sphingolipid Metabolism,0.00011205228321958861,0.00025423201781285104,-0.00014217973459326242,-1.1819729677546056,-3.1131786729156796,0.002703791094762429,-0.7213320312506492,38,37,0.09075969026202532,False,Down
FACOAL200,Fatty-acid--CoA ligase,Fatty acid activation,0.5657823005781307,0.41555878129425994,0.1502235192838708,0.4451944829853016,3.112953073283032,0.002655137539599467,0.7197676477743953,38,37,0.08993674975043285,False,Up
EX_arach_e,Arachidic acid exchange,Extracellular exchange,-0.5657823005781307,-0.41555878129425994,-0.1502235192838708,0.4451944831696591,-3.112953073283032,0.002655137539599467,-0.7197676477743953,38,37,0.08993674975043285,False,Down
GTHPm,Glutathione peroxidase  mitochondria,Glutathione Metabolism,-0.024192348518829628,0.0808028358087907,-0.10499518432762034,,-3.073663077067004,0.003659645714988877,-0.7177546409811735,38,37,0.11363199945040464,False,Down
GTHOm,Glutathione oxidoreductase,Glutamate metabolism,-0.024192348518829628,0.0808028358087907,-0.10499518432762034,,-3.073663077067004,0.003659645714988877,-0.7177546409811735,38,37,0.11363199945040464,False,Down
ARACHCOAtx,Fatty acid intracellular transport,"Transport, Peroxisomal",0.5648313362326057,0.41531721954851125,0.14951411668409448,0.4436064410362879,3.097341212299818,0.0027817762840415612,0.7161726727245155,38,37,0.09092016170472682,False,Up
FAOXC200180x,Beta oxidation of long chain fatty acid,"Fatty acid oxidation, peroxisome",0.5648313362326057,0.41531721954851125,0.14951411668409448,0.4436064410362879,3.097341212299818,0.0027817762840415612,0.7161726727245155,38,37,0.09092016170472682,False,Up
ARACHt,Fatty acid transport via diffusion,"Transport, Extracellular",0.499411342974333,0.3385354181577548,0.1608759248165782,0.5609218100510233,3.102211595686844,0.0027411178374044942,0.7151926256243957,38,37,0.09092016170472682,False,Up
LEUt5m,Leucine mitochondrial transport,"Transport, Mitochondrial",-0.040947426062771464,-0.23439603874081638,0.19344861267804492,-2.517103518884177,3.062552995643692,0.0032110703901714493,0.7107188945790919,38,37,0.10314179546361052,False,Up
LEUTAm,Leucine transaminase  mitochondrial,"Valine, Leucine, and Isoleucine Metabolism",-0.040947426062771464,-0.23439603874081638,0.19344861267804492,-2.517103518884177,3.062552995643692,0.0032110703901714493,0.7107188945790919,38,37,0.10314179546361052,False,Up
4MOPt2im,4-methyl-2-oxopentanoate mitochondrial transport  via proton symport,"Transport, Mitochondrial",0.026279933071040193,0.21989982024540664,-0.19361988717436646,-3.0648129134808433,-3.0404809575863827,0.0034142030512493023,-0.7054795594873685,38,37,0.10780780143182118,False,Down
LEUTA,Leucine transaminase,"Valine, Leucine, and Isoleucine Metabolism",0.026279933071040193,0.21989982024540664,-0.19361988717436646,-3.0648129134808433,-3.0404809575863827,0.0034142030512493023,-0.7054795594873685,38,37,0.10780780143182118,False,Down
AKGMALtm,"Dicarboxylate/tricarboxylate carrier (mal:akg), mitochondrial","Transport, Mitochondrial",-0.2810175037614064,-0.5105860590361975,0.2295685552747911,-0.861494152873571,2.9778935412848146,0.003961382516595406,0.6889010236735575,38,37,0.12198439055235108,False,Up
CYTK7,"Cytidylate kinase (CMP,UTP)",Nucleotides,-0.08295398995382147,-0.002197506169899518,-0.08075648378392196,5.238372316962496,-3.0078957475029244,0.004555262714147181,-0.6859945089453218,38,37,0.13799112904806826,False,Down
CO2tm,CO2 transport  diffusion   mitochondrial,"Transport, Mitochondrial",-2.0526996998892804,-2.3178540091712403,0.26515430928195993,-0.17526711704700165,2.9597730312735284,0.004158432896069219,0.6841637228158054,38,37,0.12700263090781894,False,Up
RNDR2,Ribonucleoside-diphosphate reductase (GDP),Nucleotides,-1.0616598377662357e-05,5.672358192098613e-05,-6.734018029864849e-05,,-2.9184140384020365,0.00550066304317362,-0.6812003737138266,38,37,0.16396376399091925,False,Down
GK1,Guanylate kinase (GMP:ATP),Nucleotides,-1.0616598377662357e-05,5.672358192098613e-05,-6.734018029864849e-05,,-2.9184140384020365,0.00550066304317362,-0.6812003737138266,38,37,0.16396376399091925,False,Down
EX_gln__L_e,L-Glutamine exchange,Extracellular exchange,-0.06213890266325793,-0.15260311111544633,0.0904642084521884,-1.296215706387657,2.8649692751061306,0.006166847695982711,0.6679798550354242,38,37,0.17812150787001224,False,Up
SRTNtu,Serotonin uniport,"Transport, Extracellular",0.1300899733993374,0.0025624490298879494,0.12752752436944945,5.665842598125019,2.872061614028652,0.005685807983042925,0.6676874432701109,38,37,0.1681374646414122,False,Up
ASCBt,L-ascorbate transport via facilitated diffusion,"Transport, Extracellular",0.25304199373456465,0.36250820265069594,-0.10946620891613129,-0.5186368117900755,-2.8578584978441737,0.006037668377658748,-0.6651151933928686,38,37,0.17575275293091014,False,Down
H2O2tm,"Hydrogen peroxide transport via diffusion, mitochondria","Transport, Mitochondrial",-0.022900831041097667,0.30335732014882183,-0.3262581511899195,,-2.8491750243344947,0.005811370946093102,-0.6604172956706933,38,37,0.17049738696962913,False,Down
ORNDC,Ornithine Decarboxylase,Urea cycle/amino group metabolism,0.06504212078276106,0.13425624777282233,-0.06921412699006127,-1.0455430219078505,-2.7965018049240737,0.007397892063515827,-0.6519882239249422,38,37,0.20638690603885468,False,Down
ABUTD,Aminobutyraldehyde dehydrogenase,beta-Alanine metabolism,0.06504212078276106,0.13425624777282233,-0.06921412699006127,-1.0455430219078505,-2.7965018049240737,0.007397892063515827,-0.6519882239249422,38,37,0.20638690603885468,False,Down
PTRCOX1,Putrescine:oxygen oxidoreductase (deaminating),Arginine and Proline Metabolism,0.06504212078276106,0.13425624777282233,-0.06921412699006127,-1.0455430219078505,-2.7965018049240737,0.007397892063515827,-0.6519882239249422,38,37,0.20638690603885468,False,Down
GF6PTA,Glutamine-fructose-6-phosphate transaminase,Aminosugar Metabolism,0.03987147064732975,0.12805985954099083,-0.08818838889366108,-1.6833896053973163,-2.795850880729516,0.00742239543993734,-0.6518822081988004,38,37,0.20638690603885468,False,Down
G6PDA,Glucosamine-6-phosphate deaminase,Aminosugar Metabolism,0.03987147064732975,0.12805985954099083,-0.08818838889366108,-1.6833896053973163,-2.795850880729516,0.00742239543993734,-0.6518822081988004,38,37,0.20638690603885468,False,Down
ASCBt4,L-ascorbate transport via proton symport,"Transport, Extracellular",-0.2545940786074144,-0.359434269750972,0.10484019114355758,-0.49752910210294793,2.773188739391355,0.007590761240019939,0.6453942473340825,38,37,0.20950501022455034,False,Up
NKCCt,Na+-K+-Cl- cotransport,"Transport, Extracellular",-0.052189804081059894,0.060704982641653825,-0.11289478672271372,,-2.7305371831818657,0.009142336080949862,-0.6376876647027984,38,37,0.2398897481522478,False,Down
SUCD1m,Succinate dehydrogenase,Citric Acid Cycle,0.04595194178555026,0.11127519217277292,-0.06532325038722266,-1.275934258788405,-2.7314126710256903,0.008879594769185496,-0.6371378859725503,38,37,0.2363240722141797,False,Down
LEUt4,L-leucine transport in via sodium symport,"Transport, Extracellular",0.00908377438781704,0.013293492087715093,-0.004209717699898053,-0.5493563535049762,-2.733203651418602,0.00857244903245053,-0.6366018288264059,38,37,0.2297909719058322,False,Down
SPODM,Superoxide dismutase,ROS Detoxification,-0.02874380678614095,0.06927208311838307,-0.09801588990452402,,-2.712365768890106,0.009956646559750267,-0.6344432027769774,38,37,0.25066530460560466,False,Down
TRPHYDRO2,"L-Tryptophan,tetrahydrobiopterin:oxygen oxidoreductase (5-hydroxylating)",Tryptophan metabolism,-0.04782078285712867,0.05562312111276559,-0.10344390396989427,,-2.7130973320646,0.009478355934270358,-0.6333730003306969,38,37,0.24220435442130248,False,Down
5HLTDL,5-Hydroxy-L-tryptophan decarboxy-lyase,Tryptophan metabolism,-0.04782078285712867,0.05562312111276559,-0.10344390396989427,,-2.7130973320646,0.009478355934270358,-0.6333730003306969,38,37,0.24220435442130248,False,Down
EX_srtn_e,Serotonin exchange,Extracellular exchange,-0.04782078285712867,0.05562312111276559,-0.10344390396989427,,-2.7130973320646,0.009478355934270358,-0.6333730003306969,38,37,0.24220435442130248,False,Down
ASNt4,L-asparagine transport in via sodium symport,"Transport, Extracellular",0.07057165551432354,-0.04848710426470686,0.1190587597790304,,2.7541604452280484,0.008167806303611979,0.6301815321760728,38,37,0.22377386975925173,False,Up
RPI,Ribose-5-phosphate isomerase,Pentose Phosphate Pathway,-0.034521383810101246,0.015823968395425315,-0.050345352205526564,,-2.684297507457484,0.010483388970659898,-0.6273861303790309,38,37,0.26040738203119185,False,Down
C4STMO2Pr,C-4 methyl sterol oxidase,Cholesterol Metabolism,0.00014407283452027805,0.00035703898382876185,-0.0002129661493084838,-1.3092826728207827,-2.709338702068432,0.00844127645210591,-0.6241540157685508,38,37,0.22957807343464687,False,Down
SPODMm,Superoxide dismutase,ROS Detoxification,0.31506484854776673,0.14489191737090681,0.17017293117685992,1.1206716847801501,2.7024316286127292,0.008555484890253283,0.6238661429570422,38,37,0.2297909719058322,False,Up
UMPK2,UMP kinase (CTP),Nucleotides,0.01004772702440361,0.07553285618251718,-0.06548512915811357,-2.9102351543272755,-2.6713879937010745,0.009490562465246957,-0.619393864218085,38,37,0.24220435442130248,False,Down
DNDPt19m,DUDP transport via ATP antiport,"Transport, Mitochondrial",0.001377251413158636,0.00033007122403114507,0.0010471801891274908,2.06094233744787,2.6864442729444953,0.009037390529558475,0.6182581793634236,38,37,0.2388178518662048,False,Up
EX_o2_e,O2 exchange,Extracellular exchange,-5.926734808554062,-6.619274702811445,0.6925398942573837,-0.15943563889619902,2.6475003934198935,0.00995475968440528,0.6122016133046447,38,37,0.25066530460560466,False,Up
ABUTt2r,4 aminobutyrate reversible transport in via proton symport,"Transport, Extracellular",-0.0034080384548991877,-0.13946271804867383,0.13605467959377465,-5.354794120954664,2.6663609972012026,0.01006433856963981,0.6108395416397187,38,37,0.2516760101374358,False,Up
MDH,Malate dehydrogenase,Citric Acid Cycle,0.03984006782669484,0.11574275590564144,-0.0759026880789466,-1.5386298900321815,-2.613099991622376,0.011908381915521106,-0.6091639031316417,38,37,0.28442712190533104,False,Down
HMGCOASm,Hydroxymethylglutaryl CoA synthase  mitochondrial,Cholesterol Metabolism,-0.21247420221437832,-0.3020094865850124,0.0895352843706341,-0.5073061822447239,2.6033027677545224,0.011189530850562877,0.6016714927720681,38,37,0.2761072314516376,False,Up
COAtp,"Coenzyme A transport, peroxisomal","Transport, Peroxisomal",-0.19709063467086252,-0.28699240139194454,0.08990176672108202,-0.5421533156503229,2.596543797418126,0.01140029055805871,0.6002838442231466,38,37,0.2776306053550773,False,Up
HMGCOAtx,Hydroxymethylglutaryl-CoA reversible peroxisomal transport,"Transport, Peroxisomal",0.19709063467086255,0.28699240139194454,-0.089901766721082,-0.5421533151917203,-2.596543797418125,0.011400290558058728,-0.6002838442231464,38,37,0.2776306053550773,False,Down
ATPtm,"ADP/ATP transporter, mitochondrial","Transport, Mitochondrial",0.9483325853380747,1.0182933248436803,-0.06996073950560555,-0.10268818341055322,-2.5789164283418073,0.012516581991891944,-0.5997166109502506,38,37,0.29331311007414707,False,Down
COAtim,CoA transporter  mitochondrial   irreversible,"Transport, Mitochondrial",0.19723140726998575,0.28692237328587544,-0.08969096601588969,-0.5407711631967492,-2.589020929634685,0.011630598131650391,-0.5985512410523947,38,37,0.27958457186148006,False,Down
HMGCOAtm,Hydroxymethylglutaryl CoA reversible mitochondrial transport,"Transport, Mitochondrial",-0.19723140726998575,-0.2869223732858754,0.08969096601588963,-0.5407711636540611,2.589020929634684,0.011630598131650405,0.5985512410523944,38,37,0.27958457186148006,False,Up
ACACtx,"Acetoacetate transport via diffusion, glyoxysome","Transport, Peroxisomal",-0.19010923899425713,-0.2791785463826568,0.08906930738839969,-0.5543594351346789,2.570537411607231,0.012213303284988476,0.5942724594848245,38,37,0.28801751923966495,False,Up
HMGLx,Hydroxymethylglutaryl-CoA lyase,Cholesterol Metabolism,0.19010923899425713,0.2791785463826568,-0.08906930738839969,-0.5543594346504537,-2.570537411607231,0.012213303284988476,-0.5942724594848245,38,37,0.28801751923966495,False,Down
RIBt,D-ribose transport via diffusion,"Transport, Extracellular",-0.018613418423338243,0.052648829043242355,-0.0712622474665806,,-2.527504739920529,0.015490135017609976,-0.5907347755594013,38,37,0.34768821129888416,False,Down
CO2t,CO2 transporter via diffusion,"Transport, Extracellular",-2.5729328831726086,-2.9870937006340568,0.41416081746144817,-0.21532866972646944,2.5443853006342443,0.013319653657282776,0.5901768409870448,38,37,0.3082548417828299,False,Up
EX_co2_e,CO2 exchange,Extracellular exchange,2.5729328831726086,2.9870937006340568,-0.41416081746144817,-0.21532866971092074,-2.5443853006342443,0.013319653657282776,-0.5901768409870448,38,37,0.3082548417828299,False,Down
RBK,Ribokinase,Pentose Phosphate Pathway,-0.03182882487921385,0.039075235267318466,-0.07090406014653232,,-2.5198801286935653,0.01579742076414886,-0.5889821997926062,38,37,0.34829106371135293,False,Down
EX_rib__D_e,D-Ribose exchange,Extracellular exchange,0.03182882487921385,-0.039075235267318466,0.07090406014653232,,2.5198801286935653,0.01579742076414886,0.5889821997926062,38,37,0.34829106371135293,False,Up
O2St,Superoxide anion transport via diffusion (extracellular),"Transport, Extracellular",0.6915173944637564,0.9921170691441451,-0.30059967468038873,-0.5207448261774542,-2.5318192907753945,0.013920696149525015,-0.5879961240558137,38,37,0.32017601143907537,False,Down
ASPTA,Aspartate transaminase,Alanine and Aspartate Metabolism,-0.041254716034652576,-0.11401527079437238,0.07276055475971979,-1.4665961132917995,2.5088121656679183,0.015456350113743312,0.5847427457083089,38,37,0.34768821129888416,False,Up
ASPTAm,Aspartate transaminase,Alanine and Aspartate Metabolism,0.06511734905069141,0.14102198735915994,-0.07590463830846852,-1.1148062425976994,-2.506666699172197,0.015444468271878767,-0.5840044470336159,38,37,0.34768821129888416,False,Down
ASPGLUm,Aspartate-glutamate mitochondrial shuttle,"Transport, Mitochondrial",-0.06511734905069141,-0.14102198735915994,0.07590463830846852,-1.114806244982704,2.506666699172197,0.015444468271878767,0.5840044470336159,38,37,0.34768821129888416,False,Up
ORNt3m,Ornithine mitochondrial transport via proton antiport,"Transport, Mitochondrial",0.0697758424431358,0.12875018205207056,-0.058974339608934764,-0.8837749283325199,-2.4544130758502396,0.01792186603101235,-0.5725534911180499,38,37,0.37580998357492856,False,Down
CRNCARtp,Carnitine acetylcarnitine carrier  peroxisomal,"Transport, Peroxisomal",0.8791353225457759,0.9300499502897766,-0.050914627744000684,-0.08122294927643468,-2.4596487599516754,0.016887492992818363,-0.5717459923004212,38,37,0.36583022611186755,False,Down
CSNATp,Carnitine O acetyltransferase  reverse direction  peroxisomal,Fatty Acid Metabolism,0.8791353225457759,0.9300499502897766,-0.050914627744000684,-0.08122294927643468,-2.4596487599516754,0.016887492992818363,-0.5717459923004212,38,37,0.36583022611186755,False,Down
ACACT1r_copy2,Acetyl-CoA C-acetyltransferase,Tryptophan metabolism,0.43243289082235903,0.47309996233863144,-0.04066707151627241,-0.12966878742154428,-2.48654240481795,0.015601480060674668,-0.5708628547965435,38,37,0.34809050722199886,False,Down
O2t,O2 transport  diffusion ,"Transport, Extracellular",6.171675550583223,6.816613564281119,-0.6449380136978959,-0.14339297818843072,-2.467323451456057,0.01599573101763571,-0.5706105603135764,38,37,0.3505887868924156,False,Down
CSNATr_copy2,Carnitine O acetyltransferase,Carnitine shuttle,-0.8791012380054554,-0.9295481285721263,0.050446890566670954,-0.08050024765636181,2.4249492138314848,0.018441600227918006,0.5637373594257142,38,37,0.38174112471790267,False,Up
DHCR72r,7-dehydrocholesterol reductase,Cholesterol Metabolism,0.0004943875194569027,0.0006349264072490976,-0.00014053888779219485,-0.3609469941125978,-2.435741046405852,0.017303562963330993,-0.562475163100814,38,37,0.3663242931896095,False,Down
DHCR241r,24-dehydrocholesterol reductase [Precursor],Cholesterol Metabolism,0.0004943875194569027,0.0006349264072490976,-0.00014053888779219485,-0.3609469941125978,-2.435741046405852,0.017303562963330993,-0.562475163100814,38,37,0.3663242931896095,False,Down
EBP2r,"3-beta-hydroxysteroid-delta(8),delta(7)-isomerase",Cholesterol Metabolism,0.0004943875194569027,0.0006349264072490976,-0.00014053888779219485,-0.3609469941125978,-2.435741046405852,0.017303562963330993,-0.562475163100814,38,37,0.3663242931896095,False,Down
LSTO2r,Lathosterol oxidase,Cholesterol Metabolism,0.0004943875194569027,0.0006349264072490976,-0.00014053888779219485,-0.3609469941125978,-2.435741046405852,0.017303562963330993,-0.562475163100814,38,37,0.3663242931896095,False,Down
FUMm,Fumarase  mitochondrial,Citric Acid Cycle,0.0006317310184560102,0.11181156971835367,-0.11117983869989766,-7.467543125222598,-2.4250257568777087,0.018055116086365883,-0.5623764578156016,38,37,0.375828840993292,False,Down
THRGLNexR,L-threonine/glycine reversible exchange,"Transport, Extracellular",0.32305944097469014,0.16095817665500284,0.1621012643196873,1.0051137686138742,2.4276893349388877,0.017953348651727666,0.5579460066517854,38,37,0.37580998357492856,False,Up
AACOAT,Acetoacetyl-CoA:acetate CoA-transferase,Propanoate Metabolism,-0.4397617779014124,-0.4646690221269591,0.024907244225546687,-0.07948125146021494,2.380307828766925,0.02063294784124107,0.5534468559769219,38,37,0.42240859151903415,False,Up
DNDPt20m,DTDP transport via ATP antiport,"Transport, Mitochondrial",-4.350881571353278e-05,0.0003316160460057881,-0.0003751248617193209,,-2.3788763465511096,0.020317698783534295,-0.5518684612728998,38,37,0.4182527384941922,False,Down
RDH3a,"Retinol dehydrogenase (11-cis,NADPH)",Vitamin A Metabolism,0.01680677835237161,-0.05151256810273293,0.06831934645510454,,2.285913797500497,0.026624160072789088,0.5228405294416204,38,37,0.5420853575476073,False,Up
EX_ocdca_e,Octadecanoate (n-C18:0) exchange,Extracellular exchange,-0.190773839311032,-0.3319358716450176,0.14116203233398558,-0.799041198226343,2.2514471524247353,0.027419958430436955,0.5188847783711219,38,37,0.5502461636716032,False,Up
FACOAL180,Fatty acid  CoA ligase  octadecanoate ,Fatty acid activation,0.1907738393110321,0.3319358716450176,-0.1411620323339855,-0.7990411975831375,-2.251447152424734,0.02741995843043707,-0.5188847783711215,38,37,0.5502461636716032,False,Down
PGMT,Phosphoglucomutase,Glycolysis/Gluconeogenesis,-0.1375648415088441,-0.2018385665827291,0.06427372507388501,-0.553090069441064,2.2507039246730427,0.02746800494979017,0.5187250624649948,38,37,0.5502461636716032,False,Up
EX_elaid_e,Elaidic acid exchange,Extracellular exchange,0.32711429694911004,0.22293454337970123,0.10417975356940881,0.5531746380326166,2.2303976099808205,0.029576899877311498,0.5115040738073122,38,37,0.583087454724141,False,Up
FACOAL1813,Fatty-acid--CoA ligase,Fatty acid activation,-0.32711429694911004,-0.22293454337970123,-0.10417975356940881,0.5531746384448193,-2.2303976099808205,0.029576899877311498,-0.5115040738073122,38,37,0.583087454724141,False,Down
ELAIDt,Fatty acid transport via diffusion,"Transport, Extracellular",-0.32711429694911004,-0.22293454337970123,-0.10417975356940881,0.5531746384448193,-2.2303976099808205,0.029576899877311498,-0.5115040738073122,38,37,0.583087454724141,False,Down
RADH4,Retinal dehydrogenase (NADPH),Vitamin A Metabolism,0.16325224085139067,0.26336812408436633,-0.10011588323297566,-0.6899779490687921,-2.1832517582239577,0.03476521431337275,-0.5101477996451715,38,37,0.6608938190389125,False,Down
TRPt4,L-tryptophan transport in via sodium symport,"Transport, Extracellular",-0.03915874712408806,0.05237301261903732,-0.09153175974312538,,-2.1828191451223544,0.03344825511761342,-0.508104522453133,38,37,0.6457419614934073,False,Down
EX_trp__L_e,L-Tryptophan exchange,Extracellular exchange,0.03915874712408806,-0.05237301261903732,0.09153175974312538,,2.1828191451223544,0.03344825511761342,0.508104522453133,38,37,0.6457419614934073,False,Up
RPE,Ribulose 5-phosphate 3-epimerase,Pentose Phosphate Pathway,-0.026039473032687804,0.01591784082611733,-0.041957313858805134,,-2.1683722261847147,0.035448575404571275,-0.5060365530002663,38,37,0.6704639185656476,False,Down
GLCt4,Glucose transport via sodium symport,"Transport, Extracellular",0.021053976133521973,-0.02469816430068598,0.04575214043420796,,2.1828479780342254,0.032328278386431604,0.5049295468859543,38,37,0.633974554041285,False,Up
ARTFR207,R group artificial flux,R Group Synthesis,0.000915533995166758,-1.0810300650286518e-05,0.0009263442958170445,,2.2112175389020043,0.03269754608897633,0.5044835743646725,38,37,0.6378589357462083,False,Up
KCC2t,K+-Cl- cotransporter (NH4+),"Transport, Extracellular",0.07816960844521655,-0.0735393880816683,0.15170899652688485,,2.1666770235539268,0.03415854012907573,0.5032194981532262,38,37,0.6560552604171968,False,Up
FACOAL160,Fatty acid  CoA ligase  hexadecanoate ,Fatty acid activation,-0.0001128809307448316,0.0009479768051486703,-0.0010608577358935019,,-2.149257685366055,0.03776925718656356,-0.502472041889858,38,37,0.6932426220548563,False,Down
PROt4,Na+/Proline-L symporter,"Transport, Extracellular",-0.03617357976362258,0.06702390736157855,-0.10319748712520113,,-2.1605543332310475,0.03466761513530191,-0.5018383522767682,38,37,0.6608938190389125,False,Down
ORNTArm,L-Ornithine:2-oxo-acid aminotransferase,Urea cycle/amino group metabolism,-0.06719058499854763,-0.12138390170431029,0.05419331670576266,-0.8532461043740234,2.140585058495145,0.03737787410033531,0.4990464469848889,38,37,0.6894552420685612,False,Up
DALAxt,D-Alanine transport to perixosome,D-alanine metabolism,-0.020642731190745892,0.004117362775948264,-0.024760093966694156,,-2.140615606781282,0.03721984020291397,-0.4988290989327355,38,37,0.6894552420685612,False,Down
PYRt2p,Pyruvate peroxisomal transport via proton symport,D-alanine metabolism,0.020642731190745892,-0.004117362775948264,0.024760093966694156,,2.140615606781282,0.03721984020291397,0.4988290989327355,38,37,0.6894552420685612,False,Up
DALAOXx,D-Alanine Oxidase (x),D-alanine metabolism,-0.020642731190745892,0.004117362775948264,-0.024760093966694156,,-2.140615606781282,0.03721984020291397,-0.4988290989327355,38,37,0.6894552420685612,False,Down
ASP1DC,Aspartate 1-decarboxylase,beta-Alanine metabolism,0.020927064939327382,-0.0033449633680034813,0.024272028307330863,,2.15128966290907,0.036460795919939525,0.49198291846158315,38,37,0.6861258868570438,False,Up
EX_ocdcea_e,Octadecenoate (n-C18:1) exchange,Extracellular exchange,-0.023645903432562537,0.025407158395889085,-0.04905306182845162,,-2.1321293846001086,0.03832286632911112,-0.487297268607245,38,37,0.6965414631330148,False,Down
FACOAL181,Fatty acid  CoA ligase  octadecenoate ,Fatty acid activation,0.023645903432562537,-0.025407158395889085,0.04905306182845162,,2.1321293846001086,0.03832286632911112,0.487297268607245,38,37,0.6965414631330148,False,Up
VALTAim,Valine transaminase  mitochondiral,"Valine, Leucine, and Isoleucine Metabolism",-0.5553866286631058,-0.3979173716128807,-0.15746925705022513,0.4810235605654536,-2.1019748787825474,0.039013152054788475,-0.4855977690713565,38,37,0.7022367369861925,False,Down
VALt5m,Valine reversible mitochondrial transport,"Transport, Mitochondrial",-0.5553866286631058,-0.3979173716128807,-0.15746925705022513,0.4810235605654536,-2.1019748787825474,0.039013152054788475,-0.4855977690713565,38,37,0.7022367369861925,False,Down
DNDPt14m,DUDP transport via dTDP antiport,"Transport, Mitochondrial",7.577250041698519e-05,1.1672746829739875e-05,6.409975358724531e-05,2.6985198048282544,2.112201551863484,0.0405633921827414,0.48219526671867136,38,37,0.7266307657350696,False,Up
EX_ser__L_e,L-Serine exchange,Extracellular exchange,-0.4071161425678271,-0.5499580530463586,0.1428419104785315,-0.4338811573055562,2.052755703877099,0.04468567692063666,0.4773416468633563,38,37,0.7966451301736468,False,Up
G5SADrm,L glutamate 5 semialdehyde dehydratase  reversible  mitochondrial,Arginine and Proline Metabolism,-0.060214651106238436,-0.11117509223341361,0.050960441127175175,-0.884647139044915,2.036326190785292,0.047134965736512484,0.47464000797582306,38,37,0.8206770202534837,False,Up
NAt,Sodium transport (uniport),"Transport, Extracellular",-0.5761148387302555,-0.816680512142673,0.24056567341241752,-0.5034153850570761,2.0396120930889827,0.045214566318365144,0.47241692821831205,38,37,0.802235590962993,False,Up
ACACT1m,Acetyl CoA C acetyltransferase  mitochondrial,Tryptophan metabolism,0.38110665796826276,0.45588082341481095,-0.07477416544654819,-0.2584619111969461,-2.033090464981195,0.04597573204242384,-0.47120396150388155,38,37,0.8105228740905913,False,Down
DNDPt31m,DCDP transport via ATP antiport,"Transport, Mitochondrial",-1.5749298676248997e-05,0.00047706636927651757,-0.0004928156679527665,,-2.004489691792673,0.05176884538047275,-0.4685249136297764,38,37,0.8423175453608798,False,Down
EX_pro__L_e,L-Proline exchange,Extracellular exchange,-0.08105632319086063,-0.13468171153634909,0.05362538834548845,-0.7325573212285617,2.006557421272211,0.05001871913056035,0.4673069836685641,38,37,0.8210121034381845,False,Up
GMPS2,GMP synthase,Nucleotides,0.0008258490671863409,0.00023439755747811024,0.0005914515097082307,1.816920160532504,2.0318303383657064,0.0461167067383804,0.4672819140460189,38,37,0.8105228740905913,False,Up
ALAGLYexR,L-alanine/glycine reversible exchange,"Transport, Extracellular",-0.01890254123396647,0.085479116629154,-0.10438165786312047,,-2.028448104144747,0.04658747311455096,-0.46618633089790334,38,37,0.8149526987080604,False,Down
GLPASE2,Glycogen phosphorylase (amyls -> glc-D),Starch and Sucrose Metabolism,0.03679563496901961,0.03864410099004568,-0.0018484660210260698,-0.07071357292178898,-2.0032614038606167,0.04997089188822588,-0.4659447380891441,38,37,0.8210121034381845,False,Down
GGNG,Glycogenin self-glucosylation,Starch and Sucrose Metabolism,0.03679563496901961,0.03864410099004568,-0.0018484660210260698,-0.07071357292178898,-2.0032614038606167,0.04997089188822588,-0.4659447380891441,38,37,0.8210121034381845,False,Down
GLBRAN,"1,4-alpha-glucan branching enzyme (glygn1 -> glygn2)",Starch and Sucrose Metabolism,0.03679563496901961,0.03864410099004568,-0.0018484660210260698,-0.07071357292178898,-2.0032614038606167,0.04997089188822588,-0.4659447380891441,38,37,0.8210121034381845,False,Down
GLDBRAN,Glycogen debranching enzyme,Starch and Sucrose Metabolism,0.03679563496901961,0.03864410099004568,-0.0018484660210260698,-0.07071357292178898,-2.0032614038606167,0.04997089188822588,-0.4659447380891441,38,37,0.8210121034381845,False,Down
GLGNS1,Glycogen synthase (ggn -> glygn1),Starch and Sucrose Metabolism,0.03679563496901961,0.03864410099004568,-0.0018484660210260698,-0.07071357292178898,-2.0032614038606167,0.04997089188822588,-0.4659447380891441,38,37,0.8210121034381845,False,Down
GLPASE1,Glycogen phosphorylase (glygn2 -> dxtrn),Starch and Sucrose Metabolism,0.03679563496901961,0.03864410099004568,-0.0018484660210260698,-0.07071357292178898,-2.0032614038606167,0.04997089188822588,-0.4659447380891441,38,37,0.8210121034381845,False,Down
2AMACHYD,2-Aminoacrylate hydrolysis,"Glycine, Serine, and Threonine Metabolism",0.3513233083009368,0.4748464382057135,-0.12352312990477671,-0.43466173761556876,-2.003973618992616,0.04952756758960242,-0.4654831869847604,38,37,0.8210121034381845,False,Down
SERHL,L-Serine hydro-lyase,"Glycine, Serine, and Threonine Metabolism",0.35144525619209427,0.47483617250073545,-0.12339091630864119,-0.4341298604345512,-2.002745798565262,0.049660570289823756,-0.46519352605784337,38,37,0.8210121034381845,False,Down
DNDPt8m,DADP transport via dUDP antiport,"Transport, Mitochondrial",0.000802564563732797,0.0002737972123490966,0.0005287673513837004,1.55150935195776,2.0359253940965427,0.04846182032357424,0.4643442236731951,38,37,0.8210121034381845,False,Up
DNDPt10m,DADP transport via dCDP antiport,"Transport, Mitochondrial",2.5716516289632786e-05,2.5395251065318086e-06,2.3176991183100978e-05,3.3400133793517544,2.020576447239225,0.04902551737871111,0.4619044728164614,38,37,0.8210121034381845,False,Up
3MOBt2im,3-methyl-2-oxobutanoate mitochondrial transport via proton symport,"Transport, Mitochondrial",0.5615361438688423,0.41027422543055303,0.1512619184382893,0.45279036315771864,1.9980745743268888,0.04944235792937572,0.4615978362740768,38,37,0.8210121034381845,False,Up
VALTA,Valine transaminase,"Valine, Leucine, and Isoleucine Metabolism",0.5615361438688423,0.41027422543055303,0.1512619184382893,0.45279036315771864,1.9980745743268888,0.04944235792937572,0.4615978362740768,38,37,0.8210121034381845,False,Up
ADPT,Adenine phosphoribosyltransferase,Salvage Pathway,0.00011678663872489766,0.0002489508673044865,-0.00013216422857958884,-1.091985157282846,-1.9771089607467134,0.05424689992026636,-0.4614853452075834,38,37,0.8674847600983366,False,Down
TALA,Transaldolase,Pentose Phosphate Pathway,-0.009245812862417078,0.009858754248890262,-0.01910456711130734,,-1.9642653409889874,0.055663638545739184,-0.4583814759306802,38,37,0.8751169503013679,False,Down
TKT1,Transketolase,Pentose Phosphate Pathway,-0.009245812862417078,0.009858754248890262,-0.01910456711130734,,-1.9642653409889874,0.055663638545739184,-0.4583814759306802,38,37,0.8751169503013679,False,Down
TKT2,Transketolase,Pentose Phosphate Pathway,-0.009245812862417078,0.009858754248890262,-0.01910456711130734,,-1.9642653409889874,0.055663638545739184,-0.4583814759306802,38,37,0.8751169503013679,False,Down
H2Otm,H2O transport  mitochondrial,"Transport, Mitochondrial",-0.28328048477303247,-0.46512616970029547,0.181845684927263,-0.7153908959444751,1.9808644029888667,0.0513743111138068,0.45733516286126047,38,37,0.8395644000440533,False,Up
P5CRxm,Pyrroline-5-carboxylate reductase (m),Arginine and Proline Metabolism,0.7383762523358662,0.8280787922025041,-0.0897025398666379,-0.165411893790333,-1.9679215509633619,0.05292015826704035,-0.45500911415162304,38,37,0.8535952800995339,False,Down
THRGLYexR,L-threonine/glycine reversible exchange,"Transport, Extracellular",0.0670917890414218,0.23565391051418522,-0.16856212147276342,-1.8124615009287972,-1.9734772781938406,0.052298768777478036,-0.4547849566624883,38,37,0.8472400541951443,False,Down
PIt2m_2,Phosphate mitochondrial transport via proton symport,,1.8599743079285322,2.0162169007507442,-0.15624259282221198,-0.11636815621538005,-1.9577375447215264,0.05412815888039828,-0.45265520097558015,38,37,0.8674847600983366,False,Down
ARTFR44,R group artificial flux,R Group Synthesis,0.024690062458506887,-0.0035492748786851423,0.02823933733719203,,1.9743675148381554,0.05561245665547298,0.4500607819679726,38,37,0.8751169503013679,False,Up
PROtm,L proline transport  mitochondrial,"Transport, Mitochondrial",0.0608232042392177,0.11203600211128402,-0.05121279787206632,-0.8812686808954237,-1.9225026944236854,0.06005316257697688,-0.44775069970349807,38,37,0.940160015805949,False,Down
SUCCt4_3,Succinate transport via sodium symport,"Transport, Extracellular",-0.018177134757692708,-0.12160002789591988,0.10342289313822717,-2.7419468544065797,1.920197058268787,0.06061878796930435,0.4475287844271774,38,37,0.9401994361435747,False,Up
G3PD2m,"Glycerol-3-phosphate dehydrogenase (FAD), mitochondrial",Glycolysis/Gluconeogenesis,0.012944558573647017,0.04639175177745446,-0.03344719320380744,-1.8415225478284507,-1.918159074753345,0.06081268494648456,-0.4469736342963404,38,37,0.9401994361435747,False,Down
ARGt5r,ARGtiDF,"Transport, Extracellular",0.021829031523598563,0.04010970407522806,-0.0182806725516295,-0.8777031946351976,-1.8881838720388653,0.06626284758718844,-0.44138011600109894,38,37,1.0,False,Down
2HCO3_NAt,Bicarbonate transport (Na/HCO3 1:2 cotransport),"Transport, Extracellular",0.04106789243409068,-0.023594476416097004,0.06466236885018768,,1.9075033128553889,0.060393366589295415,0.44021021799209215,38,37,0.9401994361435747,False,Up
DESAT18_8,Fatty acyl-CoA desaturase (n-C18:1CoA -> n-C18:2CoA),Fatty acid elongation,0.007199749363925327,0.08783372703267704,-0.08063397766875172,-3.6087564145135613,-1.891932402739128,0.0632364498195685,-0.43942122621682833,38,37,0.9696255639000503,False,Down
SUCOASm,Succinate  CoA ligase  ADP forming ,Citric Acid Cycle,-0.26077456790948056,-0.3865958579162074,0.12582129000672682,-0.5680230031053646,1.8900843276459476,0.06272413405130714,0.43663123787785063,38,37,0.9657443118808694,False,Up
EX_arg__L_e,L-Arginine exchange,Extracellular exchange,-0.022221778099770457,-0.04014848809167335,0.017926709991902896,-0.8533714026177845,1.8536273111073787,0.07119186665808001,0.4333189797460546,38,37,1.0,False,Up
TPI,Triose-phosphate isomerase,Glycolysis/Gluconeogenesis,0.8075977592040159,0.8817230044705893,-0.07412524526657338,-0.1266885929090527,-1.8713887953209862,0.06534400881920208,-0.43268409638043076,38,37,0.9978351510669957,False,Down
ALAR,Alanine racemase,Alanine and Aspartate Metabolism,0.13844001756286153,0.2645307945686919,-0.12609077700583035,-0.9341746490475323,-1.863766642923478,0.06684630432794135,-0.4322984417639472,38,37,1.0,False,Down
CytOxe,CytOxe  ,,1.3325771377764843,1.5103539365894207,-0.1777767988129364,-0.18066762306858342,-1.858569990999522,0.06717544341720774,-0.428418850061684,38,37,1.0,False,Down
SOProd,SOProd,,1.3325771377764843,1.5103539365894207,-0.1777767988129364,-0.18066762306858342,-1.858569990999522,0.06717544341720774,-0.428418850061684,38,37,1.0,False,Down
DURIPP,Deoxyuridine phosphorylase,Nucleotides,-0.0031877200172347373,-0.003966715481692708,0.000778995464457971,-0.3154200101477481,1.8494866567039336,0.0684966782936996,0.42629676953934287,38,37,1.0,False,Up
DURIK1,Deoxyuridine kinase (ATP:Deoxyuridine),Nucleotides,0.0031877200172347373,0.003966715481692708,-0.000778995464457971,-0.3154199923719851,-1.8494866567039336,0.0684966782936996,-0.42629676953934287,38,37,1.0,False,Down
ACt2r,Acetate reversible transport via proton symport,"Transport, Extracellular",-0.0035672916828474776,0.00036807759352003506,-0.003935369276367512,,-1.8657460219024404,0.06929185925031132,-0.42566793581818674,38,37,1.0,False,Down
EX_ac_e,Acetate exchange,Extracellular exchange,0.0035672916828474776,-0.00036807759352003506,0.003935369276367512,,1.8657460219024404,0.06929185925031132,0.42566793581818674,38,37,1.0,False,Up
PROt4_2_r,PROt4 LPAREN 2 RPAREN r,"Transport, Extracellular",0.013248681095793644,-0.07082610704598222,0.08407478814177587,,1.8257051670760853,0.07402152631177007,0.42558419125652525,38,37,1.0,False,Up
NDPK3,Nucleoside-diphosphate kinase (ATP:CDP),Nucleotides,0.0868399230388918,0.13048995096351548,-0.04365002792462368,-0.5875083560221955,-1.8224324119640805,0.07401620104165846,-0.4242721671936757,38,37,1.0,False,Down
CITtam,Citrate transport  mitochondrial,"Transport, Mitochondrial",-0.15453146777724794,-0.21887552299107413,0.06434405521382619,-0.5022099771517583,1.8192237225414862,0.07422602988652155,0.4231781019107582,38,37,1.0,False,Up
ME2,Malic enzyme (NADP),Pyruvate Metabolism,-0.007036889727664825,0.025485982121668152,-0.032522871849332974,,-1.8111566208546344,0.07712615317138038,-0.4229692923702953,38,37,1.0,False,Down
SERtN1,"Serine transport (Na, H coupled)","Transport, Extracellular",-0.03315189810646771,0.018225747651775814,-0.05137764575824352,,-1.8409960765713484,0.07047998465721216,-0.42252874767333914,38,37,1.0,False,Down
FACOAL184,Fatty-acid--CoA ligase,Fatty acid activation,-0.020529889895059085,-0.062116251181237495,0.04158636128617841,-1.59724487794615,1.8016957177505233,0.07971060573909916,0.42159856744424923,38,37,1.0,False,Up
EX_strdnc_e,Stearidonic acid exchange,Extracellular exchange,0.020529889895059085,0.062116251181237495,-0.04158636128617841,-1.5972448685367138,-1.8016957177505233,0.07971060573909916,-0.42159856744424923,38,37,1.0,False,Down
STRDNCt,Fatty acid transport via diffusion,"Transport, Extracellular",-0.020529889895059085,-0.062116251181237495,0.04158636128617841,-1.59724487794615,1.8016957177505233,0.07971060573909916,0.42159856744424923,38,37,1.0,False,Up
ALAtN1,"Alanine transport (Na, H coupled)","Transport, Extracellular",-0.04439695505206962,-0.1497263802496909,0.10532942519762128,-1.7537957957178858,1.8075090706386696,0.07624397095620077,0.42068299822246485,38,37,1.0,False,Up
FUMTSULtm,"Fumarate:thiosulfate antiport, mitochondrial","Transport, Mitochondrial",0.021831001164110436,0.07536715597185376,-0.05353615480774332,-1.7875576545115508,-1.767136674690553,0.08532345774617314,-0.4134458532431342,38,37,1.0,False,Down
MALTSULtm,"Malate:thiosulfate antiport, mitochondrial","Transport, Mitochondrial",-0.021831001164110436,-0.07536715597185376,0.05353615480774332,-1.787557663900045,1.767136674690553,0.08532345774617314,0.4134458532431342,38,37,1.0,False,Up
GALKr,Galactokinase,Galactose metabolism,0.1568002382433135,0.10731424133763696,0.049485996905676524,0.5470862067207448,1.7832346166979154,0.07878314291868044,0.4109462324650327,38,37,1.0,False,Up
UDPG4E,UDPglucose 4-epimerase,Galactose metabolism,-0.1568002382433135,-0.10731424133763696,-0.049485996905676524,0.5470862075693048,-1.7832346166979154,0.07878314291868044,-0.4109462324650327,38,37,1.0,False,Down
EX_gal_e,D-Galactose exchange,Extracellular exchange,-0.1568002382433135,-0.10731424133763696,-0.049485996905676524,0.5470862075693048,-1.7832346166979154,0.07878314291868044,-0.4109462324650327,38,37,1.0,False,Down
NCCt,Na+-Cl- cotransport,"Transport, Extracellular",-0.028193472475067732,0.03793414928613765,-0.06612762176120537,,-1.752862053028754,0.08604822467494283,-0.40873244047513213,38,37,1.0,False,Down
BUP2,Beta-ureidopropionase (D-3-amino-isobutanoate forming),Pyrimidine Catabolism,-0.002506622016755252,0.006538314798418819,-0.00904493681517407,,-1.7475534788232139,0.08806241822649905,-0.4083972533566104,38,37,1.0,False,Down
DHPM2,Dihydropyrimidinase (dihydrothymine),Pyrimidine Catabolism,-0.002506622016755252,0.006538314798418819,-0.00904493681517407,,-1.7475534788232139,0.08806241822649905,-0.4083972533566104,38,37,1.0,False,Down
D_3AIBt,D-3-amino-isobutyrate transport,"Transport, Extracellular",-0.002506622016755252,0.006538314798418819,-0.00904493681517407,,-1.7475534788232139,0.08806241822649905,-0.4083972533566104,38,37,1.0,False,Down
DURAD2,Dihydrothymin dehydrogenase (NADP),Pyrimidine Catabolism,0.002506622016755252,-0.006538314798418819,0.00904493681517407,,1.7475534788232139,0.08806241822649905,0.4083972533566104,38,37,1.0,False,Up
EX_3aib__D_e,D-3-Amino-isobutanoate exchange,Extracellular exchange,-0.002506622016755252,0.006538314798418819,-0.00904493681517407,,-1.7475534788232139,0.08806241822649905,-0.4083972533566104,38,37,1.0,False,Down
NRPPHRtu,Norepinephrine uniport,"Transport, Extracellular",-0.029236977942722814,0.030898042756422304,-0.060135020699145114,,-1.755090537652131,0.08458072728718566,-0.4080938708587608,38,37,1.0,False,Down
DESAT18_4,Stearoyl-CoA desaturase (n-C18:0CoA -> n-C18:1CoA),Fatty acid elongation,0.10785162666410714,0.047199909551890205,0.06065171711221693,1.192191934184997,1.778493971466055,0.08237678915985304,0.40606941525145107,38,37,1.0,False,Up
RADH3,Retinal dehydrogenase,Vitamin A Metabolism,-0.167242961999109,-0.2519071779563457,0.0846642159572367,-0.5909467318094525,1.7394888330462557,0.08822446233285369,0.4054548071296568,38,37,1.0,False,Up
ITCOALm,Itaconate  CoA ligase  ADP forming   mitochondrial,C5-Branched dibasic acid metabolism,-0.0019915447950157017,0.0005195261660105214,-0.0025110709610262232,,-1.763899449498683,0.08425476291239047,-0.40320625487256156,38,37,1.0,False,Down
ITCOAL1m,"Itaconate--CoA ligase (GDP-forming), mitochondrial",C5-Branched dibasic acid metabolism,0.0019915447950157017,-0.0005195261660105214,0.0025110709610262232,,1.763899449498683,0.08425476291239047,0.40320625487256156,38,37,1.0,False,Up
EX_retn_e,Retinoate exchange,Extracellular exchange,0.008132702917643607,0.0032863130191852076,0.004846389898458399,1.3072649853852332,1.7633747211661202,0.08441157975675966,0.40302908613276595,38,37,1.0,False,Up
RETNt,Retinoic acid transport,"Transport, Extracellular",0.008132702917643607,0.0032863130191852076,0.004846389898458399,1.3072649853852332,1.7633747211661202,0.08441157975675966,0.40302908613276595,38,37,1.0,False,Up
GALUi,UTP-glucose-1-phosphate uridylyltransferase (irreversible),Galactose metabolism,0.3958300997937581,0.4428347493550929,-0.04700464956133482,-0.16188711289909904,-1.7439226684293736,0.08540926307318267,-0.4021943814047758,38,37,1.0,False,Down
ABUTt4_2_r,ABUTt4 LPAREN 2 RPAREN r,"Transport, Extracellular",-0.10095480006065237,-0.00035091943105555973,-0.10060388062959681,8.168354367306192,-1.7358392628154753,0.08717673269695692,-0.39918072241880903,38,37,1.0,False,Down
ILETAm,Isoleucine transaminase  mitochondrial,"Valine, Leucine, and Isoleucine Metabolism",-0.07783508640660898,0.004263695424881294,-0.08209878183149028,,-1.7240408934545195,0.08956259731092112,-0.3959824018048984,38,37,1.0,False,Down
3MOPt2im,3-Methyl-2-oxopentanoate mitochondrial transport via proton symport,"Transport, Mitochondrial",0.07783508640660898,-0.004263695424881294,0.08209878183149028,,1.7240408934545195,0.08956259731092112,0.3959824018048984,38,37,1.0,False,Up
ILETA,Isoleucine transaminase,"Valine, Leucine, and Isoleucine Metabolism",0.07783508640660898,-0.004263695424881294,0.08209878183149028,,1.7240408934545195,0.08956259731092112,0.3959824018048984,38,37,1.0,False,Up
ILEtmi,Isoleucine transport from mitochondria to cytosol,"Transport, Mitochondrial",0.07783508640660898,-0.004263695424881294,0.08209878183149028,,1.7240408934545195,0.08956259731092112,0.3959824018048984,38,37,1.0,False,Up
THRASNNaEx,L-threonine/L-asparagine Na-dependent exchange (Thr-L in),"Transport, Extracellular",0.07316670230522408,0.11772850414924926,-0.04456180184402518,-0.6862045221040443,-1.6920677829570543,0.0984234077618009,-0.3955505105316804,38,37,1.0,False,Down
NDPK8m,"Nucleoside-diphosphate kinase, mitochondria",Nucleotides,0.0024510905253143393,0.0019797953959459916,0.0004712951293683477,0.3080724125948827,1.7115742451861347,0.09126260404450291,0.39463475058943576,38,37,1.0,False,Up
RTOT1,R total flux,R Group Synthesis,0.09494439634181866,0.18016250205904719,-0.08521810571722853,-0.9241440082650308,-1.7035506251192702,0.09302964149470308,-0.39188104101001703,38,37,1.0,False,Down
EX_abt_e,L Arabinitol exchange,Extracellular exchange,-0.005146950236884825,0.005769161282459117,-0.010916111519343942,,-1.6758238243559962,0.1009368781173565,-0.3912769452527069,38,37,1.0,False,Down
ABTt,L arabinitol transport via passive diffusion,"Transport, Extracellular",0.005146950236884825,-0.005769161282459117,0.010916111519343942,,1.6758238243559962,0.1009368781173565,0.3912769452527069,38,37,1.0,False,Up
ABTD,L-arabinitol 4-dehydrogenase,Pentose and Glucuronate Interconversions,0.005146950236884825,-0.005769161282459117,0.010916111519343942,,1.6758238243559962,0.1009368781173565,0.3912769452527069,38,37,1.0,False,Up
GALt4,Galactose transport via sodium symport,"Transport, Extracellular",-0.013785029435665008,0.026560481606747174,-0.040345511042412185,,-1.6725166283674104,0.1000343279626878,-0.38908802991991354,38,37,1.0,False,Down
TMDK1,Thymidine kinase (ATP:thymidine),Nucleotides,0.00025257970521319585,-0.00029244969669847486,0.0005450294019116707,,1.6967468214451709,0.09512264847855184,0.38905481666925,38,37,1.0,False,Up
OCDCAt,Octadecanoate  n C180  transport in via uniport,"Transport, Extracellular",0.19962359004768163,0.32164221420923034,-0.12201862416154871,-0.6881745485830046,-1.6756117093694882,0.09821970806974185,-0.38776259249027123,38,37,1.0,False,Down
TYR3MO2,Tyrosine 3-monooxygenase,Tyrosine metabolism,0.043683091383029525,0.0179548396372285,0.025728251745801026,1.2827021846758522,1.6863139189148137,0.09992315056484134,0.3843834143526982,38,37,1.0,False,Up
DCMPDA,DCMP deaminase,Pyrimidine Catabolism,-0.001474081543613584,-0.0020546304527234976,0.0005805489091099136,-0.479062626742599,1.6643950991055543,0.10032142317008637,0.38434601362939674,38,37,1.0,False,Up
PSERT,Phosphoserine transaminase,"Glycine, Serine, and Threonine Metabolism",-0.0084241874635747,0.0015793613109064547,-0.010003548774481156,,-1.6408744614424375,0.10869618921302923,-0.38359557901573826,38,37,1.0,False,Down
PGCD,Phosphoglycerate dehydrogenase,"Glycine, Serine, and Threonine Metabolism",-0.0084241874635747,0.0015793613109064547,-0.010003548774481156,,-1.6408744614424375,0.10869618921302923,-0.38359557901573826,38,37,1.0,False,Down
PSP_L,Phosphoserine phosphatase (L-serine),"Glycine, Serine, and Threonine Metabolism",-0.0084241874635747,0.0015793613109064547,-0.010003548774481156,,-1.6408744614424375,0.10869618921302923,-0.38359557901573826,38,37,1.0,False,Down
BALAtmr,"Beta-alanine transport, mitochondria","Transport, Mitochondrial",0.03898297927505541,0.014805998430540835,0.024176980844514577,1.3966625659963572,1.6455656675917991,0.10513003744587837,0.38239511479677835,38,37,1.0,False,Up
APAT2rm,3-Aminopropanoate:2-oxoglutarate aminotransferase (m),beta-Alanine metabolism,0.03898297927505541,0.014805998430540835,0.024176980844514577,1.3966625659963572,1.6455656675917991,0.10513003744587837,0.38239511479677835,38,37,1.0,False,Up
MMSAD3m,Methylmalonate-semialdehyde dehydrogenase (acylating),Propanoate Metabolism,0.03898297927505541,0.014805998430540835,0.024176980844514577,1.3966625659963572,1.6455656675917991,0.10513003744587837,0.38239511479677835,38,37,1.0,False,Up
BTNt2i,Biotin uptake,"Transport, Extracellular",-0.36289750481239325,-0.4394718330012004,0.07657432818880716,-0.276208564715138,1.6458743269263776,0.10463784851275862,0.38184252316022166,38,37,1.0,False,Up
BTNt4i,Biotin uptake (antiport),"Transport, Extracellular",0.36289750481239325,0.4394718330012004,-0.07657432818880716,-0.2762085645765989,-1.6458743269263776,0.10463784851275862,-0.38184252316022166,38,37,1.0,False,Down
SERt4,L-serine via sodium symport,"Transport, Extracellular",0.2130330355779008,0.31273846289563806,-0.09970542731773727,-0.553879493084235,-1.6430181128957957,0.10554597355116137,-0.38165624835522594,38,37,1.0,False,Down
DHCRD2,Dihydroceramide desaturase,Sphingolipid Metabolism,0.00040508813726958953,0.00032457205694909206,8.051608032049747e-05,0.3196969481925475,1.6470484161960657,0.10408276921081412,0.3814751882714782,38,37,1.0,False,Up
EX_hdcea_e,Hexadecenoate (n-C16:1) exchange,Extracellular exchange,0.3507341903281908,0.2717630398920565,0.07897115043613429,0.36802881321739456,1.6527644369499037,0.10509412311899378,0.3777686727710964,38,37,1.0,False,Up
FACOAL161,Fatty acid  CoA ligase  hexadecenoate ,Fatty acid activation,-0.3507341903281908,-0.2717630398920565,-0.07897115043613429,0.3680288134564534,-1.6527644369499037,0.10509412311899378,-0.3777686727710964,38,37,1.0,False,Down
HDCEAt,Hexadecenoate  n C161  transport in via uniport,"Transport, Extracellular",-0.3507341903281908,-0.2717630398920565,-0.07897115043613429,0.3680288134564534,-1.6527644369499037,0.10509412311899378,-0.3777686727710964,38,37,1.0,False,Down
CYTK8,"Cytidylate kinase (CMP,dATP)",Nucleotides,0.016834082724214335,-0.012669038971231075,0.02950312169544541,,1.6344058694510994,0.1064791859618684,0.37735202410405067,38,37,1.0,False,Up
SO4CLtex2,Sulfate transport via chloride countertransport (2:1),"Transport, Extracellular",0.02950692658897406,-0.0050536370808072694,0.03456056366978133,,1.645894224943583,0.10533858625932051,0.37725338397530694,38,37,1.0,False,Up
Htx,"H transporter, peroxisome","Transport, Peroxisomal",-0.6862589068421624,-0.59931156016201,-0.08694734668015236,0.19544676635206884,-1.624725755025903,0.10855137829768594,-0.37545790466325135,38,37,1.0,False,Down
ADEt,Adenine transport via diffusion,"Transport, Extracellular",0.0055967335001033845,0.004961926450443373,0.0006348070496600116,0.17368469856622973,1.6267641491149536,0.10846728503015383,0.37410059075710916,38,37,1.0,False,Up
EX_ade_e,Adenine exchange,Extracellular exchange,-0.0055967335001033845,-0.004961926450443373,-0.0006348070496600116,0.17368470516193635,-1.6267641491149536,0.10846728503015383,-0.37410059075710916,38,37,1.0,False,Down
RADH,Retinal dehydrogenase,Vitamin A Metabolism,-0.05076339596487746,-0.0968348434463774,0.04607144748149994,-0.9317376720760678,1.597895038741145,0.11814000370101782,0.3736598664908723,38,37,1.0,False,Up
UREAt5,"Urea, water cotransport","Transport, Extracellular",0.003135859977384,-0.0014749834882535752,0.004610843465637575,,1.6216133803628703,0.1122495167767107,0.3702025478263464,38,37,1.0,False,Up
ARGtm,Arginine mitochondrial transport via ornithine carrier,"Transport, Mitochondrial",-0.002148053237935097,0.01287186803637938,-0.015019921274314478,,-1.5806507186845236,0.12212775432602094,-0.36968486185835847,38,37,1.0,False,Down
UREAtm,Urea transport via diffusion,Urea cycle/amino group metabolism,0.002148053237935097,-0.01287186803637938,0.015019921274314478,,1.5806507186845236,0.12212775432602094,0.36968486185835847,38,37,1.0,False,Up
ARGNm,Arginase (m),Urea cycle/amino group metabolism,-0.002148053237935097,0.01287186803637938,-0.015019921274314478,,-1.5806507186845236,0.12212775432602094,-0.36968486185835847,38,37,1.0,False,Down
THMDt5,Thymidine transport (1:2 Na/Thymd cotransport),"Transport, Extracellular",0.00652259074533448,0.0011120774325581594,0.005410513312776321,2.5521877584127877,1.6132888462742745,0.11402243491149151,0.3683209408114677,38,37,1.0,False,Up
NAHCO3_HCLt,Bicarbonate transport (HCl/NaHCO3 exchange),"Transport, Extracellular",-0.0570992068562568,0.038861332328613926,-0.09596053918487073,,-1.5871838517161105,0.11708083178449423,-0.3677276881859393,38,37,1.0,False,Down
EX_urea_e,Urea exchange,Extracellular exchange,-0.002148464215786634,0.01287234606851197,-0.015020810284298605,,-1.5608174589146295,0.12645971176409007,-0.3648695188326424,38,37,1.0,False,Down
FUMSO3tm,"Fumarate:sulfite antiport, mitochondrial","Transport, Mitochondrial",-0.008914249873510756,0.010368680116030888,-0.019282929989541644,,-1.5533875982977483,0.12797539451957737,-0.36297085841618465,38,37,1.0,False,Down
MALSO3tm,"Malate:sulfite antiport, mitochondrial","Transport, Mitochondrial",0.008914249873510756,-0.010368680116030888,0.019282929989541644,,1.5533875982977483,0.12797539451957737,0.36297085841618465,38,37,1.0,False,Up
RTOT3,R total flux,R Group Synthesis,0.0025710325397997904,0.000725603623601854,0.0018454289161979364,1.8250941610862121,1.5896555679466575,0.11959652323820744,0.36271007064926797,38,37,1.0,False,Up
ARTFR31,R group artificial flux,R Group Synthesis,0.002285362257599823,0.0006449809987572162,0.0016403812588426069,1.8250941432470142,1.5896555679466537,0.11959652323820832,0.362710070649267,38,37,1.0,False,Up
SBTD_D2,D sorbitol dehydrogenase  D fructose producing ,Fructose and Mannose Metabolism,0.027119588097881345,-0.019762785561366077,0.046882373659247426,,1.5860443690148829,0.12018924784197346,0.3620300974238411,38,37,1.0,False,Up
SBTR,D sorbitol reductase,Fructose and Mannose Metabolism,0.027119588097881345,-0.019762785561366077,0.046882373659247426,,1.5860443690148829,0.12018924784197346,0.3620300974238411,38,37,1.0,False,Up
GLYt2r,Glycine reversible transport via proton symport,"Transport, Extracellular",-0.1968328983853989,-0.0693824446201534,-0.1274504537652455,1.50432879375112,-1.570125301892298,0.1209208106931395,-0.36142879435941094,38,37,1.0,False,Down
THRCYSNaEx,L-cysteine/L-threonine Na-dependent exchange (Thr-L in),"Transport, Extracellular",0.0010048823163278193,0.007773095603691031,-0.006768213287363212,-2.9514625809425,-1.5369187460463654,0.13204273341579292,-0.3591805339895571,38,37,1.0,False,Down
NDPK7,Nucleoside-diphosphate kinase (ATP:dCDP),Nucleotides,0.056290402472324995,0.03053522898342449,0.025755173488900506,0.8824142972668729,1.5704042932852356,0.1243484761895365,0.35811155728128646,38,37,1.0,False,Up
DM_datp_m,DATP demand,Intracellular demand,0.001673332025873926,0.0012780592052659698,0.00039527282060795627,0.38876903979203925,1.5449800780042235,0.12667711896803524,0.3567942640245125,38,37,1.0,False,Up
GLNASNNaEx,L-glutamine/L-asparagine Na-dependent exchange (Gln-L in),"Transport, Extracellular",0.015404720032310798,0.02898909923528749,-0.013584379202976693,-0.9121380386596315,-1.5205012757540077,0.13655290905908216,-0.35562230239411624,38,37,1.0,False,Down
EX_h_e,H+ exchange,Extracellular exchange,1.107712676938526,1.3513151013179971,-0.24360242437947122,-0.28678040552427303,-1.5296073385859128,0.1305877193656847,-0.35404858064771183,38,37,1.0,False,Down
NRPPHRt4_2_r,NRPPHRt4 LPAREN 2 RPAREN r,"Transport, Extracellular",0.021461801642856087,-0.024963464016164165,0.04642526565902025,,1.5128013157288243,0.13807067420590513,0.3535587016187682,38,37,1.0,False,Up
PEPCKm,Phosphoenolpyruvate carboxykinase (GTP),Glycolysis/Gluconeogenesis,0.07696021219312797,0.11156797327371337,-0.0346077610805854,-0.5357382636732022,-1.5146300040599514,0.13619738452311408,-0.3529692251308312,38,37,1.0,False,Down
CITtbm,Citrate transport  mitochondrial,"Transport, Mitochondrial",0.07696021219312797,0.11156797327371337,-0.0346077610805854,-0.5357382636732022,-1.5146300040599514,0.13619738452311408,-0.3529692251308312,38,37,1.0,False,Down
EX_ala__D_e,D-Alanine exchange,Extracellular exchange,0.15908274875360753,0.2604134317927438,-0.10133068303913625,-0.7110264669790227,-1.518596981482681,0.13369610670492693,-0.3522538685796499,38,37,1.0,False,Down
UMPK7,UMP kinase (dGTP),Nucleotides,-0.01179578886529044,0.014093935632167908,-0.025889724497458348,,-1.5265779687663856,0.13119469977437664,-0.35225371547499784,38,37,1.0,False,Down
FATP5t,Fatty acid electroneutral transport,"Transport, Extracellular",0.043564964208655015,0.09478739516163318,-0.05122243095297816,-1.1215268624496764,-1.5016525075406169,0.14165674834418776,-0.35139971326765795,38,37,1.0,False,Down
ARACHDt2,Fatty acid transport via diffusion,"Transport, Extracellular",0.043564964208655015,0.09478739516163318,-0.05122243095297816,-1.1215268624496764,-1.5016525075406169,0.14165674834418776,-0.35139971326765795,38,37,1.0,False,Down
GLYt4,Glycine transport via sodium symport,"Transport, Extracellular",-0.011836054550540554,0.0306283969118186,-0.04246445146235915,,-1.4984947739918675,0.14216774869786977,-0.35048181838318127,38,37,1.0,False,Down
FACOAL1812,Fatty-acid--CoA ligase,Fatty acid activation,-0.10614468886358465,-0.05655376878302425,-0.0495909200805604,0.9083371117082577,-1.5354361788979363,0.13216010450724108,-0.3504625918214032,38,37,1.0,False,Down
VACCt,Fatty acid transport via diffusion,"Transport, Extracellular",-0.10614468886358465,-0.05655376878302425,-0.0495909200805604,0.9083371117082577,-1.5354361788979363,0.13216010450724108,-0.3504625918214032,38,37,1.0,False,Down
EX_vacc_e,Vaccenic acid exchange,Extracellular exchange,0.10614468886358465,0.05655376878302425,0.0495909200805604,0.9083371093245834,1.5354361788979363,0.13216010450724108,0.3504625918214032,38,37,1.0,False,Up
EX_retinol_e,Retinol exchange,Extracellular exchange,-0.01169357684247367,-0.00554698764335976,-0.0061465891991139094,1.0759398871979249,-1.5224522610729514,0.1328498032468894,-0.3496910721330046,38,37,1.0,False,Down
RETt,Retinol transport via faciliated diffusion,"Transport, Extracellular",0.01169357684247367,0.00554698764335976,0.0061465891991139094,1.075939859855681,1.5224522610729514,0.1328498032468894,0.3496910721330046,38,37,1.0,False,Up
GLNt4,L-glutamine reversible transport via sodium symport,"Transport, Extracellular",-0.018111419638638115,0.020258906558936706,-0.03837032619757482,,-1.4751621130621038,0.1485985407275318,-0.3451933490933212,38,37,1.0,False,Down
PUNP1,Purine-nucleoside phosphorylase (Adenosine),Nucleotides,-0.002936985054308107,-0.0024235994157903,-0.0005133856385178071,0.27718467160347765,-1.5008823339170283,0.138203654157262,-0.3449257893618666,38,37,1.0,False,Down
SERGLNexR,L-Serine/Glutamine reversible exchange,"Transport, Extracellular",-0.027276994487927003,0.031055191313096392,-0.058332185801023395,,-1.4702503800100377,0.14907114248472847,-0.34353512503388955,38,37,1.0,False,Down
ASNSERNaEx,L-serine/L-asparagine Na-dependent exchange (Asn-L in),"Transport, Extracellular",-0.006389271332328613,0.010463991820450574,-0.016853263152779185,,-1.4585033802616185,0.15237698841516145,-0.34086073341321677,38,37,1.0,False,Down
MDHm,Malate dehydrogenase  mitochondrial,Citric Acid Cycle,0.012386955295119484,-0.03008687916830401,0.042473834463423496,,1.457495270303699,0.15175923756087548,0.34002826183943496,38,37,1.0,False,Up
FATP1t,Fatty acid electroneutral transport,"Transport, Extracellular",0.09821345257716137,0.061357503906160266,0.0368559486710011,0.6786808537127013,1.4818569891567033,0.14592018408600377,0.3381765242237438,38,37,1.0,False,Up
PMTCOAtx,Fatty acid intracellular transport,"Transport, Peroxisomal",0.6910857025874443,0.7432035810307707,-0.05211787844332638,-0.1048928206521727,-1.4629091307760742,0.147816576896475,-0.33735741086966115,38,37,1.0,False,Down
AMPDA,Adenosine monophosphate deaminase,Nucleotides,0.0007628852388253974,0.000307634431518954,0.0004552508073064434,1.3102487844553838,1.455132719959577,0.1500761375958149,0.3350898817888532,38,37,1.0,False,Up
IMPD,IMP dehydrogenase,Nucleotides,0.0007628852388253974,0.000307634431518954,0.0004552508073064434,1.3102487844553838,1.455132719959577,0.1500761375958149,0.3350898817888532,38,37,1.0,False,Up
CYTK2,Cytidylate kinase (dCMP),Nucleotides,0.004545491115881863,0.0004947124013828434,0.0040507787144990195,3.199773948056608,1.4619612711296661,0.15143832384794956,0.3335382060319431,38,37,1.0,False,Up
DM_dctp_m,DCTP demand,Intracellular demand,0.0008341202732581473,0.0013383604102054783,-0.0005042401369473311,-0.6821392813596819,-1.4443312335083227,0.15292486461050694,-0.333511578967601,38,37,1.0,False,Down
NDPK7m,"ATP:dCDP phosphotransferase, mitochondria",Nucleotides,0.0008341202732581473,0.0013383604102054783,-0.0005042401369473311,-0.6821392813596819,-1.4443312335083227,0.15292486461050694,-0.333511578967601,38,37,1.0,False,Down
DNDPt11m,DADP transport via dGDP antiport,"Transport, Mitochondrial",3.4712502965637545e-05,-2.7815373706237353e-05,6.25278766718749e-05,,1.4488648466045848,0.1521862244498681,0.3329292652846179,38,37,1.0,False,Up
EX_hdca_e,Hexadecanoate (n-C16:0) exchange,Extracellular exchange,-0.0026147475338336806,-0.04968809499198528,0.0470733474581516,-4.248156723945193,1.4291470841291916,0.15901798703815442,0.3328891025417499,38,37,1.0,False,Up
CYSGLUexR,L-cysteine/L-glutamine reversible exchanger,"Transport, Extracellular",0.10093858867808607,0.06752998968302197,0.0334085989950641,0.5798775772249661,1.432105260954359,0.15641603306397897,0.3310405768900421,38,37,1.0,False,Up
EX_ascb__L_e,L-Ascorbate exchange,Extracellular exchange,-0.003571029152770495,-0.01461494237518684,0.011043913222416345,-2.0330323545273004,1.421790298037325,0.16083848096787176,0.33092074404478816,38,37,1.0,False,Up
GLUTCOADHm,Glutaryl-CoA dehydrogenase (mitochondria),Tryptophan metabolism,0.6949144491948481,0.644355751469155,0.0505586977256931,0.10897795261294166,1.4212648610623428,0.16021413918475022,0.3299731521997138,38,37,1.0,False,Up
ECOAH1m,"3-Hydroxybutanoyl-CoA hydro-lyase, mitochondria",Tryptophan metabolism,-0.6949144491948481,-0.644355751469155,-0.0505586977256931,0.10897795264552117,-1.4212648610623428,0.16021413918475022,-0.3299731521997138,38,37,1.0,False,Down
HACD1m,"3-Hydroxybutanoyl-CoA:NAD+ oxidoreductase, mitochondria",Tryptophan metabolism,-0.6949144491948481,-0.644355751469155,-0.0505586977256931,0.10897795264552117,-1.4212648610623428,0.16021413918475022,-0.3299731521997138,38,37,1.0,False,Down
2OXOADPTm,2-oxoadipate shuttle (cytosol/mitochondria),Tryptophan metabolism,0.6949144491948481,0.644355751469155,0.0505586977256931,0.10897795261294166,1.4212648610623428,0.16021413918475022,0.3299731521997138,38,37,1.0,False,Up
2OXOADOXm,2-Oxoadipate:lipoamde 2-oxidoreductase(decarboxylating and acceptor-succinylating) (mitochondria),Lysine Metabolism,0.6949144491948481,0.644355751469155,0.0505586977256931,0.10897795261294166,1.4212648610623428,0.16021413918475022,0.3299731521997138,38,37,1.0,False,Up
G6PDH2r,Glucose 6-phosphate dehydrogenase,Pentose Phosphate Pathway,0.008481910777413405,9.387243069200806e-05,0.008388038346721397,6.497542460686105,1.4444137212326653,0.15662922505299517,0.32934210666756175,38,37,1.0,False,Up
PGL,6-phosphogluconolactonase,Pentose Phosphate Pathway,0.008481910777413405,9.387243069200806e-05,0.008388038346721397,6.497542460686105,1.4444137212326653,0.15662922505299517,0.32934210666756175,38,37,1.0,False,Up
GND,Phosphogluconate dehydrogenase,Pentose Phosphate Pathway,0.008481910777413405,9.387243069200806e-05,0.008388038346721397,6.497542460686105,1.4444137212326653,0.15662922505299517,0.32934210666756175,38,37,1.0,False,Up
MALtm,Malate transport  mitochondrial,"Transport, Mitochondrial",0.1471874143690797,0.2418646959322996,-0.09467728156321989,-0.7165458842137482,-1.4222057888929625,0.15930943883517204,-0.3289794700160196,38,37,1.0,False,Down
HPYRR2x,Hydroxypyruvate reductase (NADH),Glyoxylate and Dicarboxylate Metabolism,0.009805114451012769,0.03818202143667263,-0.028376906985659863,-1.9612870975380359,-1.4064716996587714,0.16743935728803552,-0.32885844484741134,38,37,1.0,False,Down
GLYC_St,L-glycerate export,"Transport, Extracellular",0.009805114451012769,0.03818202143667263,-0.028376906985659863,-1.9612870975380359,-1.4064716996587714,0.16743935728803552,-0.32885844484741134,38,37,1.0,False,Down
EX_glyc__S_e,(S)-Glycerate exchange,Extracellular exchange,0.009805114451012769,0.03818202143667263,-0.028376906985659863,-1.9612870975380359,-1.4064716996587714,0.16743935728803552,-0.32885844484741134,38,37,1.0,False,Down
DNDPt24m,DTDP transport via dADP antiport,"Transport, Mitochondrial",0.0001269639083427803,-0.00014767907233553782,0.00027464298067831814,,1.4393662272806995,0.15795382961289403,0.32824143825766716,38,37,1.0,False,Up
GTHDH,Glutathione dehydrogenase (dehydroascorbate reductase),Ascorbate and Aldarate Metabolism,0.006594635342807149,-0.007670602161896693,0.014265237504703841,,1.4392090411249825,0.15799820076815907,0.3282055342495869,38,37,1.0,False,Up
ASNtN1,"Asparagine transport (Na, H coupled)","Transport, Extracellular",0.0351964122682316,0.010961606041147737,0.024234806227083863,1.6829691763328496,1.4340732998603904,0.1577842777959554,0.32809525460911465,38,37,1.0,False,Up
EX_whhdca_e,Omega hydroxy hexadecanoate (n-C16:0) exchange,Extracellular exchange,0.0027276284645785243,0.048740118186836615,-0.04601248972225809,-4.1593906487911125,-1.3993483462229956,0.16771875648859388,-0.32594624886203283,38,37,1.0,False,Down
FAH3,Fatty acid omega-hydroxylase,CYP Metabolism,0.0027276284645785243,0.048740118186836615,-0.04601248972225809,-4.1593906487911125,-1.3993483462229956,0.16771875648859388,-0.32594624886203283,38,37,1.0,False,Down
WHHDCAte,Xenobiotic transport,"Transport, Extracellular",-0.0027276284645785243,-0.048740118186836615,0.04601248972225809,-4.159390748655002,1.3993483462229956,0.16771875648859388,0.32594624886203283,38,37,1.0,False,Up
P5CRm,"Pyrroline-5-carboxylate reductase, mitochondria",Arginine and Proline Metabolism,-0.011174469206439401,0.027027416890060288,-0.03820188609649969,,-1.3977580310876268,0.16846963177709656,-0.3257943358151588,38,37,1.0,False,Down
TAGt,Triacylglycerol Transport,"Transport, Extracellular",-0.005520257989986719,0.002326997181650729,-0.007847255171637448,,-1.4275436693866972,0.1615842016454572,-0.325397928802196,38,37,1.0,False,Down
LPSe,LPSe,Triacylglycerol Synthesis,0.005520257989986719,-0.002326997181650729,0.007847255171637448,,1.4275436693866972,0.1615842016454572,0.325397928802196,38,37,1.0,False,Up
RTOTAL3t,RTOTAL3 transport,"Transport, Extracellular",0.005520257989986719,-0.002326997181650729,0.007847255171637448,,1.4275436693866972,0.1615842016454572,0.325397928802196,38,37,1.0,False,Up
SO4t4_2,Sulfate transport via sodium symport,"Transport, Extracellular",-0.1491037344794882,-0.06759941961959659,-0.0815043148598916,1.1412336279493716,-1.4080103807369893,0.16349759314418597,-0.32432360831220125,38,37,1.0,False,Down
ADKd,Adenylate kinase (d form),Nucleotides,0.0015862520291651185,0.0012185886290387213,0.00036766340012639714,0.3804107987756955,1.4026355441889247,0.16496603294056034,0.32374387838620433,38,37,1.0,False,Up
MECOALm,"Mesaconate--CoA ligase (ADP-forming), mitochondrial",C5-Branched dibasic acid metabolism,0.0011651667383159908,-0.0013552728903570544,0.0025204396286730452,,1.3838128675924155,0.1740475621033939,0.32345806422247925,38,37,1.0,False,Up
MECOAS1m,Mesaconate--CoA ligase (GDP-forming),C5-Branched dibasic acid metabolism,-0.0011651667383159908,0.0013552728903570544,-0.0025204396286730452,,-1.3838128675924155,0.1740475621033939,-0.32345806422247925,38,37,1.0,False,Down
RDH3,"Retinol dehydrogenase (11-cis,NADH)",Vitamin A Metabolism,0.009076868966979415,0.04489844032277203,-0.035821571355792614,-2.306398680949234,-1.4048564066017666,0.1665475838994427,-0.3212005503215754,38,37,1.0,False,Down
GLYt7_211_r,GLYt7 LPAREN 211 RPAREN r,"Transport, Extracellular",0.024487164068027294,-0.01644177596187521,0.04092894002990251,,1.3772624396037798,0.17471625828540546,0.3210459376823302,38,37,1.0,False,Up
GTHOr,Glutathione oxidoreductase,Glutamate metabolism,0.02691303556635766,-0.012317939069325854,0.039230974635683515,,1.4064307963622193,0.16772120034560625,0.3205826921609058,38,37,1.0,False,Up
HMGCOAS,Hydroxymethylglutaryl CoA synthase,Cholesterol Metabolism,0.00014077259912320656,-7.002810606921172e-05,0.00021080070519241827,,1.3680928425322487,0.17891798958274147,0.3198071644071829,38,37,1.0,False,Up
NAt5,Sodium/ammonium proton antiporter,"Transport, Extracellular",-0.8948208967290977,-0.983143724089055,0.08832282735995733,-0.1358033890927987,1.3852286841711288,0.17026820824076117,0.3192715190435593,38,37,1.0,False,Up
CTPS2,CTP synthase (glutamine),Pyrimidine Biosynthesis,0.0006266810240483867,0.0010119900078049621,-0.00038530898375657545,-0.691391743578129,-1.3757744857852041,0.1731857599837796,-0.31825622923541774,38,37,1.0,False,Down
EX_mthgxl_e,Methylglyoxal exchange,Extracellular exchange,0.032748211273637716,0.05518339021529607,-0.022435178941658356,-0.7528179822535866,-1.3634788238222206,0.1788730800136718,-0.3177448429424033,38,37,1.0,False,Down
MTHGXLt,Methylglyoxal transport (cytosol to extracellular),"Transport, Extracellular",0.032748211273637716,0.05518339021529607,-0.022435178941658356,-0.7528179822535866,-1.3634788238222206,0.1788730800136718,-0.3177448429424033,38,37,1.0,False,Down
HSD11B2r,11-beta-hydroxysteroid dehydrogenase type 2,Steroid Metabolism,0.016471335117443035,-0.01915876347870996,0.035630098596152994,,1.3822572605379082,0.17471828419743693,0.3152016114964001,38,37,1.0,False,Up
HSD11B1r,11-beta-hydroxysteroid dehydrogenase type 1,Steroid Metabolism,-0.016471335117443035,0.01915876347870996,-0.035630098596152994,,-1.3822572605379082,0.17471828419743693,-0.3152016114964001,38,37,1.0,False,Down
ICDHyr,Isocitrate dehydrogenase (NADP),Citric Acid Cycle,0.0750886247200463,0.10893040540665617,-0.03384178068660988,-0.5367404311364724,-1.346459899904721,0.18324972676501144,-0.3128726666223214,38,37,1.0,False,Down
ACONT,Aconitate hydratase,Citric Acid Cycle,0.0750886247200463,0.10893040540665617,-0.03384178068660988,-0.5367404311364724,-1.346459899904721,0.18324972676501144,-0.3128726666223214,38,37,1.0,False,Down
XYLK,Xylulokinase,Pentose and Glucuronate Interconversions,0.007547847307853581,0.003799667671663131,0.00374817963619045,0.9901919764159498,1.361528508323304,0.1808266877429499,0.3106346771576483,38,37,1.0,False,Up
XYLTD_D,Xylitol dehydrogenase  D xyulose forming ,Pentose and Glucuronate Interconversions,0.007547847307853581,0.003799667671663131,0.00374817963619045,0.9901919764159498,1.361528508323304,0.1808266877429499,0.3106346771576483,38,37,1.0,False,Up
ACTNMO,Acetone monooxygenase,Pyruvate Metabolism,0.03234770342593595,0.05625718013414345,-0.0239094767082075,-0.798373948589213,-1.3313395327624333,0.18924946350938732,-0.31033047315820644,38,37,1.0,False,Down
GLUt6,"Glutamate transport via Na, H symport and K antiport","Transport, Extracellular",0.065034363518867,0.1470017406023344,-0.0819673770834674,-1.1765591058229188,-1.3288842498112685,0.18860307859675626,-0.3083717128752938,38,37,1.0,False,Down
EX_glu__L_e,L-Glutamate exchange,Extracellular exchange,-0.065034363518867,-0.1470017406023344,0.0819673770834674,-1.1765591082968074,1.3288842498112685,0.18860307859675626,0.3083717128752938,38,37,1.0,False,Up
EX_fe2_e,Fe2+ exchange,Extracellular exchange,0.010246228051240423,0.02308201895092556,-0.012835790899685137,-1.1716765046695146,-1.3143811668646639,0.19471627766810382,-0.3062786496994016,38,37,1.0,False,Down
EX_fe3_e,Fe3+ exchange,Extracellular exchange,-0.010246228051240423,-0.02308201895092556,0.012835790899685137,-1.171676520329428,1.3143811668646639,0.19471627766810382,0.3062786496994016,38,37,1.0,False,Up
FE3R2e,Fe(III) reduction (ascorbate),Heme Biosynthesis,0.005123114025620198,0.011541009475462764,-0.006417895449842567,-1.1716764968395599,-1.314381166864664,0.1947162776681039,-0.30627864969940155,38,37,1.0,False,Down
H2O2syn,Hydrogen peroxide synthesis (NADPH dependent),Tyrosine metabolism,0.4287833583754921,0.4961318633593312,-0.0673485049838391,-0.21047470112312106,-1.3240094518741023,0.189647432843542,-0.3059449476474011,38,37,1.0,False,Down
UROLACer,"Uronolactonase, endoplasmic reticulum",Ascorbate and Aldarate Metabolism,-0.0003873429804966126,0.0004505410457355342,-0.0008378840262321468,,-1.3295846481141522,0.1883214229324539,-0.3054988047591122,38,37,1.0,False,Down
GULNDer,"Gulonate dehydrogenase, endoplasmic reticulum",Pentose and Glucuronate Interconversions,0.0003873429804966126,-0.0004505410457355342,0.0008378840262321468,,1.3295846481141522,0.1883214229324539,0.3054988047591122,38,37,1.0,False,Up
GLACter,"D-glucurono-6,3-lactone transport, endoplasmic reticulum","Transport, Endoplasmic Reticular",0.0003873429804966126,-0.0004505410457355342,0.0008378840262321468,,1.3295846481141522,0.1883214229324539,0.3054988047591122,38,37,1.0,False,Up
GLRASE,Glucuronolactone reductase,Ascorbate and Aldarate Metabolism,0.0003873429804966126,-0.0004505410457355342,0.0008378840262321468,,1.3295846481141522,0.1883214229324539,0.3054988047591122,38,37,1.0,False,Up
GCALDD,Glycolaldehyde dehydrogenase,Glyoxylate and Dicarboxylate Metabolism,0.05868517046657087,0.04494428864575947,0.013740881820811394,0.3848581897139368,1.3313839500084703,0.18998533718806893,0.30402947676591935,38,37,1.0,False,Up
HPYRDC,Hydroxypyruvate decarboxylase,Glyoxylate and Dicarboxylate Metabolism,0.05868517046657087,0.04494428864575947,0.013740881820811394,0.3848581897139368,1.3313839500084703,0.18998533718806893,0.30402947676591935,38,37,1.0,False,Up
CYSALANaEx,L-alanine/L-cysteine Na-dependent exchange (Cys-L in),"Transport, Extracellular",-0.01524313867883806,0.017730177094858978,-0.03297331577369704,,-1.290632495792437,0.20482336183658179,-0.3020198930478833,38,37,1.0,False,Down
CITL,Citrate lyase,Citric Acid Cycle,0.0014552451575057584,-0.00042784389376113803,0.0018830890512668964,,1.3222140402483076,0.19338884883883015,0.30170961691044973,38,37,1.0,False,Up
THFtm,"5,6,7,8-Tetrahydrofolate transport, diffusion, mitochondrial","Transport, Mitochondrial",1.922210394316892e-05,-2.2358341954952552e-05,4.158044589812147e-05,,1.3165240077961329,0.19577442737311623,0.3001446478881383,38,37,1.0,False,Up
CLHCOtex,Chloride transport via bicarbonate countertransport,"Transport, Extracellular",-0.0011761445065330525,0.027162417213056733,-0.028338561719589785,,-1.2827389664035913,0.20696525395882376,-0.2998546652984009,38,37,1.0,False,Down
HSD17B7r,Testicular 17-beta-hydroxysteroid dehydrogenase,Steroid Metabolism,0.015490871673585628,-0.018018329683486385,0.03350920135707201,,1.314365410944745,0.19641015058139305,0.299694985159329,38,37,1.0,False,Up
CYOOm2,"Cytochromecoxidase,mitochondrialComplexIV",,0.058162355411687544,0.08364627707862167,-0.025483921666934126,-0.524215634059752,-1.2955503941815354,0.1992122591817761,-0.299100298280634,38,37,1.0,False,Down
METt4,L-methionine transport in via sodium symport,"Transport, Extracellular",0.0009210295272240158,0.0005893115889625757,0.00033171793826144015,0.644216682716899,1.3083208877541108,0.19830361080485895,0.2983837395643597,38,37,1.0,False,Up
GALt2_2,D-galactose transport  via proton symport,"Transport, Extracellular",0.0790338288387296,0.03187872376352925,0.04715510507520035,1.30987642587579,1.2762677177756268,0.2073311014874116,0.2970566077236273,38,37,1.0,False,Up
CYTK14,"Cytidylate kinase (dCMP,UTP)",Nucleotides,-0.14961881603266536,-0.10092948208352304,-0.04868933394914232,0.5679439645990757,-1.2887402154241816,0.20180879859332082,-0.2965442657894991,38,37,1.0,False,Down
EX_leu__L_e,L-Leucine exchange,Extracellular exchange,-0.02179090665276271,-0.02630946877531446,0.00451856212255175,-0.27185589610348215,1.2797284634773738,0.20469609629363475,0.29534648733647434,38,37,1.0,False,Up
ASNALANaEx,L-alanine/L-asparagine Na-dependent exchange (Asn-L in),"Transport, Extracellular",0.13312738530859516,0.16538963168925125,-0.032262246380656084,-0.3130614192334535,-1.265011422297104,0.2112959593548674,-0.29442696005997865,38,37,1.0,False,Down
ALDD2y,"Aldehyde dehydrogenase (acetaldehyde, NADP)",Glycolysis/Gluconeogenesis,0.0021120465253416454,5.976630024102703e-05,0.0020522802251006183,5.1431632224565025,1.2899547598703425,0.20413942431370438,0.2944143175734041,38,37,1.0,False,Up
DALAt2r,D-alanine transport via proton symport,"Transport, Extracellular",-0.10875833216104235,-0.15875052930896433,0.04999219714792198,-0.5456354700517476,1.269262126513268,0.20883679318503276,0.2943876491201834,38,37,1.0,False,Up
SPODMe,"Superoxide dismutase, extracellular",ROS Detoxification,0.24494074202916247,0.19733886146967464,0.04760188055948783,0.3117576727642863,1.2737146904971914,0.20680626056570303,0.29400409308616077,38,37,1.0,False,Up
MTHFDm,Methylenetetrahydrofolate dehydrogenase  NADP   mitochondrial,Folate Metabolism,0.1809733489710026,0.2517092032706331,-0.07073585429963053,-0.47598071209777865,-1.2629939142263649,0.21092895019902277,-0.2927123695858229,38,37,1.0,False,Down
MTHFD2m,"Methylenetetrahydrofolate dehydrogenase (NAD), mitochondrial",Folate Metabolism,-0.1809733489710026,-0.2517092032706331,0.07073585429963053,-0.47598071254583285,1.2629939142263649,0.21092895019902277,0.2927123695858229,38,37,1.0,False,Up
ADRNt,Fatty acid transport via diffusion,"Transport, Extracellular",0.00978026250707174,-0.00020684025147374872,0.009987102758545488,,1.2651839622591066,0.21327722146718867,0.28850351586188605,38,37,1.0,False,Up
FATP6t,Fatty acid electroneutral transport,"Transport, Extracellular",0.00978026250707174,-0.00020684025147374872,0.009987102758545488,,1.2651839622591066,0.21327722146718867,0.28850351586188605,38,37,1.0,False,Up
ARTFR41,R group artificial flux,R Group Synthesis,0.45038770736126454,0.5365518063381473,-0.08616409897688271,-0.2525500241254579,-1.2514628787866344,0.21519391847682012,-0.2876546319529478,38,37,1.0,False,Down
VALt4,L-valine transport in via sodium symport,"Transport, Extracellular",-0.0012683983176640212,0.007740570170609915,-0.009008968488273936,,-1.229155933310685,0.22647994007364391,-0.2874863134401064,38,37,1.0,False,Down
H2Oter,H2O endoplasmic reticulum transport,"Transport, Endoplasmic Reticular",-0.010722513261324307,-0.0010815108071617686,-0.009641002454162538,3.3095232333686684,-1.233351460502938,0.22182835849607274,-0.28602631517186816,38,37,1.0,False,Down
HSD3B3r,3 beta-hydroxysteroid dehydrogenase type 1,Steroid Metabolism,0.0005903982160817692,-0.0006867263460740475,0.0012771245621558168,,1.2487424266002778,0.21827117950053543,0.2852487614142248,38,37,1.0,False,Up
HSD17B9r,17-beta-hydroxysteroid dehydrogenase (type 7),Steroid Metabolism,0.0005903982160817692,-0.0006867263460740475,0.0012771245621558168,,1.2487424266002778,0.21827117950053543,0.2852487614142248,38,37,1.0,False,Up
TMDK1m,Thymidine kinase (ATP:thymidine),Nucleotides,0.0003630290846267485,-0.00042226014580268024,0.0007852892304294288,,1.2487424266002771,0.2182711795005357,0.2852487614142246,38,37,1.0,False,Up
NTD5m,"5'-nucleotidase (dTMP), mitochondrial",Nucleotides,0.0003630290846267485,-0.00042226014580268024,0.0007852892304294288,,1.2487424266002771,0.2182711795005357,0.2852487614142246,38,37,1.0,False,Up
DURIK1m,"Deoxyuridine kinase (ATP:Deoxyuridine), mitochondrial",Nucleotides,0.00018374061429408682,-0.00021371934609995232,0.0003974599603940391,,1.2487424266002745,0.21827117950053668,0.2852487614142239,38,37,1.0,False,Up
NTD1m,"5'-nucleotidase (dUMP),mitochondrial",Nucleotides,0.00018374061429408682,-0.00021371934609995232,0.0003974599603940391,,1.2487424266002745,0.21827117950053668,0.2852487614142239,38,37,1.0,False,Up
EX_dhdascb_e,Dehydroascorbate exchange,Extracellular exchange,-0.00027687764126000525,0.003431231370210225,-0.0037081090114702304,,-1.216071553209952,0.231189814538761,-0.2843291057266553,38,37,1.0,False,Down
THRSERNaEx,L-serine/L-threonine Na-dependent exchange (Thr-L in),"Transport, Extracellular",0.0005066323472839293,0.010507276523437917,-0.010000644176153988,-4.374305498573152,-1.2176705303666109,0.229407017045501,-0.2839850470974618,38,37,1.0,False,Down
THFtl,"5,6,7,8-Tetrahydrofolate transport, diffusion, lysosomal","Transport, Lysosomal",-2.3774200435734386e-06,2.7653148927900355e-06,-5.142734936363474e-06,,-1.2421567554112476,0.22164583775614538,-0.2832097900902412,38,37,1.0,False,Down
5THFtl,"5-glutamyl-THF transport, lysosomal","Transport, Lysosomal",2.3774200435734386e-06,-2.7653148927900355e-06,5.142734936363474e-06,,1.2421567554112476,0.22164583775614538,0.2832097900902412,38,37,1.0,False,Up
5THFtm,"5-glutamyl-THF transport,m mitochondrial","Transport, Mitochondrial",2.3774200435734386e-06,-2.7653148927900355e-06,5.142734936363474e-06,,1.2421567554112476,0.22164583775614538,0.2832097900902412,38,37,1.0,False,Up
GGH_5THFl,"Gamma-glutamyl hydrolase (5THF), lysosomal",Folate Metabolism,2.3774200435734386e-06,-2.7653148927900355e-06,5.142734936363474e-06,,1.2421567554112476,0.22164583775614538,0.2832097900902412,38,37,1.0,False,Up
FPGSm,"Folylpolyglutamate synthetase, mitochondrial",Folate Metabolism,2.3774200435734386e-06,-2.7653148927900355e-06,5.142734936363474e-06,,1.2421567554112476,0.22164583775614538,0.2832097900902412,38,37,1.0,False,Up
GLUt7l,"Glutamate transport, lysosomal","Transport, Lysosomal",9.509680174297898e-06,-1.106125957116058e-05,2.057093974545848e-05,,1.2421567554109911,0.22164583775623917,0.28320979009018266,38,37,1.0,False,Up
H2Otly,"H2O transport, lysosomal","Transport, Lysosomal",9.509680174297898e-06,-1.106125957116058e-05,2.057093974545848e-05,,1.2421567554109911,0.22164583775623917,0.28320979009018266,38,37,1.0,False,Up
CSNATm,Carnitine O aceyltransferase  mitochondrial,Fatty Acid Metabolism,3.4084540320423746e-05,0.0005018217176504486,-0.0004677371773300248,-3.8799815318628124,-1.210218142714147,0.23364798818148094,-0.2830932128280962,38,37,1.0,False,Down
ACRNtm,O acetylcarnintine transport into mitochondria via diffusion,"Transport, Mitochondrial",3.4084540320423746e-05,0.0005018217176504486,-0.0004677371773300248,-3.8799815318628124,-1.210218142714147,0.23364798818148094,-0.2830932128280962,38,37,1.0,False,Down
CSNt,Cytosine transport via facilated diffusion,"Transport, Extracellular",0.005403509862071934,0.016770728309371683,-0.01136721844729975,-1.633976601979381,-1.2084306115818164,0.2326594219186338,-0.2816576890061643,38,37,1.0,False,Down
CSND,Cytosine deaminase,Pyrimidine Catabolism,0.005403509862071934,0.016770728309371683,-0.01136721844729975,-1.633976601979381,-1.2084306115818164,0.2326594219186338,-0.2816576890061643,38,37,1.0,False,Down
EX_csn_e,Cytosine exchange,Extracellular exchange,-0.005403509862071934,-0.016770728309371683,0.01136721844729975,-1.6339766381729046,1.2084306115818164,0.2326594219186338,0.2816576890061643,38,37,1.0,False,Up
PIt8,Phosphate transport in/out via Na+ symporter,"Transport, Extracellular",0.03037013748581246,0.032785344191447414,-0.002415206705634953,-0.11039760087375364,-1.2140077329998276,0.22914768481303974,-0.2816377740288747,38,37,1.0,False,Down
OCOAT1m,3-oxoacid CoA-transferase,"Valine, Leucine, and Isoleucine Metabolism",-0.8635469049487322,-0.7982270882989535,-0.0653198166497787,0.11347530384142242,-1.2124638984570681,0.22984614526458966,-0.2814279321806825,38,37,1.0,False,Down
EX_pi_e,Phosphate exchange,Extracellular exchange,-0.033938708448823796,-0.03537191769452382,0.0014332092457000276,-0.0596727737017976,1.209214306654765,0.23048584903856878,0.27929249628453096,38,37,1.0,False,Up
EX_acac_e,Acetoacetate exchange,Extracellular exchange,0.550920206445458,0.6045849682058135,-0.053664761760355506,-0.13410173116295648,-1.2061525453583577,0.23165329502291623,-0.27847798188154466,38,37,1.0,False,Down
ACACt2,Acetoacetate transport via proton symport,"Transport, Extracellular",-0.550920206445458,-0.6045849682058135,0.053664761760355506,-0.13410173120944524,1.2061525453583577,0.23165329502291623,0.27847798188154466,38,37,1.0,False,Up
HCO3_CLt,Bicarbonate transport (Cl-/HCO3- exchange),"Transport, Extracellular",-0.0013915973796465382,0.032443644458800346,-0.03383524183844688,,-1.2106754883864597,0.23060097851300002,-0.27795523641848646,38,37,1.0,False,Down
XYLUR,Xylulose reductase,Pentose and Glucuronate Interconversions,0.008994857030915354,0.00541454972251752,0.0035803073083978338,0.7322589727216993,1.2129816168344079,0.23208296322410568,0.276763629134341,38,37,1.0,False,Up
TYRDOPO3,Tyrosine:dopa oxidase (dopaquinone producing 2),Tyrosine metabolism,-0.0030169332242301243,-0.00017504082865853234,-0.002841892395571592,4.107320162887826,-1.1820487070077883,0.24361266501735845,-0.27599719515870214,38,37,1.0,False,Down
DOPACHRMISO,L-dopachrome isomerase 1,Tyrosine metabolism,-0.0030169332242301243,-0.00017504082865853234,-0.002841892395571592,4.107320162887826,-1.1820487070077883,0.24361266501735845,-0.27599719515870214,38,37,1.0,False,Down
DCT,Dopachrome tautomerase,Tyrosine metabolism,-0.006033866448460309,-0.00035008165731711895,-0.005683784791143191,4.107319774694965,-1.1820487070077874,0.24361266501735876,-0.27599719515870197,38,37,1.0,False,Down
DM_melanin_c,"Demand for Melanin, Cytosolic",Intracellular demand,-0.006033866448460309,-0.00035008165731711895,-0.005683784791143191,4.107319774694965,-1.1820487070077874,0.24361266501735876,-0.27599719515870197,38,37,1.0,False,Down
TYRASE,TYRASE,Tyrosine metabolism,-0.006033866448460309,-0.00035008165731711895,-0.005683784791143191,4.107319774694965,-1.1820487070077874,0.24361266501735876,-0.27599719515870197,38,37,1.0,False,Down
DOPAQNISO1,Dopaquinone isomerase 1,Tyrosine metabolism,-0.006033866448460309,-0.00035008165731711895,-0.005683784791143191,4.107319774694965,-1.1820487070077874,0.24361266501735876,-0.27599719515870197,38,37,1.0,False,Down
DESAT18_6,Fatty acyl-CoA desaturase (n-C18:1CoA -> n-C18:2CoA),Fatty acid elongation,0.18565541126994642,0.10983718549718598,0.07581822577276044,0.7572608022844963,1.185321465633299,0.23973532374769932,0.2736126462407866,38,37,1.0,False,Up
CRNtim,L carnitine transport out of mitochondria via diffusion,"Transport, Mitochondrial",6.951489067857453e-05,0.0007541937640492361,-0.0006846788733706616,-3.4395393841583215,-1.16015995004413,0.25319718600092644,-0.27138210914529276,38,37,1.0,False,Down
DHPR,"6,7-dihydropteridine reductase",Tetrahydrobiopterin,0.048157097735906075,0.10705940566161332,-0.05890230792570724,-1.1525911935249362,-1.1656307371956762,0.24767669697458722,-0.2697622765675833,38,37,1.0,False,Down
INSTt2,Inositol transport in via proton symport,"Transport, Extracellular",0.053412507420740434,0.09219317562084317,-0.03878066820010274,-0.7874823490796766,-1.1522318222243926,0.2554312503754312,-0.26897880901414667,38,37,1.0,False,Down
CSm,Citrate synthase,Citric Acid Cycle,-0.000614172098015903,0.0007143791245343235,-0.0013285512225502264,,-1.1507976550442751,0.25624092407068066,-0.26878037680198924,38,37,1.0,False,Down
ACACT1r_copy1,Acetyl-CoA C-acetyltransferase,Cholesterol Metabolism,0.007188114479930209,-0.008360912105602957,0.015549026585533166,,1.172629757028615,0.24822148973927183,0.2673002085173263,38,37,1.0,False,Up
ARTCOAL1,R group coenzyme a ligase,R Group Synthesis,0.09005313889989992,0.035621502539006325,0.0544316363608936,1.3380281896884796,1.1613555597684553,0.2496089246037988,0.26706696647011785,38,37,1.0,False,Up
MOGAT,Monoacylglycerol acyltransferase,Triacylglycerol Synthesis,0.09005313889989992,0.035621502539006325,0.0544316363608936,1.3380281896884796,1.1613555597684553,0.2496089246037988,0.26706696647011785,38,37,1.0,False,Up
PGI,Glucose-6-phosphate isomerase,Glycolysis/Gluconeogenesis,-0.037557075495731194,-0.07731575369185681,0.039758678196125614,-1.041677679312733,1.151608078513453,0.25349321579526124,0.26681815762287525,38,37,1.0,False,Up
TRDR,Thioredoxin reductase (NADPH),Nucleotides,7.646339833116908e-05,0.0001161941581482619,-3.9730759817092816e-05,-0.6036956658590387,-1.1542259783472844,0.25224114938246667,-0.26599683582719597,38,37,1.0,False,Down
CYTK9,"Cytidylate kinase (CMP,dCTP)",Nucleotides,-0.019802253154465054,-0.04635968903149721,0.026557435877032156,-1.227206299906732,1.1587722549748738,0.253158456613351,0.2644473856948125,38,37,1.0,False,Up
GULLACter,Gulonolactone endoplasmic reticular transport,"Transport, Endoplasmic Reticular",0.0034605638135339185,0.01163425205071218,-0.008173688237178262,-1.7492994219476024,-1.1365003387775439,0.2604863596444707,-0.2642738508003679,38,37,1.0,False,Down
GLNLASEer,"Gluconolactonase, endoplasmic reticulum",Ascorbate and Aldarate Metabolism,-0.0034605638135339185,-0.01163425205071218,0.008173688237178262,-1.7492994805259714,1.1365003387775439,0.2604863596444707,0.2642738508003679,38,37,1.0,False,Up
FTHFLmi,Formate tetrahydrofolate ligase  mitochondrial irreversible,Folate Metabolism,1.6844683899594223e-05,-1.959302706216251e-05,3.643771096175673e-05,,1.1528734725906158,0.2561364512430776,0.2627993251916482,38,37,1.0,False,Up
10FTHFtm,10-Formyltetrahydrofolate mitochondrial transport via diffusion,"Transport, Mitochondrial",-1.6844683899594223e-05,1.959302706216251e-05,-3.643771096175673e-05,,-1.1528734725906158,0.2561364512430776,-0.2627993251916482,38,37,1.0,False,Down
FORtm,Formate mitochondrial transport,"Transport, Mitochondrial",-1.6844683899594223e-05,1.959302706216251e-05,-3.643771096175673e-05,,-1.1528734725906158,0.2561364512430776,-0.2627993251916482,38,37,1.0,False,Down
ICDHym,Isocitrate dehydrogenase  NADP ,Citric Acid Cycle,-0.0781854276821359,-0.10659317059282646,0.02840774291069055,-0.44714336228823526,1.1291831854297532,0.26323620083684873,0.2622716313850197,38,37,1.0,False,Up
ACONTm,Aconitate hydratase,Citric Acid Cycle,-0.0781854276821359,-0.10659317059282646,0.02840774291069055,-0.44714336228823526,1.1291831854297532,0.26323620083684873,0.2622716313850197,38,37,1.0,False,Up
HSD17B8r,17-beta-hydroxysteroid dehydrogenase,Steroid Metabolism,0.19499885232150269,0.23518078937310552,-0.040181937051602834,-0.27030458610330643,-1.1291546907229528,0.2625431301979426,-0.2609094433012686,38,37,1.0,False,Down
EX_acetone_e,Acetone exchange,Extracellular exchange,0.024320829574087887,-0.02497123546827291,0.0492920650423608,,1.129935039072256,0.26220703741874213,0.2607541248240005,38,37,1.0,False,Up
ACETONEt2,Acetone transport via proton symport,"Transport, Extracellular",-0.024320829574087887,0.02497123546827291,-0.0492920650423608,,-1.129935039072256,0.26220703741874213,-0.2607541248240005,38,37,1.0,False,Down
ADK3m,Adentylate kinase  GTP ,Nucleotides,0.00279664024555236,0.002434088076145135,0.00036255216940722515,0.20031330041092768,1.129763951161851,0.26237405839800115,0.2602579530107916,38,37,1.0,False,Up
ADNK1m,"Adenosine kinase, mitochondria",Nucleotides,0.002866382831328203,0.002505720948835395,0.00036066188249280796,0.1940055432040828,1.127116881018755,0.263473485559873,0.25967903660973984,38,37,1.0,False,Up
ADNtm,"Equilibrative nucleoside transporter, mitochondrial","Transport, Mitochondrial",0.002866382831328203,0.002505720948835395,0.00036066188249280796,0.1940055432040828,1.127116881018755,0.263473485559873,0.25967903660973984,38,37,1.0,False,Up
CRNt_copy2,L carnitine reversible transport,"Transport, Extracellular",0.03624921747034155,0.053048288635848755,-0.016799071165507204,-0.5493563572740974,-1.1091089801233358,0.2743073746659048,-0.259428394081879,38,37,1.0,False,Down
CRNtHa,L-carnitine outward transport (H+ antiport),"Transport, Extracellular",0.03624921747034155,0.053048288635848755,-0.016799071165507204,-0.5493563572740974,-1.1091089801233358,0.2743073746659048,-0.259428394081879,38,37,1.0,False,Down
G5SDym,"Glutamate-5-semialdehyde dehydrogenase, mitochondria",Urea cycle/amino group metabolism,0.006975933892309137,0.010208809470896665,-0.0032328755785875274,-0.5493563519852791,-1.109108980123335,0.2743073746659052,-0.2594283940818788,38,37,1.0,False,Down
GLU5Km,Glutamate 5-kinase (m),Urea cycle/amino group metabolism,0.006975933892309137,0.010208809470896665,-0.0032328755785875274,-0.5493563519852791,-1.109108980123335,0.2743073746659052,-0.2594283940818788,38,37,1.0,False,Down
THYOXt2,T4 transport via facilitated diffusion,"Transport, Extracellular",-0.00021446949565923304,-0.00035580127083843,0.00014133177517919697,-0.7302994653008357,1.1135054296380344,0.26994305466906077,0.25872480736651,38,37,1.0,False,Up
IDHPOXOX4,Iodide:hydrogen-peroxide oxidoreductase 4,Tyrosine metabolism,0.00021446949565923304,0.00035580127083843,-0.00014133177517919697,-0.7302989308948384,-1.1135054296380344,0.26994305466906077,-0.25872480736651,38,37,1.0,False,Down
EX_thyox__L_e,L-Thyroxine exchange,Extracellular exchange,0.00021446949565923304,0.00035580127083843,-0.00014133177517919697,-0.7302989308948384,-1.1135054296380344,0.26994305466906077,-0.25872480736651,38,37,1.0,False,Down
CPK1,Adenylate kinase,Nucleotides,-0.0003587299137920683,-0.0032730636155555728,0.0029143337017635044,-3.189672042127125,1.105733014544762,0.275716628977519,0.25862232166365023,38,37,1.0,False,Up
CYStec,L-cysteine transport via diffusion (extracellular to cytosol),"Transport, Extracellular",-0.126034578932304,-0.04282358259381294,-0.08321099633849105,1.5573422082060502,-1.117509805424528,0.2674429548368158,-0.25792190943412746,38,37,1.0,False,Down
HCO3_NAt,Bicarbonate transport (Na/HCO3 cotransport),"Transport, Extracellular",0.11025704883322272,0.1748770563204236,-0.06462000748720088,-0.6654701296366661,-1.1059384401651031,0.27265345848768974,-0.2562804680000957,38,37,1.0,False,Down
EX_glc__D_e,D-Glucose exchange,Extracellular exchange,0.1581093893381384,0.20357540306671534,-0.04546601372857695,-0.36464021377522415,-1.1058222205231472,0.27248370592043325,-0.25490716438107713,38,37,1.0,False,Down
NDPK4m,"ATP:dTDP phosphotransferase, mitochondria",Nucleotides,0.0010095084009291628,0.000548847793960916,0.0004606606069682468,0.8791747738405052,1.107430212029308,0.2720557133707403,0.2546716168020229,38,37,1.0,False,Up
DM_dttp_m,DTTP demand,Intracellular demand,0.0010095084009291628,0.000548847793960916,0.0004606606069682468,0.8791747738405052,1.107430212029308,0.2720557133707403,0.2546716168020229,38,37,1.0,False,Up
DTMPK,DTMP kinase,Nucleotides,0.0010095084009291628,0.000548847793960916,0.0004606606069682468,0.8791747738405052,1.107430212029308,0.2720557133707403,0.2546716168020229,38,37,1.0,False,Up
GLCt2_2,D-glucose transport in via proton symport,"Transport, Extracellular",0.004236429620800848,-0.0049367331667540485,0.009173162787554897,,1.0884834730545005,0.283199392518502,0.2546077938529429,38,37,1.0,False,Up
FUMSO4tm,"Fumarate:sulfate antiport, mitochondrial","Transport, Mitochondrial",-0.00490286714053637,0.005702808621360704,-0.010605675761897075,,-1.0884700400631655,0.2832052436375732,-0.2546046514660075,38,37,1.0,False,Down
MALSO4tm,"Malate:sulfate antiport, mitochondrial","Transport, Mitochondrial",0.00490286714053637,-0.005702808621360704,0.010605675761897075,,1.0884700400631655,0.2832052436375732,0.2546046514660075,38,37,1.0,False,Up
NTD10,5'-nucleotidase (XMP),Nucleotides,-6.296382836090892e-05,7.323687404088e-05,-0.00013620070240178892,,-1.0884700400631522,0.28320524363757915,-0.2546046514660045,38,37,1.0,False,Down
PUNP7,Purine-nucleoside phosphorylase (Xanthosine),Nucleotides,-6.296382836090892e-05,7.323687404088e-05,-0.00013620070240178892,,-1.0884700400631522,0.28320524363757915,-0.2546046514660045,38,37,1.0,False,Down
XAOx,"Xanthine  oxidase,peroxisomal",Purine Catabolism,-6.296382836090892e-05,7.323687404088e-05,-0.00013620070240178892,,-1.0884700400631522,0.28320524363757915,-0.2546046514660045,38,37,1.0,False,Down
XANtx,Xanthine diffusion in peroxisome,"Transport, Peroxisomal",-6.296382836090892e-05,7.323687404088e-05,-0.00013620070240178892,,-1.0884700400631522,0.28320524363757915,-0.2546046514660045,38,37,1.0,False,Down
DNDPt34m,DGDP transport via dTDP antiport,"Transport, Mitochondrial",-2.9154331232263327e-05,3.3911090538610464e-05,-6.30654217708738e-05,,-1.0884700400631393,0.28320524363758487,-0.2546046514660016,38,37,1.0,False,Down
RAI2,Retinal isomerase (9-cis),Vitamin A Metabolism,0.004006130428945574,-0.01010047718591158,0.014106607614857153,,1.116455578650641,0.2710403088433643,0.2545816525502533,38,37,1.0,False,Up
RETI2,Retinol isomerase (9-cis),Vitamin A Metabolism,-0.004006130428945574,0.01010047718591158,-0.014106607614857153,,-1.116455578650641,0.2710403088433643,-0.2545816525502533,38,37,1.0,False,Down
GLYK,Glycerol kinase,Glycerophospholipid Metabolism,0.764396041040726,0.8427879738113409,-0.07839193277061485,-0.14084942137383236,-1.1001415221925486,0.27490021970130235,-0.2542188523590379,38,37,1.0,False,Down
GLYCt,Glycerol transport via channel,"Transport, Extracellular",-0.764396041040726,-0.8427879738113409,0.07839193277061485,-0.14084942140894297,1.1001415221925486,0.27490021970130235,0.2542188523590379,38,37,1.0,False,Up
EX_glyc_e,Glycerol exchange,Extracellular exchange,-0.764396041040726,-0.8427879738113409,0.07839193277061485,-0.14084942140894297,1.1001415221925486,0.27490021970130235,0.2542188523590379,38,37,1.0,False,Up
TTDCAtr_copy1,Fatty acid transport,"Transport, Extracellular",0.003170133894859887,0.002406190377792184,0.0007639435170677029,0.3977929682970687,1.1108874745220998,0.2730675415212106,0.2534821269833443,38,37,1.0,False,Up
3SALATAi,3-sulfino-alanine transaminase (irreversible),Cysteine Metabolism,0.00012191912985542104,0.0020342097635530623,-0.0019122906336976413,-4.060470925743895,-1.0787406078207136,0.28613611945225786,-0.2515476686186394,38,37,1.0,False,Down
SULFOX,Sulfite oxidase,Cysteine Metabolism,0.00012191912985542104,0.0020342097635530623,-0.0019122906336976413,-4.060470925743895,-1.0787406078207136,0.28613611945225786,-0.2515476686186394,38,37,1.0,False,Down
3SPYRSP,3-sulfinopyruvate hydrolase (spotaneous reaction),Cysteine Metabolism,0.00012191912985542104,0.0020342097635530623,-0.0019122906336976413,-4.060470925743895,-1.0787406078207136,0.28613611945225786,-0.2515476686186394,38,37,1.0,False,Down
EX_so4_e,Sulfate exchange,Extracellular exchange,0.00012191912985542104,0.0020342097635530623,-0.0019122906336976413,-4.060470925743895,-1.0787406078207136,0.28613611945225786,-0.2515476686186394,38,37,1.0,False,Down
RNDR1,Ribonucleoside-diphosphate reductase (ADP),Nucleotides,8.707999670883137e-05,5.947057622728078e-05,2.7609420481550585e-05,0.5501645293871787,1.100647728949418,0.27779323508508247,0.25096999849547796,38,37,1.0,False,Up
EX_val__L_e,L-Valine exchange,Extracellular exchange,-0.03304081707117866,-0.04245466570529857,0.009413848634119912,-0.36167374970743055,1.0755128031040082,0.2874409113559683,0.250711344689107,38,37,1.0,False,Up
ACACt2m,Acetoacetate mitochondrial transport via H+ symport,"Transport, Mitochondrial",0.07912127201700542,0.1397432310546237,-0.06062195903761827,-0.8206408767413873,-1.0740366059376671,0.2865712982307504,-0.24882525143997228,38,37,1.0,False,Down
LNLNCGt,Fatty acid transport via diffusion,"Transport, Extracellular",0.019913019722342336,0.004849834499069732,0.015063185223272605,2.03770457235227,1.056418770391151,0.29732240643076513,0.2470614294047251,38,37,1.0,False,Up
FACOAL1831,Gamma-Linolenic acid:CoA ligase (AMP-forming),Fatty acid activation,0.019913019722342336,0.004849834499069732,0.015063185223272605,2.03770457235227,1.056418770391151,0.29732240643076513,0.2470614294047251,38,37,1.0,False,Up
EX_lnlncg_e,Gamma-linolenic acid exchange,Extracellular exchange,-0.019913019722342336,-0.004849834499069732,-0.015063185223272605,2.0377046173569116,-1.056418770391151,0.29732240643076513,-0.2470614294047251,38,37,1.0,False,Down
GLUDC,Glutamate Decarboxylase,Glutamate metabolism,0.039320717732790604,0.0055573897069071485,0.03376332802588346,2.8228103169427547,1.080875391031305,0.28531792263897016,0.24704751836202923,38,37,1.0,False,Up
34DHXMANDACOX_NADP,"3,4-Dihydroxymandelaldehyde:NADP+ oxidoreductase",Tyrosine metabolism,-3.1497594329833246e-05,3.663667550994631e-05,-6.813426983977956e-05,,-1.0793864159342152,0.28651989684892315,-0.24639219690536956,38,37,1.0,False,Down
34DHXMANDACOX,"3,4-Dihydroxymandelaldehyde:NAD+ oxidoreductase",Tyrosine metabolism,3.1497594329833246e-05,-3.663667550994631e-05,6.813426983977956e-05,,1.0793864159342152,0.28651989684892315,0.24639219690536956,38,37,1.0,False,Up
CYSGLNNaEx,L-cysteine/L-glutamine Na-dependent exchange (Cys-L in),"Transport, Extracellular",0.0002785119101053949,0.001983853390926614,-0.001705341480821219,-2.8324940390569324,-1.052218676130424,0.2993068844673019,-0.24612453826050396,38,37,1.0,False,Down
FAOXC200180m,Beta oxidation of long chain fatty acid,Fatty acid oxidation,3.543035035811316e-05,0.000252372046398746,-0.00021694169604063285,-2.8324909840784924,-1.0522186761304197,0.2993068844673039,-0.24612453826050304,38,37,1.0,False,Down
FAOXC160,Beta oxidation of long chain fatty acid,Fatty acid oxidation,3.543035035811316e-05,0.000252372046398746,-0.00021694169604063285,-2.8324909840784924,-1.0522186761304197,0.2993068844673039,-0.24612453826050304,38,37,1.0,False,Down
FAOXC180,Beta oxidation of long chain fatty acid,Fatty acid oxidation,3.543035035811316e-05,0.000252372046398746,-0.00021694169604063285,-2.8324909840784924,-1.0522186761304197,0.2993068844673039,-0.24612453826050304,38,37,1.0,False,Down
ARACHCRNt,Transport into the mitochondria (carnitine),Carnitine shuttle,3.543035035811316e-05,0.000252372046398746,-0.00021694169604063285,-2.8324909840784924,-1.0522186761304197,0.2993068844673039,-0.24612453826050304,38,37,1.0,False,Down
ARACHCPT1,Carnitine transferase,Carnitine shuttle,3.543035035811316e-05,0.000252372046398746,-0.00021694169604063285,-2.8324909840784924,-1.0522186761304197,0.2993068844673039,-0.24612453826050304,38,37,1.0,False,Down
ARACHCPT2,Carnitine transferase,Carnitine shuttle,3.543035035811316e-05,0.000252372046398746,-0.00021694169604063285,-2.8324909840784924,-1.0522186761304197,0.2993068844673039,-0.24612453826050304,38,37,1.0,False,Down
ALASERNaEx,L-alanine/L-serine Na-dependent exchange (Ala-L in),"Transport, Extracellular",7.110789218892628e-05,0.0005065048492443351,-0.0004353969570554088,-2.832492740289657,-1.052218676130418,0.2993068844673047,-0.24612453826050262,38,37,1.0,False,Down
ASNCYSNaEx,L-cysteine/L-asparagine Na-dependent exchange (Asn-L in),"Transport, Extracellular",0.00176279998918433,0.013285910102066659,-0.011523110112882328,-2.9139562887229133,-1.0520589415408166,0.2993763386008041,-0.24608567612086055,38,37,1.0,False,Down
SRTNt6_2_r,SRTNt6 LPAREN 2 RPAREN r,"Transport, Extracellular",-0.08226919054220865,-0.058185570142653464,-0.02408362039955518,0.49969083624215815,-1.070586181634228,0.28857778021669256,-0.24570068991730842,38,37,1.0,False,Down
UREAt,Urea transport via facilitate diffusion,"Transport, Extracellular",-0.0009873957615973842,-0.011397362580258414,0.01040996681866103,-3.52892788542615,1.0503484535521685,0.29918190315327936,0.2451361751137825,38,37,1.0,False,Up
RAI3,13-cis-retinoic acid isomerase,Vitamin A Metabolism,0.006339311458722495,-0.009632299510922277,0.01597161096964477,,1.07149167566931,0.2903940292793291,0.24439007804037882,38,37,1.0,False,Up
ORNt4m,Ornithine mitochondrial transport exchange with citruline,"Transport, Mitochondrial",-0.00473331068252324,0.0055055876886192,-0.01023889837114244,,-1.0323443725727524,0.3080339596739066,-0.2412798248738076,38,37,1.0,False,Down
CITRtm,"Citrulline transport via diffusion, mitochondria","Transport, Mitochondrial",-0.00473331068252324,0.0055055876886192,-0.01023889837114244,,-1.0323443725727524,0.3080339596739066,-0.2412798248738076,38,37,1.0,False,Down
GALT,Galactose 1 phosphate uridylyltransferase,Galactose metabolism,0.008921884865458774,-0.017749638464589386,0.026671523330048158,,1.0470707960961205,0.2986337823802347,0.2411561451877968,38,37,1.0,False,Up
ACTLMO,Acetol monooxygenase,Pyruvate Metabolism,0.05844846559498876,0.08156681816098388,-0.02311835256599512,-0.48081722317703374,-1.0295620178010632,0.30704179106204177,-0.238849813680605,38,37,1.0,False,Down
PROSTGE2t,Prostaglandin transport via bicarbonate countertransport,"Transport, Extracellular",0.019834692518425165,0.0052725990012425766,0.014562093517182588,1.9114398283780734,1.0219884514485775,0.31274639453148473,0.23880167665003454,38,37,1.0,False,Up
PROSTGE2t2,Prostaglandin uniport,"Transport, Extracellular",-0.019834692518425165,-0.0052725990012425766,-0.014562093517182588,1.911439868555131,-1.0219884514485775,0.31274639453148473,-0.23880167665003454,38,37,1.0,False,Down
ARGt4,L-arginine transport in via sodium symport,"Transport, Extracellular",0.0003927465761718447,3.878401644523512e-05,0.00035396255972660955,3.3400612254121853,1.0428880776615206,0.3033413363664997,0.23783769860356535,38,37,1.0,False,Up
UMPK5,UMP kinase (dATP),Nucleotides,0.0166488750379419,0.040229096900474465,-0.023580221862532565,-1.272814648415,-1.011462459478785,0.3184733502475226,-0.23675215094423632,38,37,1.0,False,Down
FUM,Fumarase,Citric Acid Cycle,0.045490672333888,-5.574679475967465e-05,0.04554641912864768,,1.0211823774465796,0.3107225739775267,0.23651187487647346,38,37,1.0,False,Up
DGULND,Dehydro-L-gulonate decarboxylase,Pentose and Glucuronate Interconversions,0.003847906794030535,0.011183711004976638,-0.007335804210946103,-1.539253202506168,-1.0168148930166765,0.31352753130663924,-0.23644692847864843,38,37,1.0,False,Down
R03184_PLUS_R00647,R03184 PLUS R00647,,-0.003847906794030535,-0.011183711004976638,0.007335804210946103,-1.5392532516922,1.0168148930166765,0.31352753130663924,0.23644692847864843,38,37,1.0,False,Up
GULN3D,L-gulonate 3-dehydrogenase,Pentose and Glucuronate Interconversions,0.003847906794030535,0.011183711004976638,-0.007335804210946103,-1.539253202506168,-1.0168148930166765,0.31352753130663924,-0.23644692847864843,38,37,1.0,False,Down
GULNter,L-gulonate endoplasmic reticular export,"Transport, Endoplasmic Reticular",0.003847906794030535,0.011183711004976638,-0.007335804210946103,-1.539253202506168,-1.0168148930166765,0.31352753130663924,-0.23644692847864843,38,37,1.0,False,Down
INSTt4_2,Inositol transport via sodium symport,"Transport, Extracellular",0.0109618070907704,-0.012750312458211819,0.023712119548982218,,1.0105554033512558,0.31853538505736495,0.23635332379053373,38,37,1.0,False,Up
RDH4,"Retinol dehydrogenase (13-cis,NADH)",Vitamin A Metabolism,-0.003990721147718363,0.011460946128020571,-0.015451667275738934,,-1.0335405557049602,0.3076847337537186,-0.23568264096477806,38,37,1.0,False,Down
RETI3,Retinol isomerase (13-cis),Vitamin A Metabolism,-0.003990721147718363,0.011460946128020571,-0.015451667275738934,,-1.0335405557049602,0.3076847337537186,-0.23568264096477806,38,37,1.0,False,Down
THBPT4ACAMDASE,Tetrahydrobiopterin-4a-carbinolamine dehydratase,Tetrahydrobiopterin,0.048882415534632434,0.10637877056462004,-0.05749635502998761,-1.1218227840255828,-1.0194758397036232,0.3113505121702688,-0.23551346557714117,38,37,1.0,False,Down
DNDPt17m,DUDP transport via dCDP antiport,"Transport, Mitochondrial",8.241691684958573e-06,-9.586388749349399e-06,1.782808043430797e-05,,1.032117518384841,0.30850867637277485,0.23527702620256355,38,37,1.0,False,Up
EX_4hphac_e,4 hydroxyphenylacetate exchange,Extracellular exchange,-0.00021861872400255383,0.0002542880947608676,-0.0004729068187634214,,-1.0054030519227142,0.32122785663012093,-0.23527702620256308,38,37,1.0,False,Down
TYRCBOX,L-Tyrosine carboxy-lyase,Tyrosine metabolism,-0.00021861872400255383,0.0002542880947608676,-0.0004729068187634214,,-1.0054030519227142,0.32122785663012093,-0.23527702620256308,38,37,1.0,False,Down
HPACtr,Hydroxyphenylacetate transport via diffusion,"Transport, Extracellular",-0.00021861872400255383,0.0002542880947608676,-0.0004729068187634214,,-1.0054030519227142,0.32122785663012093,-0.23527702620256308,38,37,1.0,False,Down
4HOXPACDOX_NADP,4HOXPACDOX LPAREN NADP RPAREN ,Tyrosine metabolism,-0.00021861872400255383,0.0002542880947608676,-0.0004729068187634214,,-1.0054030519227142,0.32122785663012093,-0.23527702620256308,38,37,1.0,False,Down
TYROXDAc,Tyramine:oxygen oxidoreductase(deaminating)(flavin-containing) (cytosol),Tyrosine metabolism,-0.00021861872400255383,0.0002542880947608676,-0.0004729068187634214,,-1.0054030519227142,0.32122785663012093,-0.23527702620256308,38,37,1.0,False,Down
CITt4_2,Citrate transport via sodium symport,"Transport, Extracellular",-0.0013774379288103834,0.0016021778014057692,-0.002979615730216153,,-1.005403051922714,0.3212278566301211,-0.23527702620256302,38,37,1.0,False,Down
NAt3_1,Sodium proton antiporter  HNA is 11 ,"Transport, Extracellular",-0.011881471087270569,0.013820026896246174,-0.025701497983516744,,-1.0321175183848386,0.3085086763727762,-0.23527702620256302,38,37,1.0,False,Down
ARTFR203,R group artificial flux,R Group Synthesis,0.003846095067136248,-0.004473615841247901,0.00831971090838415,,1.0321175183848386,0.3085086763727761,0.23527702620256302,38,37,1.0,False,Up
SERGLNNaEx,L-serine/L-glutamine Na-dependent exchange (Ser-L in),"Transport, Extracellular",-0.010853650962201105,0.012624509803402262,-0.023478160765603367,,-1.0054030519227137,0.32122785663012116,-0.235277026202563,38,37,1.0,False,Down
CYSt4,L-cysteine reversible transport via sodium symport,"Transport, Extracellular",0.00989973724757534,-0.011514957535337562,0.0214146947829129,,1.0321175183848386,0.3085086763727761,0.23527702620256297,38,37,1.0,False,Up
ALAASNNaEx,L-alanine/L-asparagine Na-dependent exchange (Ala-L in),"Transport, Extracellular",-0.000539757487840967,0.0006278231832255322,-0.0011675806710664993,,-1.0054030519227122,0.3212278566301219,-0.23527702620256266,38,37,1.0,False,Down
RETI1,Retinol isomerase (11-cis),Vitamin A Metabolism,0.025883647319350982,-0.006614127779960924,0.032497775099311906,,1.0318761652209345,0.30854309751249603,0.23525937562164467,38,37,1.0,False,Up
RAI1,Retinal isomerase (11-cis),Vitamin A Metabolism,-0.025883647319350982,0.006614127779960924,-0.032497775099311906,,-1.0318761652209345,0.30854309751249603,-0.23525937562164467,38,37,1.0,False,Down
THYMDt1,Thymd transport,"Transport, Extracellular",0.012574400802973625,0.023811146094262936,-0.011236745291289311,-0.9211474034711358,-1.0153705822119212,0.3134335766247004,-0.23510061435781385,38,37,1.0,False,Down
DNDPt22m,DTDP transport via dUDP antiport,"Transport, Mitochondrial",0.00046335414729524737,7.51735680427083e-05,0.00038818057925253907,2.623816290195055,1.0177980080422369,0.3122970575227393,0.23429112213394673,38,37,1.0,False,Up
RDH2a,"Retinol dehydrogenase (9-cis,NADPH)",Vitamin A Metabolism,-0.019597271609446906,-0.00799364929345824,-0.011603622315988665,1.2937266390151674,-0.9940328066690637,0.32570680966806564,-0.23209623256888529,38,37,1.0,False,Down
DNDPt33m,DGDP transport via dUDP antiport,"Transport, Mitochondrial",0.00010464697557415765,-4.4898150953716255e-06,0.00010913679066952927,,1.0163178854353514,0.31584623828034497,0.23168837542863663,38,37,1.0,False,Up
DNDPt23m,DTDP transport via dGTP antiport,"Transport, Mitochondrial",0.000779239068067792,0.000550647294435154,0.00022859177363263798,0.5009374069886318,1.0137945251564948,0.31614991889307126,0.23157797486174814,38,37,1.0,False,Up
ASPt6,"L-aspartate transport via Na, H symport and K antiport","Transport, Extracellular",0.06799637432482253,0.0496355860517309,0.01836078827309163,0.4540829943279357,1.0015455569577358,0.31987328405709575,0.2311606346878089,38,37,1.0,False,Up
EX_asp__L_e,L-Aspartate exchange,Extracellular exchange,-0.06799637432482253,-0.0496355860517309,-0.01836078827309163,0.4540829958976372,-1.0015455569577358,0.31987328405709575,-0.2311606346878089,38,37,1.0,False,Down
IDHPOXOX2b,Iodide:hydrogen-peroxide oxidoreductase 2,Tyrosine metabolism,9.252160450177332e-05,0.0003660669758163508,-0.0002735453713145775,-1.9842442733451295,-0.9854054262501699,0.32819415567664656,-0.22874072344324797,38,37,1.0,False,Down
URAt,Uracil transport via facilated diffusion,"Transport, Extracellular",0.02153513337152904,0.011721028844182411,0.00981410452734663,0.8775930412304969,0.9739650575414638,0.3351464220823811,0.22721530068171653,38,37,1.0,False,Up
EX_ura_e,Uracil exchange,Extracellular exchange,-0.02153513337152904,-0.011721028844182411,-0.00981410452734663,0.8775930524491805,-0.9739650575414638,0.3351464220823811,-0.22721530068171653,38,37,1.0,False,Down
SERALANaEx,L-alanine/L-serine Na-dependent exchange (Ser-L in),"Transport, Extracellular",-0.004477494743257295,-2.6657705287427404e-05,-0.004450837037969868,7.392000710278168,-0.9693017304314795,0.337978984656101,-0.2264519745766056,38,37,1.0,False,Down
FUMtm,"Fumarate transport, mitochondrial","Transport, Mitochondrial",-0.05333409491715766,-0.09090226716366472,0.037568172246507055,-0.7692581773910188,0.9760579062923682,0.3322621765026018,0.22544077372525131,38,37,1.0,False,Up
HSD3A1r,3 alpha-hydroxysteroid dehydrogenase (type 3),Steroid Metabolism,-2.0097821149863185e-05,-0.00038288755216778106,0.0003627897310179179,-4.251816550759651,0.9866716445148912,0.3298410309626649,0.2250014412631913,38,37,1.0,False,Up
THP2Ctp,"2,3,4,5-Tetrahydropyridine-2-carboxylate transport, peroxisomal","Transport, Peroxisomal",-0.6890966857744987,-0.6507892823740746,-0.038307403400424045,0.08251592683752976,-0.9678406718425421,0.33643584260031434,-0.22403031615810054,38,37,1.0,False,Down
AASAD3,L-aminoadipate-semialdehyde dehydrogenase (NADH),Lysine Metabolism,0.6890966857744987,0.6507892823740746,0.038307403400424045,0.08251592681288257,0.9678406718425421,0.33643584260031434,0.22403031615810054,38,37,1.0,False,Up
AATA,2 aminoadipate transaminase,Lysine Metabolism,-0.6890966857744987,-0.6507892823740746,-0.038307403400424045,0.08251592683752976,-0.9678406718425421,0.33643584260031434,-0.22403031615810054,38,37,1.0,False,Down
LYSOXp,"L-lysine oxidase, peroxisomal",Lysine Metabolism,0.6890966857744987,0.6507892823740746,0.038307403400424045,0.08251592681288257,0.9678406718425421,0.33643584260031434,0.22403031615810054,38,37,1.0,False,Up
LYStip,"L-lysine transport, peroxisomal (irreversible)","Transport, Peroxisomal",0.6890966857744987,0.6507892823740746,0.038307403400424045,0.08251592681288257,0.9678406718425421,0.33643584260031434,0.22403031615810054,38,37,1.0,False,Up
PPD2CSPp,PPD2CSPp,Lysine Metabolism,0.6890966857744987,0.6507892823740746,0.038307403400424045,0.08251592681288257,0.9678406718425421,0.33643584260031434,0.22403031615810054,38,37,1.0,False,Up
LPCOXp,"L-pipecolate oxidase, peroxisomal",Lysine Metabolism,0.6890966857744987,0.6507892823740746,0.038307403400424045,0.08251592681288257,0.9678406718425421,0.33643584260031434,0.22403031615810054,38,37,1.0,False,Up
AADSACYCL,AAPSAS,Lysine Metabolism,0.6890966857744987,0.6507892823740746,0.038307403400424045,0.08251592681288257,0.9678406718425421,0.33643584260031434,0.22403031615810054,38,37,1.0,False,Up
1PPDCRp,"Delta1-piperideine-2-carboxylate reductase, perixosomal",Lysine Metabolism,0.6890966857744987,0.6507892823740746,0.038307403400424045,0.08251592681288257,0.9678406718425421,0.33643584260031434,0.22403031615810054,38,37,1.0,False,Up
CHOLt4,"Choline, sodium cotransport","Transport, Extracellular",-0.01116800020609384,0.01279704160890123,-0.02396504181499507,,-0.9809001451329685,0.3326675032569518,-0.22367350982195455,38,37,1.0,False,Down
ARTFR46,R group artificial flux,R Group Synthesis,0.024949885152597984,0.017841401978819296,0.007108483173778688,0.4838041855642056,0.9756518223340775,0.3352373098113304,0.22247302490491028,38,37,1.0,False,Up
RTOTALt,RTOTAL transport,"Transport, Extracellular",0.07473324289156914,0.05344096052764343,0.02129228236392571,0.48380418709890743,0.9756518223340773,0.3352373098113305,0.2224730249049102,38,37,1.0,False,Up
LPS2e,"Lipase, extracellular",Fatty Acid Metabolism,0.07473324289156914,0.05344096052764343,0.02129228236392571,0.48380418709890743,0.9756518223340773,0.3352373098113305,0.2224730249049102,38,37,1.0,False,Up
MAGt,Monoacylglycerol 2 Transport,"Transport, Extracellular",0.07473324289156914,0.05344096052764343,0.02129228236392571,0.48380418709890743,0.9756518223340773,0.3352373098113305,0.2224730249049102,38,37,1.0,False,Up
EX_whttdca_e,Omega hydroxy tetradecanoate (n-C14:0) exchange,Extracellular exchange,0.07448308784276463,0.05326207726804305,0.021221010574721574,0.4838041870963232,0.9756518223340754,0.3352373098113314,0.22247302490490978,38,37,1.0,False,Up
FAH2,Fatty acid omega-hydroxylase,CYP Metabolism,0.07448308784276463,0.05326207726804305,0.021221010574721574,0.4838041870963232,0.9756518223340754,0.3352373098113314,0.22247302490490978,38,37,1.0,False,Up
WHTTDCAte,Xenobiotic transport,"Transport, Extracellular",-0.07448308784276463,-0.05326207726804305,-0.021221010574721574,0.4838041886397816,-0.9756518223340754,0.3352373098113314,-0.22247302490490978,38,37,1.0,False,Down
DADNK,Deoxyadenosine kinase,Nucleotides,0.002542961807070239,0.0022893761673484325,0.0002535856397218065,0.1515552564026854,0.9638541783786112,0.3383028613983955,0.22246125840193534,38,37,1.0,False,Up
PUNP2,Purine-nucleoside phosphorylase (Deoxyadenosine),Purine Catabolism,-0.002542961807070239,-0.0022893761673484325,-0.0002535856397218065,0.1515552689708597,-0.9638541783786112,0.3383028613983955,-0.22246125840193534,38,37,1.0,False,Down
PUNP5,Purine-nucleoside phosphorylase (Inosine),Purine Catabolism,7.060222297993519e-05,-8.212153304506234e-05,0.00015272375602499752,,0.9750827311993211,0.3355078473624319,0.22234724557331198,38,37,1.0,False,Up
XAO2x,Xanthine oxidase,Purine Catabolism,7.060222297993519e-05,-8.212153304506234e-05,0.00015272375602499752,,0.9750827311993211,0.3355078473624319,0.22234724557331198,38,37,1.0,False,Up
INSt,Inosine transport (diffusion),"Transport, Extracellular",7.060222297993519e-05,-8.212153304506234e-05,0.00015272375602499752,,0.9750827311993211,0.3355078473624319,0.22234724557331198,38,37,1.0,False,Up
ADNt,Adenosine facilated transport in cytosol,"Transport, Extracellular",-7.060222297993519e-05,8.212153304506234e-05,-0.00015272375602499752,,-0.9750827311993211,0.3355078473624319,-0.22234724557331198,38,37,1.0,False,Down
ADAe,"Adenosine deaminase, extracellular",Nucleotides,7.060222297993519e-05,-8.212153304506234e-05,0.00015272375602499752,,0.9750827311993211,0.3355078473624319,0.22234724557331198,38,37,1.0,False,Up
HXANtx,Hypoxanthine diffusion in peroxisome,"Transport, Peroxisomal",7.060222297993519e-05,-8.212153304506234e-05,0.00015272375602499752,,0.9750827311993211,0.3355078473624319,0.22234724557331198,38,37,1.0,False,Up
XANDp,"Xanthine dehydrogenase, peroxisomal",Purine Catabolism,7.060222297993519e-05,-8.212153304506234e-05,0.00015272375602499752,,0.9750827311993211,0.3355078473624319,0.22234724557331198,38,37,1.0,False,Up
METLEUex,Methionine/Leucine exchange (Met in),"Transport, Extracellular",0.00010451473746073746,-0.0001215671419938009,0.00022608187945453837,,0.9750827311993151,0.3355078473624349,0.22234724557331068,38,37,1.0,False,Up
FATP8t,Fatty acid electroneutral transport,"Transport, Extracellular",0.010520204898333274,-0.012236659381745408,0.022756864280078684,,0.9750827311993144,0.3355078473624352,0.2223472455733105,38,37,1.0,False,Up
LGNCt,Fatty acid transport via diffusion,"Transport, Extracellular",0.010520204898333274,-0.012236659381745408,0.022756864280078684,,0.9750827311993144,0.3355078473624352,0.2223472455733105,38,37,1.0,False,Up
EX_cit_e,Citrate exchange,Extracellular exchange,0.0010273857065679608,-0.0011950117955342643,0.0022223975021022253,,0.9750827311993144,0.3355078473624351,0.2223472455733105,38,37,1.0,False,Up
SUCCt4_2,Succinate transport via sodium symport,"Transport, Extracellular",-0.08719746335220296,-0.13272440156662088,0.04552693821441792,-0.6060755656505737,0.9567047235168394,0.3420877751452943,0.22166224079268865,38,37,1.0,False,Up
CYTK1,Cytidylate kinase (CMP),Nucleotides,0.018464515330360105,0.0007817663480302464,0.017682748982329858,4.561873923596613,0.9655396592775878,0.3392137488133803,0.22071570211759298,38,37,1.0,False,Up
FATP2t,Fatty acid electroneutral transport,"Transport, Extracellular",-0.02117292045660321,0.0024395221990393874,-0.0236124426556426,,-0.9624008424803693,0.3417402384327669,-0.21946372589451973,38,37,1.0,False,Down
CHOLtu,Choline uniport,"Transport, Extracellular",0.01614547675330298,-0.007226052389316673,0.023371529142619654,,0.9564511632032096,0.34471250125093034,0.21810011945349544,38,37,1.0,False,Up
EX_thr__L_e,L-Threonine exchange,Extracellular exchange,-0.5337417242320698,-0.6059978123594124,0.07225608812734263,-0.18317078999527978,0.9433600740009039,0.34861292420045475,0.21791089379177375,38,37,1.0,False,Up
BDHm,"3-Hydroxybutanoate:NAD+ oxidoreductase, mitochondria",Butanoate Metabolism,-0.8865749459183755,-0.9072752694914341,0.02070032357305862,-0.033297740932712316,0.9398805683271837,0.35054923325685783,0.21768854992050019,38,37,1.0,False,Up
BHBtm,(R)-3-Hydroxybutanoate mitochondrial transport via H+ symport,"Transport, Mitochondrial",-0.8865749459183755,-0.9072752694914341,0.02070032357305862,-0.033297740932712316,0.9398805683271837,0.35054923325685783,0.21768854992050019,38,37,1.0,False,Up
EX_bhb_e,(R)-3-Hydroxybutanoate transport via H+ symport,Extracellular exchange,0.8865749459183755,0.9072752694914341,-0.02070032357305862,-0.03329774092528682,-0.9398805683271837,0.35054923325685783,-0.21768854992050019,38,37,1.0,False,Down
BHBt,(R)-3-Hydroxybutanoate transport via H+ symport,"Transport, Extracellular",-0.8865749459183755,-0.9072752694914341,0.02070032357305862,-0.033297740932712316,0.9398805683271837,0.35054923325685783,0.21768854992050019,38,37,1.0,False,Up
DNDPt28m,DCDP transport via dGDP antiport,"Transport, Mitochondrial",0.00026286357428949883,0.0003485199031723209,-8.565632888282205e-05,-0.40692667487732215,-0.9309616078082942,0.35615803342844377,-0.21679249016422938,38,37,1.0,False,Down
ALAGLNexR,L-alanine/glutamine reversible exchange,"Transport, Extracellular",-0.32568465466289853,-0.38546879901933884,0.059784144356440305,-0.24313834330912648,0.9269556881800578,0.35737385194690086,0.21502677522885627,38,37,1.0,False,Up
ILEt4,L-isoleucine transport in via sodium symport,"Transport, Extracellular",-9.521100278012224e-05,0.00011074542954952557,-0.0002059564323296478,,-0.9112707112156424,0.36751811295848646,-0.2129687195266419,38,37,1.0,False,Down
GLNTHRNaEx,L-threonine/L-glutamine Na-dependent exchange (Gln-L in),"Transport, Extracellular",-0.0002501422680870762,0.0002909549539328768,-0.000541097222019953,,-0.911270711215637,0.367518112958489,-0.2129687195266406,38,37,1.0,False,Down
PCm,Pyruvate carboxylase,Pyruvate Metabolism,-0.0011582642506988024,0.0013472442073917878,-0.0025055084580905902,,-0.9112707112156344,0.36751811295849046,-0.21296871952663998,38,37,1.0,False,Down
SO4HCOtex,Sulfate transport via bicarbonate countertransport,"Transport, Extracellular",0.0023644960279684112,0.015157564302672281,-0.01279306827470387,-2.680433267896001,-0.9134717616417048,0.36548553120746907,-0.21293397125553384,38,37,1.0,False,Down
DESAT18_7,Fatty acyl-CoA desaturase (n-C18:1CoA -> n-C18:2CoA),Fatty acid elongation,0.0017069378005225054,-0.00935385923113404,0.011060797031656546,,0.9325261132455098,0.3568031784808723,0.21263271535982395,38,37,1.0,False,Up
GLYCK2,Glycerate kinase,Glyoxylate and Dicarboxylate Metabolism,-0.0006444581668190473,0.0002866581571512191,-0.0009311163239702664,,-0.9053450931163239,0.3706067550221275,-0.2115818051772397,38,37,1.0,False,Down
HPYRRy,Hydroxypyruvate reductase (NADPH),Glyoxylate and Dicarboxylate Metabolism,-0.0006444581668190473,0.0002866581571512191,-0.0009311163239702664,,-0.9053450931163239,0.3706067550221275,-0.2115818051772397,38,37,1.0,False,Down
HIStN1,"Histidine transport (Na, H coupled)","Transport, Extracellular",-0.00657248446667119,0.00764483719544388,-0.01421732166211507,,-0.9046869274141387,0.37120137628986827,-0.21156393351832334,38,37,1.0,False,Down
CYTK2_1,Adenylate kinase,Nucleotides,0.07276169660937756,0.05331755881201106,0.019444137797366506,0.4485684555044991,0.9194443389970016,0.3614107731278656,0.21109813155879822,38,37,1.0,False,Up
DNDPt16m,DUDP transport via dADP antiport,"Transport, Mitochondrial",-2.814085543567391e-05,3.27322581647028e-05,-6.0873113600376716e-05,,-0.8962661307695146,0.3747817706453045,-0.20910468807983132,38,37,1.0,False,Down
O2tp,O2 transport glycosome,"Transport, Peroxisomal",2.758984693243013,2.905528445963523,-0.1465437527205098,-0.07466312644197315,-0.9043615764859363,0.3687803138287057,-0.20872840600450718,38,37,1.0,False,Down
NH4t3r,Ammonia transport via proton antiport,"Transport, Extracellular",0.561188477133411,0.6338412108031322,-0.07265273366972114,-0.17563607679143556,-0.8962624763386634,0.37306337001921286,-0.20703740416074032,38,37,1.0,False,Down
OCDCEAt,Octadecenoate  n C181  transport in via uniport,"Transport, Extracellular",0.00247298297595932,-0.022967636196849713,0.025440619172809032,,0.9080183473011364,0.36952119950555506,0.20700790480037826,38,37,1.0,False,Up
thr_mt,Transport reaction,,0.5087491019939141,0.5767708745346358,-0.06802177254072173,-0.18104397110342463,-0.8902922612596197,0.37623652573146793,-0.2056332145719535,38,37,1.0,False,Down
R01465m,"L-threonine 3-dehydrogenase, mitochondrial",,0.5087491019939141,0.5767708745346358,-0.06802177254072173,-0.18104397110342463,-0.8902922612596197,0.37623652573146793,-0.2056332145719535,38,37,1.0,False,Down
EX_fru_e,D-Fructose exchange,Extracellular exchange,-0.04681480780751376,-0.08607383269158103,0.039259024884067274,-0.8786097767388349,0.8873991770267111,0.37788851712037075,0.20542028497552933,38,37,1.0,False,Up
FRUt4,D-fructose transport  via sodium cotransport,"Transport, Extracellular",0.04681480780751376,0.08607383269158103,-0.039259024884067274,-0.8786097739276479,-0.8873991770267111,0.37788851712037075,-0.20542028497552933,38,37,1.0,False,Down
GLXtp,Glyoxylate transport  peroxisomal,"Transport, Peroxisomal",-0.12395228380840748,-0.17029039501803822,0.046338111209630745,-0.4582122113321917,0.8858304882635796,0.37891480308536774,0.20540749928877786,38,37,1.0,False,Up
GLYCLTDy,Glycolate dehydrogenase (NADP),Glyoxylate and Dicarboxylate Metabolism,0.12395228380840748,0.17029039501803822,-0.046338111209630745,-0.4582122106987627,-0.8858304882635796,0.37891480308536774,-0.20540749928877786,38,37,1.0,False,Down
EX_4abut_e,4-Aminobutanoate exchange,Extracellular exchange,0.10436283851555159,0.1398136374797294,-0.035450798964177826,-0.4218969993115647,-0.8913026611677253,0.3757705394631766,-0.2053355452065048,38,37,1.0,False,Down
C4STMO2r,C-4 methyl sterol oxidase,Cholesterol Metabolism,0.0010194931115804922,0.0009452701843857082,7.422292719478404e-05,0.1090533608343732,0.8851321771543484,0.37911202281667256,0.20379559752379295,38,37,1.0,False,Up
H2O2tp,"Hydrogen peroxide transport via diffusion, glyoxysome","Transport, Peroxisomal",-2.4678314745311405,-2.6644089734609735,0.196577498929833,-0.11057166807898561,0.8793627390424776,0.3820910025559914,0.20307044461202844,38,37,1.0,False,Up
EX_i_e,Iodide exchange,Extracellular exchange,0.00015137417781315945,-0.0003865983857721791,0.0005379725635853386,,0.8679985433844707,0.38856253965750287,0.20132008590389572,38,37,1.0,False,Up
THYPX,Thyroid peroxidase,Tyrosine metabolism,-0.00015137417781315945,0.0003865983857721791,-0.0005379725635853386,,-0.8679985433844707,0.38856253965750287,-0.20132008590389572,38,37,1.0,False,Down
ME2m,Malic enzyme  NADP   mitochondrial,Pyruvate Metabolism,0.0009322699581945605,0.000613964064588435,0.00031830589360612547,0.6025934806590093,0.8775452561538455,0.38516834474886097,0.20030129449856673,38,37,1.0,False,Up
GALt1r,Galactose transport (uniport),"Transport, Extracellular",0.08945903413681462,0.05134630731351054,0.038112726823304084,0.800966655292032,0.8657314372149092,0.3894855007649318,0.20005068200842713,38,37,1.0,False,Up
GLYtm,Glycine passive transport to mitochondria,"Transport, Mitochondrial",-0.5147993985591881,-0.5807886394052221,0.06598924084603397,-0.17400286555282565,0.86337918398392,0.3907608898388262,0.1994357065572133,38,37,1.0,False,Up
GLYATm,Glycine C-acetyltransferase,"Glycine, Serine, and Threonine Metabolism",-0.5147993985591881,-0.5807886394052221,0.06598924084603397,-0.17400286555282565,0.86337918398392,0.3907608898388262,0.1994357065572133,38,37,1.0,False,Up
EX_nrpphr_e,Norepinephrine exchange,Extracellular exchange,0.00777517629986666,-0.0059345787402582196,0.01370975504012488,,0.8701550477178118,0.38941827788569294,0.19847254449671092,38,37,1.0,False,Up
DOPABMO,Dopamine beta-monooxygenase,Tyrosine metabolism,0.00777517629986666,-0.0059345787402582196,0.01370975504012488,,0.8701550477178118,0.38941827788569294,0.19847254449671092,38,37,1.0,False,Up
EX_gly_e,Glycine exchange,Extracellular exchange,0.4454723541538196,0.512412740401743,-0.06694038624792342,-0.20197044519346727,-0.8542637084360659,0.39575388885220875,-0.19720387394677652,38,37,1.0,False,Down
EX_lys__L_e,L-Lysine exchange,Extracellular exchange,-0.7259429407343594,-0.6920290727008702,-0.03391386803348917,0.0690235086374279,-0.8492336423315182,0.3986300854279078,-0.19657919581940872,38,37,1.0,False,Down
HSD3A2r,3 alpha-hydroxysteroid dehydrogenase (type 3),Steroid Metabolism,0.0006104960372316552,-0.0003038387939062433,0.0009143348311378985,,0.8368760079827545,0.4071513242504009,0.19114954291858233,38,37,1.0,False,Up
DNDPt25m,DTDP transport via dCDP antiport,"Transport, Mitochondrial",-1.3334572570451988e-05,1.5510213358285316e-05,-2.8844785928737303e-05,,-0.8200747862780519,0.41522442793598413,-0.19031141068753038,38,37,1.0,False,Down
P5CR,Pyrroline-5-carboxylate reductase,Urea cycle/amino group metabolism,0.0032702494913168785,0.012805625648688791,-0.009535376157371912,-1.9693050980399898,-0.8122141494595867,0.4212911561034631,-0.18976033235427978,38,37,1.0,False,Down
FKYNH,N Formyl L kynurenine amidohydrolase,Tryptophan metabolism,0.005817763420349645,-0.006433530904919468,0.012251294325269113,,0.8228640064970186,0.4153063885571444,0.18777341036086073,38,37,1.0,False,Up
PCLAD,Picolinic acid decarboxylase,Tryptophan metabolism,0.005817763420349645,-0.006433530904919468,0.012251294325269113,,0.8228640064970186,0.4153063885571444,0.18777341036086073,38,37,1.0,False,Up
KYN3OX,Kynurenine 3 monooxygenase,Tryptophan metabolism,0.005817763420349645,-0.006433530904919468,0.012251294325269113,,0.8228640064970186,0.4153063885571444,0.18777341036086073,38,37,1.0,False,Up
AMCOXO,2-aminomuconate reductase,Tryptophan metabolism,0.005817763420349645,-0.006433530904919468,0.012251294325269113,,0.8228640064970186,0.4153063885571444,0.18777341036086073,38,37,1.0,False,Up
HKYNH,3 Hydroxy L kynurenine hydrolase,Tryptophan metabolism,0.005817763420349645,-0.006433530904919468,0.012251294325269113,,0.8228640064970186,0.4153063885571444,0.18777341036086073,38,37,1.0,False,Up
AM6SAD,Aminomuconate-semialdehyde dehydrogenase,Tryptophan metabolism,0.005817763420349645,-0.006433530904919468,0.012251294325269113,,0.8228640064970186,0.4153063885571444,0.18777341036086073,38,37,1.0,False,Up
3HAO,3 hydroxyanthranilate 3 4 dioxygenase,Tryptophan metabolism,0.005817763420349645,-0.006433530904919468,0.012251294325269113,,0.8228640064970186,0.4153063885571444,0.18777341036086073,38,37,1.0,False,Up
TRPO2,L Tryptophanoxygen 2 3 oxidoreductase  decyclizing ,Tryptophan metabolism,0.005817763420349645,-0.006433530904919468,0.012251294325269113,,0.8228640064970186,0.4153063885571444,0.18777341036086073,38,37,1.0,False,Up
GTHPi,Glutathione peridoxase,Glutathione Metabolism,0.02031840022355052,-0.004647336907429144,0.024965737130979663,,0.8225999859477849,0.41594600756443434,0.18746616210138817,38,37,1.0,False,Up
SERLYSNaex,Serine/Lysine Na-dependent exchange (Ser in),"Transport, Extracellular",-0.006279518731282685,0.01404378491785005,-0.020323303649132735,,-0.7973117073514039,0.43002429141439014,-0.1864068657325411,38,37,1.0,False,Down
PRO1x,Proline oxidase  L proline  NAD ,Arginine and Proline Metabolism,0.0032000318911099127,0.01254007091187096,-0.009340039020761047,-1.9703872847560313,-0.7966733061279364,0.4301585397283466,-0.18612691219538877,38,37,1.0,False,Down
MTHFD2i,Methylenetetrahydrofolate dehydrogenase  NAD ,Folate Metabolism,-0.35898409040145385,-0.3010184482834735,-0.05796564211798033,0.25406800059133844,-0.8060980603983553,0.42280460774410233,-0.18609527992097294,38,37,1.0,False,Down
EX_ala__L_e,L-Alanine exchange,Extracellular exchange,0.6618163454138659,0.6065451121138697,0.05527123329999617,0.12581597293372104,0.7946865990466894,0.42970892646468983,0.18437878011737704,38,37,1.0,False,Up
CLHCO3tex2,Chloride transport via bicarbonate countertransport (2:1),"Transport, Extracellular",0.010048708652632464,-0.011688234801219737,0.0217369434538522,,0.8007078947512433,0.4267596456941649,0.18344124774577686,38,37,1.0,False,Up
LPS2,Lipase,Triacylglycerol Synthesis,0.015319896008330737,-0.017819457988637127,0.033139353996967866,,0.7945476383421237,0.4294863245895847,0.1831574763067279,38,37,1.0,False,Up
SO4t4_3,Sulfate transport via sodium symport,"Transport, Extracellular",0.011885894811928324,-0.014426181983070782,0.026312076794999105,,0.7867901267902576,0.4345544724056518,0.18285900357563217,38,37,1.0,False,Up
LCYSTCBOXL,3-Sulfoalanine carboxy-lyase,Taurine and hypotaurine metabolism,0.019234891416058168,-0.022373215804993934,0.0416081072210521,,0.7876564716577065,0.43348121620768987,0.18157006377388546,38,37,1.0,False,Up
3SALAOX,Cysteinesulfinic acid oxidase,Taurine and hypotaurine metabolism,0.009617445708029124,-0.01118660790249692,0.020804053610526042,,0.7876564716577062,0.4334812162076901,0.18157006377388543,38,37,1.0,False,Up
ALADGLNexR,L-alanine/glutamine reversible exchange,"Transport, Extracellular",-0.019472380886561516,-0.03024164546920807,0.010769264582646553,-0.6351073493268177,0.776870356213157,0.4413737606903736,0.1813494520758724,38,37,1.0,False,Up
DNDPt15m,DUDP transport via dGDP antiport,"Transport, Mitochondrial",0.00019061010544870903,0.00023782801629535177,-4.7217910846642744e-05,-0.3192939175655146,-0.7745027408998042,0.4411445219119352,-0.17896447268040294,38,37,1.0,False,Down
EX_for_e,Formate exchange,Extracellular exchange,0.005634448026722953,-0.005963799203115247,0.0115982472298382,,0.7785357152347525,0.44069207916542363,0.17765491396714278,38,37,1.0,False,Up
CLFORtex,Chloride transport via formate countertransport,"Transport, Extracellular",0.0028175001684239156,-0.002982220813498683,0.005799720981922598,,0.7784197352331184,0.44075872244996317,0.17762895592000047,38,37,1.0,False,Up
AACTOOR,Aminoacetone:oxygen oxidoreductase(deaminating)(flavin-containing),"Glycine, Serine, and Threonine Metabolism",-0.006050296565273904,-0.004017764870586288,-0.002032531694687616,0.5906127357582805,-0.7602675094405512,0.4512370598905684,-0.17753841594083045,38,37,1.0,False,Down
AACTtm,Aminoacetone transport (mitochondrial),"Transport, Mitochondrial",-0.006050296565273904,-0.004017764870586288,-0.002032531694687616,0.5906127357582805,-0.7602675094405512,0.4512370598905684,-0.17753841594083045,38,37,1.0,False,Down
AOBUTDsm,"L-2-amino-3-oxobutanoate decarboxylation, mitochondrial  (spontaneous)","Glycine, Serine, and Threonine Metabolism",-0.006050296565273904,-0.004017764870586288,-0.002032531694687616,0.5906127357582805,-0.7602675094405512,0.4512370598905684,-0.17753841594083045,38,37,1.0,False,Down
UMPK4,UMP kinase (GTP),Nucleotides,-0.05078374857153498,-0.016318258468005466,-0.03446549010352952,1.6378797996587082,-0.77117707400079,0.4435805628557311,-0.17698763946908663,38,37,1.0,False,Down
GLYOp,"Glycine oxidase, perixosomal","Glycine, Serine, and Threonine Metabolism",0.05160797799356109,0.07236487896802632,-0.020756900974465232,-0.48769557271201514,-0.7614934653992811,0.4491793259129898,-0.17673404304545892,38,37,1.0,False,Down
RADH2,Retinal dehydrogenase (NADPH),Vitamin A Metabolism,0.06644769395506948,0.0909208849617166,-0.02447319100664712,-0.45239259372385193,-0.7545937409933944,0.45362142021918417,-0.1754987703009797,38,37,1.0,False,Down
IDHPOXOXb,Iodide:hydrogen-peroxide oxidoreductase,Tyrosine metabolism,-0.0002438957823149211,2.0531409955837717e-05,-0.0002644271922707588,,-0.752596499088295,0.4543075840198695,-0.17442791501260219,38,37,1.0,False,Down
MTHFC,Methenyltetrahydrofolate cyclohydrolase,Folate Metabolism,0.060054748816806336,0.07501863192614774,-0.014963883109341408,-0.32097062186519587,-0.7453336833612222,0.45923292513906766,-0.17341596190256905,38,37,1.0,False,Down
FTHFDH,10-formyltetrahydrofolate:NADP+ oxidoreductase,Folate Metabolism,0.060071593500705935,0.07499903889908557,-0.01492744539837964,-0.3201891730383001,-0.7435664158988613,0.46029349851208745,-0.17300515936124067,38,37,1.0,False,Down
ASNTHRNaEx,L-threonine/L-asparagine Na-dependent exchange (Asn-L in),"Transport, Extracellular",-0.007894726875992396,-0.0067563278467159815,-0.0011383990292764146,0.2246500231683219,-0.7378268550452126,0.4635109610732244,-0.17144419754581755,38,37,1.0,False,Down
MMMm,Methylmalonyl-CoA mutase,"Valine, Leucine, and Isoleucine Metabolism",0.006149515205736336,0.012356853817672228,-0.0062073386119358915,-1.006766867353205,-0.7171688958997324,0.47674691564480687,-0.1672163423621708,38,37,1.0,False,Down
MMTSADm,"Malonate-semialdehyde dehydrogenase (acetylating), mitochondrial","Valine, Leucine, and Isoleucine Metabolism",0.006149515205736336,0.012356853817672228,-0.0062073386119358915,-1.006766867353205,-0.7171688958997324,0.47674691564480687,-0.1672163423621708,38,37,1.0,False,Down
ACOAD9m,"2-methylacyl-coa dehydrogenase, 2-Methylprop-2-enoyl-CoA forming","Valine, Leucine, and Isoleucine Metabolism",0.006149515205736336,0.012356853817672228,-0.0062073386119358915,-1.006766867353205,-0.7171688958997324,0.47674691564480687,-0.1672163423621708,38,37,1.0,False,Down
OIVD2m,"2-oxoisovalerate dehydrogenase (acylating; 3-methyl-2-oxobutanoate), mitochondrial","Valine, Leucine, and Isoleucine Metabolism",0.006149515205736336,0.012356853817672228,-0.0062073386119358915,-1.006766867353205,-0.7171688958997324,0.47674691564480687,-0.1672163423621708,38,37,1.0,False,Down
3HBCOAHLm,"3-hydroxyisobutyryl-CoA hydrolase, mitochondrial","Valine, Leucine, and Isoleucine Metabolism",0.006149515205736336,0.012356853817672228,-0.0062073386119358915,-1.006766867353205,-0.7171688958997324,0.47674691564480687,-0.1672163423621708,38,37,1.0,False,Down
ECOAH12m,"Enoyl-coa hydratase, 3-Hydroxyisobutyryl-CoA forming","Valine, Leucine, and Isoleucine Metabolism",0.006149515205736336,0.012356853817672228,-0.0062073386119358915,-1.006766867353205,-0.7171688958997324,0.47674691564480687,-0.1672163423621708,38,37,1.0,False,Down
HIBDm,"3-hydroxyisobutyrate dehydrogenase, mitochondrial","Valine, Leucine, and Isoleucine Metabolism",0.006149515205736336,0.012356853817672228,-0.0062073386119358915,-1.006766867353205,-0.7171688958997324,0.47674691564480687,-0.1672163423621708,38,37,1.0,False,Down
DNDPt32m,DGDP transport via ATP antiport,"Transport, Mitochondrial",0.000541354737696724,0.0004202121041564351,0.00012114263354028889,0.3654564737534559,0.7224701695504444,0.47393774878730877,0.1649386312195871,38,37,1.0,False,Up
DHFR,Dihydrofolate reductase,Folate Metabolism,0.001713638473621092,0.00191208502896913,-0.00019844655534803808,-0.15808389544034507,-0.7129904117559183,0.47812547434332275,-0.16465329768729559,38,37,1.0,False,Down
TMDS,Thymidylate synthase,Nucleotides,0.001713638473621092,0.00191208502896913,-0.00019844655534803808,-0.15808389544034507,-0.7129904117559183,0.47812547434332275,-0.16465329768729559,38,37,1.0,False,Down
NDPK5m,"Nucleoside-diphosphate kinase (ATP:dGDP), mitochondrial",Nucleotides,0.00012718063070726003,4.218973008299797e-05,8.499090062426206e-05,1.591912920549065,0.720896245501492,0.47480605263704223,0.16463071350475006,38,37,1.0,False,Up
DM_dgtp_m,"Demand for dGTP, Mitochondrial",Intracellular demand,0.00012718063070726003,4.218973008299797e-05,8.499090062426206e-05,1.591912920549065,0.720896245501492,0.47480605263704223,0.16463071350475006,38,37,1.0,False,Up
FDH,Formate dehydrogenase,Fatty Acid Metabolism,0.0013300366558279659,0.0008521704934725242,0.00047786616235544167,0.6422519421751196,0.7178335331528247,0.4759280637267136,0.1644398352210286,38,37,1.0,False,Up
ALADGLYexR,D-alanine/glycine reversible exchange,"Transport, Extracellular",-0.0308520357060036,-0.07142125701457125,0.040569221308567646,-1.2109878425640046,0.7057035988426845,0.4828006970656664,0.16356161902633656,38,37,1.0,False,Up
SERCYSNaEx,L-serine/L-cysteine Na-dependent exchange (Ser-L in),"Transport, Extracellular",0.006978389333117808,0.021978257661421568,-0.014999868328303759,-1.655111011599213,-0.6943845809682211,0.49146000939186407,-0.1623237382717027,38,37,1.0,False,Down
NAIt,Na+ / iodide cotransport,"Transport, Extracellular",-0.07819808105827507,-0.046508859621721556,-0.03168922143655351,0.7496276402087625,-0.7002881387812216,0.4860362339082026,-0.16131347860204379,38,37,1.0,False,Down
OXAHCOtex,Oxalate transport via bicarbonate countertransport,"Transport, Extracellular",-0.010064829084625906,0.005427942379696536,-0.015492771464322442,,-0.6871412580769475,0.4946358741632647,-0.15964578600061677,38,37,1.0,False,Down
It,Iodide uniport,"Transport, Extracellular",0.07804670688046189,0.04689545800749367,0.031151248872968218,0.734889559532279,0.6896764239202611,0.492648020810317,0.1588636265806202,38,37,1.0,False,Up
C3STDH1Pr,C-3 sterol dehydrogenase (4-methylzymosterol),Cholesterol Metabolism,9.829587258570742e-05,6.713570504318795e-05,3.116016754251947e-05,0.550049913643131,0.6942321540898675,0.4912287871427241,0.15852753496967234,38,37,1.0,False,Up
CLOXAtex2,Chloride transport via oxalate countertransport (2:1),"Transport, Extracellular",-0.0054762930411523395,0.0018535909048708174,-0.007329883946023157,,-0.6768447633098382,0.5024531075725696,-0.15825046147379762,38,37,1.0,False,Down
RTOT4,R total flux,R Group Synthesis,0.5062326484237573,0.552630449325798,-0.04639780090204071,-0.1265145011448773,-0.6867064266398707,0.49464716670145803,-0.1578919466103133,38,37,1.0,False,Down
SERTHRNaEx,L-serine/L-threonine Na-dependent exchange (Ser-L in),"Transport, Extracellular",0.01375608236226655,0.04581565058855494,-0.03205956822628839,-1.7357708397149283,-0.6732408933813099,0.5030677826741201,-0.15599276958952396,38,37,1.0,False,Down
FATP7t,Fatty acid electroneutral transport,"Transport, Extracellular",0.05804711432483846,0.09460826254851071,-0.03656114822367225,-0.7047418362027198,-0.6662346725091327,0.5074299399610012,-0.15419565921353046,38,37,1.0,False,Down
CRVNCtr,Fatty acid transport via diffusion,"Transport, Extracellular",0.05804711432483846,0.09460826254851071,-0.03656114822367225,-0.7047418362027198,-0.6662346725091327,0.5074299399610012,-0.15419565921353046,38,37,1.0,False,Down
CYTK11,"Cytidylate kinase (dCMP,dGTP)",Nucleotides,0.006152268303030182,-0.007156059447208728,0.013308327750238911,,0.6629227214017014,0.5096562248819547,0.15243514312504008,38,37,1.0,False,Up
MTHFD,Methylenetetrahydrofolate dehydrogenase (NADP),Folate Metabolism,0.3064832520431646,0.2586069490072159,0.0478763030359487,0.2450471968520117,0.6512155418244573,0.5169522640307699,0.15036563967284095,38,37,1.0,False,Up
CYSASNNaEx,L-cysteine/L-asparagine Na-dependent exchange (Cys-L in),"Transport, Extracellular",0.03594435042775719,0.028418945627068516,0.0075254048006886745,0.3389120010037776,0.6552652731799952,0.5155500862798416,0.1497502853486219,38,37,1.0,False,Up
ADK3,Adentylate kinase (GTP),Nucleotides,-0.04955514180842579,-0.07350742982498279,0.023952288016557,-0.5688553216237339,0.6462081608043909,0.5201865977393798,0.14937170248430864,38,37,1.0,False,Up
UGLT,UDPglucose--hexose-1-phosphate uridylyltransferase,Galactose metabolism,0.14787835337785485,0.12506387980222647,0.02281447357562838,0.24174570501707582,0.6449746617143102,0.5209929897469266,0.1491447915337643,38,37,1.0,False,Up
AGTix,"Alanine---glyoxylate aminotransferase, glyoxysome",Alanine and Aspartate Metabolism,0.06784582675076445,0.08341296823958319,-0.015567141488818742,-0.29801161986171676,-0.6361290591347416,0.5270209822376647,-0.14769436265544267,38,37,1.0,False,Down
HPYRtp,"Hydroxypyruate transport, peroxisomal","Transport, Peroxisomal",-0.06784582675076445,-0.08341296823958319,0.015567141488818742,-0.2980116206554172,0.6361290591347416,0.5270209822376647,0.14769436265544267,38,37,1.0,False,Up
SERtp,"L-serine transport, peroxisomal","Transport, Peroxisomal",0.06784582675076445,0.08341296823958319,-0.015567141488818742,-0.29801161986171676,-0.6361290591347416,0.5270209822376647,-0.14769436265544267,38,37,1.0,False,Down
SPTix,"Serine-pyruvate aminotransferase (irreversible), peroxisomal","Glycine, Serine, and Threonine Metabolism",0.06784582675076445,0.08341296823958319,-0.015567141488818742,-0.29801161986171676,-0.6361290591347416,0.5270209822376647,-0.14769436265544267,38,37,1.0,False,Down
CYSGLYex_copy2,L-cysteine/glycine exchanger,"Transport, Extracellular",-0.045190676747411895,-0.008463765233734894,-0.036726911513677005,2.4166536599989996,-0.6411797103443562,0.5237283226766755,-0.14724712188994005,38,37,1.0,False,Down
GLYCTO1p,(S)-2-hydroxy-acid oxidase,Glyoxylate and Dicarboxylate Metabolism,0.18263745427497854,0.21523468366379786,-0.032597229388819315,-0.23692792184243477,-0.6302117810268567,0.5307027926672214,-0.14609800427199593,38,37,1.0,False,Down
GLYCLTtp,"Glycolate transport, glyoxysome","Transport, Peroxisomal",0.18263745427497854,0.21523468366379786,-0.032597229388819315,-0.23692792184243477,-0.6302117810268567,0.5307027926672214,-0.14609800427199593,38,37,1.0,False,Down
INSTt4,Inositol transport via sodium symport,"Transport, Extracellular",-0.06437431451151081,-0.0794428631626313,0.015068548651120492,-0.3034324549592981,0.6192757093158088,0.538525669582418,0.14428825106486712,38,37,1.0,False,Up
G3PD1ir,Glycerol 3 phosphate dehydrogenase  NAD ,Glycerophospholipid Metabolism,-0.743759018712301,-0.7877865114218008,0.044027492709499794,-0.08296945784957518,0.6221554274076824,0.5357887644139674,0.14378506413137257,38,37,1.0,False,Up
DGK2m,Deoxyguanylate kinase (dGMP:dATP) (mitochondrial),Nucleotides,0.0007777584994403395,0.0007017361906799758,7.602230876036366e-05,0.14839346717630478,0.6257883451818254,0.5343934347249846,0.14310841120887974,38,37,1.0,False,Up
PUNP4,Purine-nucleoside phosphorylase (Deoxyguanosine),Purine Catabolism,-0.0007777584994403395,-0.0007017361906799758,-7.602230876036366e-05,0.14839350736713222,-0.6257883451818254,0.5343934347249846,-0.14310841120887974,38,37,1.0,False,Down
DGSNtm,Deoyguanosine transport in mitochondria,"Transport, Mitochondrial",0.0007777584994403395,0.0007017361906799758,7.602230876036366e-05,0.14839346717630478,0.6257883451818254,0.5343934347249846,0.14310841120887974,38,37,1.0,False,Up
DGNSKm,Deoxyguanosine kinase,Nucleotides,0.0007777584994403395,0.0007017361906799758,7.602230876036366e-05,0.14839346717630478,0.6257883451818254,0.5343934347249846,0.14310841120887974,38,37,1.0,False,Up
NDPK5,Nucleoside-diphosphate kinase (ATP:dGDP),Nucleotides,-0.005643520562260246,0.006937876184959188,-0.012581396747219434,,-0.6161228497168674,0.5399210926864509,-0.1428597003947378,38,37,1.0,False,Down
GLNtN1,"Glutamine transport (Na, H coupled)","Transport, Extracellular",0.02257827355143087,0.05043977740236823,-0.027861503850937358,-1.1596267307445758,-0.6146214646433893,0.540798573023111,-0.14230269299126905,38,37,1.0,False,Down
DHAAt1r,Dehydroascorbate transport (uniport),"Transport, Extracellular",0.005399991666880221,0.008109778105252556,-0.0027097864383723354,-0.5867052509732845,-0.6021713596864401,0.5495445702780779,-0.1401229171437655,38,37,1.0,False,Down
HGNTOR,Homogentisateoxygen 1 2 oxidoreductase  decyclizing ,Tyrosine metabolism,0.00017046156679367897,0.00048063075082098916,-0.0003101691840273102,-1.4954819111458142,-0.598599078364695,0.5521349117616133,-0.1394801671248204,38,37,1.0,False,Down
34HPPOR,4 Hydroxyphenylpyruvateoxygen oxidoreductase,Tyrosine metabolism,0.00017046156679367897,0.00048063075082098916,-0.0003101691840273102,-1.4954819111458142,-0.598599078364695,0.5521349117616133,-0.1394801671248204,38,37,1.0,False,Down
FUMAC,Fumarylacetoacetase,Tyrosine metabolism,0.00017046156679367897,0.00048063075082098916,-0.0003101691840273102,-1.4954819111458142,-0.598599078364695,0.5521349117616133,-0.1394801671248204,38,37,1.0,False,Down
TYRTA,Tyrosine transaminase,Tyrosine metabolism,0.00017046156679367897,0.00048063075082098916,-0.0003101691840273102,-1.4954819111458142,-0.598599078364695,0.5521349117616133,-0.1394801671248204,38,37,1.0,False,Down
MACACI,Maleylacetoacetate isomerase,Tyrosine metabolism,0.00017046156679367897,0.00048063075082098916,-0.0003101691840273102,-1.4954819111458142,-0.598599078364695,0.5521349117616133,-0.1394801671248204,38,37,1.0,False,Down
H2CO3D2m,"Carboxylic acid dissociation, mitochondrial",Miscellaneous,0.01582575724242998,0.013148974288017905,0.0026767829544120762,0.26732426697813266,0.5976941996837936,0.5521192481784394,0.1386498520750535,38,37,1.0,False,Up
H2CO3Dm,Carboxylic acid dissociation,Miscellaneous,-0.01582575724242998,-0.013148974288017905,-0.0026767829544120762,0.26732427068973363,-0.5976941996837936,0.5521192481784394,-0.1386498520750535,38,37,1.0,False,Down
PROt2r,L proline reversible transport via proton symport,"Transport, Extracellular",0.10398122185868948,0.13848391122075263,-0.034502689362063146,-0.4133953630887324,-0.5915006121532398,0.556594995965634,-0.13761877927605407,38,37,1.0,False,Down
UMPK,UMP kinase,Nucleotides,0.0745005892238891,0.05322411860873694,0.021276470615152157,0.48517168124693716,0.5935428783314814,0.5546778799684258,0.13681788800987785,38,37,1.0,False,Up
DAGt,Diacylglycerol Transport,"Transport, Extracellular",-0.06921298490158244,-0.05576795770929416,-0.01344502719228828,0.31160628602743523,-0.5943322239082536,0.5557146981224587,-0.1355227004930976,38,37,1.0,False,Down
EX_his__L_e,L-Histidine exchange,Extracellular exchange,-0.12189718367168699,-0.1456683436258614,0.023771159954174406,-0.257022593718402,0.5809633652703674,0.563169088448477,0.13459197464730324,38,37,1.0,False,Up
ALR,Aldose reductase,"Glycine, Serine, and Threonine Metabolism",-0.0064508044129756885,-0.0029439749517389414,-0.003506829461236747,1.1317137053978525,-0.5672965906715651,0.5728993637181308,-0.1320685586335118,38,37,1.0,False,Down
THRt4,L-threonine  via sodium symport,"Transport, Extracellular",0.07135018483727801,0.10419382372742388,-0.03284363889014587,-0.546280689008301,-0.5568787486795895,0.5793200081656515,-0.1286766468961063,38,37,1.0,False,Down
TMDPP,Thymidine phosphorylase,Pyrimidine Catabolism,0.018844411843094978,0.02521567322351966,-0.006371261380424681,-0.4201839743863552,-0.552080827062199,0.5826392940495644,-0.12778876105928727,38,37,1.0,False,Down
H2O2t,Hydrogen peroxide transport via diffusion,"Transport, Extracellular",-2.935123301340094,-3.0664812952642295,0.13135799392413539,-0.06316304028508397,0.5531117179266777,0.5818797377079951,0.12777137307628253,38,37,1.0,False,Up
ADCim,"Acetoacetate decarboxylation (irreversible), mitochondrial",Propanoate Metabolism,0.05666853300002382,0.031285944665870494,0.025382588334153328,0.8570331870056909,0.5526209509058927,0.5822120424790063,0.12762507300412768,38,37,1.0,False,Up
ACETONEt2m,Acetone mitochondrial transport via proton symport,"Transport, Mitochondrial",-0.05666853300002382,-0.031285944665870494,-0.025382588334153328,0.8570331911366339,-0.5526209509058927,0.5822120424790063,-0.12762507300412768,38,37,1.0,False,Down
PHETHPTOX2,"L-Phenylalanine,tetrahydrobiopterin:oxygen oxidoreductase (4-hydroxylating)","Tyr, Phe, Trp Biosynthesis",0.05302010700873155,0.03280080981462592,0.020219297194105625,0.6928081464945414,0.5513235220010375,0.5832389582495106,0.12678807134543865,38,37,1.0,False,Up
L_LACt4r,L-lactate reversible transport via sodium symport,"Transport, Extracellular",-0.007363678401102617,0.008565120666545694,-0.01592879906764831,,-0.5516225945638595,0.5843423326181774,-0.12578637047314947,38,37,1.0,False,Down
L_LACt2r,L lactate reversible transport via proton symport,"Transport, Extracellular",0.007363678401102617,-0.008565120666545694,0.01592879906764831,,0.5516225945638595,0.5843423326181774,0.12578637047314947,38,37,1.0,False,Up
PPM,Phosphopentomutase,Pentose Phosphate Pathway,-0.008624355540327306,-0.008806563948111574,0.00018220840778426783,-0.030162579166004254,0.5398136049246285,0.5910017295358384,0.12439120663331167,38,37,1.0,False,Up
CATm,Catalase,ROS Detoxification,0.1581781830127493,0.18372320085546892,-0.02554501784271962,-0.2159831961962431,-0.526498655637015,0.6002971717555723,-0.1220786853640967,38,37,1.0,False,Down
3HLYTCL,3-Hydroxy-L-tyrosine carboxy-lyase,Tyrosine metabolism,0.05777715800085877,0.03761617373361286,0.020160984267245913,0.6191461322870605,0.5285008665280726,0.5989031734152728,0.12151952668216533,38,37,1.0,False,Up
DESAT18_5,Stearoyl-CoA desaturase (n-C18:0CoA -> n-C18:1CoA),Fatty acid elongation,0.3592639314656337,0.3286096723911979,0.030654259074435752,0.12866915666073664,0.5259285218315392,0.6005323144793551,0.12140119256692797,38,37,1.0,False,Up
ALAt4,Alanine-Sodium symporter,"Transport, Extracellular",-0.00019223423918526212,0.00022359877294707,-0.00041583301213233214,,-0.5207317216699432,0.6046347343301688,-0.12115602992194505,38,37,1.0,False,Down
2DR1PP,2-deoxy-D-ribose 1-phosphate phosphorylase,Pyrimidine Catabolism,0.012335971519349393,0.018257845383798266,-0.005921873864448873,-0.5656451789604139,-0.51540722114232,0.607879307798,-0.11929454511043915,38,37,1.0,False,Down
HISTAtu,Histamine uniport,"Transport, Extracellular",-9.771148034554135e-05,-0.017892089587084294,0.017794378106738753,-7.516579562548019,0.5141151813829925,0.6088895048152714,0.1192240209866352,38,37,1.0,False,Up
EX_hista_e,Histamine exchange,Extracellular exchange,9.771148034554135e-05,0.017892089587084294,-0.017794378106738753,-7.5165766257052775,-0.5141151813829925,0.6088895048152714,-0.1192240209866352,38,37,1.0,False,Down
HISDC,Histidine decarboxylase,Histidine Metabolism,9.771148034554135e-05,0.017892089587084294,-0.017794378106738753,-7.5165766257052775,-0.5141151813829925,0.6088895048152714,-0.1192240209866352,38,37,1.0,False,Down
ACALDt,Acetaldehyde reversible transport,"Transport, Extracellular",-0.00988893225230332,-0.015131510134110931,0.005242577881807611,-0.6136693207222594,0.5138735201422712,0.6088932977443312,0.1186787871372318,38,37,1.0,False,Up
EX_acald_e,Acetaldehyde exchange,Extracellular exchange,0.00988893225230332,0.015131510134110931,-0.005242577881807611,-0.6136693106130371,-0.5138735201422712,0.6088932977443312,-0.1186787871372318,38,37,1.0,False,Down
EX_thymd_e,Thymidine exchange,Extracellular exchange,-0.01909699154830813,-0.02492322352682112,0.0058262319785129905,-0.3841452972293458,0.5053466503738734,0.6148909667709646,0.11696855168789333,38,37,1.0,False,Up
TYRt4,L-tyrosine transport in via sodium symport,"Transport, Extracellular",0.010196076170274026,0.018388525218044002,-0.008192449047769976,-0.850791715963735,-0.5016579492644764,0.6174646133849815,-0.11609776651798924,38,37,1.0,False,Down
EX_tyr__L_e,L-Tyrosine exchange,Extracellular exchange,-0.010196076170274026,-0.018388525218044002,0.008192449047769976,-0.8507917285715056,0.5016579492644764,0.6174646133849815,0.11609776651798924,38,37,1.0,False,Up
PHEt4,L-phenylalanine transport in via sodium symport,"Transport, Extracellular",0.06717682601962546,0.048645571361236886,0.018531254658388577,0.4656551620698152,0.5040473060061358,0.6158722177768992,0.11592146824486418,38,37,1.0,False,Up
EX_phe__L_e,L-Phenylalanine exchange,Extracellular exchange,-0.06717682601962546,-0.048645571361236886,-0.018531254658388577,0.46565516370605387,-0.5040473060061358,0.6158722177768992,-0.11592146824486418,38,37,1.0,False,Down
FATP3t,Fatty acid electroneutral transport,"Transport, Extracellular",0.008849750736649734,-0.010293657435787347,0.01914340817243708,,0.4908187498382859,0.6265212058877765,0.11489620948852908,38,37,1.0,False,Up
EX_man_e,D-Mannose exchange,Extracellular exchange,-0.03300848723323826,-0.03883193933519541,0.005823452101957151,-0.23440673852781177,0.49541257227978286,0.6219542886832554,0.11488526510896317,38,37,1.0,False,Up
MAN6PI,Mannose-6-phosphate isomerase,Fructose and Mannose Metabolism,0.03300848723323826,0.03883193933519541,-0.005823452101957151,-0.23440673721690936,-0.49541257227978286,0.6219542886832554,-0.11488526510896317,38,37,1.0,False,Down
HEX4,Hexokinase (D-mannose:ATP),Fructose and Mannose Metabolism,0.03300848723323826,0.03883193933519541,-0.005823452101957151,-0.23440673721690936,-0.49541257227978286,0.6219542886832554,-0.11488526510896317,38,37,1.0,False,Down
MANt1r,Mannose transport (uniport),"Transport, Extracellular",0.03300848723323826,0.0388319393351954,-0.005823452101957144,-0.2344067372169092,-0.4954125722797823,0.6219542886832558,-0.11488526510896307,38,37,1.0,False,Down
HEX1,Hexokinase (D-glucose:ATP),Glycolysis/Gluconeogenesis,0.10913610231613796,0.12534019041501693,-0.016204088098878966,-0.19972066442032943,-0.4859001418777679,0.628622227013867,-0.11263705449240438,38,37,1.0,False,Down
DRIBt,Deoxyribose transport via diffusion,"Transport, Extracellular",-0.0004047353274802106,-0.003138201822136512,0.002733466494656301,-2.954887761689117,0.4842507359725606,0.6300690335282109,0.11261640294267573,38,37,1.0,False,Up
EX_drib_e,Deoxy D Ribose exchange,Extracellular exchange,0.0004047353274802106,0.003138201822136512,-0.002733466494656301,-2.9548871407252846,-0.4842507359725606,0.6300690335282109,-0.11261640294267573,38,37,1.0,False,Down
GLXO2p,"Glyoxylate oxidase, peroxisomal",Glyoxylate and Dicarboxylate Metabolism,0.04244732170936751,0.03389619937420259,0.008551122335164925,0.3245500067027379,0.4792135606124427,0.6332196439005366,0.1106661232924014,38,37,1.0,False,Up
OXAtp,Oxalate transport out of peroxisome,"Transport, Peroxisomal",0.04244732170936751,0.03389619937420259,0.008551122335164925,0.3245500067027379,0.4792135606124427,0.6332196439005366,0.1106661232924014,38,37,1.0,False,Up
EX_oxa_e,Oxalate exchange,Extracellular exchange,0.04244732170936751,0.03389619937420259,0.008551122335164925,0.3245500067027379,0.4792135606124427,0.6332196439005366,0.1106661232924014,38,37,1.0,False,Up
3SALACBOXL,3-Sulfino-L-alanine carboxy-lyase,Taurine and hypotaurine metabolism,0.012229201659602638,0.03632292825992896,-0.02409372660032632,-1.5705502801406466,-0.47220065835780983,0.6382566395857154,-0.10933681182506229,38,37,1.0,False,Down
HYPTROX,Hypotaurine oxidase,Taurine and hypotaurine metabolism,0.00611460082980132,0.018161464129964472,-0.012046863300163153,-1.570550272315372,-0.4722006583578096,0.6382566395857157,-0.10933681182506223,38,37,1.0,False,Down
DESAT18_3,Stearoyl-CoA desaturase (n-C18:0CoA -> n-C18:1CoA),Fatty acid elongation,0.1620095078373839,0.13524434389307513,0.02676516394430878,0.2605102229353209,0.4680368784401299,0.6411547650078189,0.10811598771278243,38,37,1.0,False,Up
GLUt2m,"Amino acid transporter (glu-L), mitochondrial","Transport, Mitochondrial",0.7087536372954828,0.7439644565360405,-0.03521081924055769,-0.06994946319716482,-0.4615712487003135,0.6457614841329085,-0.10658214501874223,38,37,1.0,False,Down
DGAT,Diacylglycerol acyltransferase,Triacylglycerol Synthesis,0.01287335315602732,-0.0030707586765494994,0.01594411183257682,,0.4594468908911511,0.6472790221718528,0.10604999221774121,38,37,1.0,False,Up
ARTCOAL3,R group coenzyme a ligase,R Group Synthesis,0.01287335315602732,-0.0030707586765494994,0.01594411183257682,,0.4594468908911511,0.6472790221718528,0.10604999221774121,38,37,1.0,False,Up
CYTK12,"Cytidylate kinase (dCMP,dCTP)",Nucleotides,0.00660806843067359,0.0007038064727659598,0.00590426195790763,3.230977756254071,0.4449738178683064,0.6588830835049004,0.10410355266119178,38,37,1.0,False,Up
GHMT2r,"Glycine hydroxymethyltransferase, reversible","Glycine, Serine, and Threonine Metabolism",-0.05078719988466804,-0.04049941424728842,-0.010287785637379615,0.32656389282221737,-0.44968856765087156,0.6543065082495143,-0.10358292991112389,38,37,1.0,False,Down
LDH_D,D-lactate dehydrogenase,Pyruvate Metabolism,0.006363036174269686,-0.0074012157605979735,0.01376425193486766,,0.4436078947193253,0.6590389470225548,0.1031928651137107,38,37,1.0,False,Up
D_LACt2,D lactate transport via proton symport,"Transport, Extracellular",0.006363036174269686,-0.0074012157605979735,0.01376425193486766,,0.4436078947193253,0.6590389470225548,0.1031928651137107,38,37,1.0,False,Up
EX_lac__D_e,D-lactate exchange,Extracellular exchange,-0.006363036174269686,0.0074012157605979735,-0.01376425193486766,,-0.4436078947193253,0.6590389470225548,-0.1031928651137107,38,37,1.0,False,Down
NDPK2,Nucleoside-diphosphate kinase (ATP:UDP),Nucleotides,0.07120054691944393,0.08697828836888119,-0.015777741449437263,-0.28876699501745917,-0.44628234044813886,0.656726717996436,-0.10317120706338412,38,37,1.0,False,Down
GLCMter,Glucose transport via membrane vesicle,"Transport, Extracellular",0.14842139567202772,0.13682314925295547,0.011598246419072256,0.11738673646176918,0.44322876258468935,0.6589952404181499,0.10198215235635842,38,37,1.0,False,Up
GLCter,"Glucose transport, endoplasmic reticulum","Transport, Endoplasmic Reticular",0.14842139567202772,0.13682314925295547,0.011598246419072256,0.11738673646176918,0.44322876258468935,0.6589952404181499,0.10198215235635842,38,37,1.0,False,Up
O2ter,O2  transport  endoplasmic reticulum,"Transport, Endoplasmic Reticular",0.011357690839030416,0.01069069299482026,0.0006669978442101557,0.08731417103644616,0.440909033274911,0.6614252218321022,0.10070514791232606,38,37,1.0,False,Up
XYLTt,Xylitol transport via passive diffusion,"Transport, Extracellular",-0.0014470097230617266,-0.0016148820508543463,0.00016787232779261977,-0.1583541903571516,0.4258780038571035,0.6716956754529848,0.09891951565305655,38,37,1.0,False,Up
EX_xylt_e,Xylitol exchange,Extracellular exchange,0.0014470097230617266,0.0016148820508543463,-0.00016787232779261977,-0.1583541696284839,-0.4258780038571035,0.6716956754529848,-0.09891951565305655,38,37,1.0,False,Down
CATp,Catalase A  peroxisomal,Miscellaneous,0.3500996548677174,0.31456217630358063,0.03553747856413675,0.15442043136014935,0.4259069500022995,0.6714614602973732,0.09854717862871146,38,37,1.0,False,Up
H2Ot,H2O transport via diffusion,"Transport, Extracellular",0.3322639276577772,0.38751796246345505,-0.055254034805677865,-0.22193350966346637,-0.425343187115527,0.6718688748463986,-0.09799305504095428,38,37,1.0,False,Down
FATP4t,Fatty acid electroneutral transport,"Transport, Extracellular",-0.06637095760379763,-0.07702336313650515,0.01065240553270752,-0.2147440287657323,0.42200347873977784,0.6743228725661699,0.09772203660128193,38,37,1.0,False,Up
SPODMx,"Superoxide dismutase, peroxisome",ROS Detoxification,0.029473218077922202,0.03672135190051567,-0.007248133822593466,-0.317214579832474,-0.41959806705970276,0.6760162970807133,-0.09695788753316663,38,37,1.0,False,Down
O2Stx,Superoxide anion transport via diffusion (peroxisome),"Transport, Peroxisomal",0.058946436155844446,0.07344270380103138,-0.014496267645186932,-0.31721458031555966,-0.4195980670597026,0.6760162970807135,-0.09695788753316661,38,37,1.0,False,Down
DM_oretn_n,4-oxo-retonoic acid demand,Intracellular demand,0.0035608739248299956,0.0022606746241744763,0.0013001993006555193,0.6554779718064812,0.41936500703272556,0.6761913705414695,0.09670111526458172,38,37,1.0,False,Up
ORETNtn,"4-oxo-retinoic acid transport, Nuclear","Transport, Nuclear",0.0035608739248299956,0.0022606746241744763,0.0013001993006555193,0.6554779718064812,0.41936500703272556,0.6761913705414695,0.09670111526458172,38,37,1.0,False,Up
DESAT18_9,"Linoleoyl-CoA, hydrogen-donor:oxygen oxidoreductase",Fatty acid elongation,-0.016066924655206143,-0.009323450340317703,-0.006743474314888439,0.7851579592714811,-0.4090589863534995,0.6839655079815748,-0.09505603893768767,38,37,1.0,False,Down
EX_lnlc_e_copy2,Linoleic acid (all cis C18:2) exchange,Extracellular exchange,0.016066924655206143,0.009323450340317703,0.006743474314888439,0.7851579462823886,0.4090589863534995,0.6839655079815748,0.09505603893768767,38,37,1.0,False,Up
FACOAL1821,Linoleic acid:CoA ligase (AMP-forming),Fatty acid activation,-0.016066924655206143,-0.009323450340317703,-0.006743474314888439,0.7851579592714811,-0.4090589863534995,0.6839655079815748,-0.09505603893768767,38,37,1.0,False,Down
LNLCt,Linoleic acid (n-C18:2) transport in via diffusion,"Transport, Extracellular",-0.016066924655206143,-0.009323450340317703,-0.006743474314888439,0.7851579592714811,-0.4090589863534995,0.6839655079815748,-0.09505603893768767,38,37,1.0,False,Down
PIt9,Phosphate transport in/out via two Na+ symporter,"Transport, Extracellular",0.0035882189861010712,0.002563719749903486,0.0010244992361975853,0.485029359372763,0.4079661653834908,0.68456258440759,0.09449955723517313,38,37,1.0,False,Up
H2Otp,H2O transport  peroxisomal,"Transport, Peroxisomal",0.06231758294586533,0.1320344862260863,-0.06971690328022097,-1.0832036134867489,-0.3915723248788475,0.6965311245127458,-0.09055070175514293,38,37,1.0,False,Down
EX_2mcit_e,2-Methylcitrate exchange,Extracellular exchange,4.059694954812634e-05,0.0012996412175080192,-0.001259044267959893,-5.0005948235001165,-0.3627683102502722,0.7178360519224882,-0.0838645128097539,38,37,1.0,False,Down
OBDHc,"2-Oxobutanoate dehydrogenase, cytosolic","Glycine, Serine, and Threonine Metabolism",4.059694954812634e-05,0.0012996412175080192,-0.001259044267959893,-5.0005948235001165,-0.3627683102502722,0.7178360519224882,-0.0838645128097539,38,37,1.0,False,Down
2MCITt,2-methylcitrate transport via diffusion,"Transport, Extracellular",4.059694954812634e-05,0.0012996412175080192,-0.001259044267959893,-5.0005948235001165,-0.3627683102502722,0.7178360519224882,-0.0838645128097539,38,37,1.0,False,Down
MCITS,2-methylcitrate synthase,Propanoate Metabolism,4.059694954812634e-05,0.0012996412175080192,-0.001259044267959893,-5.0005948235001165,-0.3627683102502722,0.7178360519224882,-0.0838645128097539,38,37,1.0,False,Down
THRD_L,L-threonine deaminase,"Glycine, Serine, and Threonine Metabolism",4.059694954812634e-05,0.0012996412175080192,-0.001259044267959893,-5.0005948235001165,-0.3627683102502722,0.7178360519224882,-0.0838645128097539,38,37,1.0,False,Down
DNDPt29m,DCDP transport via dADP antiport,"Transport, Mitochondrial",6.618012646223347e-05,-1.581145538769116e-05,8.199158184992464e-05,,0.3643125179892166,0.7168214709062388,0.08369417429545703,38,37,1.0,False,Up
EX_h2o2_e,Hydrogen peroxide exchange,Extracellular exchange,3.1800640433692564,3.2638201567339036,-0.08375611336464717,-0.037505743742046474,-0.36091581635607234,0.7192076652503547,-0.0833866395895132,38,37,1.0,False,Down
NRVNCt,Fatty acid transport via diffusion,"Transport, Extracellular",0.014420245720624737,0.004466213604541532,0.009954032116083204,1.6909715686201434,0.3412389208595824,0.7340957470801293,0.07831693901860581,38,37,1.0,False,Up
FATP9t,Fatty acid electroneutral transport,"Transport, Extracellular",0.014420245720624737,0.004466213604541532,0.009954032116083204,1.6909715686201434,0.3412389208595824,0.7340957470801293,0.07831693901860581,38,37,1.0,False,Up
SUCOAS1m,Succinyl-CoA ligase (GDP-forming),Citric Acid Cycle,-0.7540988769346978,-0.77723085201806,0.023131975083362177,-0.0435894684525107,0.3324831607151934,0.7404856303736348,0.07685955106012834,38,37,1.0,False,Up
EX_lneldc_e,Linoelaidic acid exchange,Extracellular exchange,0.16987203597588735,0.19186632817741398,-0.021994292201526627,-0.17565316782244936,-0.3277632257111664,0.7440306796809406,-0.07562785529768504,38,37,1.0,False,Down
FACOAL1822,Fatty-acid--CoA ligase,Fatty acid activation,-0.16987203597588735,-0.19186632817741398,0.021994292201526627,-0.17565316801716202,0.3277632257111664,0.7440306796809406,0.07562785529768504,38,37,1.0,False,Up
LNELDCt,Fatty acid transport via diffusion,"Transport, Extracellular",-0.16987203597588735,-0.19186632817741398,0.021994292201526627,-0.17565316801716202,0.3277632257111664,0.7440306796809406,0.07562785529768504,38,37,1.0,False,Up
ORETNF,4-oxo-retinoic acid formation (oxidation),Vitamin A Metabolism,0.0006061418069129397,0.00021601400353809475,0.00039012780337484493,1.488530080920531,0.32714446888739473,0.7445828153503755,0.07521882771548684,38,37,1.0,False,Up
LYSt4,L-lysine transport in via sodium symport,"Transport, Extracellular",0.027973829114583692,0.011867687113666493,0.0161061420009172,1.2370389429470416,0.3205409822321405,0.7494769829349239,0.07394865642406889,38,37,1.0,False,Up
TYRDOPO,Tyrosine:dopa oxidase,Tyrosine metabolism,0.0040301000846844235,0.009655626219533569,-0.005625526134849145,-1.2605541404137595,-0.31983940585858245,0.7500447686697034,-0.07363249016936589,38,37,1.0,False,Down
Htm,Uncoupling protein,"Transport, Mitochondrial",0.3764482330477644,0.3461371685087892,0.030311064538975252,0.12110761988209602,0.31650962355062673,0.7525272100615696,0.07298074583661746,38,37,1.0,False,Up
DASCBR,Dehydroascorbate reductase,Ascorbate and Aldarate Metabolism,0.011316144440755365,0.018078882859722853,-0.006762738418967488,-0.6759230312190498,-0.31008101353911555,0.7573831972450413,-0.07160934770022183,38,37,1.0,False,Down
DRPA,Deoxyribose-phosphate aldolase,Pentose Phosphate Pathway,0.011931236191869149,0.015119643561661728,-0.0031884073697925792,-0.3416805985812486,-0.3045737942287607,0.7615576277553169,-0.07030302717955873,38,37,1.0,False,Down
DRBK,Deoxyribokinase,Pentose Phosphate Pathway,0.011931236191869149,0.015119643561661728,-0.0031884073697925792,-0.3416805985812486,-0.3045737942287607,0.7615576277553169,-0.07030302717955873,38,37,1.0,False,Down
CYTK4,Cytidylate kinase (dCMP)(GTP),Nucleotides,0.06227207373802526,0.05273190633800368,0.00954016740002158,0.2399091698835057,0.3035587334609442,0.7625964326097803,0.06956155403317581,38,37,1.0,False,Up
GLYtp,Glycine passive transport to peroxisome,"Transport, Peroxisomal",-0.01623784875720339,-0.011048089271556908,-0.005189759485646482,0.5555636343218703,-0.2979344742843075,0.7666094478564884,-0.06888714094796264,38,37,1.0,False,Down
THMDt4,Thymidine transport in via sodium symport,"Transport, Extracellular",1.765277106540166e-20,2.37942166463289e-20,-6.14144558092724e-21,-8.860229230113601e-11,-0.29663321207644144,0.7676006753315702,-0.06859535527497822,38,37,1.0,False,Down
P5CRx,Pyrroline-5-carboxylate reductase(nadh),Urea cycle/amino group metabolism,0.0006882602086241386,0.0007121823744475159,-2.392216582337728e-05,-0.04929262058352917,-0.2889165942703383,0.7734913216802437,-0.066869102035163,38,37,1.0,False,Down
ALAt2r,L alanine reversible transport via proton symport,"Transport, Extracellular",-0.07235381500030748,-0.05577105445630101,-0.016582760544006467,0.37555254026103274,-0.2811214128202381,0.7794680851834206,-0.06513739663648409,38,37,1.0,False,Down
TAURt4_2_r,TAURt4 LPAREN 2 RPAREN r,"Transport, Extracellular",-0.03146409307566088,-0.013949712454935127,-0.01751438062072575,1.1734709807469714,-0.2755249110407692,0.783709312629548,-0.0637430211826197,38,37,1.0,False,Down
EX_taur_e,Taurine exchange,Extracellular exchange,0.03146409307566088,0.013949712454935127,0.01751438062072575,1.1734709692331675,0.2755249110407692,0.783709312629548,0.0637430211826197,38,37,1.0,False,Up
EX_pyr_e,Pyruvate exchange,Extracellular exchange,0.019064526523058,0.023661121898810852,-0.004596595375752851,-0.31162777815992737,-0.2746616500973016,0.7843555438013371,-0.06347076356870493,38,37,1.0,False,Down
PYRt2,Pyruvate transport in via proton symport,"Transport, Extracellular",-0.019064526523058,-0.023661121898810852,0.004596595375752851,-0.3116277811001449,0.2746616500973016,0.7843555438013371,0.06347076356870493,38,37,1.0,False,Up
RDH1,Retinol dehydrogenase (all-trans),Vitamin A Metabolism,-0.00422460160472953,-0.011690120639569207,0.007465519034839677,-1.468402638520898,0.2587185343127086,0.7967766178900586,0.06015564430543237,38,37,1.0,False,Up
DNDPt13m,DADP transport via ATP antiport,"Transport, Mitochondrial",0.001007034794862461,0.0009467552053653814,6.027958949707962e-05,0.08905016944971039,0.2553019793224426,0.7992080059356884,0.058929996928734046,38,37,1.0,False,Up
DNDPt9m,DADP transport via dTDP antiport,"Transport, Mitochondrial",-3.169317260735995e-05,-4.797563340741519e-05,1.6282460800055242e-05,-0.5981313127127197,0.2532525301522142,0.8010279488719232,0.05801337547145269,38,37,1.0,False,Up
HDCAt,Hexadecanoate  n C160  transport in via uniport,"Transport, Extracellular",0.10082820011099508,0.11104559889814557,-0.010217398787150486,-0.13925302005112128,-0.24582076174857767,0.8065200381601181,-0.056843099131460004,38,37,1.0,False,Down
CYSO,Cysteine oxidase,Taurine and hypotaurine metabolism,0.031586012205516205,0.015983922218488083,0.015602089987028122,0.9826643333458873,0.24460987844982698,0.8074619096421358,0.05659567412153886,38,37,1.0,False,Up
HIStiDF,L-histidine transport via diffusion (extracellular to cytosol),"Transport, Extracellular",0.12846966813835828,0.13802350643041753,-0.009553838292059247,-0.10348621217190648,-0.2428548020259178,0.8088215524149278,-0.05620801171122417,38,37,1.0,False,Down
DESAT18_10,Fatty acyl-CoA desaturase (n-C18:2CoA -> n-C18:3CoA),Fatty acid elongation,0.08466237990150154,0.07819852638818514,0.006463853513316395,0.11457962303093094,0.23613675793466823,0.8141048673784067,0.05483117115703401,38,37,1.0,False,Up
LNLNCAt,Fatty acid transport via diffusion,"Transport, Extracellular",0.08466237990150154,0.07819852638818514,0.006463853513316395,0.11457962303093094,0.23613675793466823,0.8141048673784067,0.05483117115703401,38,37,1.0,False,Up
EX_lnlnca_e,Alpha-Linolenic acid exchange,Extracellular exchange,-0.08466237990150154,-0.07819852638818514,-0.006463853513316395,0.11457962331264389,-0.23613675793466823,0.8141048673784067,-0.05483117115703401,38,37,1.0,False,Down
FACOAL1832,Alpha-Linolenic acid:CoA ligase (AMP-forming),Fatty acid activation,0.08466237990150154,0.07819852638818514,0.006463853513316395,0.11457962303093094,0.23613675793466823,0.8141048673784067,0.05483117115703401,38,37,1.0,False,Up
LPS,Lipase,Triacylglycerol Synthesis,0.007353095166040649,-0.0007437614948987296,0.008096856660939379,,0.23556429271923643,0.8144303935428474,0.054384268436704734,38,37,1.0,False,Up
EX_thym_e,Thymine exchange,Extracellular exchange,0.021351033859850172,0.018677358425100776,0.0026736754347493966,0.19301550242770468,0.23262851533679288,0.816733533563946,0.05387181505341501,38,37,1.0,False,Up
THYMt,Thymine reversible transport via facilated diffusion,"Transport, Extracellular",-0.021351033859850172,-0.018677358425100776,-0.0026736754347493966,0.19301550436224985,-0.23262851533679288,0.816733533563946,-0.05387181505341501,38,37,1.0,False,Down
RAI4,13-cis-4-oxo-retinoic acid isomerase,Vitamin A Metabolism,-0.0023485903110041333,-0.0018286466170982971,-0.0005199436939058361,0.36101878486975025,-0.232508519108191,0.8168161254419144,-0.05354647817148529,38,37,1.0,False,Down
ORETNF2,13-cis-4-oxo-retinoic acid formation (oxidation),Vitamin A Metabolism,0.0011742951555020653,0.000914323308549151,0.0002599718469529143,0.3610187324717056,0.232508519108188,0.8168161254419167,0.053546478171484606,38,37,1.0,False,Up
CYTK13,"Cytidylate kinase (dCMP,dATP)",Nucleotides,-0.0018866618910649451,0.0021759179167736187,-0.004062579807838564,,-0.22922228072128153,0.8193386075005058,-0.052956058926855676,38,37,1.0,False,Down
EX_cys__L_e,L-Cysteine exchange,Extracellular exchange,-0.040959182326884204,-0.026474746073550017,-0.014484436253334187,0.6295700698510246,-0.22697335226452536,0.8210947901187267,-0.05251531290088469,38,37,1.0,False,Down
GLCt4_2,Glucose transport via sodium symport,"Transport, Extracellular",0.007069115436301326,-0.0019340244379833756,0.0090031398742847,,0.2284873202661883,0.8201451444226477,0.052321373232210464,38,37,1.0,False,Up
NADPtru,"NADP transporter, endoplasmic reticulum","Transport, Endoplasmic Reticular",0.014918594652138836,0.014216136593136898,0.0007024580590019383,0.06958218965612646,0.21870245233398303,0.8278153286276723,0.05000339483752817,38,37,1.0,False,Up
NADPHtru,"NADPH transporter, endoplasmic reticulum","Transport, Endoplasmic Reticular",0.01491859465213883,0.014216136593136891,0.0007024580590019383,0.06958218965612646,0.21870245233398303,0.8278153286276724,0.05000339483752817,38,37,1.0,False,Up
UMPK6,UMP kinase (dCTP),Nucleotides,0.0694845871961165,0.07619111154215578,-0.006706524346039286,-0.13292970223856032,-0.21154968904432483,0.8331879726457773,-0.048522965189699466,38,37,1.0,False,Down
ACALDtm,Acetaldehyde mitochondrial diffusion,"Transport, Mitochondrial",6.974258577584853e-05,7.16328726902688e-05,-1.8902869144202657e-06,-0.03858189050323091,-0.20609990948920462,0.8372865908822701,-0.047581874330451204,38,37,1.0,False,Down
PPAm,Inorganic diphosphatase,Oxidative Phosphorylation,-6.974258577584853e-05,-7.16328726902688e-05,1.8902869144202657e-06,-0.03858199967789127,0.20609990948920462,0.8372865908822701,0.047581874330451204,38,37,1.0,False,Up
ACSm,Acetyl CoA synthetase,Glycolysis/Gluconeogenesis,-6.974258577584853e-05,-7.16328726902688e-05,1.8902869144202657e-06,-0.03858199967789127,0.20609990948920462,0.8372865908822701,0.047581874330451204,38,37,1.0,False,Up
ALDD2xm,Aldehyde dehydrogenase  acetylaldehyde  NAD   mitochondrial,Glycolysis/Gluconeogenesis,-6.974258577584853e-05,-7.16328726902688e-05,1.8902869144202657e-06,-0.03858199967789127,0.20609990948920462,0.8372865908822701,0.047581874330451204,38,37,1.0,False,Up
RIBt2,Ribose transport in via proton symporter,"Transport, Extracellular",-0.013215406455875583,-0.013573593775923832,0.00035818732004824945,-0.03858194537856086,0.2060999094891984,0.8372865908822749,0.04758187433044977,38,37,1.0,False,Up
HMGLm,Hydroxymethylglutaryl-CoA lyase,Cholesterol Metabolism,0.0005753019526613237,0.0005908948037272596,-1.559285106593586e-05,-0.038581938472981164,-0.20609990948919218,0.8372865908822797,-0.04758187433044833,38,37,1.0,False,Down
GLNCYSNaEx,L-cysteine/L-glutamine Na-dependent exchange (Gln-L in),"Transport, Extracellular",0.0005040737946586947,0.0005177360942041677,-1.3662299545472959e-05,-0.03858193753789698,-0.2060999094891854,0.8372865908822851,-0.04758187433044677,38,37,1.0,False,Down
CYSTHRNaEx,L-cysteine/L-threonine Na-dependent exchange (Cys-L in),"Transport, Extracellular",0.00023518036037925796,0.00024155463447317034,-6.374274093912379e-06,-0.03858192890264417,-0.20609990948913676,0.8372865908823229,-0.047581874330435536,38,37,1.0,False,Down
CITt4_4,Citrate transport via sodium symport,"Transport, Extracellular",0.0003500522222424387,-0.00040716600587148953,0.0007572182281139282,,0.2012372830186823,0.8411138306318868,0.046632124691097544,38,37,1.0,False,Up
3HCO3_NAt,Bicarbonate transport (Na/HCO3 1:3 cotransport),"Transport, Extracellular",1.5459721450684882e-19,9.055519799708878e-20,6.404201650976004e-20,9.23930990563845e-10,0.1973189321663818,0.8441300545522812,0.0456070009079715,38,37,1.0,False,Up
PRO1xm,Proline oxidase  NAD   mitochondrial,Arginine and Proline Metabolism,0.072108721584346,0.06793159478965335,0.004177126794692648,0.08609104067400063,0.19066255129653772,0.849352520891248,0.043870947141010856,38,37,1.0,False,Up
ASCBOX,Ascorbic acid oxidase,Ascorbate and Aldarate Metabolism,0.004735611816815622,0.008233081332831804,-0.0034974695160161816,-0.7978816387367614,-0.18462918371851864,0.8541228635240465,-0.04287161195790626,38,37,1.0,False,Down
EX_dopa_e,Dopamine exchange,Extracellular exchange,0.05000198170099204,0.043550752473871045,0.006451229227120998,0.19928762707482367,0.18511690368230332,0.8536869170448733,0.04258644429697177,38,37,1.0,False,Up
URCN,Urocanase,Histidine Metabolism,0.11255558717509569,0.11743013120240552,-0.0048745440273098295,-0.061164961748517946,-0.18328004795311917,0.8550923099254342,-0.042376890425681116,38,37,1.0,False,Down
GluForTx,Formimidoyltransferase cyclodeaminase,Histidine Metabolism,0.11255558717509569,0.11743013120240552,-0.0048745440273098295,-0.061164961748517946,-0.18328004795311917,0.8550923099254342,-0.042376890425681116,38,37,1.0,False,Down
FTCD,Formimidoyltransferase cyclodeaminase reversible,Folate Metabolism,0.11255558717509569,0.11743013120240552,-0.0048745440273098295,-0.061164961748517946,-0.18328004795311917,0.8550923099254342,-0.042376890425681116,38,37,1.0,False,Down
IZPN,Imidazolonepropionase,Histidine Metabolism,0.11255558717509569,0.11743013120240552,-0.0048745440273098295,-0.061164961748517946,-0.18328004795311917,0.8550923099254342,-0.042376890425681116,38,37,1.0,False,Down
HISDr,Histidase r,Histidine Metabolism,0.11255558717509569,0.11743013120240552,-0.0048745440273098295,-0.061164961748517946,-0.18328004795311917,0.8550923099254342,-0.042376890425681116,38,37,1.0,False,Down
THRALANaEx,L-alanine/L-threonine Na-dependent exchange (Thr-L in),"Transport, Extracellular",0.0034084859884102557,0.008774857516667314,-0.005366371528257058,-1.3642446212702364,-0.1746824682213298,0.8619905097730358,-0.04066488639087126,38,37,1.0,False,Down
NCKt,Na+/Ca2+-K+ exchange,"Transport, Extracellular",-0.0024259227779949485,-0.0051246478592609866,0.002698725081266038,-1.0789192770918135,0.17561316142197647,0.8610939362473143,0.04046711334851313,38,37,1.0,False,Up
GALt4_2,Galactose transport via sodium symport,"Transport, Extracellular",0.002092404703434312,-0.0024712713461499834,0.004563676049584296,,0.16691476428649432,0.8680981219400175,0.038198467539544555,38,37,1.0,False,Up
EX_h2o_e,H2O exchange,Extracellular exchange,-0.41572389073969707,-0.4370748207881492,0.02135093004845212,-0.07225461021725202,0.16458332974116177,0.8697360143023344,0.03792561556619709,38,37,1.0,False,Up
HEX7,Hexokinase (D-fructose:ATP),Fructose and Mannose Metabolism,0.04135388932315507,0.03367973788644525,0.007674151436709818,0.2961421094663687,0.1625559043722599,0.8713176074497273,0.037515891972189075,38,37,1.0,False,Up
NDPK1m,"Nucleoside-diphosphate kinase (ATP:GDP), mitochondrial",Nucleotides,-0.6735156464393178,-0.6623930439438549,-0.01112260249546293,0.024023938728172788,-0.16000770311761522,0.8733232883476612,-0.03700203789515401,38,37,1.0,False,Down
PETHCT,Phosphoethanolamine cytidyltransferase,Glycerophospholipid Metabolism,-1.2352764893596678e-19,-1.0952513275027854e-19,-1.400251618568824e-20,-2.0201352116976868e-10,-0.15862101239221962,0.8744090646479906,-0.03666673378736831,38,37,1.0,False,Down
PSSA2_hs,Phosphatidylserine synthase homo sapiens,Glycerophospholipid Metabolism,-1.2352764893596678e-19,-1.0952513275027854e-19,-1.400251618568824e-20,-2.0201352116976868e-10,-0.15862101239221962,0.8744090646479906,-0.03666673378736831,38,37,1.0,False,Down
CEPTE,Ethanolamine phosphotransferase,Glycerophospholipid Metabolism,-1.2352764893596678e-19,-1.0952513275027854e-19,-1.400251618568824e-20,-2.0201352116976868e-10,-0.15862101239221962,0.8744090646479906,-0.03666673378736831,38,37,1.0,False,Down
ETHAK,Ethanolamine kinase,Glycerophospholipid Metabolism,-1.2352764893596678e-19,-1.0952513275027854e-19,-1.400251618568824e-20,-2.0201352116976868e-10,-0.15862101239221962,0.8744090646479906,-0.03666673378736831,38,37,1.0,False,Down
GLCt2,D-glucose transport in via proton symport,"Transport, Extracellular",-0.04204751485673472,-0.03518333190833631,-0.006864182948398412,0.25712842133673386,-0.15806252423753334,0.87512425773469,-0.03610358037852856,38,37,1.0,False,Down
NH4tp,Ammonia peroxisomal transport,"Transport, Peroxisomal",-0.7200619325773135,-0.7272715241180492,0.007209591540735638,-0.014373091352082618,0.15257711381965816,0.8791748336522018,0.035336131311833316,38,37,1.0,False,Up
CYTK3,Cytidylate kinase (CMP)(GTP),Nucleotides,0.07220560428640692,0.06863013102469603,0.0035754732617108848,0.07326870810290519,0.15328527516033794,0.8786572583190507,0.03520957610139161,38,37,1.0,False,Up
ESTRADIOLtr,Estradiol intracellular transport,"Transport, Endoplasmic Reticular",0.21048972399508828,0.21716245968961911,-0.006672735694530835,-0.04502492638244711,-0.1511601839373014,0.880296930993336,-0.03477210785784795,38,37,1.0,False,Down
ESTRONEtr,Estrone intracellular transport,"Transport, Endoplasmic Reticular",-0.21048972399508828,-0.21716245968961911,0.006672735694530835,-0.04502492642456757,0.1511601839373014,0.880296930993336,0.03477210785784795,38,37,1.0,False,Up
HSD17B1,Testicular 17-beta-hydroxysteroid dehydrogenase,Steroid Metabolism,-0.21048972399508828,-0.21716245968961911,0.006672735694530835,-0.04502492642456757,0.1511601839373014,0.880296930993336,0.03477210785784795,38,37,1.0,False,Up
RDH2,"Retinol dehydrogenase (9-cis,NADH)",Vitamin A Metabolism,0.015591141180501405,0.01809412647936989,-0.0025029852988684848,-0.21479493112778633,-0.14517878578300358,0.8849757876353461,-0.03346313369387566,38,37,1.0,False,Down
RDH1a,"Retinol dehydrogenase (all-trans,NADPH)",Vitamin A Metabolism,-0.0019686172954839574,0.002289812748957624,-0.004258430044441581,,-0.1345546266997021,0.8933527522884228,-0.031159616620568265,38,37,1.0,False,Down
CTPS1,CTP synthase  NH3 ,Nucleotides,0.00293512362207141,0.002974523057118527,-3.939943504711711e-05,-0.0192370924732495,-0.134223004023737,0.893607897437388,-0.03106562290325863,38,37,1.0,False,Down
H2CO3D,Carboxylic acid dissociation,Miscellaneous,-0.12177158342082418,-0.10991286828476994,-0.011858715136054243,0.14781720298677475,-0.1239995723237279,0.9016934280650071,-0.02875698378984143,38,37,1.0,False,Down
EX_hco3_e,EX hco3 LPAREN e RPAREN ,Extracellular exchange,-0.12177158342082418,-0.10991286828476994,-0.011858715136054243,0.14781720298677475,-0.1239995723237279,0.9016934280650071,-0.02875698378984143,38,37,1.0,False,Down
H2CO3D2,Carboxylic acid dissociation,Miscellaneous,0.12177158342082418,0.10991286828476994,0.011858715136054243,0.14781720273112361,0.1239995723237279,0.9016934280650071,0.02875698378984143,38,37,1.0,False,Up
DOPAt4_2_r,DOPAt4 LPAREN 2 RPAREN r,"Transport, Extracellular",-0.05804444859910378,-0.05213074425639423,-0.005913704342709547,0.15502363683150283,-0.12454388539673629,0.9012274091980905,-0.02874038743986348,38,37,1.0,False,Down
NKCC2t,Na+-K+-Cl- cotransport (NH4+),"Transport, Extracellular",8.69353218415566e-19,8.207825189372479e-19,4.857069947831805e-20,7.007271235538125e-10,0.11161857167102515,0.9114338989342838,0.025796180209535443,38,37,1.0,False,Up
NDPK1,Nucleoside-diphosphate kinase (ATP:GDP),Nucleotides,0.03413878764447137,0.031536349069711464,0.002602438574759905,0.11439617464843789,0.11200304070699424,0.9113690732226649,0.025554743831835185,38,37,1.0,False,Up
FBA,Fructose-bisphosphate aldolase,Glycolysis/Gluconeogenesis,0.018313675335827888,0.01491343202756429,0.0034002433082635976,0.29630904686681053,0.1044184482203735,0.9171246478292885,0.02412706140242354,38,37,1.0,False,Up
PFK,Phosphofructokinase,Glycolysis/Gluconeogenesis,0.018313675335827888,0.01491343202756429,0.0034002433082635976,0.29630904686681053,0.1044184482203735,0.9171246478292885,0.02412706140242354,38,37,1.0,False,Up
ETF,Electron transfer flavoprotein,Fatty acid oxidation,-0.002853530554596303,-0.004858320660612813,0.00200479010601651,-0.7677097242863193,0.10050863882385948,0.9202315508906438,0.02313101676923975,38,37,1.0,False,Up
ETFQO,Electron transfer flavoprotein-ubiquinone oxidoreductase,Fatty acid oxidation,-0.002853530554596303,-0.004858320660612813,0.00200479010601651,-0.7677097242863193,0.10050863882385948,0.9202315508906438,0.02313101676923975,38,37,1.0,False,Up
DNDPt27m,DCDP transport via dTDP antiport,"Transport, Mitochondrial",0.00028828033791529484,0.000278812051584546,9.468286330748823e-06,0.048179501853387985,0.10000042550236757,0.9206389043694003,0.02300223362517152,38,37,1.0,False,Up
NDPK8,Nucleoside-diphosphate kinase (ATP:dADP),Nucleotides,0.03318254790025653,0.030954564475055835,0.0022279834252006935,0.10027250565601434,0.0957149249905329,0.9240097380665926,0.022085504481324184,38,37,1.0,False,Up
NADtru,"NAD transporter, endoplasmic reticulum","Transport, Endoplasmic Reticular",0.20936532643270012,0.21345869469467058,-0.004093368261970459,-0.027934394907096573,-0.09232299035704289,0.9267133647465357,-0.021236538362968894,38,37,1.0,False,Down
NADHtru,"NADH transporter, endoplasmic reticulum","Transport, Endoplasmic Reticular",0.20936532643270012,0.21345869469467058,-0.004093368261970459,-0.027934394907096573,-0.09232299035704289,0.9267133647465357,-0.021236538362968894,38,37,1.0,False,Down
Htr,"H transporter, endoplasmic reticulum","Transport, Endoplasmic Reticular",0.21927244834470747,0.21518881111461616,0.004083637230091308,0.027121482323762557,0.0916429088792959,0.9272458139349113,0.021093279548560686,38,37,1.0,False,Up
NCNt,Na+/Ca2+-NH4+ exchange,"Transport, Extracellular",-0.0404661685760471,-0.036611128433306134,-0.003855040142740969,0.14443401710132564,-0.08524380359941579,0.9323009688095409,-0.019677203296143583,38,37,1.0,False,Down
EX_urate_e,Urate exchange,Extracellular exchange,7.638394619005181e-06,-8.884659004201342e-06,1.6523053623206523e-05,,0.08485949431810415,0.9326159606827888,0.0195357964431677,38,37,1.0,False,Up
URATEtx,Urate export from peroxisome,"Transport, Peroxisomal",7.638394619005181e-06,-8.884659004201342e-06,1.6523053623206523e-05,,0.08485949431810415,0.9326159606827888,0.0195357964431677,38,37,1.0,False,Up
URATEt,Urate export from cytosol,"Transport, Extracellular",7.638394619005181e-06,-8.884659004201342e-06,1.6523053623206523e-05,,0.08485949431810415,0.9326159606827888,0.0195357964431677,38,37,1.0,False,Up
IDHPOXOX3,Iodide:hydrogen-peroxide oxidoreductase 3,Tyrosine metabolism,-0.0003364173868166843,-0.00034553556586050283,9.118179043818525e-06,-0.038581956406971096,0.0701719789433138,0.9442512244231009,0.016226451079629983,38,37,1.0,False,Up
TRIODTHYt2,T3 transport via facilitated diffusion,"Transport, Extracellular",0.0003364173868166843,0.00034553556586050283,-9.118179043818525e-06,-0.038581933774005484,-0.0701719789433138,0.9442512244231009,-0.016226451079629983,38,37,1.0,False,Down
EX_triodthy_e,Triiodothyronine exchange,Extracellular exchange,-0.0003364173868166843,-0.00034553556586050283,9.118179043818525e-06,-0.038581956406971096,0.0701719789433138,0.9442512244231009,0.016226451079629983,38,37,1.0,False,Up
MANt4,D-mannose transport via sodium cotransport,"Transport, Extracellular",-5.230753494184111e-18,-4.754573491162925e-18,-4.761800030211858e-19,-6.869825516537526e-09,-0.06438880054636258,0.9488373471970227,-0.014878564286769274,38,37,1.0,False,Down
ASNGLNNaEx,L-glutamine/L-asparagine Na-dependent exchange (Asn-L in),"Transport, Extracellular",2.032569032093132e-19,2.0845737428840954e-19,-5.200471079096335e-21,-7.50269716338245e-11,-0.06426708526586432,0.9489334436773849,-0.014844840279402157,38,37,1.0,False,Down
ADK1,Adenylate kinase,Nucleotides,-0.37290857532703814,-0.3707368990968829,-0.0021716762301552395,0.008426261014948892,-0.059459103514249344,0.9527500867775126,-0.013743507322515464,38,37,1.0,False,Down
ALR2,Aldose reductase (methylglyoxal),Pyruvate Metabolism,0.026100762169052855,0.025309638026840477,0.000791124142212378,0.04440506094105418,0.0559713239204833,0.9555222404570974,0.012892006172877097,38,37,1.0,False,Up
DNDPt35m,DGDP transport via dADP antiport,"Transport, Mitochondrial",-4.672998764930884e-20,-4.799490100798264e-20,1.2649133586737958e-21,1.8248959764167023e-11,0.05495257851818398,0.9563265764000837,0.012693700482899145,38,37,1.0,False,Up
DHPR2,"6,7-dihydropteridine reduction",Tetrahydrobiopterin,0.000725317798726409,-0.0006806350969931856,0.0014059528957195947,,0.051750870473998,0.9588844047823142,0.011894314901061541,38,37,1.0,False,Up
MTHFR3,5 10 methylenetetrahydrofolatereductase  NADPH ,Folate Metabolism,0.000725317798726409,-0.0006806350969931856,0.0014059528957195947,,0.051750870473998,0.9588844047823142,0.011894314901061541,38,37,1.0,False,Up
LYSt5r,LYStiDF,"Transport, Extracellular",0.6916895928884931,0.6942051705050539,-0.002515577616560849,-0.005237360632914668,-0.04871324452371229,0.961290286943232,-0.01120646010804444,38,37,1.0,False,Down
ACOAD8m,Isovaleryl-coa dehydrogenase,"Valine, Leucine, and Isoleucine Metabolism",-0.014667492991731163,-0.014496218495409677,-0.00017127449632148642,0.01694569699537124,-0.04839267433654612,0.9615355193215085,-0.011176100077175203,38,37,1.0,False,Down
MCCCrm,"Methylcrotonoyl-CoA carboxylase, mitochondrial","Valine, Leucine, and Isoleucine Metabolism",-0.014667492991731163,-0.014496218495409677,-0.00017127449632148642,0.01694569699537124,-0.04839267433654612,0.9615355193215085,-0.011176100077175203,38,37,1.0,False,Down
MGCHrm,Methylglutaconyl-coa hydratase,"Valine, Leucine, and Isoleucine Metabolism",-0.014667492991731163,-0.014496218495409677,-0.00017127449632148642,0.01694569699537124,-0.04839267433654612,0.9615355193215085,-0.011176100077175203,38,37,1.0,False,Down
OIVD1m,"2-oxoisovalerate dehydrogenase (acylating; 4-methyl-2-oxopentaoate), mitochondrial","Valine, Leucine, and Isoleucine Metabolism",-0.014667492991731163,-0.014496218495409677,-0.00017127449632148642,0.01694569699537124,-0.04839267433654612,0.9615355193215085,-0.011176100077175203,38,37,1.0,False,Down
VALtec,L-valine transport via diffusion (extracellular to cytosol),"Transport, Extracellular",0.034309215388842726,0.0347140955346887,-0.0004048801458459775,-0.01692544934971655,-0.04670896985418958,0.9629281930654588,-0.010881477449201949,38,37,1.0,False,Down
DNDPt26m,DCDP transport via dUDP antiport,"Transport, Mitochondrial",0.0002531691686714213,0.0002582368912751543,-5.0677226037329644e-06,-0.02859338324581088,-0.04524236635705234,0.96403776765038,-0.010441219203279685,38,37,1.0,False,Down
KCCt,K+-Cl- cotransport,"Transport, Extracellular",0.023108083618327085,0.02468585158636543,-0.0015777679680383447,-0.09528679380420367,-0.038392567478420174,0.9694831492919886,-0.008841619310591499,38,37,1.0,False,Down
PIt7_copy2,Phosphate transport in/out via three Na+ symporter,"Transport, Extracellular",-1.9648023089796963e-05,2.2853753172869134e-05,-4.25017762626661e-05,,-0.03513868379906239,0.9720658161705822,-0.008122426968313648,38,37,1.0,False,Down
P5CDm,1 pyrroline 5 carboxylate dehydrogenase  mitochondrial,Glutamate metabolism,0.0006085531329792578,0.0008609098778704505,-0.0002523567448911927,-0.50047892059747,-0.029397640750522026,0.9766328344162002,-0.006810603884350521,38,37,1.0,False,Down
CLFORtex2,Chloride transport via formate countertransport (2:1),"Transport, Extracellular",-5.523101248724824e-07,6.424238820999986e-07,-1.1947340069724812e-06,,-0.02644570510180609,0.9789744266034327,-0.006112033891170927,38,37,1.0,False,Down
CAt7r,"Calcium / sodium antiporter (1:3), reversible","Transport, Extracellular",-0.04289209135404212,-0.04173577629256718,-0.0011563150614749412,0.03942705590131508,-0.02624377335930496,0.979134624049248,-0.00605582900498434,38,37,1.0,False,Down
LSTO1r,Lathosterol oxidase,Cholesterol Metabolism,0.0006691784266438526,0.0006673827609653811,1.7956656784715117e-06,0.003876514093711484,0.026160330841461518,0.9792024961250458,0.006052280164234162,38,37,1.0,False,Up
DHCR71r,7-dehydrocholesterol reductase,Cholesterol Metabolism,0.0006691784266438526,0.0006673827609653811,1.7956656784715117e-06,0.003876514093711484,0.026160330841461518,0.9792024961250458,0.006052280164234162,38,37,1.0,False,Up
EBP1r,"3-beta-hydroxysteroid-delta(8),delta(7)-isomerase",Cholesterol Metabolism,0.0006691784266438526,0.0006673827609653811,1.7956656784715117e-06,0.003876514093711484,0.026160330841461518,0.9792024961250458,0.006052280164234162,38,37,1.0,False,Up
DHCR243r,24-dehydrocholesterol reductase [Precursor],Cholesterol Metabolism,0.0006691784266438526,0.0006673827609653811,1.7956656784715117e-06,0.003876514093711484,0.026160330841461518,0.9792024961250458,0.006052280164234162,38,37,1.0,False,Up
LEUtec,L-leucine transport via diffusion,"Transport, Extracellular",0.012811647002406371,0.012894409545605518,-8.276254319914723e-05,-0.009289758003312448,-0.021786233720244498,0.9826787250481697,-0.005022011661756152,38,37,1.0,False,Down
GLYt7_311_r,GLYt7 LPAREN 311 RPAREN r,"Transport, Extracellular",-0.0329607354059139,-0.03230965586028452,-0.0006510795456293808,0.02878304765389648,-0.020125498876877763,0.9840026789679975,-0.004628595923427676,38,37,1.0,False,Down
PIt7_copy1,Phosphate transport in/out via three Na+ symporter,"Transport, Extracellular",8.093210644018551e-18,8.011112466777115e-18,8.209817724143607e-20,1.1844262657827712e-09,0.017766239134583233,0.9858739048182135,0.004104299589214228,38,37,1.0,False,Up
SO4OXAtex2,Sulfate transport via oxalate countertransport (2:1),"Transport, Extracellular",0.03785878566589394,0.03747055084902834,0.0003882348168656041,0.014870950114821653,0.01517143370088774,0.9879390653560575,0.0035138566794470716,38,37,1.0,False,Up
SERGLYexR,L-Serine/Glycine reversible exchange,"Transport, Extracellular",0.16580194103112977,0.1667317255087455,-0.0009297844776157138,-0.008067748229987575,-0.014282756160772549,0.9886476674207143,-0.003312474158296162,38,37,1.0,False,Down
GCHOLAt2,Glycocholate transport via sodium cotransport,"Transport, Extracellular",-5.979866580944562e-18,-5.943415815825324e-18,-3.645076511923755e-20,-5.25873373762823e-10,-0.01297268764465159,0.9896850648985054,-0.002997162746438618,38,37,1.0,False,Down
GCHOLAte,Bile acid intracellular transport,"Transport, Extracellular",5.979866580944562e-18,5.943415815825324e-18,3.645076511923755e-20,5.25873213399813e-10,0.01297268764465159,0.9896850648985054,0.002997162746438618,38,37,1.0,False,Up
DOPAtu,Dopamine uniport,"Transport, Extracellular",0.008042466898111734,0.008579991782523175,-0.0005375248844114409,-0.0933381719423434,-0.00897531094531646,0.9928637514969787,-0.002068465546134407,38,37,1.0,False,Down
UPPN,B-ureidopropionase,Pyrimidine Catabolism,0.018055914335728035,0.018150961798544318,-9.504746281628271e-05,-0.007574517999097364,-0.008327557864172311,0.9933827222208833,-0.001934126223035087,38,37,1.0,False,Down
DURAD,Dihydrouracil dehydrogenase (NADP),Pyrimidine Catabolism,-0.018055914335728035,-0.018150961798544318,9.504746281628271e-05,-0.007574518082778198,0.008327557864172311,0.9933827222208833,0.001934126223035087,38,37,1.0,False,Up
DHPM1,"Dihydropyrimidinase (5,6-dihydrouracil)",Pyrimidine Catabolism,0.018055914335728035,0.018150961798544318,-9.504746281628271e-05,-0.007574517999097364,-0.008327557864172311,0.9933827222208833,-0.001934126223035087,38,37,1.0,False,Down
FBA2,D Fructose 1 phosphate D glyceraldehyde 3 phosphate lyase,Fructose and Mannose Metabolism,0.03258050658223991,0.03263130924376958,-5.080266152966695e-05,-0.002247836884371302,-0.003175724426005058,0.9974749401811891,-0.0007344394511714086,38,37,1.0,False,Down
TRIOK,Triokinase,Fructose and Mannose Metabolism,0.03258050658223991,0.03263130924376958,-5.080266152966695e-05,-0.002247836884371302,-0.003175724426005058,0.9974749401811891,-0.0007344394511714086,38,37,1.0,False,Down
KHK,Ketohexokinase,Fructose and Mannose Metabolism,0.03258050658223991,0.03263130924376958,-5.080266152966695e-05,-0.002247836884371302,-0.003175724426005058,0.9974749401811891,-0.0007344394511714086,38,37,1.0,False,Down
ARGN,Arginase,Urea cycle/amino group metabolism,-4.109778515363216e-07,4.780321325924587e-07,-8.890099841287802e-07,,-0.0005835810706092437,0.9995362828670041,-0.00013392389239979844,38,37,1.0,False,Down
EX_nad_e,Nicotinamide adenine dinucleotide exchange,Extracellular exchange,0.0,0.0,0.0,0.0,,,0.0,38,37,1.0,False,Down
ACOATA,Acetyl-CoA ACP transacylase,Fatty Acid Metabolism,0.0,0.0,0.0,0.0,,,0.0,38,37,1.0,False,Down
ACODA,Acetylornithine deacetylase,Urea cycle/amino group metabolism,0.0,0.0,0.0,0.0,,,0.0,38,37,1.0,False,Down
EX_nadp_e,Nicotinamide adenine dinucleotide phosphate exchange,Extracellular exchange,0.0,0.0,0.0,0.0,,,0.0,38,37,1.0,False,Down
ACOX22x,"Acyl-Coenzyme A oxidase 2, branched chain",Bile Acid Biosynthesis,0.0,0.0,0.0,0.0,,,0.0,38,37,1.0,False,Down
ACALDtr,Acetaldehyde reversible transport (ER),"Transport, Endoplasmic Reticular",0.0,0.0,0.0,0.0,,,0.0,38,37,1.0,False,Down
ACOX2x,"Acyl-Coenzyme A oxidase 2, branched chain",Bile Acid Biosynthesis,0.0,0.0,0.0,0.0,,,0.0,38,37,1.0,False,Down
EX_ncam_e,Nicotinamide exchange,Extracellular exchange,0.0,0.0,0.0,0.0,,,0.0,38,37,1.0,False,Down
ACALDtx,"Acetaldehyde transport via diffusion, glyoxysome","Transport, Peroxisomal",0.0,0.0,0.0,0.0,,,0.0,38,37,1.0,False,Down
ACCOAC,Acetyl-CoA carboxylase,Fatty Acid Metabolism,0.0,0.0,0.0,0.0,,,0.0,38,37,1.0,False,Down
ACP1_FMN,Acid phosphatase (FMN),Riboflavin Metabolism,0.0,0.0,0.0,0.0,,,0.0,38,37,1.0,False,Down
ACCOACrm,Acetyl Coa carboxylase  mitochondrial,Fatty Acid Metabolism,0.0,0.0,0.0,0.0,,,0.0,38,37,1.0,False,Down
ACCOAL,Acetate-CoA ligase (ADP-forming),Propanoate Metabolism,0.0,0.0,0.0,0.0,,,0.0,38,37,1.0,False,Down
ACCOALm,Acetate-CoA ligase (AMP-forming),Propanoate Metabolism,0.0,0.0,0.0,0.0,,,0.0,38,37,1.0,False,Down
EX_nifedipine_e,Nifedipine exchange,Extracellular exchange,0.0,0.0,0.0,0.0,,,0.0,38,37,1.0,False,Down
ACCOAgt,Acetyl-coa transport,"Transport, Extracellular",0.0,0.0,0.0,0.0,,,0.0,38,37,1.0,False,Down
ACCOAtn,Acetyl CoA transport  nuclear,"Transport, Nuclear",0.0,0.0,0.0,0.0,,,0.0,38,37,1.0,False,Down
ACS,Acetyl-CoA synthetase,Glycolysis/Gluconeogenesis,0.0,0.0,0.0,0.0,,,0.0,38,37,1.0,False,Down
ACCOAtr,Acetyl-coa transport,"Transport, Endoplasmic Reticular",0.0,0.0,0.0,0.0,,,0.0,38,37,1.0,False,Down
EX_no_e,Nitric oxide exchange,Extracellular exchange,0.0,0.0,0.0,0.0,,,0.0,38,37,1.0,False,Down
EX_npthl_e,Naphthalene exchange,Extracellular exchange,0.0,0.0,0.0,0.0,,,0.0,38,37,1.0,False,Down
ACS2,Acetyl-CoA synthase (propionate),Propanoate Metabolism,0.0,0.0,0.0,0.0,,,0.0,38,37,1.0,False,Down
ADNCYC,Adenylate cyclase,Nucleotides,0.0,0.0,0.0,0.0,,,0.0,38,37,1.0,False,Down
ADNK1,Adenosine kinase,Nucleotides,0.0,0.0,0.0,0.0,,,0.0,38,37,1.0,False,Down
EX_nrpphrsf_e,Sulfate derivative of norepinephrine exchange,Extracellular exchange,0.0,0.0,0.0,0.0,,,0.0,38,37,1.0,False,Down
EX_nrvnc_e,Nervonic acid exchange,Extracellular exchange,0.0,0.0,0.0,0.0,,,0.0,38,37,1.0,False,Down
ACYP,Acylphosphatase,Glycolysis/Gluconeogenesis,0.0,0.0,0.0,0.0,,,0.0,38,37,1.0,False,Down
ACt2m,Acetate mitochondrial transport via proton symport,"Transport, Mitochondrial",0.0,0.0,0.0,0.0,,,0.0,38,37,1.0,False,Down
ADNt4,Adenosine transport (Na/Adn cotransport),"Transport, Extracellular",0.0,0.0,0.0,0.0,,,0.0,38,37,1.0,False,Down
ADNt5,Adenosine transport (1:2 Na/Adn cotransport),"Transport, Extracellular",0.0,0.0,0.0,0.0,,,0.0,38,37,1.0,False,Down
ADNtl,Adenosine facilated transport from lysosome,"Transport, Lysosomal",0.0,0.0,0.0,0.0,,,0.0,38,37,1.0,False,Down
ACtg,"Acetate transport, Golgi apparatus","Transport, Golgi Apparatus",0.0,0.0,0.0,0.0,,,0.0,38,37,1.0,False,Down
ADA,Adenosine deaminase,Purine Catabolism,0.0,0.0,0.0,0.0,,,0.0,38,37,1.0,False,Down
ADPGLC,ADPglucose diphosphatase,Nucleotides,0.0,0.0,0.0,0.0,,,0.0,38,37,1.0,False,Down
ADPMAN,ADPmannose diphosphatase,Nucleotides,0.0,0.0,0.0,0.0,,,0.0,38,37,1.0,False,Down
ADPRDP,ADPribose diphosphatase,Nucleotides,0.0,0.0,0.0,0.0,,,0.0,38,37,1.0,False,Down
ADEtl,Adenine facilated transport from lysosome,"Transport, Lysosomal",0.0,0.0,0.0,0.0,,,0.0,38,37,1.0,False,Down
ADPRDPm,ADPribose diphosphatase (mitochondrial),Nucleotides,0.0,0.0,0.0,0.0,,,0.0,38,37,1.0,False,Down
AGDC,N-acetylglucosamine-6-phosphate deacetylase,Aminosugar Metabolism,0.0,0.0,0.0,0.0,,,0.0,38,37,1.0,False,Down
ADPRIBt,ADPribose transport,"Transport, Extracellular",0.0,0.0,0.0,0.0,,,0.0,38,37,1.0,False,Down
ADRNCOAtx,Fatty acid intracellular transport,"Transport, Peroxisomal",0.0,0.0,0.0,0.0,,,0.0,38,37,1.0,False,Down
ADRNCPT1,Carnitine O-palmitoyltransferase,Carnitine shuttle,0.0,0.0,0.0,0.0,,,0.0,38,37,1.0,False,Down
ADRNCPT2,Carnitine transferase,Carnitine shuttle,0.0,0.0,0.0,0.0,,,0.0,38,37,1.0,False,Down
ADRNCRNt,Transport into the mitochondria (carnitine),Carnitine shuttle,0.0,0.0,0.0,0.0,,,0.0,38,37,1.0,False,Down
ADRNLPVESSEC,Adrenaline secretion via secretory vesicle (ATP driven),"Transport, Extracellular",0.0,0.0,0.0,0.0,,,0.0,38,37,1.0,False,Down
ADHAPtx,Intracellular transport (peroxisome),"Transport, Peroxisomal",0.0,0.0,0.0,0.0,,,0.0,38,37,1.0,False,Down
ADMDC,Adenosylmethionine decarboxylase,Arginine and Proline Metabolism,0.0,0.0,0.0,0.0,,,0.0,38,37,1.0,False,Down
AGLPC,Alkyl acylglycerol phosphocholine transferase,Glycerophospholipid Metabolism,0.0,0.0,0.0,0.0,,,0.0,38,37,1.0,False,Down
ADSELK,Adenylyl-selenate kinase,Selenoamino acid metabolism,0.0,0.0,0.0,0.0,,,0.0,38,37,1.0,False,Down
ADSK,Adenylyl-sulfate kinase,Nucleotides,0.0,0.0,0.0,0.0,,,0.0,38,37,1.0,False,Down
ADSL1r,Adenylsuccinate lyase,Nucleotides,0.0,0.0,0.0,0.0,,,0.0,38,37,1.0,False,Down
ALOX12R,Arachidonate 12-lipoxygenase R,Eicosanoid Metabolism,0.0,0.0,0.0,0.0,,,0.0,38,37,1.0,False,Down
AGLPED,Alkyl acyl glycerophosphoethanolamine desaturase,Glycerophospholipid Metabolism,0.0,0.0,0.0,0.0,,,0.0,38,37,1.0,False,Down
ALOX15,Arachidonate 15-lipoxygenase,Eicosanoid Metabolism,0.0,0.0,0.0,0.0,,,0.0,38,37,1.0,False,Down
ALOX5,Arachidonate 5-lipoxygenase,Eicosanoid Metabolism,0.0,0.0,0.0,0.0,,,0.0,38,37,1.0,False,Down
ADSL2r,Adenylosuccinate lyase,IMP Biosynthesis,0.0,0.0,0.0,0.0,,,0.0,38,37,1.0,False,Down
ALOX52,Arachidonate 5-lipoxygenase,Eicosanoid Metabolism,0.0,0.0,0.0,0.0,,,0.0,38,37,1.0,False,Down
ADSS,Adenylosuccinate synthase,Nucleotides,0.0,0.0,0.0,0.0,,,0.0,38,37,1.0,False,Down
AGLPET,Alkyl acylglycerol phosphoethanolamine transferase,Glycerophospholipid Metabolism,0.0,0.0,0.0,0.0,,,0.0,38,37,1.0,False,Down
AFLATOXINte,Xenobiotic transport,"Transport, Extracellular",0.0,0.0,0.0,0.0,,,0.0,38,37,1.0,False,Down
AGLPH,Alkyl glycerol phosphate hydrolase,Glycerophospholipid Metabolism,0.0,0.0,0.0,0.0,,,0.0,38,37,1.0,False,Down
AG13T10g,"N-acetyllactosaminide beta-1,3-N-acetylglucosaminyltransferase, Golgi apparatus",Keratan sulfate biosynthesis,0.0,0.0,0.0,0.0,,,0.0,38,37,1.0,False,Down
AG13T11g,"N-acetyllactosaminide beta-1,3-N-acetylglucosaminyltransferase, Golgi apparatus",Keratan sulfate biosynthesis,0.0,0.0,0.0,0.0,,,0.0,38,37,1.0,False,Down
AGLPR,Alkyl glycerol phosphate reductase,Glycerophospholipid Metabolism,0.0,0.0,0.0,0.0,,,0.0,38,37,1.0,False,Down
AG13T12g,"N-acetyllactosaminide beta-1,3-N-acetylglucosaminyltransferase, Golgi apparatus",Keratan sulfate biosynthesis,0.0,0.0,0.0,0.0,,,0.0,38,37,1.0,False,Down
AG13T13g,"N-acetyllactosaminide beta-1,3-N-acetylglucosaminyltransferase, Golgi apparatus",Keratan sulfate biosynthesis,0.0,0.0,0.0,0.0,,,0.0,38,37,1.0,False,Down
AG13T14g,"N-acetyllactosaminide beta-1,3-N-acetylglucosaminyltransferase, Golgi apparatus",Keratan sulfate biosynthesis,0.0,0.0,0.0,0.0,,,0.0,38,37,1.0,False,Down
ALR3,Aldose reductase (acetol),Pyruvate Metabolism,0.0,0.0,0.0,0.0,,,0.0,38,37,1.0,False,Down
AG13T15g,"N-acetyllactosaminide beta-1,3-N-acetylglucosaminyltransferase, Golgi apparatus",Keratan sulfate biosynthesis,0.0,0.0,0.0,0.0,,,0.0,38,37,1.0,False,Down
AG13T16g,"N-acetyllactosaminide beta-1,3-N-acetylglucosaminyltransferase, Golgi apparatus",Keratan sulfate biosynthesis,0.0,0.0,0.0,0.0,,,0.0,38,37,1.0,False,Down
AG13T17g,"N-acetyllactosaminide beta-1,3-N-acetylglucosaminyltransferase, Golgi apparatus",Keratan sulfate biosynthesis,0.0,0.0,0.0,0.0,,,0.0,38,37,1.0,False,Down
AG13T18g,"N-acetyllactosaminide beta-1,3-N-acetylglucosaminyltransferase, Golgi apparatus",Keratan sulfate biosynthesis,0.0,0.0,0.0,0.0,,,0.0,38,37,1.0,False,Down
AGLPT,Alkyl glycerol phosphate acyltransferase,Glycerophospholipid Metabolism,0.0,0.0,0.0,0.0,,,0.0,38,37,1.0,False,Down
AMACR2p,Alpha-methylacyl-CoA racemase (reductase),Bile Acid Biosynthesis,0.0,0.0,0.0,0.0,,,0.0,38,37,1.0,False,Down
AMACR2r,Alpha-methylacyl-CoA racemase (reductase),Bile Acid Biosynthesis,0.0,0.0,0.0,0.0,,,0.0,38,37,1.0,False,Down
AMACRp,Alpha-methylacyl-CoA racemase,Bile Acid Biosynthesis,0.0,0.0,0.0,0.0,,,0.0,38,37,1.0,False,Down
AG13T1g,"N-acetyllactosaminide beta-1,3-N-acetylglucosaminyltransferase, Golgi apparatus",Keratan sulfate biosynthesis,0.0,0.0,0.0,0.0,,,0.0,38,37,1.0,False,Down
AG13T2g,"N-acetyllactosaminide beta-1,3-N-acetylglucosaminyltransferase, Golgi apparatus",Keratan sulfate biosynthesis,0.0,0.0,0.0,0.0,,,0.0,38,37,1.0,False,Down
AG13T3g,"N-acetyllactosaminide beta-1,3-N-acetylglucosaminyltransferase, Golgi apparatus",Keratan sulfate biosynthesis,0.0,0.0,0.0,0.0,,,0.0,38,37,1.0,False,Down
AG13T4g,"N-acetyllactosaminide beta-1,3-N-acetylglucosaminyltransferase, Golgi apparatus",Keratan sulfate biosynthesis,0.0,0.0,0.0,0.0,,,0.0,38,37,1.0,False,Down
AMACRr,Alpha-methylacyl-CoA racemase,Bile Acid Biosynthesis,0.0,0.0,0.0,0.0,,,0.0,38,37,1.0,False,Down
AGMTm,Agmatinase (m),Arginine and Proline Metabolism,0.0,0.0,0.0,0.0,,,0.0,38,37,1.0,False,Down
AMANK,N-acetyl-D-mannosamine kinase,Aminosugar Metabolism,0.0,0.0,0.0,0.0,,,0.0,38,37,1.0,False,Down
AG13T5g,"N-acetyllactosaminide beta-1,3-N-acetylglucosaminyltransferase, Golgi apparatus",Keratan sulfate biosynthesis,0.0,0.0,0.0,0.0,,,0.0,38,37,1.0,False,Down
AMETr,S-Adenosyl-L-methionine intracellular diffusion,"Transport, Endoplasmic Reticular",0.0,0.0,0.0,0.0,,,0.0,38,37,1.0,False,Down
AG13T6g,"N-acetyllactosaminide beta-1,3-N-acetylglucosaminyltransferase, Golgi apparatus",Keratan sulfate biosynthesis,0.0,0.0,0.0,0.0,,,0.0,38,37,1.0,False,Down
AG13T7g,"N-acetyllactosaminide beta-1,3-N-acetylglucosaminyltransferase, Golgi apparatus",Keratan sulfate biosynthesis,0.0,0.0,0.0,0.0,,,0.0,38,37,1.0,False,Down
AG13T8g,"N-acetyllactosaminide beta-1,3-N-acetylglucosaminyltransferase, Golgi apparatus",Keratan sulfate biosynthesis,0.0,0.0,0.0,0.0,,,0.0,38,37,1.0,False,Down
AMETt2m,"S-Adenosyl-L-methionine reversible transport, mitochondrial","Transport, Mitochondrial",0.0,0.0,0.0,0.0,,,0.0,38,37,1.0,False,Down
AGPRim,N acetyl g glutamyl phosphate reductase  irreversible  mitochondrial,Urea cycle/amino group metabolism,0.0,0.0,0.0,0.0,,,0.0,38,37,1.0,False,Down
AMETtn,"S-Adenosyl-L-methionine transport, nucleus","Transport, Nuclear",0.0,0.0,0.0,0.0,,,0.0,38,37,1.0,False,Down
AMPTASECG,Alanyl aminopeptidase (cys-gly),Glutathione Metabolism,0.0,0.0,0.0,0.0,,,0.0,38,37,1.0,False,Down
AMPTASECGe,Alanyl aminopeptidase (cys-gly) (e),Glutathione Metabolism,0.0,0.0,0.0,0.0,,,0.0,38,37,1.0,False,Down
AG13T9g,"N-acetyllactosaminide beta-1,3-N-acetylglucosaminyltransferase, Golgi apparatus",Keratan sulfate biosynthesis,0.0,0.0,0.0,0.0,,,0.0,38,37,1.0,False,Down
ARTFR205,R group artificial flux,R Group Synthesis,0.0,0.0,0.0,0.0,,,0.0,38,37,1.0,False,Down
ARTFR206,R group artificial flux,R Group Synthesis,0.0,0.0,0.0,0.0,,,0.0,38,37,1.0,False,Down
AMPtp,"AMP transporter, peroxisome","Transport, Peroxisomal",0.0,0.0,0.0,0.0,,,0.0,38,37,1.0,False,Down
AGPSx,Alkylglycerone phosphate synthase,Glycerophospholipid Metabolism,0.0,0.0,0.0,0.0,,,0.0,38,37,1.0,False,Down
AMPtr,"AMP transporter, endoplasmic reticulum","Transport, Endoplasmic Reticular",0.0,0.0,0.0,0.0,,,0.0,38,37,1.0,False,Down
AMY1e,"Alpha-amylase, extracellular (strch1 -> strch2)",Starch and Sucrose Metabolism,0.0,0.0,0.0,0.0,,,0.0,38,37,1.0,False,Down
ARTFR208,R group artificial flux,R Group Synthesis,0.0,0.0,0.0,0.0,,,0.0,38,37,1.0,False,Down
ARTFR209,R group artificial flux,R Group Synthesis,0.0,0.0,0.0,0.0,,,0.0,38,37,1.0,False,Down
AMY2e,"Alpha-amylase, extracellular (glygn2 -> glygn4)",Starch and Sucrose Metabolism,0.0,0.0,0.0,0.0,,,0.0,38,37,1.0,False,Down
ARTFR210,R group artificial flux,R Group Synthesis,0.0,0.0,0.0,0.0,,,0.0,38,37,1.0,False,Down
AGPex,Alkyl glycerol phosphate transport,"Transport, Peroxisomal",0.0,0.0,0.0,0.0,,,0.0,38,37,1.0,False,Down
ARTFR211,R group artificial flux,R Group Synthesis,0.0,0.0,0.0,0.0,,,0.0,38,37,1.0,False,Down
ANDRSTRNGLCte,Glucuronidated compound transport,"Transport, Extracellular",0.0,0.0,0.0,0.0,,,0.0,38,37,1.0,False,Down
ANDRSTRNGLCtr,Glucuronidated compound transport (ER),"Transport, Endoplasmic Reticular",0.0,0.0,0.0,0.0,,,0.0,38,37,1.0,False,Down
ARTFR212,R group artificial flux,R Group Synthesis,0.0,0.0,0.0,0.0,,,0.0,38,37,1.0,False,Down
AGTim,Alanine---glyoxylate aminotransferase,Alanine and Aspartate Metabolism,0.0,0.0,0.0,0.0,,,0.0,38,37,1.0,False,Down
ARTFR213,R group artificial flux,R Group Synthesis,0.0,0.0,0.0,0.0,,,0.0,38,37,1.0,False,Down
ANDRSTRNte,Androsterone transport,"Transport, Extracellular",0.0,0.0,0.0,0.0,,,0.0,38,37,1.0,False,Down
ANDRSTRNtr,Androsterone intracellular transport,"Transport, Endoplasmic Reticular",0.0,0.0,0.0,0.0,,,0.0,38,37,1.0,False,Down
ANTIPYRENEte,Xenobiotic transport,"Transport, Extracellular",0.0,0.0,0.0,0.0,,,0.0,38,37,1.0,False,Down
ARTFR32,R group artificial flux,R Group Synthesis,0.0,0.0,0.0,0.0,,,0.0,38,37,1.0,False,Down
ARTFR33,R group artificial flux,R Group Synthesis,0.0,0.0,0.0,0.0,,,0.0,38,37,1.0,False,Down
ARTFR34,R group artificial flux,R Group Synthesis,0.0,0.0,0.0,0.0,,,0.0,38,37,1.0,False,Down
AP4AH1,"Ap4A hydrolase, asymmetrically",Nucleotides,0.0,0.0,0.0,0.0,,,0.0,38,37,1.0,False,Down
APNNOXte,Xenobiotic transport,"Transport, Extracellular",0.0,0.0,0.0,0.0,,,0.0,38,37,1.0,False,Down
ARTFR42,R group artificial flux,R Group Synthesis,0.0,0.0,0.0,0.0,,,0.0,38,37,1.0,False,Down
ARTFR43,R group artificial flux,R Group Synthesis,0.0,0.0,0.0,0.0,,,0.0,38,37,1.0,False,Down
APOC_LYS_BTNP,Proteolysis of apoC-Lys-btn,Biotin Metabolism,0.0,0.0,0.0,0.0,,,0.0,38,37,1.0,False,Down
APOC_LYS_BTNPm,"Proteolysis of apoC-Lys-btn, mitochondrial",Biotin Metabolism,0.0,0.0,0.0,0.0,,,0.0,38,37,1.0,False,Down
AHANDROSTANGLCte,Glucuronidated compound transport,"Transport, Extracellular",0.0,0.0,0.0,0.0,,,0.0,38,37,1.0,False,Down
ARTFR45,R group artificial flux,R Group Synthesis,0.0,0.0,0.0,0.0,,,0.0,38,37,1.0,False,Down
APOCF,Apocarboxylase formation,Biotin Metabolism,0.0,0.0,0.0,0.0,,,0.0,38,37,1.0,False,Down
APOCFm,"Apocarboxylase formation, mitochondrial",Biotin Metabolism,0.0,0.0,0.0,0.0,,,0.0,38,37,1.0,False,Down
APPNNte,Xenobiotic transport,"Transport, Extracellular",0.0,0.0,0.0,0.0,,,0.0,38,37,1.0,False,Down
APRGSTRNte,Hydroxyprogesterone transport,"Transport, Extracellular",0.0,0.0,0.0,0.0,,,0.0,38,37,1.0,False,Down
ARTFR51,R group artificial flux,R Group Synthesis,0.0,0.0,0.0,0.0,,,0.0,38,37,1.0,False,Down
AHANDROSTANGLCtr,Glucuronidated compound transport,"Transport, Endoplasmic Reticular",0.0,0.0,0.0,0.0,,,0.0,38,37,1.0,False,Down
ARTFR52,R group artificial flux,R Group Synthesis,0.0,0.0,0.0,0.0,,,0.0,38,37,1.0,False,Down
ARTFR53,R group artificial flux,R Group Synthesis,0.0,0.0,0.0,0.0,,,0.0,38,37,1.0,False,Down
APRTO2,N acetylputrescine oxygen oxireductase  deaminating ,Arginine and Proline Metabolism,0.0,0.0,0.0,0.0,,,0.0,38,37,1.0,False,Down
AQCOBALt,Aquacob(III)alamin uptake,"Transport, Extracellular",0.0,0.0,0.0,0.0,,,0.0,38,37,1.0,False,Down
ARAB_Lt,L arabinoase extracellular transport,"Transport, Extracellular",0.0,0.0,0.0,0.0,,,0.0,38,37,1.0,False,Down
ARTFR54,R group artificial flux,R Group Synthesis,0.0,0.0,0.0,0.0,,,0.0,38,37,1.0,False,Down
AHCi,Adenosylhomocysteinase,Methionine Metabolism,0.0,0.0,0.0,0.0,,,0.0,38,37,1.0,False,Down
ARTFR55,R group artificial flux,R Group Synthesis,0.0,0.0,0.0,0.0,,,0.0,38,37,1.0,False,Down
ARTFR56,R group artificial flux,R Group Synthesis,0.0,0.0,0.0,0.0,,,0.0,38,37,1.0,False,Down
ARTFR57,R group artificial flux,R Group Synthesis,0.0,0.0,0.0,0.0,,,0.0,38,37,1.0,False,Down
ARABR,Arabinose reductase,Pentose and Glucuronate Interconversions,0.0,0.0,0.0,0.0,,,0.0,38,37,1.0,False,Down
ARACHDCOAtx,Fatty acid intracellular transport,"Transport, Peroxisomal",0.0,0.0,0.0,0.0,,,0.0,38,37,1.0,False,Down
AHCYStn,"S-Adenosylhomocysteine transport, nucleus","Transport, Nuclear",0.0,0.0,0.0,0.0,,,0.0,38,37,1.0,False,Down
ARACHDtr,Intracellular transport,"Transport, Endoplasmic Reticular",0.0,0.0,0.0,0.0,,,0.0,38,37,1.0,False,Down
ARTPLM1m,R group to palmitate conversion,R Group Synthesis,0.0,0.0,0.0,0.0,,,0.0,38,37,1.0,False,Down
ARTPLM2m,R group to palmitate conversion,R Group Synthesis,0.0,0.0,0.0,0.0,,,0.0,38,37,1.0,False,Down
ARTPLM3,R group to palmitate conversion,R Group Synthesis,0.0,0.0,0.0,0.0,,,0.0,38,37,1.0,False,Down
ARGDCm,"Arginine decarboxylase, mitochondrial",Arginine and Proline Metabolism,0.0,0.0,0.0,0.0,,,0.0,38,37,1.0,False,Down
ARGLYSex,Arginine/Lysine exchanger (Arg in),"Transport, Extracellular",0.0,0.0,0.0,0.0,,,0.0,38,37,1.0,False,Down
ARTPLM3m,R group to palmitate conversion,R Group Synthesis,0.0,0.0,0.0,0.0,,,0.0,38,37,1.0,False,Down
ASAH1,N-acylsphingosine amidohydrolase,Sphingolipid Metabolism,0.0,0.0,0.0,0.0,,,0.0,38,37,1.0,False,Down
AHCYStr,S-Adenosyl-L-homocysteine intracellular diffusion,"Transport, Endoplasmic Reticular",0.0,0.0,0.0,0.0,,,0.0,38,37,1.0,False,Down
ARGSL,Argininosuccinate lyase,Alanine and Aspartate Metabolism,0.0,0.0,0.0,0.0,,,0.0,38,37,1.0,False,Down
ARGSS,Argininosuccinate synthase,Alanine and Aspartate Metabolism,0.0,0.0,0.0,0.0,,,0.0,38,37,1.0,False,Down
AHEXASE2ly,"Beta-N-acetylhexosaminidase, lysosomal",N-Glycan Degradation,0.0,0.0,0.0,0.0,,,0.0,38,37,1.0,False,Down
ARSA,Arylsulfatase A,Sphingolipid Metabolism,0.0,0.0,0.0,0.0,,,0.0,38,37,1.0,False,Down
AHEXASEly,"Beta-N-acetylhexosaminidase, lysosomal",N-Glycan Degradation,0.0,0.0,0.0,0.0,,,0.0,38,37,1.0,False,Down
ASNNm,L-asparaginase (mitochondrial),Alanine and Aspartate Metabolism,0.0,0.0,0.0,0.0,,,0.0,38,37,1.0,False,Down
ARTCOAL2,R group coenzyme a ligase,R Group Synthesis,0.0,0.0,0.0,0.0,,,0.0,38,37,1.0,False,Down
AICART,Phosphoribosylaminoimidazolecarboxamide formyltransferase,IMP Biosynthesis,0.0,0.0,0.0,0.0,,,0.0,38,37,1.0,False,Down
ARTFR11,R group artificial flux,R Group Synthesis,0.0,0.0,0.0,0.0,,,0.0,38,37,1.0,False,Down
ASNS1,Asparagine synthase (glutamine-hydrolysing),Alanine and Aspartate Metabolism,0.0,0.0,0.0,0.0,,,0.0,38,37,1.0,False,Down
ASNtm,"L-asparagine transport, mitochondrial","Transport, Mitochondrial",0.0,0.0,0.0,0.0,,,0.0,38,37,1.0,False,Down
ARTFR202,"R group artificial flux (C18:3, n-3)",R Group Synthesis,0.0,0.0,0.0,0.0,,,0.0,38,37,1.0,False,Down
ASPCT,Aspartate carbamoyltransferase,Pyrimidine Biosynthesis,0.0,0.0,0.0,0.0,,,0.0,38,37,1.0,False,Down
AIRCr,Phosphoribosylaminoimidazole carboxylase,IMP Biosynthesis,0.0,0.0,0.0,0.0,,,0.0,38,37,1.0,False,Down
ASPDt6,"D-aspartate transport via Na, H symport and K antiport","Transport, Extracellular",0.0,0.0,0.0,0.0,,,0.0,38,37,1.0,False,Down
ASPDxt,"D-aspartate transport, peroxisomal","Transport, Peroxisomal",0.0,0.0,0.0,0.0,,,0.0,38,37,1.0,False,Down
ATPasel,"V-type ATPase, H+ transporting, lysosomal","Transport, Lysosomal",0.0,0.0,0.0,0.0,,,0.0,38,37,1.0,False,Down
ATPtn,ATP diffusion in nucleus,"Transport, Nuclear",0.0,0.0,0.0,0.0,,,0.0,38,37,1.0,False,Down
AVITE1t,Alpha-Tocopherol (Vit. E) transport,"Transport, Extracellular",0.0,0.0,0.0,0.0,,,0.0,38,37,1.0,False,Down
AVITE2t,Alpha-tocotrienol (Vit. E) transport,"Transport, Extracellular",0.0,0.0,0.0,0.0,,,0.0,38,37,1.0,False,Down
A_MANASE,Alpha-mannosidase,N-Glycan Degradation,0.0,0.0,0.0,0.0,,,0.0,38,37,1.0,False,Down
A_MANASEly,"Alpha-mannosidase, lysosomal",N-Glycan Degradation,0.0,0.0,0.0,0.0,,,0.0,38,37,1.0,False,Down
Asn_X_Ser_Thrtr,Asn-X-Ser/Thr transport (from ER to lysosome),"Transport, Endoplasmic Reticular",0.0,0.0,0.0,0.0,,,0.0,38,37,1.0,False,Down
B3GALT3g,"Beta-1,3-galactosyltransferase 3",Sphingolipid Metabolism,0.0,0.0,0.0,0.0,,,0.0,38,37,1.0,False,Down
B3GALT41g,"Beta-1,3-galactosyltransferase 4",Sphingolipid Metabolism,0.0,0.0,0.0,0.0,,,0.0,38,37,1.0,False,Down
B3GALT42g,"Beta-1,3-galactosyltransferase 4",Sphingolipid Metabolism,0.0,0.0,0.0,0.0,,,0.0,38,37,1.0,False,Down
B3GALT43g,"Beta-1,3-galactosyltransferase 4",Sphingolipid Metabolism,0.0,0.0,0.0,0.0,,,0.0,38,37,1.0,False,Down
B3GALT44g,"Beta-1,3-galactosyltransferase 4",Sphingolipid Metabolism,0.0,0.0,0.0,0.0,,,0.0,38,37,1.0,False,Down
B3GALT5g,"Beta-1,3-galactosyltransferase 5",Sphingolipid Metabolism,0.0,0.0,0.0,0.0,,,0.0,38,37,1.0,False,Down
B3GALTg,Beta galactosyltransferase,Blood Group Biosynthesis,0.0,0.0,0.0,0.0,,,0.0,38,37,1.0,False,Down
B3GNT11g,"UDP-GlcNAc:betaGal beta-1,3-N-acetylglucosaminyltransferase 1",Blood Group Biosynthesis,0.0,0.0,0.0,0.0,,,0.0,38,37,1.0,False,Down
B3GNT12g,"UDP-GlcNAc:betaGal beta-1,3-N-acetylglucosaminyltransferase 1",Blood Group Biosynthesis,0.0,0.0,0.0,0.0,,,0.0,38,37,1.0,False,Down
B3GNT310g,"UDP-GlcNAc:betaGal beta-1,3-N-acetylglucosaminyltransferase 3, Golgi apparatus",Blood Group Biosynthesis,0.0,0.0,0.0,0.0,,,0.0,38,37,1.0,False,Down
B3GNT311g,"UDP-GlcNAc:betaGal beta-1,3-N-acetylglucosaminyltransferase 3, Golgi apparatus",Blood Group Biosynthesis,0.0,0.0,0.0,0.0,,,0.0,38,37,1.0,False,Down
B3GNT312g,"UDP-GlcNAc:betaGal beta-1,3-N-acetylglucosaminyltransferase 3, Golgi apparatus",Blood Group Biosynthesis,0.0,0.0,0.0,0.0,,,0.0,38,37,1.0,False,Down
B3GNT313g,"UDP-GlcNAc:betaGal beta-1,3-N-acetylglucosaminyltransferase 3, Golgi apparatus",Blood Group Biosynthesis,0.0,0.0,0.0,0.0,,,0.0,38,37,1.0,False,Down
B3GNT314g,"UDP-GlcNAc:betaGal beta-1,3-N-acetylglucosaminyltransferase 3, Golgi apparatus",Blood Group Biosynthesis,0.0,0.0,0.0,0.0,,,0.0,38,37,1.0,False,Down
B3GNT315g,"UDP-GlcNAc:betaGal beta-1,3-N-acetylglucosaminyltransferase 3, Golgi apparatus",Blood Group Biosynthesis,0.0,0.0,0.0,0.0,,,0.0,38,37,1.0,False,Down
B3GNT31g,"UDP-GlcNAc:betaGal beta-1,3-N-acetylglucosaminyltransferase 3, Golgi apparatus",Sphingolipid Metabolism,0.0,0.0,0.0,0.0,,,0.0,38,37,1.0,False,Down
B3GNT32g,"UDP-GlcNAc:betaGal beta-1,3-N-acetylglucosaminyltransferase 3, Golgi apparatus",Sphingolipid Metabolism,0.0,0.0,0.0,0.0,,,0.0,38,37,1.0,False,Down
B3GNT33g,"UDP-GlcNAc:betaGal beta-1,3-N-acetylglucosaminyltransferase 3, Golgi apparatus",Sphingolipid Metabolism,0.0,0.0,0.0,0.0,,,0.0,38,37,1.0,False,Down
B3GNT34g,"UDP-GlcNAc:betaGal beta-1,3-N-acetylglucosaminyltransferase 3, Golgi apparatus",Sphingolipid Metabolism,0.0,0.0,0.0,0.0,,,0.0,38,37,1.0,False,Down
B3GNT35g,"UDP-GlcNAc:betaGal beta-1,3-N-acetylglucosaminyltransferase 3, Golgi apparatus",Sphingolipid Metabolism,0.0,0.0,0.0,0.0,,,0.0,38,37,1.0,False,Down
B3GNT36g,"UDP-GlcNAc:betaGal beta-1,3-N-acetylglucosaminyltransferase 3, Golgi apparatus",Sphingolipid Metabolism,0.0,0.0,0.0,0.0,,,0.0,38,37,1.0,False,Down
B3GNT37g,"UDP-GlcNAc:betaGal beta-1,3-N-acetylglucosaminyltransferase 3, Golgi apparatus",Sphingolipid Metabolism,0.0,0.0,0.0,0.0,,,0.0,38,37,1.0,False,Down
B3GNT38g,"UDP-GlcNAc:betaGal beta-1,3-N-acetylglucosaminyltransferase 3, Golgi apparatus",Sphingolipid Metabolism,0.0,0.0,0.0,0.0,,,0.0,38,37,1.0,False,Down
B3GNT39g,"UDP-GlcNAc:betaGal beta-1,3-N-acetylglucosaminyltransferase 3, Golgi apparatus",Sphingolipid Metabolism,0.0,0.0,0.0,0.0,,,0.0,38,37,1.0,False,Down
B3GNT51g,"UDP-GlcNAc:betaGal beta-1,3-N-acetylglucosaminyltransferase 5",Blood Group Biosynthesis,0.0,0.0,0.0,0.0,,,0.0,38,37,1.0,False,Down
BAAT1x,Bile acid Coenzyme A: amino acid N-acyltransferase,Bile Acid Biosynthesis,0.0,0.0,0.0,0.0,,,0.0,38,37,1.0,False,Down
BAAT2x,Bile acid Coenzyme A: amino acid N-acyltransferase,Bile Acid Biosynthesis,0.0,0.0,0.0,0.0,,,0.0,38,37,1.0,False,Down
BAAT3x,Bile acid Coenzyme A: amino acid N-acyltransferase,Bile Acid Biosynthesis,0.0,0.0,0.0,0.0,,,0.0,38,37,1.0,False,Down
BAAT4x,Bile acid Coenzyme A: amino acid N-acyltransferase,Bile Acid Biosynthesis,0.0,0.0,0.0,0.0,,,0.0,38,37,1.0,False,Down
BAAT5x,Bile acid Coenzyme A: amino acid N-acyltransferase,Bile Acid Biosynthesis,0.0,0.0,0.0,0.0,,,0.0,38,37,1.0,False,Down
BACCL,Biotin acetyl CoA carboxylase ligase,Biotin Metabolism,0.0,0.0,0.0,0.0,,,0.0,38,37,1.0,False,Down
BACCLm,"Biotin-[acetyl-CoA-carboxylase] ligase, mitochondrial",Biotin Metabolism,0.0,0.0,0.0,0.0,,,0.0,38,37,1.0,False,Down
BALAVECSEC,B-alanine secretion via secretory vesicle (ATP driven),"Transport, Extracellular",0.0,0.0,0.0,0.0,,,0.0,38,37,1.0,False,Down
BAMPPALDOX,Beta-Aminopropion aldehyde NAD+ oxidoreductase,beta-Alanine metabolism,0.0,0.0,0.0,0.0,,,0.0,38,37,1.0,False,Down
BAMPPALDOXm,Beta-Aminopropion aldehyde:NAD+ oxidoreductase (m),beta-Alanine metabolism,0.0,0.0,0.0,0.0,,,0.0,38,37,1.0,False,Down
BBHOX,"4-Trimethylammoniobutanoate,2-oxoglutarate:oxygen oxidoreductase (3-hydroxylating)",Lysine Metabolism,0.0,0.0,0.0,0.0,,,0.0,38,37,1.0,False,Down
BCDO,Beta-Carotene dioxygenase,Vitamin A Metabolism,0.0,0.0,0.0,0.0,,,0.0,38,37,1.0,False,Down
BDMT_L,GDPmannose:chitobiosyldiphosphodolichol beta-D-mannosyltransferase (liver),N-Glycan Biosynthesis,0.0,0.0,0.0,0.0,,,0.0,38,37,1.0,False,Down
BDMT_U,GDPmannose:chitobiosyldiphosphodolichol beta-D-mannosyltransferase (uterus),N-Glycan Biosynthesis,0.0,0.0,0.0,0.0,,,0.0,38,37,1.0,False,Down
BETALDHx,Betaine-aldehyde dehydrogenase,"Glycine, Serine, and Threonine Metabolism",0.0,0.0,0.0,0.0,,,0.0,38,37,1.0,False,Down
BETALDHxm,"Betaine-aldehyde dehydrogenase, mitochondrial","Glycine, Serine, and Threonine Metabolism",0.0,0.0,0.0,0.0,,,0.0,38,37,1.0,False,Down
BHMT,Betaine-homocysteine S-methyltransferase,"Glycine, Serine, and Threonine Metabolism",0.0,0.0,0.0,0.0,,,0.0,38,37,1.0,False,Down
BILDGLCURte,Bilirubin beta-diglucuronide transport MDR,"Transport, Extracellular",0.0,0.0,0.0,0.0,,,0.0,38,37,1.0,False,Down
BILDGLCURtr,Glucuronidated compound transport,"Transport, Endoplasmic Reticular",0.0,0.0,0.0,0.0,,,0.0,38,37,1.0,False,Down
CDSm,Phosphatidate cytidylyltransferase,Glycerophospholipid Metabolism,0.0,0.0,0.0,0.0,,,0.0,38,37,1.0,False,Down
CERK,Ceramide kinase,Sphingolipid Metabolism,0.0,0.0,0.0,0.0,,,0.0,38,37,1.0,False,Down
CERT1gt,Ceramide transport protein,"Transport, Golgi Apparatus",0.0,0.0,0.0,0.0,,,0.0,38,37,1.0,False,Down
CERT1rt,Ceramide transport protein,"Transport, Endoplasmic Reticular",0.0,0.0,0.0,0.0,,,0.0,38,37,1.0,False,Down
CERT2gt,Ceramide transport protein,"Transport, Golgi Apparatus",0.0,0.0,0.0,0.0,,,0.0,38,37,1.0,False,Down
CERT2rt,Ceramide transport protein,"Transport, Endoplasmic Reticular",0.0,0.0,0.0,0.0,,,0.0,38,37,1.0,False,Down
CGLYt3_2,Cys-Gly transport in via proton symport,"Transport, Extracellular",0.0,0.0,0.0,0.0,,,0.0,38,37,1.0,False,Down
CGMPt,CGMP transport (ATP-dependent),"Transport, Extracellular",0.0,0.0,0.0,0.0,,,0.0,38,37,1.0,False,Down
CH25H,Cholesterol 25-hydroxylase,Bile Acid Biosynthesis,0.0,0.0,0.0,0.0,,,0.0,38,37,1.0,False,Down
CHAT,Choline O-acetyltransferase,Glycerophospholipid Metabolism,0.0,0.0,0.0,0.0,,,0.0,38,37,1.0,False,Down
CHATn,Choline O-acetyltransferase,Glycerophospholipid Metabolism,0.0,0.0,0.0,0.0,,,0.0,38,37,1.0,False,Down
CHLP,Choline phosphate phosphatase,Glycerophospholipid Metabolism,0.0,0.0,0.0,0.0,,,0.0,38,37,1.0,False,Down
CHLtm,Choline transport via diffusion (cytosol to mitochondria),"Transport, Mitochondrial",0.0,0.0,0.0,0.0,,,0.0,38,37,1.0,False,Down
CHOLATEt2,Cholate transport via sodium cotransport,"Transport, Extracellular",0.0,0.0,0.0,0.0,,,0.0,38,37,1.0,False,Down
CHOLATEt3,ABC bile acid transporter,"Transport, Extracellular",0.0,0.0,0.0,0.0,,,0.0,38,37,1.0,False,Down
CHOLD2m,"Choline dehydrogenase (FAD acceptor), mitochondrial","Glycine, Serine, and Threonine Metabolism",0.0,0.0,0.0,0.0,,,0.0,38,37,1.0,False,Down
CHOLPtg,Choline phosphate intracellular transport,"Transport, Golgi Apparatus",0.0,0.0,0.0,0.0,,,0.0,38,37,1.0,False,Down
CHOLPtl,Choline phosphate intracellular transport,"Transport, Lysosomal",0.0,0.0,0.0,0.0,,,0.0,38,37,1.0,False,Down
CHOLtg,Choline intracellular transport,"Transport, Golgi Apparatus",0.0,0.0,0.0,0.0,,,0.0,38,37,1.0,False,Down
CHOLtn,"Choline transport, nuclear through pores","Transport, Nuclear",0.0,0.0,0.0,0.0,,,0.0,38,37,1.0,False,Down
CHOLtr,Choline intracellular transport,"Transport, Endoplasmic Reticular",0.0,0.0,0.0,0.0,,,0.0,38,37,1.0,False,Down
CHSTEROLSULT,Steroid sulfotransferase,Steroid Metabolism,0.0,0.0,0.0,0.0,,,0.0,38,37,1.0,False,Down
CHSTEROLt,Cholesterol efflux (ATP depedent),"Transport, Extracellular",0.0,0.0,0.0,0.0,,,0.0,38,37,1.0,False,Down
CHSTEROLt1,Cholesterol intracellular transport,"Transport, Mitochondrial",0.0,0.0,0.0,0.0,,,0.0,38,37,1.0,False,Down
CHSTEROLtg,"Cholesterol efflux (ATP depedent), golgi","Transport, Golgi Apparatus",0.0,0.0,0.0,0.0,,,0.0,38,37,1.0,False,Down
CHTNASE,CHTNASE,Aminosugar Metabolism,0.0,0.0,0.0,0.0,,,0.0,38,37,1.0,False,Down
CHTNASEe,"Chitinase, extracellular",Aminosugar Metabolism,0.0,0.0,0.0,0.0,,,0.0,38,37,1.0,False,Down
CITMCOAHm,"L-Citramalyl-CoA hydro-lyase, mitochondrial",C5-Branched dibasic acid metabolism,0.0,0.0,0.0,0.0,,,0.0,38,37,1.0,False,Down
CITMCOALm,L-Citramalyl-CoA pyruvate-lyase,C5-Branched dibasic acid metabolism,0.0,0.0,0.0,0.0,,,0.0,38,37,1.0,False,Down
CLI2tex,Chloride transport via iodide countertransport,"Transport, Extracellular",0.0,0.0,0.0,0.0,,,0.0,38,37,1.0,False,Down
CLOHtex2,Chloride transport via hydroxide countertransport (2:1),"Transport, Extracellular",0.0,0.0,0.0,0.0,,,0.0,38,37,1.0,False,Down
CLPNDCOAtx,Fatty acid intracellular transport,"Transport, Peroxisomal",0.0,0.0,0.0,0.0,,,0.0,38,37,1.0,False,Down
CLPNDCPT1,Carnitine O-palmitoyltransferase,Carnitine shuttle,0.0,0.0,0.0,0.0,,,0.0,38,37,1.0,False,Down
CLPNDCPT2,Carnitine transferase,Carnitine shuttle,0.0,0.0,0.0,0.0,,,0.0,38,37,1.0,False,Down
CLPNDCRNt,Transport into the mitochondria (carnitine),Carnitine shuttle,0.0,0.0,0.0,0.0,,,0.0,38,37,1.0,False,Down
CLPNDt,Fatty acid transport via diffusion,"Transport, Extracellular",0.0,0.0,0.0,0.0,,,0.0,38,37,1.0,False,Down
CMPACNAtg,CMP-Sia Golgi transport via CMP antiport,"Transport, Golgi Apparatus",0.0,0.0,0.0,0.0,,,0.0,38,37,1.0,False,Down
CMPACNAtn,CMP-Sia nuclear export,"Transport, Nuclear",0.0,0.0,0.0,0.0,,,0.0,38,37,1.0,False,Down
ACNMCT,CTP:N-acylneuraminate cytidylyltransferase,Aminosugar Metabolism,0.0,0.0,0.0,0.0,,,0.0,38,37,1.0,False,Down
CMPSASn,"CMP sialic acid synthase, nuclear",Aminosugar Metabolism,0.0,0.0,0.0,0.0,,,0.0,38,37,1.0,False,Down
CO2tg,CO2 Golgi transport,"Transport, Golgi Apparatus",0.0,0.0,0.0,0.0,,,0.0,38,37,1.0,False,Down
CO2tn,CO2 nuclear transport via diffusion,"Transport, Nuclear",0.0,0.0,0.0,0.0,,,0.0,38,37,1.0,False,Down
CYSAMO,Cysteamine oxygenase,Taurine and hypotaurine metabolism,0.0,0.0,0.0,0.0,,,0.0,38,37,1.0,False,Down
CYSGLTH,Glutathione:cystine oxidoreductase,Cysteine Metabolism,0.0,0.0,0.0,0.0,,,0.0,38,37,1.0,False,Down
CYSGLYex_copy1,L-cysteine/glycine exchanger,"Transport, Extracellular",0.0,0.0,0.0,0.0,,,0.0,38,37,1.0,False,Down
CYSLYSL,L-Cystine Lysteine-lyase (deaminating),Cysteine Metabolism,0.0,0.0,0.0,0.0,,,0.0,38,37,1.0,False,Down
CYSSERNaEx,L-serine/L-cysteine Na-dependent exchange (Cys-L in),"Transport, Extracellular",0.0,0.0,0.0,0.0,,,0.0,38,37,1.0,False,Down
CYSTA,Cysteine transaminase,Cysteine Metabolism,0.0,0.0,0.0,0.0,,,0.0,38,37,1.0,False,Down
CYSTAm,L-Cysteine:2-oxoglutarate aminotransferase,Cysteine Metabolism,0.0,0.0,0.0,0.0,,,0.0,38,37,1.0,False,Down
CYSTGL,Cystathionine g lyase,Cysteine Metabolism,0.0,0.0,0.0,0.0,,,0.0,38,37,1.0,False,Down
CYSTGLUex,L-cystine/L-glutamate exchanger,"Transport, Extracellular",0.0,0.0,0.0,0.0,,,0.0,38,37,1.0,False,Down
CYSTS,Cystathionine beta synthase,Methionine Metabolism,0.0,0.0,0.0,0.0,,,0.0,38,37,1.0,False,Down
CYSTSERex,L-cystine/glycine exchanger (cystine in),"Transport, Extracellular",0.0,0.0,0.0,0.0,,,0.0,38,37,1.0,False,Down
CYTD,Cytidine deaminase,Pyrimidine Catabolism,0.0,0.0,0.0,0.0,,,0.0,38,37,1.0,False,Down
CYTDK1,ATP:cytidine 5'-phosphotransferase,Nucleotides,0.0,0.0,0.0,0.0,,,0.0,38,37,1.0,False,Down
CYTDK2m,"Cytidine kinase (ATP), mitochondrial",Nucleotides,0.0,0.0,0.0,0.0,,,0.0,38,37,1.0,False,Down
CYTDn,"Cytidine deaminase, nuclear",Nucleotides,0.0,0.0,0.0,0.0,,,0.0,38,37,1.0,False,Down
CYTDt,Cytidine facilated transport in cytosol,"Transport, Extracellular",0.0,0.0,0.0,0.0,,,0.0,38,37,1.0,False,Down
CYTDt4,Cytidine transport in via sodium symport,"Transport, Extracellular",0.0,0.0,0.0,0.0,,,0.0,38,37,1.0,False,Down
CYTDt5,Cytidine transport (1:2 Na/cytd cotransport),"Transport, Extracellular",0.0,0.0,0.0,0.0,,,0.0,38,37,1.0,False,Down
CYTDtl,Cytidine facilated transport from lysosome,"Transport, Lysosomal",0.0,0.0,0.0,0.0,,,0.0,38,37,1.0,False,Down
CYTDtm,Cytidine facilated transport in mitochondria,"Transport, Mitochondrial",0.0,0.0,0.0,0.0,,,0.0,38,37,1.0,False,Down
CYTDtn,Cytidine  transport in nucleus,"Transport, Nuclear",0.0,0.0,0.0,0.0,,,0.0,38,37,1.0,False,Down
CYTK10,"Cytidylate kinase (CMP,dGTP)",Nucleotides,0.0,0.0,0.0,0.0,,,0.0,38,37,1.0,False,Down
CYTK10n,"Cytidylate kinase (CMP,dGTP),nuclear",Nucleotides,0.0,0.0,0.0,0.0,,,0.0,38,37,1.0,False,Down
CYTK11n,"Cytidylate kinase (dCMP,dGTP),nuclear",Nucleotides,0.0,0.0,0.0,0.0,,,0.0,38,37,1.0,False,Down
CYTK12n,"Cytidylate kinase (dCMP,dCTP),nuclear",Nucleotides,0.0,0.0,0.0,0.0,,,0.0,38,37,1.0,False,Down
CYTK13n,"Cytidylate kinase (dCMP,dATP),nuclear",Nucleotides,0.0,0.0,0.0,0.0,,,0.0,38,37,1.0,False,Down
CYTK14n,"Cytidylate kinase (dCMP,CTP),nuclear",Nucleotides,0.0,0.0,0.0,0.0,,,0.0,38,37,1.0,False,Down
CYTK1m,"Cytidylate kinase (CMP),mitochondrial",Nucleotides,0.0,0.0,0.0,0.0,,,0.0,38,37,1.0,False,Down
CYTK1n,"Cytidylate kinase (CMP),nuclear",Nucleotides,0.0,0.0,0.0,0.0,,,0.0,38,37,1.0,False,Down
CYTK2n,"Cytidylate kinase (dCMP),nuclear",Nucleotides,0.0,0.0,0.0,0.0,,,0.0,38,37,1.0,False,Down
CYTK3n,"Cytidylate kinase (dCMP,CTP),nuclear",Nucleotides,0.0,0.0,0.0,0.0,,,0.0,38,37,1.0,False,Down
CYTK4n,"Cytidylate kinase (dCMP,GTP),nuclear",Nucleotides,0.0,0.0,0.0,0.0,,,0.0,38,37,1.0,False,Down
CYTK5n,"Cytidylate kinase (CMP),nuclear",Nucleotides,0.0,0.0,0.0,0.0,,,0.0,38,37,1.0,False,Down
CYTK6n,"Cytidylate kinase (CMP,CTP),nuclear",Nucleotides,0.0,0.0,0.0,0.0,,,0.0,38,37,1.0,False,Down
CYTK7n,"Cytidylate kinase (CMP,UTP),nuclear",Nucleotides,0.0,0.0,0.0,0.0,,,0.0,38,37,1.0,False,Down
CYTK8n,"Cytidylate kinase (CMP,dATP),nuclear",Nucleotides,0.0,0.0,0.0,0.0,,,0.0,38,37,1.0,False,Down
CYTK9n,"Cytidylate kinase (CMP,dCTP),nuclear",Nucleotides,0.0,0.0,0.0,0.0,,,0.0,38,37,1.0,False,Down
D_LACtm,D lactate transport  mitochondrial,"Transport, Mitochondrial",0.0,0.0,0.0,0.0,,,0.0,38,37,1.0,False,Down
D3AIBTm,"D-3-Amino-isobutanoate:pyruvate aminotransferase, mitochondrial",Pyrimidine Catabolism,0.0,0.0,0.0,0.0,,,0.0,38,37,1.0,False,Down
DADA,Deoxyadenosine deaminase,Nucleotides,0.0,0.0,0.0,0.0,,,0.0,38,37,1.0,False,Down
DADAe,"Deoxyadenosine deaminase, extracellular",Nucleotides,0.0,0.0,0.0,0.0,,,0.0,38,37,1.0,False,Down
DADNt4,Deoxyadenosine transport via diffusion,"Transport, Extracellular",0.0,0.0,0.0,0.0,,,0.0,38,37,1.0,False,Down
DAGKn_hs,Diacylglycerol phosphate kinase (homo sapiens),Glycerophospholipid Metabolism,0.0,0.0,0.0,0.0,,,0.0,38,37,1.0,False,Down
DAG_HSter,Diacylglycerol ER export,"Transport, Endoplasmic Reticular",0.0,0.0,0.0,0.0,,,0.0,38,37,1.0,False,Down
DIGALSGALSIDEte,Transport of Digalactosylceramidesulfate ,"Transport, Extracellular",0.0,0.0,0.0,0.0,,,0.0,38,37,1.0,False,Down
DIGALSGALSIDEtg,Digalsgalside hs intracellular transport,"Transport, Golgi Apparatus",0.0,0.0,0.0,0.0,,,0.0,38,37,1.0,False,Down
DIGALSIDEtg,Digalside hs intracellular transport,"Transport, Golgi Apparatus",0.0,0.0,0.0,0.0,,,0.0,38,37,1.0,False,Down
DIGALSIDEtl,Digalside hs intracellular transport,"Transport, Lysosomal",0.0,0.0,0.0,0.0,,,0.0,38,37,1.0,False,Down
DINt,Deoxyinosine transport via diffusion,"Transport, Extracellular",0.0,0.0,0.0,0.0,,,0.0,38,37,1.0,False,Down
DITPtn,DITP nuclear transport,"Transport, Nuclear",0.0,0.0,0.0,0.0,,,0.0,38,37,1.0,False,Down
DKMPPD,"2,3-diketo-5-methylthio-1-phosphopentane degradation reaction",Arginine and Proline Metabolism,0.0,0.0,0.0,0.0,,,0.0,38,37,1.0,False,Down
DLNLCGCPT1,Carnitine O-palmitoyltransferase,Carnitine shuttle,0.0,0.0,0.0,0.0,,,0.0,38,37,1.0,False,Down
DLNLCGCPT2,Carnitine transferase,Carnitine shuttle,0.0,0.0,0.0,0.0,,,0.0,38,37,1.0,False,Down
DLNLCGCRNt,Transport into the mitochondria (carnitine),Carnitine shuttle,0.0,0.0,0.0,0.0,,,0.0,38,37,1.0,False,Down
DLNLCGt,Fatty acid transport via diffusion,"Transport, Extracellular",0.0,0.0,0.0,0.0,,,0.0,38,37,1.0,False,Down
DMANTIPYRINEte,Xenobiotic transport,"Transport, Extracellular",0.0,0.0,0.0,0.0,,,0.0,38,37,1.0,False,Down
DMATT,Dimethylallyltranstransferase,Cholesterol Metabolism,0.0,0.0,0.0,0.0,,,0.0,38,37,1.0,False,Down
DMGDHm,"Dimethylglycine dehydrogenase, mitochondrial","Glycine, Serine, and Threonine Metabolism",0.0,0.0,0.0,0.0,,,0.0,38,37,1.0,False,Down
DMGtm,Dimethylglycine transport via diffusion (cytosol to mitochondria),"Transport, Mitochondrial",0.0,0.0,0.0,0.0,,,0.0,38,37,1.0,False,Down
DMHPTCRNCPT1,Carnitine fatty-acyl transferase,Carnitine shuttle,0.0,0.0,0.0,0.0,,,0.0,38,37,1.0,False,Down
DMHPTCRNCPT2,"2,6 dimethylheptanoly CoA carnitine transferase",Carnitine shuttle,0.0,0.0,0.0,0.0,,,0.0,38,37,1.0,False,Down
DMHPTCRNt,"2,6 dimethylheptanoyl crn transport",Carnitine shuttle,0.0,0.0,0.0,0.0,,,0.0,38,37,1.0,False,Down
DMHPTCRNte,"2,6 dimethylheptanoyl carnitine transport","Transport, Extracellular",0.0,0.0,0.0,0.0,,,0.0,38,37,1.0,False,Down
DMNONCOACRNCPT1,DMNONCOACRNCPT1,Carnitine shuttle,0.0,0.0,0.0,0.0,,,0.0,38,37,1.0,False,Down
C110CPT2m_copy2,DMNONCRNCPT2,Carnitine shuttle,0.0,0.0,0.0,0.0,,,0.0,38,37,1.0,False,Down
DMNONCRNt,"4,8 dimethylnonanoyl crn transport",Carnitine shuttle,0.0,0.0,0.0,0.0,,,0.0,38,37,1.0,False,Down
DNADDP,Deamino-NAD+ nucleotidohydrolase,NAD Metabolism,0.0,0.0,0.0,0.0,,,0.0,38,37,1.0,False,Down
DNADtn,"DNAD transport, nuclear trhough pore","Transport, Nuclear",0.0,0.0,0.0,0.0,,,0.0,38,37,1.0,False,Down
DNAMTSEn,"DNA (cytosine-5-)-methyltransferase, nucleus",Selenoamino acid metabolism,0.0,0.0,0.0,0.0,,,0.0,38,37,1.0,False,Down
DNAMTn,"DNA (cytosine-5-)-methyltransferase, nucleus",Methionine Metabolism,0.0,0.0,0.0,0.0,,,0.0,38,37,1.0,False,Down
DNDPt12m,DADP transport via ADP antiport,"Transport, Mitochondrial",0.0,0.0,0.0,0.0,,,0.0,38,37,1.0,False,Down
DNDPt18m,DUDP transport via ADP antiport,"Transport, Mitochondrial",0.0,0.0,0.0,0.0,,,0.0,38,37,1.0,False,Down
DNDPt1m,DATP transport via ADP antiport,"Transport, Mitochondrial",0.0,0.0,0.0,0.0,,,0.0,38,37,1.0,False,Down
DNDPt21m,DTDP transport via ADP antiport,"Transport, Mitochondrial",0.0,0.0,0.0,0.0,,,0.0,38,37,1.0,False,Down
DNDPt2m,DATP transport via ATP antiport,"Transport, Mitochondrial",0.0,0.0,0.0,0.0,,,0.0,38,37,1.0,False,Down
DNDPt30m,DCDP transport via ADP antiport,"Transport, Mitochondrial",0.0,0.0,0.0,0.0,,,0.0,38,37,1.0,False,Down
DNDPt36m,DGDP transport via dCDP antiport,"Transport, Mitochondrial",0.0,0.0,0.0,0.0,,,0.0,38,37,1.0,False,Down
DNDPt37m,DUTP transport via dTDP antiport,"Transport, Mitochondrial",0.0,0.0,0.0,0.0,,,0.0,38,37,1.0,False,Down
DNDPt38m,DUTP transport via dUDP antiport,"Transport, Mitochondrial",0.0,0.0,0.0,0.0,,,0.0,38,37,1.0,False,Down
DNDPt39m,DUTP transport via dGDP antiport,"Transport, Mitochondrial",0.0,0.0,0.0,0.0,,,0.0,38,37,1.0,False,Down
DNDPt3m,DATP transport via dCDP antiport,"Transport, Mitochondrial",0.0,0.0,0.0,0.0,,,0.0,38,37,1.0,False,Down
DNDPt40m,DUTP transport via dADP antiport,"Transport, Mitochondrial",0.0,0.0,0.0,0.0,,,0.0,38,37,1.0,False,Down
DNDPt41m,DUTP transport via dCDP antiport,"Transport, Mitochondrial",0.0,0.0,0.0,0.0,,,0.0,38,37,1.0,False,Down
DNDPt42m,DUTP transport via ADP antiport,"Transport, Mitochondrial",0.0,0.0,0.0,0.0,,,0.0,38,37,1.0,False,Down
DNDPt43m,DUTP transport via ATP antiport,"Transport, Mitochondrial",0.0,0.0,0.0,0.0,,,0.0,38,37,1.0,False,Down
DNDPt44m,DTTP transport via ATP antiport,"Transport, Mitochondrial",0.0,0.0,0.0,0.0,,,0.0,38,37,1.0,False,Down
DNDPt45m,DTTP transport via ADP antiport,"Transport, Mitochondrial",0.0,0.0,0.0,0.0,,,0.0,38,37,1.0,False,Down
DNDPt46m,DTTP transport via dUDP antiport,"Transport, Mitochondrial",0.0,0.0,0.0,0.0,,,0.0,38,37,1.0,False,Down
DNDPt47m,"Deoxynucleotide carrier (dttp), mitochondrial","Transport, Mitochondrial",0.0,0.0,0.0,0.0,,,0.0,38,37,1.0,False,Down
DNDPt48m,DTTP transport via dGDP antiport,"Transport, Mitochondrial",0.0,0.0,0.0,0.0,,,0.0,38,37,1.0,False,Down
DNDPt49m,DTTP transport via dADP antiport,"Transport, Mitochondrial",0.0,0.0,0.0,0.0,,,0.0,38,37,1.0,False,Down
DNDPt4m,DATP transport via dUDP antiport,"Transport, Mitochondrial",0.0,0.0,0.0,0.0,,,0.0,38,37,1.0,False,Down
DPGase,Diphosphoglycerate phosphatase,Glycolysis/Gluconeogenesis,0.0,0.0,0.0,0.0,,,0.0,38,37,1.0,False,Down
DPHMBDCm,3-Decaprenyl-4-hydroxy-5-methoxybenzoate  decarboxylation,Ubiquinone Biosynthesis,0.0,0.0,0.0,0.0,,,0.0,38,37,1.0,False,Down
DPPS,Decaprenyl synthase,Miscellaneous,0.0,0.0,0.0,0.0,,,0.0,38,37,1.0,False,Down
DPROOp,"D-proline oxidase, perixosomal",Arginine and Proline Metabolism,0.0,0.0,0.0,0.0,,,0.0,38,37,1.0,False,Down
DTDPtn,DTDP nuclear transport,"Transport, Nuclear",0.0,0.0,0.0,0.0,,,0.0,38,37,1.0,False,Down
DTTPtn,DTTP diffusion in nucleus,"Transport, Nuclear",0.0,0.0,0.0,0.0,,,0.0,38,37,1.0,False,Down
DUDPtn,DUDP nuclear transport,"Transport, Nuclear",0.0,0.0,0.0,0.0,,,0.0,38,37,1.0,False,Down
DUMPtn,DUMP nuclear transport,"Transport, Nuclear",0.0,0.0,0.0,0.0,,,0.0,38,37,1.0,False,Down
DURIt,Deoxyuridine transport via diffusion,"Transport, Extracellular",0.0,0.0,0.0,0.0,,,0.0,38,37,1.0,False,Down
DURItn,Deoxyuridine  transport in nucleus,"Transport, Nuclear",0.0,0.0,0.0,0.0,,,0.0,38,37,1.0,False,Down
DUTPDPm,DUTP diphosphatase,Nucleotides,0.0,0.0,0.0,0.0,,,0.0,38,37,1.0,False,Down
DUTPDPn,"DUTP diphosphatase, nuclear",Nucleotides,0.0,0.0,0.0,0.0,,,0.0,38,37,1.0,False,Down
EAFLATOXINte,Xenobiotic transport,"Transport, Extracellular",0.0,0.0,0.0,0.0,,,0.0,38,37,1.0,False,Down
EBASTINEOHte,Xenobiotic transport,"Transport, Extracellular",0.0,0.0,0.0,0.0,,,0.0,38,37,1.0,False,Down
EBASTINEOHtr,Xenobiotic transport,"Transport, Endoplasmic Reticular",0.0,0.0,0.0,0.0,,,0.0,38,37,1.0,False,Down
EBASTINEte,Xenobiotic transport,"Transport, Extracellular",0.0,0.0,0.0,0.0,,,0.0,38,37,1.0,False,Down
EBASTINEtr,Xenobiotic transport,"Transport, Endoplasmic Reticular",0.0,0.0,0.0,0.0,,,0.0,38,37,1.0,False,Down
ECGISOr,Ecgonine isomerase (ER),Alkaloid biosynthesis II,0.0,0.0,0.0,0.0,,,0.0,38,37,1.0,False,Down
ECOAH1x,(S)-3-Hydroxybutanoyl-CoA hydro-lyase,Tryptophan metabolism,0.0,0.0,0.0,0.0,,,0.0,38,37,1.0,False,Down
ECOAH9m,"Enoyl-coa hydratase, 3-Hydroxy-2-methylbutyryl-CoA forming","Valine, Leucine, and Isoleucine Metabolism",0.0,0.0,0.0,0.0,,,0.0,38,37,1.0,False,Down
EGMESTr,Ecgonine methyl esterase (ER),Alkaloid biosynthesis II,0.0,0.0,0.0,0.0,,,0.0,38,37,1.0,False,Down
EHGLAT,L erythro 4 Hydroxyglutamate2 oxoglutarate aminotransferase,Arginine and Proline Metabolism,0.0,0.0,0.0,0.0,,,0.0,38,37,1.0,False,Down
EHGLAT2m,"L-erythro-4-Hydroxyglutamate:2-oxoglutarate aminotransferase 2, mitochondrial",Arginine and Proline Metabolism,0.0,0.0,0.0,0.0,,,0.0,38,37,1.0,False,Down
EHGLATm,L erythro 4 Hydroxyglutamate2 oxoglutarate aminotransferase  mitochondrial,Arginine and Proline Metabolism,0.0,0.0,0.0,0.0,,,0.0,38,37,1.0,False,Down
EICOSTETCPT1,Carnitine O-palmitoyltransferase,Carnitine shuttle,0.0,0.0,0.0,0.0,,,0.0,38,37,1.0,False,Down
EICOSTETCPT2,Carnitine transferase,Carnitine shuttle,0.0,0.0,0.0,0.0,,,0.0,38,37,1.0,False,Down
EICOSTETCRNt,Transport into the mitochondria (carnitine),Carnitine shuttle,0.0,0.0,0.0,0.0,,,0.0,38,37,1.0,False,Down
EICOSTETt,Fatty acid transport via diffusion,"Transport, Extracellular",0.0,0.0,0.0,0.0,,,0.0,38,37,1.0,False,Down
ELAIDCPT1,Carnitine O-palmitoyltransferase,Carnitine shuttle,0.0,0.0,0.0,0.0,,,0.0,38,37,1.0,False,Down
ELAIDCPT2,Carnitine transferase,Carnitine shuttle,0.0,0.0,0.0,0.0,,,0.0,38,37,1.0,False,Down
ELAIDCRNt,Transport into the mitochondria (carnitine),Carnitine shuttle,0.0,0.0,0.0,0.0,,,0.0,38,37,1.0,False,Down
ENGASE,Endo-beta-N-acetylglucosaminidase,N-Glycan Degradation,0.0,0.0,0.0,0.0,,,0.0,38,37,1.0,False,Down
ENGASE2,Endo-beta-N-acetylglucosaminidase,N-Glycan Degradation,0.0,0.0,0.0,0.0,,,0.0,38,37,1.0,False,Down
ENGASE2ly,"Endo-beta-N-acetylglucosaminidase, lysosomal",N-Glycan Degradation,0.0,0.0,0.0,0.0,,,0.0,38,37,1.0,False,Down
ENGASE3ly,"Endo-beta-N-acetylglucosaminidase, lysosomal",Keratan sulfate degradation,0.0,0.0,0.0,0.0,,,0.0,38,37,1.0,False,Down
ENGASEly,"Endo-beta-N-acetylglucosaminidase, lysosomal",N-Glycan Degradation,0.0,0.0,0.0,0.0,,,0.0,38,37,1.0,False,Down
ENMAN1g,"Endomannosidase (glc1man-producing), Golgi apparatus",N-Glycan Biosynthesis,0.0,0.0,0.0,0.0,,,0.0,38,37,1.0,False,Down
ENMAN2g,"Endomannosidase (glc2man-producing), Golgi apparatus",N-Glycan Biosynthesis,0.0,0.0,0.0,0.0,,,0.0,38,37,1.0,False,Down
ENMAN3g,"Endomannosidase (glc3man-producing), Golgi apparatus",N-Glycan Biosynthesis,0.0,0.0,0.0,0.0,,,0.0,38,37,1.0,False,Down
ENMAN4g,"Endomannosidase (m6masnC-producing), Golgi apparatus",N-Glycan Biosynthesis,0.0,0.0,0.0,0.0,,,0.0,38,37,1.0,False,Down
ENMAN5g,"Endomannosidase (m6masnB2-producing), Golgi apparatus",N-Glycan Biosynthesis,0.0,0.0,0.0,0.0,,,0.0,38,37,1.0,False,Down
ENMAN6g,"Endomannosidase (m5masnB1-producing), Golgi apparatus",N-Glycan Biosynthesis,0.0,0.0,0.0,0.0,,,0.0,38,37,1.0,False,Down
EPCTX,Ethanolamine-phosphate cytidylyltransferase,Glycerophospholipid Metabolism,0.0,0.0,0.0,0.0,,,0.0,38,37,1.0,False,Down
ESTRADIOLGLCt2,17-beta-D-glucuronide transport (ATP-dependent),"Transport, Extracellular",0.0,0.0,0.0,0.0,,,0.0,38,37,1.0,False,Down
ESTRADIOLGLCtr,Glucuronidated compound transport,"Transport, Endoplasmic Reticular",0.0,0.0,0.0,0.0,,,0.0,38,37,1.0,False,Down
ESTRADIOLt,Transport of Estradiol ,"Transport, Extracellular",0.0,0.0,0.0,0.0,,,0.0,38,37,1.0,False,Down
ESTRIOLGLCte,Glucuronidated compound transport,"Transport, Extracellular",0.0,0.0,0.0,0.0,,,0.0,38,37,1.0,False,Down
ESTRIOLGLCtr,Glucuronidated compound transport,"Transport, Endoplasmic Reticular",0.0,0.0,0.0,0.0,,,0.0,38,37,1.0,False,Down
ESTRIOLtr,Estriol intracellular transport,"Transport, Endoplasmic Reticular",0.0,0.0,0.0,0.0,,,0.0,38,37,1.0,False,Down
ESTRONEGLCt,ABC transporter,"Transport, Extracellular",0.0,0.0,0.0,0.0,,,0.0,38,37,1.0,False,Down
ESTRONEGLCtr,Glucuronidated compound transport,"Transport, Endoplasmic Reticular",0.0,0.0,0.0,0.0,,,0.0,38,37,1.0,False,Down
ESTRONESt2,Estrone-3-sulfate transport via sodium cotransport,"Transport, Extracellular",0.0,0.0,0.0,0.0,,,0.0,38,37,1.0,False,Down
ESTSULT,Estrogen sulfotransferase,Steroid Metabolism,0.0,0.0,0.0,0.0,,,0.0,38,37,1.0,False,Down
FALDtm,Formaldehyde transport via diffusion (mitochondrial),"Transport, Mitochondrial",0.0,0.0,0.0,0.0,,,0.0,38,37,1.0,False,Down
ETHP,Ethanolamine phosphate phosphatase,Glycerophospholipid Metabolism,0.0,0.0,0.0,0.0,,,0.0,38,37,1.0,False,Down
ETOHMO,Ethanol monooxygenase,Glycolysis/Gluconeogenesis,0.0,0.0,0.0,0.0,,,0.0,38,37,1.0,False,Down
ETOHt,Ethanol reversible transport,"Transport, Extracellular",0.0,0.0,0.0,0.0,,,0.0,38,37,1.0,False,Down
ETOHtx,"Ethanol transport via diffusion, glyoxysome","Transport, Peroxisomal",0.0,0.0,0.0,0.0,,,0.0,38,37,1.0,False,Down
F1Atg,F1alpha transport (from golgi to lysosome),"Transport, Golgi Apparatus",0.0,0.0,0.0,0.0,,,0.0,38,37,1.0,False,Down
F1PGT,Fucose-1-phosphate guanylyltransferase,Fructose and Mannose Metabolism,0.0,0.0,0.0,0.0,,,0.0,38,37,1.0,False,Down
F6Tg,Glycoprotein 6-alpha-L-fucosyltransferase,N-Glycan Biosynthesis,0.0,0.0,0.0,0.0,,,0.0,38,37,1.0,False,Down
FA120ACPHi,Fatty-acyl-ACP hydrolase,Fatty Acid Metabolism,0.0,0.0,0.0,0.0,,,0.0,38,37,1.0,False,Down
FA140ACPHi,Fatty-acyl-ACP hydrolase,Fatty Acid Metabolism,0.0,0.0,0.0,0.0,,,0.0,38,37,1.0,False,Down
FA141ACPHi,Fatty-acyl-ACP hydrolase,Fatty Acid Metabolism,0.0,0.0,0.0,0.0,,,0.0,38,37,1.0,False,Down
FA160ACPHi,Fatty-acyl-ACP hydrolase,Fatty Acid Metabolism,0.0,0.0,0.0,0.0,,,0.0,38,37,1.0,False,Down
FA161ACPHi,Fatty-acyl-ACP hydrolase,Fatty Acid Metabolism,0.0,0.0,0.0,0.0,,,0.0,38,37,1.0,False,Down
FA180ACPH,Fatty acyl ACP hydrolase,Fatty Acid Metabolism,0.0,0.0,0.0,0.0,,,0.0,38,37,1.0,False,Down
FA181ACPH,Fatty acyl ACP hydrolase,Fatty Acid Metabolism,0.0,0.0,0.0,0.0,,,0.0,38,37,1.0,False,Down
FA1821ACPH,Fatty-acyl-ACP hydrolase,Fatty Acid Metabolism,0.0,0.0,0.0,0.0,,,0.0,38,37,1.0,False,Down
FA1822ACPH,Fatty-acyl-ACP hydrolase,Fatty Acid Metabolism,0.0,0.0,0.0,0.0,,,0.0,38,37,1.0,False,Down
FA182ACPH,Fatty acyl ACP hydrolase,Fatty Acid Metabolism,0.0,0.0,0.0,0.0,,,0.0,38,37,1.0,False,Down
FACOAL150,Fatty-acid--CoA ligase,Fatty acid activation,0.0,0.0,0.0,0.0,,,0.0,38,37,1.0,False,Down
FACOAL170,Fatty-acid--CoA ligase,Fatty acid activation,0.0,0.0,0.0,0.0,,,0.0,38,37,1.0,False,Down
ASPNATm,"Aspartate N-acetyltransferase, mitochondrial",Alanine and Aspartate Metabolism,0.0,0.0,0.0,0.0,,,0.0,38,37,1.0,False,Down
ATP1ter,"ADP/ATP transporter, endoplasmic reticulum","Transport, Endoplasmic Reticular",0.0,0.0,0.0,0.0,,,0.0,38,37,1.0,False,Down
ATP2ter,"AMP/ATP transporter, endoplasmic reticulum","Transport, Endoplasmic Reticular",0.0,0.0,0.0,0.0,,,0.0,38,37,1.0,False,Down
ATPH1e,ATP diphosphohydrolase,Nucleotides,0.0,0.0,0.0,0.0,,,0.0,38,37,1.0,False,Down
ATPH2e,ATP diphosphohydrolase,Nucleotides,0.0,0.0,0.0,0.0,,,0.0,38,37,1.0,False,Down
BILGLCURte,Bilirubin monoglucuronide transport MDR,"Transport, Extracellular",0.0,0.0,0.0,0.0,,,0.0,38,37,1.0,False,Down
BILGLCURtr,Glucuronidated compound transport,"Transport, Endoplasmic Reticular",0.0,0.0,0.0,0.0,,,0.0,38,37,1.0,False,Down
BILIRED,Nad(p)h biliverdin reductase,Heme Degradation,0.0,0.0,0.0,0.0,,,0.0,38,37,1.0,False,Down
BILIRUBtr,"Lipid, flip-flop intracellular transport","Transport, Endoplasmic Reticular",0.0,0.0,0.0,0.0,,,0.0,38,37,1.0,False,Down
BIOCYTtn,"Biocytin transport, nuclear","Transport, Nuclear",0.0,0.0,0.0,0.0,,,0.0,38,37,1.0,False,Down
BMTer_L,"B mannosyltransferase, endoplasmic reticulum",Glycosylphosphatidylinositol (GPI)-anchor biosynthesis,0.0,0.0,0.0,0.0,,,0.0,38,37,1.0,False,Down
BMTer_U,"B mannosyltransferase, endoplasmic reticulum",Glycosylphosphatidylinositol (GPI)-anchor biosynthesis,0.0,0.0,0.0,0.0,,,0.0,38,37,1.0,False,Down
BPNT,"3',5'-bisphosphate nucleotidase",Nucleotides,0.0,0.0,0.0,0.0,,,0.0,38,37,1.0,False,Down
BPNT2,3'-Phospho-5'-adenylyl sulfate 3'-phosphohydrolase,Nucleotides,0.0,0.0,0.0,0.0,,,0.0,38,37,1.0,False,Down
BTND1,Biotinidase (biotin),Biotin Metabolism,0.0,0.0,0.0,0.0,,,0.0,38,37,1.0,False,Down
BTND1n,"Biotinidase (biotin), nuclear",Biotin Metabolism,0.0,0.0,0.0,0.0,,,0.0,38,37,1.0,False,Down
BTNDe,"Biotinidase (biotin), extracellular",Biotin Metabolism,0.0,0.0,0.0,0.0,,,0.0,38,37,1.0,False,Down
BTNDm,"Biotinidase (biotin), mitochondrial",Biotin Metabolism,0.0,0.0,0.0,0.0,,,0.0,38,37,1.0,False,Down
BTNPL,Holocarboxylase synthestase (biotin protein ligase),Biotin Metabolism,0.0,0.0,0.0,0.0,,,0.0,38,37,1.0,False,Down
BTNPLm,"Holocarboxylase synthestase (biotin protein ligase), mitochondrial",Biotin Metabolism,0.0,0.0,0.0,0.0,,,0.0,38,37,1.0,False,Down
BTNt2m,"Biotin reversible transport via proton symport, mitochondria","Transport, Mitochondrial",0.0,0.0,0.0,0.0,,,0.0,38,37,1.0,False,Down
BTNt3i,Biotin transport via sodium symport,"Transport, Extracellular",0.0,0.0,0.0,0.0,,,0.0,38,37,1.0,False,Down
BTNtn,"Biotin transport, nuclear","Transport, Nuclear",0.0,0.0,0.0,0.0,,,0.0,38,37,1.0,False,Down
BUTt2m,"Butyrate mitochondrial transport via proton symport, reversible","Transport, Mitochondrial",0.0,0.0,0.0,0.0,,,0.0,38,37,1.0,False,Down
BUTt2r,"Butyrate transport via proton symport, reversible","Transport, Extracellular",0.0,0.0,0.0,0.0,,,0.0,38,37,1.0,False,Down
BVITEt,Beta-Tocopherol (Vit. E) transport,"Transport, Extracellular",0.0,0.0,0.0,0.0,,,0.0,38,37,1.0,False,Down
BZt,Benzoate transport (diffusion),"Transport, Extracellular",0.0,0.0,0.0,0.0,,,0.0,38,37,1.0,False,Down
BZtr,"Benzene transporter, endoplasmic reticulum","Transport, Endoplasmic Reticular",0.0,0.0,0.0,0.0,,,0.0,38,37,1.0,False,Down
B_MANNASEly,"Beta-mannosidase, lysosomal",N-Glycan Degradation,0.0,0.0,0.0,0.0,,,0.0,38,37,1.0,False,Down
C110CPT2m_copy1,DMNONCRNCPT2,Fatty Acid Metabolism,0.0,0.0,0.0,0.0,,,0.0,38,37,1.0,False,Down
C160CPT1,Carnitine O-palmitoyltransferase,Carnitine shuttle,0.0,0.0,0.0,0.0,,,0.0,38,37,1.0,False,Down
C160CPT2,C160 transport into the mitochondria,Carnitine shuttle,0.0,0.0,0.0,0.0,,,0.0,38,37,1.0,False,Down
C160CRNt,C160 transport into the mitochondria,Carnitine shuttle,0.0,0.0,0.0,0.0,,,0.0,38,37,1.0,False,Down
C161CPT1,Carnitine O-palmitoyltransferase,Carnitine shuttle,0.0,0.0,0.0,0.0,,,0.0,38,37,1.0,False,Down
C161CPT12,Carnitine O-palmitoyltransferase,Carnitine shuttle,0.0,0.0,0.0,0.0,,,0.0,38,37,1.0,False,Down
C161CPT2,C161 transport into the mitochondria,Carnitine shuttle,0.0,0.0,0.0,0.0,,,0.0,38,37,1.0,False,Down
C161CPT22,C161 transport into the mitochondria,Carnitine shuttle,0.0,0.0,0.0,0.0,,,0.0,38,37,1.0,False,Down
C161CRN2t,C161 transport into the mitochondria,Carnitine shuttle,0.0,0.0,0.0,0.0,,,0.0,38,37,1.0,False,Down
C161CRNt,C161 transport into the mitochondria,Carnitine shuttle,0.0,0.0,0.0,0.0,,,0.0,38,37,1.0,False,Down
C180CPT1,Carnitine O-stearoyl transferase,Carnitine shuttle,0.0,0.0,0.0,0.0,,,0.0,38,37,1.0,False,Down
C180CPT2,Carnitine O-stearoyl transferase,Carnitine shuttle,0.0,0.0,0.0,0.0,,,0.0,38,37,1.0,False,Down
C180CRNt,C180 transport into the mitochondria,Carnitine shuttle,0.0,0.0,0.0,0.0,,,0.0,38,37,1.0,False,Down
C181CPT1,Carnitine octadecenoyl transferase,Carnitine shuttle,0.0,0.0,0.0,0.0,,,0.0,38,37,1.0,False,Down
C181CPT2,Carnitine octadecenoyl transferase,Carnitine shuttle,0.0,0.0,0.0,0.0,,,0.0,38,37,1.0,False,Down
C181CRNt,C181 transport into the mitochondria,Carnitine shuttle,0.0,0.0,0.0,0.0,,,0.0,38,37,1.0,False,Down
C204CPT1,Carnitine C20:4 transferase,Carnitine shuttle,0.0,0.0,0.0,0.0,,,0.0,38,37,1.0,False,Down
C204CPT2,Arachidonic acid transport into the mitochondria,Carnitine shuttle,0.0,0.0,0.0,0.0,,,0.0,38,37,1.0,False,Down
C204CRNt,Arachidonic acid transport into the mitochondria,Carnitine shuttle,0.0,0.0,0.0,0.0,,,0.0,38,37,1.0,False,Down
C226COAtx,Fatty acid intracellular transport,"Transport, Peroxisomal",0.0,0.0,0.0,0.0,,,0.0,38,37,1.0,False,Down
C226CPT1,Carnitine C22:6 transferase,Carnitine shuttle,0.0,0.0,0.0,0.0,,,0.0,38,37,1.0,False,Down
C226CPT2,C226 transport into the mitochondria,Carnitine shuttle,0.0,0.0,0.0,0.0,,,0.0,38,37,1.0,False,Down
C226CRNt,C226 transport into the mitochondria,Carnitine shuttle,0.0,0.0,0.0,0.0,,,0.0,38,37,1.0,False,Down
C2M26DCOAHLm,"Cis-2-Methyl-5-isopropylhexa-2,5-dienoyl-CoA hydro-lyase (m)",Limonene and pinene degradation,0.0,0.0,0.0,0.0,,,0.0,38,37,1.0,False,Down
C2M26DCOAHLx,"Cis-2-Methyl-5-isopropylhexa-2,5-dienoyl-CoA hydro-lyase (x)",Limonene and pinene degradation,0.0,0.0,0.0,0.0,,,0.0,38,37,1.0,False,Down
CAATPS,CAATPS,"Transport, Extracellular",0.0,0.0,0.0,0.0,,,0.0,38,37,1.0,False,Down
CAMPt,CAMP transport (ATP-dependent),"Transport, Extracellular",0.0,0.0,0.0,0.0,,,0.0,38,37,1.0,False,Down
CAROtr,Beta-carotene transport via diffusion,"Transport, Extracellular",0.0,0.0,0.0,0.0,,,0.0,38,37,1.0,False,Down
CARVEOLte,Xenobiotic transport,"Transport, Extracellular",0.0,0.0,0.0,0.0,,,0.0,38,37,1.0,False,Down
CAT2p,"Catalase A, peroxisomal (ethanol)",Glycolysis/Gluconeogenesis,0.0,0.0,0.0,0.0,,,0.0,38,37,1.0,False,Down
CBL2OR,NADH:cob(III)alamine oxidoreductase,Vitamin B12 Metabolism,0.0,0.0,0.0,0.0,,,0.0,38,37,1.0,False,Down
CBL2tm,"Cob(II)alamine transport, mitochondrial","Transport, Mitochondrial",0.0,0.0,0.0,0.0,,,0.0,38,37,1.0,False,Down
CBLATm,"Cob(I)alamin adenosyltransferase, mitochondrial",Vitamin B12 Metabolism,0.0,0.0,0.0,0.0,,,0.0,38,37,1.0,False,Down
CBPPer,"Carbamoyl phosphate phosphotransferase, endoplasmic reticulum",Glycolysis/Gluconeogenesis,0.0,0.0,0.0,0.0,,,0.0,38,37,1.0,False,Down
CBPS,Carbamoyl-phosphate synthase (glutamine-hydrolysing),Pyrimidine Biosynthesis,0.0,0.0,0.0,0.0,,,0.0,38,37,1.0,False,Down
CBPSam,Carbamoyl-phosphate synthase (ammonia) (mitochondria,Glutamate metabolism,0.0,0.0,0.0,0.0,,,0.0,38,37,1.0,False,Down
CBPter,"Carbamoyl phosphate transport, endoplasmic reticulum","Transport, Endoplasmic Reticular",0.0,0.0,0.0,0.0,,,0.0,38,37,1.0,False,Down
CBR1,Carbonyl reductase [NADPH] 1,Eicosanoid Metabolism,0.0,0.0,0.0,0.0,,,0.0,38,37,1.0,False,Down
CBR2,Carbonyl reductase [NADPH] 1,Eicosanoid Metabolism,0.0,0.0,0.0,0.0,,,0.0,38,37,1.0,False,Down
CCA_D3t,Calcitroic acid transport from cytosol,"Transport, Extracellular",0.0,0.0,0.0,0.0,,,0.0,38,37,1.0,False,Down
CCA_D3tm,Calcitroic acid transport from mitochondria,"Transport, Mitochondrial",0.0,0.0,0.0,0.0,,,0.0,38,37,1.0,False,Down
CDPDAGtm,Intracellular transport,"Transport, Mitochondrial",0.0,0.0,0.0,0.0,,,0.0,38,37,1.0,False,Down
COAtg,CoA transport in Golgi via diffusion,"Transport, Golgi Apparatus",0.0,0.0,0.0,0.0,,,0.0,38,37,1.0,False,Down
COAtl,CoA transport in lysosome via diffusion,"Transport, Lysosomal",0.0,0.0,0.0,0.0,,,0.0,38,37,1.0,False,Down
COAtn,Coenzyme A transport  nuclear,"Transport, Nuclear",0.0,0.0,0.0,0.0,,,0.0,38,37,1.0,False,Down
COAtr,"COA transporter, endoplasmic reticulum","Transport, Endoplasmic Reticular",0.0,0.0,0.0,0.0,,,0.0,38,37,1.0,False,Down
COKECBESr,Carboxylesterase (cocaine) (er),Alkaloid biosynthesis II,0.0,0.0,0.0,0.0,,,0.0,38,37,1.0,False,Down
COQ3m,Methyltransferase COQ3,Ubiquinone Biosynthesis,0.0,0.0,0.0,0.0,,,0.0,38,37,1.0,False,Down
COQ5m,Ubiquinone biosynthesis methyltransferase COQ5,Ubiquinone Biosynthesis,0.0,0.0,0.0,0.0,,,0.0,38,37,1.0,False,Down
COQ6m,Ubiquinone biosynthesis monooxgenase COQ6,Ubiquinone Biosynthesis,0.0,0.0,0.0,0.0,,,0.0,38,37,1.0,False,Down
COQ7m,Ubiquinone biosynthesis COQ7,Ubiquinone Biosynthesis,0.0,0.0,0.0,0.0,,,0.0,38,37,1.0,False,Down
CORE3GTg,"Core 3 beta-GlcNAc-transferase, Golgi apparatus",O-Glycan Biosynthesis,0.0,0.0,0.0,0.0,,,0.0,38,37,1.0,False,Down
CORE4GTg,"Core 4 beta6-GalNAc-transferase, Golgi apparatus",O-Glycan Biosynthesis,0.0,0.0,0.0,0.0,,,0.0,38,37,1.0,False,Down
CORE5GTg,"Core 5 alpha-GalNAc-transferase, Golgi apparatus",O-Glycan Biosynthesis,0.0,0.0,0.0,0.0,,,0.0,38,37,1.0,False,Down
CORE6GTg,"Core 6 beta-GlcNAc-transferase A, Golgi apparatus",O-Glycan Biosynthesis,0.0,0.0,0.0,0.0,,,0.0,38,37,1.0,False,Down
CORE7GTg,"Core 7 alpha-GalNAc-transferase, Golgi apparatus",O-Glycan Biosynthesis,0.0,0.0,0.0,0.0,,,0.0,38,37,1.0,False,Down
CORE8GTg,"N-acetylgalactosamine 3-alpha-galactosyltransferase, Golgi apparatus",O-Glycan Biosynthesis,0.0,0.0,0.0,0.0,,,0.0,38,37,1.0,False,Down
COUCOAFm,P coumaroyl CoA formation,Ubiquinone Biosynthesis,0.0,0.0,0.0,0.0,,,0.0,38,37,1.0,False,Down
COUMARINte,Xenobiotic transport,"Transport, Extracellular",0.0,0.0,0.0,0.0,,,0.0,38,37,1.0,False,Down
COt,CO transporter via diffusion,"Transport, Extracellular",0.0,0.0,0.0,0.0,,,0.0,38,37,1.0,False,Down
CPCTDTX,Choline-phosphate cytidylyltransferase,Glycerophospholipid Metabolism,0.0,0.0,0.0,0.0,,,0.0,38,37,1.0,False,Down
CPPPGO,Coproporphyrinogen oxidase (O2 required),Heme Biosynthesis,0.0,0.0,0.0,0.0,,,0.0,38,37,1.0,False,Down
CREATt4_2_r,CREATt4 LPAREN 2 RPAREN r,"Transport, Extracellular",0.0,0.0,0.0,0.0,,,0.0,38,37,1.0,False,Down
CRMPte,Crmp hs transport,"Transport, Extracellular",0.0,0.0,0.0,0.0,,,0.0,38,37,1.0,False,Down
CRNCAR3tp,"Carnitine-propcarnitine carrier, peroxisomal","Transport, Peroxisomal",0.0,0.0,0.0,0.0,,,0.0,38,37,1.0,False,Down
CRNt_copy1,L carnitine reversible transport,"Transport, Extracellular",0.0,0.0,0.0,0.0,,,0.0,38,37,1.0,False,Down
CRNtuNa,L-carnitine inward transport by Na+ symport,"Transport, Extracellular",0.0,0.0,0.0,0.0,,,0.0,38,37,1.0,False,Down
CRNtx,Carnitine transport peroxisome to mitochondria,"Transport, Peroxisomal",0.0,0.0,0.0,0.0,,,0.0,38,37,1.0,False,Down
CRTNsyn,Creatinine synthase,Urea cycle/amino group metabolism,0.0,0.0,0.0,0.0,,,0.0,38,37,1.0,False,Down
CRTSLt,Cortisol transport,"Transport, Extracellular",0.0,0.0,0.0,0.0,,,0.0,38,37,1.0,False,Down
CRTSLtm,Cortisol intracellular transport,"Transport, Mitochondrial",0.0,0.0,0.0,0.0,,,0.0,38,37,1.0,False,Down
CRTSLtr,Cortisol intracellular transport,"Transport, Endoplasmic Reticular",0.0,0.0,0.0,0.0,,,0.0,38,37,1.0,False,Down
CRTSTRNt,Corticosterone transport,"Transport, Extracellular",0.0,0.0,0.0,0.0,,,0.0,38,37,1.0,False,Down
CRTSTRNtm,Corticosterone intracellular transport,"Transport, Mitochondrial",0.0,0.0,0.0,0.0,,,0.0,38,37,1.0,False,Down
CRTSTRNtr,Corticosterone intracellular transport,"Transport, Endoplasmic Reticular",0.0,0.0,0.0,0.0,,,0.0,38,37,1.0,False,Down
CSAPASEly,"Chondroitin sulfate A proteoglycan protease, lysosome (endosome)",Chondroitin sulfate degradation,0.0,0.0,0.0,0.0,,,0.0,38,37,1.0,False,Down
CSBPASEly,"Chondroitin sulfate B proteoglycan protease, lysosome (endosome)",Chondroitin sulfate degradation,0.0,0.0,0.0,0.0,,,0.0,38,37,1.0,False,Down
CSCPASEly,"Chondroitin sulfate C proteoglycan protease, lysosome (endosome)",Chondroitin sulfate degradation,0.0,0.0,0.0,0.0,,,0.0,38,37,1.0,False,Down
CSDPASEly,"Chondroitin sulfate D proteoglycan protease, lysosome (endosome)",Chondroitin sulfate degradation,0.0,0.0,0.0,0.0,,,0.0,38,37,1.0,False,Down
CSEPASEly,"Chondroitin sulfate E proteoglycan protease, lysosome (endosome)",Chondroitin sulfate degradation,0.0,0.0,0.0,0.0,,,0.0,38,37,1.0,False,Down
CSNATr_copy1,Carnitine O acetyltransferase,Carnitine shuttle,0.0,0.0,0.0,0.0,,,0.0,38,37,1.0,False,Down
CSNAT2m,"Carnitine O-aceyltransferase, mitochondrial",Carnitine shuttle,0.0,0.0,0.0,0.0,,,0.0,38,37,1.0,False,Down
CSNAT2x,"Carnitine dimethyl nonanoyl transferase, revsible, peroxisomal",Fatty Acid Metabolism,0.0,0.0,0.0,0.0,,,0.0,38,37,1.0,False,Down
CSNAT3x,"Carnitine O-aceyltransferase, peroxisomal",Carnitine shuttle,0.0,0.0,0.0,0.0,,,0.0,38,37,1.0,False,Down
CSNATer,"Carnitine O-acetyltransferase, endolasmic reticulum",Fatty Acid Metabolism,0.0,0.0,0.0,0.0,,,0.0,38,37,1.0,False,Down
CSPG_At,"Chondroitin sulfate A transport, golgi to extracellular","Transport, Extracellular",0.0,0.0,0.0,0.0,,,0.0,38,37,1.0,False,Down
CSPG_Atly,"Chondroitin sulfate A transport, extracellular to lysosome","Transport, Lysosomal",0.0,0.0,0.0,0.0,,,0.0,38,37,1.0,False,Down
CSPG_Bt,"Chondroitin sulfate B transport, golgi to extracellular","Transport, Extracellular",0.0,0.0,0.0,0.0,,,0.0,38,37,1.0,False,Down
CSPG_Btly,"Chondroitin sulfate B transport, extracellular to lysosome","Transport, Lysosomal",0.0,0.0,0.0,0.0,,,0.0,38,37,1.0,False,Down
CSPG_Ct,"Chondroitin sulfate C transport, golgi to extracellular","Transport, Extracellular",0.0,0.0,0.0,0.0,,,0.0,38,37,1.0,False,Down
CSPG_Ctly,"Chondroitin sulfate C transport, extracellular to lysosome","Transport, Lysosomal",0.0,0.0,0.0,0.0,,,0.0,38,37,1.0,False,Down
CSPG_Dt,"Chondroitin sulfate D transport, golgi to extracellular","Transport, Extracellular",0.0,0.0,0.0,0.0,,,0.0,38,37,1.0,False,Down
CSPG_Dtly,"Chondroitin sulfate D transport, extracellular to lysosome","Transport, Lysosomal",0.0,0.0,0.0,0.0,,,0.0,38,37,1.0,False,Down
CSPG_Et,"Chondroitin sulfate E transport, golgi to extracellular","Transport, Extracellular",0.0,0.0,0.0,0.0,,,0.0,38,37,1.0,False,Down
CSPG_Etly,"Chondroitin sulfate E transport, extracellular to lysosome","Transport, Lysosomal",0.0,0.0,0.0,0.0,,,0.0,38,37,1.0,False,Down
CTPtn,CTP diffusion in nucleus,"Transport, Nuclear",0.0,0.0,0.0,0.0,,,0.0,38,37,1.0,False,Down
CYANSTm,"Cyanide sulfurtransferase, mitochondrial",Cysteine Metabolism,0.0,0.0,0.0,0.0,,,0.0,38,37,1.0,False,Down
CYANt,Cyanide transport via diffusion (extracellular to cytosol),"Transport, Extracellular",0.0,0.0,0.0,0.0,,,0.0,38,37,1.0,False,Down
CYANtm,Cyanide transport via diffusion (mitochondrial),"Transport, Mitochondrial",0.0,0.0,0.0,0.0,,,0.0,38,37,1.0,False,Down
CYOOm3,"Cytochrome c oxidase, mitochondrial Complex IV",,0.0,0.0,0.0,0.0,,,0.0,38,37,1.0,False,Down
DALAt2rL,D-alanine transport via proton symport (lysosome),"Transport, Lysosomal",0.0,0.0,0.0,0.0,,,0.0,38,37,1.0,False,Down
DARGOp,"D-arginine oxidase, perixosomal",D-arg and D-orn metabolism,0.0,0.0,0.0,0.0,,,0.0,38,37,1.0,False,Down
DASCBH,L-Dehydroascorbate lactonohydrolase,Ascorbate and Aldarate Metabolism,0.0,0.0,0.0,0.0,,,0.0,38,37,1.0,False,Down
DASPO1p,"D-aspartate oxidase, peroxisomal",Alanine and Aspartate Metabolism,0.0,0.0,0.0,0.0,,,0.0,38,37,1.0,False,Down
DATPtn,DATP diffusion in nucleus,"Transport, Nuclear",0.0,0.0,0.0,0.0,,,0.0,38,37,1.0,False,Down
DCIm,Dodecenoyl-Coenzyme A delta isomerase,Fatty Acid Metabolism,0.0,0.0,0.0,0.0,,,0.0,38,37,1.0,False,Down
DCK1m,"Deoxycytidine kinase, mitochondrial (ATP)",Nucleotides,0.0,0.0,0.0,0.0,,,0.0,38,37,1.0,False,Down
DCK1n,"Deoxycytidine kinase, nuclear (ATP)",Nucleotides,0.0,0.0,0.0,0.0,,,0.0,38,37,1.0,False,Down
DCK2n,"Deoxycytidine kinase, nuclear (UTP)",Nucleotides,0.0,0.0,0.0,0.0,,,0.0,38,37,1.0,False,Down
DCSPTN1COAtx,Fatty acid intracellular transport,"Transport, Peroxisomal",0.0,0.0,0.0,0.0,,,0.0,38,37,1.0,False,Down
DCSPTN1CPT1,Carnitine O-palmitoyltransferase,Carnitine shuttle,0.0,0.0,0.0,0.0,,,0.0,38,37,1.0,False,Down
DCSPTN1CPT2,Carnitine transferase,Carnitine shuttle,0.0,0.0,0.0,0.0,,,0.0,38,37,1.0,False,Down
DCSPTN1CRNt,Transport into the mitochondria (carnitine),Carnitine shuttle,0.0,0.0,0.0,0.0,,,0.0,38,37,1.0,False,Down
DCSPTN1t,Fatty acid transport via diffusion,"Transport, Extracellular",0.0,0.0,0.0,0.0,,,0.0,38,37,1.0,False,Down
DCTPtn,DCTP diffusion in nucleus,"Transport, Nuclear",0.0,0.0,0.0,0.0,,,0.0,38,37,1.0,False,Down
DCYTD,Deoxycytidine deaminase,Pyrimidine Catabolism,0.0,0.0,0.0,0.0,,,0.0,38,37,1.0,False,Down
DCYTDn,"Deoxycytidine deaminase, nuclear",Nucleotides,0.0,0.0,0.0,0.0,,,0.0,38,37,1.0,False,Down
DCYTt,Deoxycytidine transport via diffusion,"Transport, Extracellular",0.0,0.0,0.0,0.0,,,0.0,38,37,1.0,False,Down
DDPGAm,"2-dehydro-3-deoxy-phosphogluconate aldolase, mitochondrial",Arginine and Proline Metabolism,0.0,0.0,0.0,0.0,,,0.0,38,37,1.0,False,Down
DEBRISOQUINEt,DEBRISOQUINEt,"Transport, Extracellular",0.0,0.0,0.0,0.0,,,0.0,38,37,1.0,False,Down
DECDPtm,"Lipid, flip-flop intracellular transport","Transport, Mitochondrial",0.0,0.0,0.0,0.0,,,0.0,38,37,1.0,False,Down
DEDOLP1_L,Dehydrodolichol diphosphate phosphatase (liver),N-Glycan Biosynthesis,0.0,0.0,0.0,0.0,,,0.0,38,37,1.0,False,Down
DEDOLP1_U,Dehydrodolichol diphosphate phosphatase (uterus),N-Glycan Biosynthesis,0.0,0.0,0.0,0.0,,,0.0,38,37,1.0,False,Down
DEDOLP2_L,Dehydrodolichol phosphate phosphatase (liver),N-Glycan Biosynthesis,0.0,0.0,0.0,0.0,,,0.0,38,37,1.0,False,Down
DEDOLP2_U,Dehydrodolichol phosphate phosphatase (uterus),N-Glycan Biosynthesis,0.0,0.0,0.0,0.0,,,0.0,38,37,1.0,False,Down
DEDOLR_L,Dehydrodolichol reductase (liver),N-Glycan Biosynthesis,0.0,0.0,0.0,0.0,,,0.0,38,37,1.0,False,Down
DEDOLR_U,Dehydrodolichol reductase (uterus),N-Glycan Biosynthesis,0.0,0.0,0.0,0.0,,,0.0,38,37,1.0,False,Down
DESAT20_1,Fatty acyl-CoA desaturase (n-C20:3CoA -> n-C20:4CoA),Fatty acid elongation,0.0,0.0,0.0,0.0,,,0.0,38,37,1.0,False,Down
DESAT20_2,Fatty acyl-CoA desaturase (n-C20:4CoA -> n-C20:5CoA),Fatty acid elongation,0.0,0.0,0.0,0.0,,,0.0,38,37,1.0,False,Down
DESAT22_1p,Fatty acyl-CoA desaturase (n-C22:4CoA -> n-C22:5CoA),Fatty acid elongation,0.0,0.0,0.0,0.0,,,0.0,38,37,1.0,False,Down
DESAT22_2p,Fatty acyl-CoA desaturase (n-C22:5CoA -> n-C22:6CoA),Fatty acid elongation,0.0,0.0,0.0,0.0,,,0.0,38,37,1.0,False,Down
DESAT24_1,Fatty acyl-CoA desaturase (n-C24:5CoA -> n-C24:6CoA),Fatty acid elongation,0.0,0.0,0.0,0.0,,,0.0,38,37,1.0,False,Down
DGCHOLte,Bile acid intracellular transport,"Transport, Extracellular",0.0,0.0,0.0,0.0,,,0.0,38,37,1.0,False,Down
DGCHOLtx,Bile acid intracellular transport,"Transport, Peroxisomal",0.0,0.0,0.0,0.0,,,0.0,38,37,1.0,False,Down
DGSNt,Deoyguanosine transport via diffusion,"Transport, Extracellular",0.0,0.0,0.0,0.0,,,0.0,38,37,1.0,False,Down
DGTPtn,DGTP diffusion in nucleus,"Transport, Nuclear",0.0,0.0,0.0,0.0,,,0.0,38,37,1.0,False,Down
DHAPA,Dihydroxyacetone phosphate acyltransferase,Triacylglycerol Synthesis,0.0,0.0,0.0,0.0,,,0.0,38,37,1.0,False,Down
DHAPAx,Dihydroxyacetone phosphate acyltransferase,Triacylglycerol Synthesis,0.0,0.0,0.0,0.0,,,0.0,38,37,1.0,False,Down
DHCHOLESTANATEtm,"Lipid, flip-flop intracellular transport","Transport, Peroxisomal",0.0,0.0,0.0,0.0,,,0.0,38,37,1.0,False,Down
DHCR242r,24-dehydrocholesterol reductase [Precursor],Cholesterol Metabolism,0.0,0.0,0.0,0.0,,,0.0,38,37,1.0,False,Down
DHDPBMTm,Dihydroxydecaprenylbenzoate methyltransferase,Ubiquinone Biosynthesis,0.0,0.0,0.0,0.0,,,0.0,38,37,1.0,False,Down
DHEASULT,Dehydroepiandrosterone sulfotransferase,Steroid Metabolism,0.0,0.0,0.0,0.0,,,0.0,38,37,1.0,False,Down
DHEAStr,Dheas intracellular transport,"Transport, Extracellular",0.0,0.0,0.0,0.0,,,0.0,38,37,1.0,False,Down
DHEAtr,Dehydroepiandrosterone transport,"Transport, Endoplasmic Reticular",0.0,0.0,0.0,0.0,,,0.0,38,37,1.0,False,Down
DHFtl,Dihydrofolate reversible lysosomal transport,"Transport, Lysosomal",0.0,0.0,0.0,0.0,,,0.0,38,37,1.0,False,Down
DHFtm,Dihydrofolate reversible mitochondrial transport,"Transport, Mitochondrial",0.0,0.0,0.0,0.0,,,0.0,38,37,1.0,False,Down
DHORD9,Dihydoorotic acid dehydrogenase (quinone10),Pyrimidine Biosynthesis,0.0,0.0,0.0,0.0,,,0.0,38,37,1.0,False,Down
DHORTS,Dihydroorotase,Pyrimidine Biosynthesis,0.0,0.0,0.0,0.0,,,0.0,38,37,1.0,False,Down
DIDPtn,DIDP nuclear transport,"Transport, Nuclear",0.0,0.0,0.0,0.0,,,0.0,38,37,1.0,False,Down
DNDPt50m,DTTP transport via dCDP antiport,"Transport, Mitochondrial",0.0,0.0,0.0,0.0,,,0.0,38,37,1.0,False,Down
DNDPt51m,"Deoxynucleotide carrier (dctp), mitochondrial","Transport, Mitochondrial",0.0,0.0,0.0,0.0,,,0.0,38,37,1.0,False,Down
DNDPt52m,DCTP transport via dUDP antiport,"Transport, Mitochondrial",0.0,0.0,0.0,0.0,,,0.0,38,37,1.0,False,Down
DNDPt53m,DCTP transport via dGDP antiport,"Transport, Mitochondrial",0.0,0.0,0.0,0.0,,,0.0,38,37,1.0,False,Down
DNDPt54m,DCTP transport via dADP antiport,"Transport, Mitochondrial",0.0,0.0,0.0,0.0,,,0.0,38,37,1.0,False,Down
DNDPt55m,DCTP transport via ADP antiport,"Transport, Mitochondrial",0.0,0.0,0.0,0.0,,,0.0,38,37,1.0,False,Down
DNDPt56m,DCTP transport via ATP antiport,"Transport, Mitochondrial",0.0,0.0,0.0,0.0,,,0.0,38,37,1.0,False,Down
DNDPt57m,DGTP transport via ATP antiport,"Transport, Mitochondrial",0.0,0.0,0.0,0.0,,,0.0,38,37,1.0,False,Down
DNDPt58m,DGTP transport via ADP antiport,"Transport, Mitochondrial",0.0,0.0,0.0,0.0,,,0.0,38,37,1.0,False,Down
DNDPt59m,DGTP transport via dADP antiport,"Transport, Mitochondrial",0.0,0.0,0.0,0.0,,,0.0,38,37,1.0,False,Down
DNDPt5m,DATP transport via dTDP antiport,"Transport, Mitochondrial",0.0,0.0,0.0,0.0,,,0.0,38,37,1.0,False,Down
DNDPt60m,DGTP transport via dUDP antiport,"Transport, Mitochondrial",0.0,0.0,0.0,0.0,,,0.0,38,37,1.0,False,Down
DNDPt61m,DGTP transport via dTDP antiport,"Transport, Mitochondrial",0.0,0.0,0.0,0.0,,,0.0,38,37,1.0,False,Down
DNDPt62m,DGTP transport via dGDP antiport,"Transport, Mitochondrial",0.0,0.0,0.0,0.0,,,0.0,38,37,1.0,False,Down
DNDPt63m,DGTP transport via dCDP antiport,"Transport, Mitochondrial",0.0,0.0,0.0,0.0,,,0.0,38,37,1.0,False,Down
DNDPt6m,DATP transport via dGDP antiport,"Transport, Mitochondrial",0.0,0.0,0.0,0.0,,,0.0,38,37,1.0,False,Down
DNDPt7m,"Deoxynucleotide carrier (datp), mitochondrial","Transport, Mitochondrial",0.0,0.0,0.0,0.0,,,0.0,38,37,1.0,False,Down
DOGULND1,"2,3-dioxo-L-gulonate decarboxylase (L-lyxonate-forming)",Ascorbate and Aldarate Metabolism,0.0,0.0,0.0,0.0,,,0.0,38,37,1.0,False,Down
DOGULND2,"2,3-dioxo-L-gulonate decarboxylase (L-xylonate-forming)",Ascorbate and Aldarate Metabolism,0.0,0.0,0.0,0.0,,,0.0,38,37,1.0,False,Down
DOGULNO1,"2,3-dioxo-L-gulonate:hydrogen peroxide oxireductase",Ascorbate and Aldarate Metabolism,0.0,0.0,0.0,0.0,,,0.0,38,37,1.0,False,Down
DOGULNO2,"2,3-dioxo-L-gulonate:hydrogen peroxide oxireductase",Ascorbate and Aldarate Metabolism,0.0,0.0,0.0,0.0,,,0.0,38,37,1.0,False,Down
DOLASNT_Ler,Dolichyl-diphosphooligosaccharide:protein-L-asparagine oligopolysaccharidotransferase (liver),N-Glycan Biosynthesis,0.0,0.0,0.0,0.0,,,0.0,38,37,1.0,False,Down
DOLASNT_Uer,Dolichyl-diphosphooligosaccharide:protein-L-asparagine oligopolysaccharidotransferase (uterus),N-Glycan Biosynthesis,0.0,0.0,0.0,0.0,,,0.0,38,37,1.0,False,Down
DOLDPP_Ler,"Dolichyl-diphosphate phosphohydrolase, human (liver)",N-Glycan Biosynthesis,0.0,0.0,0.0,0.0,,,0.0,38,37,1.0,False,Down
DOLDPP_Uer,"Dolichyl-diphosphate phosphohydrolase, human (uterus)",N-Glycan Biosynthesis,0.0,0.0,0.0,0.0,,,0.0,38,37,1.0,False,Down
DOLGLCP_Lter,Dolichyl beta-D-glucosyl phosphate flippase (liver),N-Glycan Biosynthesis,0.0,0.0,0.0,0.0,,,0.0,38,37,1.0,False,Down
DOLGLCP_Uter,Dolichyl beta-D-glucosyl phosphate flippase (uterus),N-Glycan Biosynthesis,0.0,0.0,0.0,0.0,,,0.0,38,37,1.0,False,Down
DOLGPP_Ler,Dolichyl-beta-D-glucosyl-phosphate dolichylphosphohydrolase (liver),N-Glycan Biosynthesis,0.0,0.0,0.0,0.0,,,0.0,38,37,1.0,False,Down
DOLGPP_Uer,Dolichyl-beta-D-glucosyl-phosphate dolichylphosphohydrolase (uterus),N-Glycan Biosynthesis,0.0,0.0,0.0,0.0,,,0.0,38,37,1.0,False,Down
DOLICHOL_Lter,"Dolichol diffusion, human (liver)",N-Glycan Biosynthesis,0.0,0.0,0.0,0.0,,,0.0,38,37,1.0,False,Down
DOLICHOL_Uter,"Dolichol diffusion, human (uterus)",N-Glycan Biosynthesis,0.0,0.0,0.0,0.0,,,0.0,38,37,1.0,False,Down
DOLK_L,"Dolichol kinase, human (liver)",N-Glycan Biosynthesis,0.0,0.0,0.0,0.0,,,0.0,38,37,1.0,False,Down
DOLK_U,"Dolichol kinase, human (uterus)",N-Glycan Biosynthesis,0.0,0.0,0.0,0.0,,,0.0,38,37,1.0,False,Down
DOLMANP_Lter,Dolichol-phosphate mannose flippase (liver),N-Glycan Biosynthesis,0.0,0.0,0.0,0.0,,,0.0,38,37,1.0,False,Down
DOLMANP_Uter,Dolichol-phosphate mannose flippase (uterus),N-Glycan Biosynthesis,0.0,0.0,0.0,0.0,,,0.0,38,37,1.0,False,Down
DOLPGT1_Ler,Dolichyl-phosphate-glucose-glycolipid alpha-glucosyltransferase (liver),N-Glycan Biosynthesis,0.0,0.0,0.0,0.0,,,0.0,38,37,1.0,False,Down
DOLPGT1_Uer,Dolichyl-phosphate-glucose-glycolipid alpha-glucosyltransferase (uterus),N-Glycan Biosynthesis,0.0,0.0,0.0,0.0,,,0.0,38,37,1.0,False,Down
DOLPGT2_Ler,Dolichyl-phosphate-glucose-glycolipid alpha-glucosyltransferase (liver),N-Glycan Biosynthesis,0.0,0.0,0.0,0.0,,,0.0,38,37,1.0,False,Down
DOLPGT2_Uer,Dolichyl-phosphate-glucose-glycolipid alpha-glucosyltransferase (uterus),N-Glycan Biosynthesis,0.0,0.0,0.0,0.0,,,0.0,38,37,1.0,False,Down
DOLPGT3_Ler,Dolichyl-phosphate-glucose-glycolipid alpha-glucosyltransferase (liver),N-Glycan Biosynthesis,0.0,0.0,0.0,0.0,,,0.0,38,37,1.0,False,Down
DOLPGT3_Uer,Dolichyl-phosphate-glucose-glycolipid alpha-glucosyltransferase (uterus),N-Glycan Biosynthesis,0.0,0.0,0.0,0.0,,,0.0,38,37,1.0,False,Down
DOLPH_Ler,"Dolichol-phosphate phosphohydrolase, human (liver)",N-Glycan Biosynthesis,0.0,0.0,0.0,0.0,,,0.0,38,37,1.0,False,Down
DOLPH_Uer,"Dolichol-phosphate phosphohydrolase, human (uterus)",N-Glycan Biosynthesis,0.0,0.0,0.0,0.0,,,0.0,38,37,1.0,False,Down
DOLPMT1_Ler,Dolichyl-phosphate-mannose-glycolipid alpha-mannosyltransferase (liver),N-Glycan Biosynthesis,0.0,0.0,0.0,0.0,,,0.0,38,37,1.0,False,Down
DOLPMT1_Uer,Dolichyl-phosphate-mannose-glycolipid alpha-mannosyltransferase (uterus),N-Glycan Biosynthesis,0.0,0.0,0.0,0.0,,,0.0,38,37,1.0,False,Down
DOLPMT2_Ler,Dolichyl-phosphate-mannose-glycolipid alpha-mannosyltransferase (liver),N-Glycan Biosynthesis,0.0,0.0,0.0,0.0,,,0.0,38,37,1.0,False,Down
DOLPMT2_Uer,Dolichyl-phosphate-mannose-glycolipid alpha-mannosyltransferase (uterus),N-Glycan Biosynthesis,0.0,0.0,0.0,0.0,,,0.0,38,37,1.0,False,Down
DOLPMT3_Ler,Dolichyl-phosphate-mannose-glycolipid alpha-mannosyltransferase (liver),N-Glycan Biosynthesis,0.0,0.0,0.0,0.0,,,0.0,38,37,1.0,False,Down
DOLPMT3_Uer,Dolichyl-phosphate-mannose-glycolipid alpha-mannosyltransferase (uterus),N-Glycan Biosynthesis,0.0,0.0,0.0,0.0,,,0.0,38,37,1.0,False,Down
DOLPMT4_Ler,Dolichyl-phosphate-mannose-glycolipid alpha-mannosyltransferase (liver),N-Glycan Biosynthesis,0.0,0.0,0.0,0.0,,,0.0,38,37,1.0,False,Down
DOLPMT4_Uer,Dolichyl-phosphate-mannose-glycolipid alpha-mannosyltransferase (uterus),N-Glycan Biosynthesis,0.0,0.0,0.0,0.0,,,0.0,38,37,1.0,False,Down
DOLPMT_L,Dolichyl-phosphate D-mannosyltransferase (liver),N-Glycan Biosynthesis,0.0,0.0,0.0,0.0,,,0.0,38,37,1.0,False,Down
DOLPMT_U,Dolichyl-phosphate D-mannosyltransferase (uterus),N-Glycan Biosynthesis,0.0,0.0,0.0,0.0,,,0.0,38,37,1.0,False,Down
DOLP_Lter,Dolichol phosphate flippase (liver),N-Glycan Biosynthesis,0.0,0.0,0.0,0.0,,,0.0,38,37,1.0,False,Down
DOLP_Uter,Dolichol phosphate flippase (uterus),N-Glycan Biosynthesis,0.0,0.0,0.0,0.0,,,0.0,38,37,1.0,False,Down
DOPAMT,Dopamine:amet O-methyltransferase,Tyrosine metabolism,0.0,0.0,0.0,0.0,,,0.0,38,37,1.0,False,Down
DOPASFt,Dopamine 3-0-sulfate transport (diffusion),"Transport, Extracellular",0.0,0.0,0.0,0.0,,,0.0,38,37,1.0,False,Down
DOPAVESSEC,Dopamine secretion via secretory vesicle (ATP driven),"Transport, Extracellular",0.0,0.0,0.0,0.0,,,0.0,38,37,1.0,False,Down
DORNOp,"D-ornithine oxidase, perixosomal",D-arg and D-orn metabolism,0.0,0.0,0.0,0.0,,,0.0,38,37,1.0,False,Down
DPCOAK,Dephospho-CoA kinase,CoA Biosynthesis,0.0,0.0,0.0,0.0,,,0.0,38,37,1.0,False,Down
DPCOAPP,Pyrophasphatase (dephospho-CoA),CoA Catabolism,0.0,0.0,0.0,0.0,,,0.0,38,37,1.0,False,Down
DPCOAtl,Dephospho-CoA transport from lysosome via diffusion,"Transport, Lysosomal",0.0,0.0,0.0,0.0,,,0.0,38,37,1.0,False,Down
DPGM,Diphosphoglyceromutase,Glycolysis/Gluconeogenesis,0.0,0.0,0.0,0.0,,,0.0,38,37,1.0,False,Down
GALASE1ly,"Beta-galactosidase, lysosomal",N-Glycan Degradation,0.0,0.0,0.0,0.0,,,0.0,38,37,1.0,False,Down
GALASE20ly,"Beta-galactosidase, lysosomal",Keratan sulfate degradation,0.0,0.0,0.0,0.0,,,0.0,38,37,1.0,False,Down
GALASE3ly,"Beta-galactosidase, lysosomal",Keratan sulfate degradation,0.0,0.0,0.0,0.0,,,0.0,38,37,1.0,False,Down
GALASE4ly,"Beta-galactosidase, lysosomal",Keratan sulfate degradation,0.0,0.0,0.0,0.0,,,0.0,38,37,1.0,False,Down
GALASE5ly,"Beta-galactosidase, lysosomal",Keratan sulfate degradation,0.0,0.0,0.0,0.0,,,0.0,38,37,1.0,False,Down
GALASE6ly,"Beta-galactosidase, lysosomal",Keratan sulfate degradation,0.0,0.0,0.0,0.0,,,0.0,38,37,1.0,False,Down
GALASE7ly,"Beta-galactosidase, lysosomal",Keratan sulfate degradation,0.0,0.0,0.0,0.0,,,0.0,38,37,1.0,False,Down
GALASE8ly,"Beta-galactosidase, lysosomal",Keratan sulfate degradation,0.0,0.0,0.0,0.0,,,0.0,38,37,1.0,False,Down
GALASE9ly,"Beta-galactosidase, lysosomal",Keratan sulfate degradation,0.0,0.0,0.0,0.0,,,0.0,38,37,1.0,False,Down
GALC,Galactocerebrosidase,Sphingolipid Metabolism,0.0,0.0,0.0,0.0,,,0.0,38,37,1.0,False,Down
GALFUC12GAL14ACGLCGALGLUSIDEte,Blood group intracellular transport,"Transport, Extracellular",0.0,0.0,0.0,0.0,,,0.0,38,37,1.0,False,Down
GALFUC12GAL14ACGLCGALGLUSIDEtg,Blood group intracellular transport,"Transport, Golgi Apparatus",0.0,0.0,0.0,0.0,,,0.0,38,37,1.0,False,Down
GALFUCGALACGLCGAL14ACGLCGALGLUSIDEte,Blood group intracellular transport,"Transport, Extracellular",0.0,0.0,0.0,0.0,,,0.0,38,37,1.0,False,Down
GALFUCGALACGLCGAL14ACGLCGALGLUSIDEtg,Blood group intracellular transport,"Transport, Golgi Apparatus",0.0,0.0,0.0,0.0,,,0.0,38,37,1.0,False,Down
GALGALFUCFUCGALACGLCGALACGLCGAL14ACGLCGALGLUSIDEte,Blood group intracellular transport,"Transport, Extracellular",0.0,0.0,0.0,0.0,,,0.0,38,37,1.0,False,Down
GALGALFUCFUCGALACGLCGALACGLCGAL14ACGLCGALGLUSIDEtg,Blood group intracellular transport,"Transport, Golgi Apparatus",0.0,0.0,0.0,0.0,,,0.0,38,37,1.0,False,Down
GALGALGALTHCRMte,Transport of Gal-Gal-Gal-Gal-Gal-Glc-Cer ,"Transport, Extracellular",0.0,0.0,0.0,0.0,,,0.0,38,37,1.0,False,Down
GALGALGALTHCRMtg,Galgalgalthcrm hs intracellular transport,"Transport, Golgi Apparatus",0.0,0.0,0.0,0.0,,,0.0,38,37,1.0,False,Down
GALGLUSIDEtg,Galgluside hs intracellular transport,"Transport, Golgi Apparatus",0.0,0.0,0.0,0.0,,,0.0,38,37,1.0,False,Down
GALGLUSIDEtl,Galgluside hs intracellular transport,"Transport, Lysosomal",0.0,0.0,0.0,0.0,,,0.0,38,37,1.0,False,Down
GALGT1,"Beta-1,4 N-acetylgalactosaminyltransferase",Sphingolipid Metabolism,0.0,0.0,0.0,0.0,,,0.0,38,37,1.0,False,Down
GALGT2,"Beta-1,4 N-acetylgalactosaminyltransferase",Sphingolipid Metabolism,0.0,0.0,0.0,0.0,,,0.0,38,37,1.0,False,Down
GALGT3,"Beta-1,4 N-acetylgalactosaminyltransferase",Sphingolipid Metabolism,0.0,0.0,0.0,0.0,,,0.0,38,37,1.0,False,Down
GALGT4,"Beta-1,4 N-acetylgalactosaminyltransferase",Sphingolipid Metabolism,0.0,0.0,0.0,0.0,,,0.0,38,37,1.0,False,Down
GALNACT1g,"UDPGal-chondroitin acetylgalactosaminyltransferase I, Golgi",Chondroitin / heparan sulfate biosynthesis,0.0,0.0,0.0,0.0,,,0.0,38,37,1.0,False,Down
GALNACT2g,"Uridine diphosphoacetylgalactosamine-chondroitin acetylgalactosaminyltransferase II, Golgi",Chondroitin / heparan sulfate biosynthesis,0.0,0.0,0.0,0.0,,,0.0,38,37,1.0,False,Down
GALNACT3g,"Uridine diphosphoacetylgalactosamine-chondroitin acetylgalactosaminyltransferase II, Golgi",Chondroitin / heparan sulfate biosynthesis,0.0,0.0,0.0,0.0,,,0.0,38,37,1.0,False,Down
GALNACT4g,"Uridine diphosphoacetylgalactosamine-chondroitin acetylgalactosaminyltransferase II, Golgi",Chondroitin / heparan sulfate biosynthesis,0.0,0.0,0.0,0.0,,,0.0,38,37,1.0,False,Down
GALNACT5g,"Uridine diphosphoacetylgalactosamine-chondroitin acetylgalactosaminyltransferase II, Golgi",Chondroitin / heparan sulfate biosynthesis,0.0,0.0,0.0,0.0,,,0.0,38,37,1.0,False,Down
GALOR,D-Galactose:NADP+ 1-oxidoreductase,Galactose metabolism,0.0,0.0,0.0,0.0,,,0.0,38,37,1.0,False,Down
GALSIDEtg,Galactocerebroside intracellular transport,"Transport, Golgi Apparatus",0.0,0.0,0.0,0.0,,,0.0,38,37,1.0,False,Down
GALSIDEtl,Galactocerebroside intracellular transport,"Transport, Lysosomal",0.0,0.0,0.0,0.0,,,0.0,38,37,1.0,False,Down
GALT2g,"UDP-D-galactose:galactosylxylose galactosyltransferase, Golgi apparatus",Chondroitin / heparan sulfate biosynthesis,0.0,0.0,0.0,0.0,,,0.0,38,37,1.0,False,Down
GALTg,"UDP-D-galactose:D-xylose galactosyltransferase, Golgi apparatus",Chondroitin / heparan sulfate biosynthesis,0.0,0.0,0.0,0.0,,,0.0,38,37,1.0,False,Down
GALtly,Galactose efflux from lysosome,"Transport, Lysosomal",0.0,0.0,0.0,0.0,,,0.0,38,37,1.0,False,Down
GAMYe,"Glucoamylase, extracellular (glygn5 -> malt)",Starch and Sucrose Metabolism,0.0,0.0,0.0,0.0,,,0.0,38,37,1.0,False,Down
GAMt1r,Glucosamine transport (uniport),"Transport, Extracellular",0.0,0.0,0.0,0.0,,,0.0,38,37,1.0,False,Down
GAO1,Ganglioside O-acetylation,Sphingolipid Metabolism,0.0,0.0,0.0,0.0,,,0.0,38,37,1.0,False,Down
GAO1g,Ganglioside O-acetylation,Sphingolipid Metabolism,0.0,0.0,0.0,0.0,,,0.0,38,37,1.0,False,Down
GAO2,Ganglioside O-acetylation,Sphingolipid Metabolism,0.0,0.0,0.0,0.0,,,0.0,38,37,1.0,False,Down
GAO2g,Ganglioside O-acetylation,Sphingolipid Metabolism,0.0,0.0,0.0,0.0,,,0.0,38,37,1.0,False,Down
GARFT,Phosphoribosylglycinamide formyltransferase,IMP Biosynthesis,0.0,0.0,0.0,0.0,,,0.0,38,37,1.0,False,Down
GASNASE2ly,"Glycosylasparaginase, lysosomal",N-Glycan Degradation,0.0,0.0,0.0,0.0,,,0.0,38,37,1.0,False,Down
GASNASE3ly,"Glycosylasparaginase, lysosomal",Keratan sulfate degradation,0.0,0.0,0.0,0.0,,,0.0,38,37,1.0,False,Down
GASNASEly,"Glycosylasparaginase, lysosomal",N-Glycan Degradation,0.0,0.0,0.0,0.0,,,0.0,38,37,1.0,False,Down
GBA,Glucosylceramidase,Sphingolipid Metabolism,0.0,0.0,0.0,0.0,,,0.0,38,37,1.0,False,Down
GBAl,Glucosylceramidase,Sphingolipid Metabolism,0.0,0.0,0.0,0.0,,,0.0,38,37,1.0,False,Down
GBGT1,"Globoside alpha-1,3-N-acetylgalactosaminyltransferase 1",Sphingolipid Metabolism,0.0,0.0,0.0,0.0,,,0.0,38,37,1.0,False,Down
GBSIDEte,Globoside transport,"Transport, Extracellular",0.0,0.0,0.0,0.0,,,0.0,38,37,1.0,False,Down
GBSIDEtl,Globoside intracellular transport,"Transport, Lysosomal",0.0,0.0,0.0,0.0,,,0.0,38,37,1.0,False,Down
FACOAL191,Fatty-acid--CoA ligase,Fatty acid activation,0.0,0.0,0.0,0.0,,,0.0,38,37,1.0,False,Down
FACOAL203,Fatty-acid--CoA ligase,Fatty acid activation,0.0,0.0,0.0,0.0,,,0.0,38,37,1.0,False,Down
FACOAL204_copy1,Fatty-acid--CoA ligase,Fatty acid activation,0.0,0.0,0.0,0.0,,,0.0,38,37,1.0,False,Down
FACOAL2042,Fatty-acid--CoA ligase,Fatty acid activation,0.0,0.0,0.0,0.0,,,0.0,38,37,1.0,False,Down
FACOAL204_copy2,Fatty-acid--CoA ligase,Fatty acid activation,0.0,0.0,0.0,0.0,,,0.0,38,37,1.0,False,Down
FACOAL205,Fatty-acid--CoA ligase,Fatty acid activation,0.0,0.0,0.0,0.0,,,0.0,38,37,1.0,False,Down
FACOAL206,Fatty-acid--CoA ligase,Fatty acid activation,0.0,0.0,0.0,0.0,,,0.0,38,37,1.0,False,Down
FACOAL224,Fatty-acid--CoA ligase,Fatty acid activation,0.0,0.0,0.0,0.0,,,0.0,38,37,1.0,False,Down
FACOAL2251,Fatty-acid--CoA ligase,Fatty acid activation,0.0,0.0,0.0,0.0,,,0.0,38,37,1.0,False,Down
FACOAL2252,Fatty-acid--CoA ligase,Fatty acid activation,0.0,0.0,0.0,0.0,,,0.0,38,37,1.0,False,Down
FACOAL226_copy1,Fatty-acid--CoA ligase,Fatty acid activation,0.0,0.0,0.0,0.0,,,0.0,38,37,1.0,False,Down
FACOAL226_copy2,Fatty-acid--CoA ligase,Fatty acid activation,0.0,0.0,0.0,0.0,,,0.0,38,37,1.0,False,Down
FACOAL240,Fatty-acid--CoA ligase,Fatty acid activation,0.0,0.0,0.0,0.0,,,0.0,38,37,1.0,False,Down
FACOAL241,Fatty-acid--CoA ligase,Fatty acid activation,0.0,0.0,0.0,0.0,,,0.0,38,37,1.0,False,Down
FACOAL244_1,Fatty-acid--CoA ligase,Fatty acid activation,0.0,0.0,0.0,0.0,,,0.0,38,37,1.0,False,Down
FACOAL245_1,Fatty-acid--CoA ligase,Fatty acid activation,0.0,0.0,0.0,0.0,,,0.0,38,37,1.0,False,Down
FACOAL245_2,Fatty-acid--CoA ligase,Fatty acid activation,0.0,0.0,0.0,0.0,,,0.0,38,37,1.0,False,Down
FACOAL246_1,Fatty-acid--CoA ligase,Fatty acid activation,0.0,0.0,0.0,0.0,,,0.0,38,37,1.0,False,Down
FACOAL260,Fatty-acid--CoA ligase (n-C26:0),Fatty acid activation,0.0,0.0,0.0,0.0,,,0.0,38,37,1.0,False,Down
FACOAL40im,"Fatty-acid--CoA ligase (butanoate), mitochondrial",Fatty acid activation,0.0,0.0,0.0,0.0,,,0.0,38,37,1.0,False,Down
FACOAL80,Fatty-acid--CoA ligase (octanoate),Fatty acid activation,0.0,0.0,0.0,0.0,,,0.0,38,37,1.0,False,Down
FADDP,FAD diphosphatase,Riboflavin Metabolism,0.0,0.0,0.0,0.0,,,0.0,38,37,1.0,False,Down
FADH2tx,"FADH2 transport, glyoxysome","Transport, Peroxisomal",0.0,0.0,0.0,0.0,,,0.0,38,37,1.0,False,Down
FADtx,"FAD transport by free diffusion, glyoxysome","Transport, Peroxisomal",0.0,0.0,0.0,0.0,,,0.0,38,37,1.0,False,Down
FAEL183,Fatty-acyl-CoA elongation (n-C18:3CoA),Fatty acid elongation,0.0,0.0,0.0,0.0,,,0.0,38,37,1.0,False,Down
FAEL184,Fatty-acyl-CoA elongation (n-C20:4CoA),Fatty acid elongation,0.0,0.0,0.0,0.0,,,0.0,38,37,1.0,False,Down
FAEL204,Fatty-acyl-CoA elongation (n-C20:4CoA),Fatty acid elongation,0.0,0.0,0.0,0.0,,,0.0,38,37,1.0,False,Down
FAEL205,Fatty-acyl-CoA elongation (n-C20:5CoA),Fatty acid elongation,0.0,0.0,0.0,0.0,,,0.0,38,37,1.0,False,Down
FAH1,Fatty acid omega-hydroxylase,CYP Metabolism,0.0,0.0,0.0,0.0,,,0.0,38,37,1.0,False,Down
FALDH,Formaldehyde dehydrogenase,Tyrosine metabolism,0.0,0.0,0.0,0.0,,,0.0,38,37,1.0,False,Down
FALDtly,Formaldehyde transport via diffusion (lysosomall),"Transport, Lysosomal",0.0,0.0,0.0,0.0,,,0.0,38,37,1.0,False,Down
FAOXC11,Beta oxidation of long chain fatty acid,Fatty acid oxidation,0.0,0.0,0.0,0.0,,,0.0,38,37,1.0,False,Down
FAOXC140,Beta oxidation of long chain fatty acid,Fatty acid oxidation,0.0,0.0,0.0,0.0,,,0.0,38,37,1.0,False,Down
FAOXC150m,Beta oxidation of long chain fatty acid (odd chain),Fatty acid oxidation,0.0,0.0,0.0,0.0,,,0.0,38,37,1.0,False,Down
FAOXC16080m,Beta oxidation of long chain fatty acid,Fatty acid oxidation,0.0,0.0,0.0,0.0,,,0.0,38,37,1.0,False,Down
FAOXC16080x,Beta oxidation of long chain fatty acid,"Fatty acid oxidation, peroxisome",0.0,0.0,0.0,0.0,,,0.0,38,37,1.0,False,Down
FAOXC161802m,Beta oxidation  fatty acid,Fatty acid activation,0.0,0.0,0.0,0.0,,,0.0,38,37,1.0,False,Down
FAOXC16180m,Beta oxidation  fatty acid,Fatty acid oxidation,0.0,0.0,0.0,0.0,,,0.0,38,37,1.0,False,Down
FAOXC170m,Beta oxidation of long chain fatty acid (odd chain),Fatty acid oxidation,0.0,0.0,0.0,0.0,,,0.0,38,37,1.0,False,Down
FAOXC1811601m,Beta oxidation  fatty acid,Fatty acid oxidation,0.0,0.0,0.0,0.0,,,0.0,38,37,1.0,False,Down
FAOXC1811602m,Beta oxidation  fatty acid,Fatty acid oxidation,0.0,0.0,0.0,0.0,,,0.0,38,37,1.0,False,Down
FAOXC1811603m,Beta oxidation  fatty acid,Fatty acid oxidation,0.0,0.0,0.0,0.0,,,0.0,38,37,1.0,False,Down
FAOXC182806m,Beta oxidation of fatty acid,Fatty acid oxidation,0.0,0.0,0.0,0.0,,,0.0,38,37,1.0,False,Down
FAOXC18280m,Beta oxidation of fatty acid,Fatty acid oxidation,0.0,0.0,0.0,0.0,,,0.0,38,37,1.0,False,Down
FAOXC183803m,Beta oxidation of fatty acid,Fatty acid oxidation,0.0,0.0,0.0,0.0,,,0.0,38,37,1.0,False,Down
FAOXC183806m,Beta oxidation of fatty acid,Fatty acid oxidation,0.0,0.0,0.0,0.0,,,0.0,38,37,1.0,False,Down
FAOXC183806x,Beta oxidation of long chain fatty acid,"Fatty acid oxidation, peroxisome",0.0,0.0,0.0,0.0,,,0.0,38,37,1.0,False,Down
FAOXC18480m,Beta oxidation of fatty acid,Fatty acid oxidation,0.0,0.0,0.0,0.0,,,0.0,38,37,1.0,False,Down
FAOXC18480x,Beta oxidation of long chain fatty acid,"Fatty acid oxidation, peroxisome",0.0,0.0,0.0,0.0,,,0.0,38,37,1.0,False,Down
FAOXC2031836m,Beta oxidation of fatty acid,Fatty acid oxidation,0.0,0.0,0.0,0.0,,,0.0,38,37,1.0,False,Down
FAOXC204,Beta oxidation of long chain fatty acid,Fatty acid oxidation,0.0,0.0,0.0,0.0,,,0.0,38,37,1.0,False,Down
FAOXC204184m,Beta oxidation  fatty acid,Fatty acid oxidation,0.0,0.0,0.0,0.0,,,0.0,38,37,1.0,False,Down
FAOXC2051843m,Beta oxidation of fatty acid,Fatty acid oxidation,0.0,0.0,0.0,0.0,,,0.0,38,37,1.0,False,Down
FAOXC2051843x,Beta oxidation of long chain fatty acid,"Fatty acid oxidation, peroxisome",0.0,0.0,0.0,0.0,,,0.0,38,37,1.0,False,Down
FAOXC2242046m,Beta oxidation of long chain fatty acid,Fatty acid oxidation,0.0,0.0,0.0,0.0,,,0.0,38,37,1.0,False,Down
FAOXC2242046x,Beta oxidation of long chain fatty acid,"Fatty acid oxidation, peroxisome",0.0,0.0,0.0,0.0,,,0.0,38,37,1.0,False,Down
FAOXC2251836m,Beta oxidation of fatty acid,Fatty acid oxidation,0.0,0.0,0.0,0.0,,,0.0,38,37,1.0,False,Down
FAOXC2251836x,Beta oxidation of long chain fatty acid,"Fatty acid oxidation, peroxisome",0.0,0.0,0.0,0.0,,,0.0,38,37,1.0,False,Down
FAOXC2252053m,Beta oxidation of long chain fatty acid,Fatty acid oxidation,0.0,0.0,0.0,0.0,,,0.0,38,37,1.0,False,Down
FAOXC2252053x,Beta oxidation of long chain fatty acid,"Fatty acid oxidation, peroxisome",0.0,0.0,0.0,0.0,,,0.0,38,37,1.0,False,Down
FAOXC226,Beta oxidation of long chain fatty acid,Fatty acid oxidation,0.0,0.0,0.0,0.0,,,0.0,38,37,1.0,False,Down
FAOXC226205m,Beta oxidation of long chain fatty acid,Fatty acid oxidation,0.0,0.0,0.0,0.0,,,0.0,38,37,1.0,False,Down
FAOXC226205x,Beta oxidation of long chain fatty acid,"Fatty acid oxidation, peroxisome",0.0,0.0,0.0,0.0,,,0.0,38,37,1.0,False,Down
FAOXC240200x,Beta oxidation of long chain fatty acid,"Fatty acid oxidation, peroxisome",0.0,0.0,0.0,0.0,,,0.0,38,37,1.0,False,Down
FAOXC241181x,Beta oxidation of long chain fatty acid,"Fatty acid oxidation, peroxisome",0.0,0.0,0.0,0.0,,,0.0,38,37,1.0,False,Down
FAOXC2442246x,Beta oxidation of long chain fatty acid,"Fatty acid oxidation, peroxisome",0.0,0.0,0.0,0.0,,,0.0,38,37,1.0,False,Down
FT,"Trans,trans,cis-geranylgeranyl diphosphate synthase",N-Glycan Biosynthesis,0.0,0.0,0.0,0.0,,,0.0,38,37,1.0,False,Down
FAOXC2452253x,Beta oxidation of long chain fatty acid,"Fatty acid oxidation, peroxisome",0.0,0.0,0.0,0.0,,,0.0,38,37,1.0,False,Down
FAOXC2452256x,Beta oxidation of long chain fatty acid,"Fatty acid oxidation, peroxisome",0.0,0.0,0.0,0.0,,,0.0,38,37,1.0,False,Down
FAOXC246226x,Beta oxidation of long chain fatty acid,"Fatty acid oxidation, peroxisome",0.0,0.0,0.0,0.0,,,0.0,38,37,1.0,False,Down
FAOXC260240x,Beta oxidation of long chain fatty acid,"Fatty acid oxidation, peroxisome",0.0,0.0,0.0,0.0,,,0.0,38,37,1.0,False,Down
FAOXC80,Beta oxidation of med/long chain fatty acid,Fatty acid oxidation,0.0,0.0,0.0,0.0,,,0.0,38,37,1.0,False,Down
FAS100COA,Fatty acyl CoA synthase  n C100CoA ,Fatty acid elongation,0.0,0.0,0.0,0.0,,,0.0,38,37,1.0,False,Down
FAS120COA,Fatty acyl CoA synthase  n C120CoA ,Fatty acid elongation,0.0,0.0,0.0,0.0,,,0.0,38,37,1.0,False,Down
FAS140COA,Fatty acyl CoA synthase  n C140CoA ,Fatty acid elongation,0.0,0.0,0.0,0.0,,,0.0,38,37,1.0,False,Down
FAS160COA,Fatty acyl CoA synthase  n C160CoA ,Fatty acid elongation,0.0,0.0,0.0,0.0,,,0.0,38,37,1.0,False,Down
FAS180COA,Fatty acyl CoA synthase  n C180CoA ,Fatty acid elongation,0.0,0.0,0.0,0.0,,,0.0,38,37,1.0,False,Down
FAS80COA_L,Fatty acyl CoA synthase  n C80CoA   lumped reaction,Fatty acid elongation,0.0,0.0,0.0,0.0,,,0.0,38,37,1.0,False,Down
FBA4,D-Fructose 1-phosphate D-glyceraldehyde-3-phosphate-lyase,Glyoxylate and Dicarboxylate Metabolism,0.0,0.0,0.0,0.0,,,0.0,38,37,1.0,False,Down
FBA5,D-Tagatose 1-phosphate D-glyceraldehyde-3-phosphate-lyase,Galactose metabolism,0.0,0.0,0.0,0.0,,,0.0,38,37,1.0,False,Down
FBP,Fructose-bisphosphatase,Glycolysis/Gluconeogenesis,0.0,0.0,0.0,0.0,,,0.0,38,37,1.0,False,Down
FBP26,Fructose 2 6 bisphosphate 2 phosphatase,Fructose and Mannose Metabolism,0.0,0.0,0.0,0.0,,,0.0,38,37,1.0,False,Down
FCLTm,Ferrochelatase  mitochondrial,Heme Biosynthesis,0.0,0.0,0.0,0.0,,,0.0,38,37,1.0,False,Down
FCOAH,Formyl coa hydrolase,Fatty Acid Metabolism,0.0,0.0,0.0,0.0,,,0.0,38,37,1.0,False,Down
FE2t,Iron  II  transport,"Transport, Extracellular",0.0,0.0,0.0,0.0,,,0.0,38,37,1.0,False,Down
FE2tm,Iron (II) transport,"Transport, Mitochondrial",0.0,0.0,0.0,0.0,,,0.0,38,37,1.0,False,Down
FK,Fucokinase,Fructose and Mannose Metabolism,0.0,0.0,0.0,0.0,,,0.0,38,37,1.0,False,Down
FMNAT,FMN adenylyltransferase,Riboflavin Metabolism,0.0,0.0,0.0,0.0,,,0.0,38,37,1.0,False,Down
FOLR2,Folate reductase,Folate Metabolism,0.0,0.0,0.0,0.0,,,0.0,38,37,1.0,False,Down
FOLt2,Folate transport via anion exchange,"Transport, Extracellular",0.0,0.0,0.0,0.0,,,0.0,38,37,1.0,False,Down
FORMCOAtx,Formyl coa transport,"Transport, Peroxisomal",0.0,0.0,0.0,0.0,,,0.0,38,37,1.0,False,Down
FORtrn,"Formate transport, nuclear","Transport, Nuclear",0.0,0.0,0.0,0.0,,,0.0,38,37,1.0,False,Down
FPGS,Folylpolyglutamate synthetase,Folate Metabolism,0.0,0.0,0.0,0.0,,,0.0,38,37,1.0,False,Down
FPGS2,Folylpolyglutamate synthetase,Folate Metabolism,0.0,0.0,0.0,0.0,,,0.0,38,37,1.0,False,Down
FPGS2m,"Folylpolyglutamate synthetase, mitochondrial",Folate Metabolism,0.0,0.0,0.0,0.0,,,0.0,38,37,1.0,False,Down
FPGS3,Folylpolyglutamate synthetase,Folate Metabolism,0.0,0.0,0.0,0.0,,,0.0,38,37,1.0,False,Down
FPGS3m,"Folylpolyglutamate synthetase, mitochondrial",Folate Metabolism,0.0,0.0,0.0,0.0,,,0.0,38,37,1.0,False,Down
FPGS4,Folylpolyglutamate synthetase (DHF),Folate Metabolism,0.0,0.0,0.0,0.0,,,0.0,38,37,1.0,False,Down
FPGS4m,"Folylpolyglutamate synthetase (DHF), mitochondrial",Folate Metabolism,0.0,0.0,0.0,0.0,,,0.0,38,37,1.0,False,Down
FPGS5,Folylpolyglutamate  synthetase (DHF),Folate Metabolism,0.0,0.0,0.0,0.0,,,0.0,38,37,1.0,False,Down
FPGS5m,"Folylpolyglutamate  synthetase (DHF), mitochondrial",Folate Metabolism,0.0,0.0,0.0,0.0,,,0.0,38,37,1.0,False,Down
FPGS6,Folylpolyglutamate synthetase (DHF),Folate Metabolism,0.0,0.0,0.0,0.0,,,0.0,38,37,1.0,False,Down
FPGS6m,"Folylpolyglutamate synthetase (DHF), mitochondrial",Folate Metabolism,0.0,0.0,0.0,0.0,,,0.0,38,37,1.0,False,Down
FPGS7,Folylpolyglutamate synthetase (10fthf),Folate Metabolism,0.0,0.0,0.0,0.0,,,0.0,38,37,1.0,False,Down
FPGS7m,"Folylpolyglutamate synthetase (10fthf), mitochondrial",Folate Metabolism,0.0,0.0,0.0,0.0,,,0.0,38,37,1.0,False,Down
FPGS8,Folylpolyglutamate synthetase (10fthf),Folate Metabolism,0.0,0.0,0.0,0.0,,,0.0,38,37,1.0,False,Down
FPGS8m,"Folylpolyglutamate synthetase (10fthf), mitochondrial",Folate Metabolism,0.0,0.0,0.0,0.0,,,0.0,38,37,1.0,False,Down
FPGS9,Folylpolyglutamate synthetase (10fthf),Folate Metabolism,0.0,0.0,0.0,0.0,,,0.0,38,37,1.0,False,Down
FPGS9m,"Folylpolyglutamate synthetase (10fthf), mitochondrial",Folate Metabolism,0.0,0.0,0.0,0.0,,,0.0,38,37,1.0,False,Down
FRDPtc,"Lipid, flip-flop intracellular transport","Transport, Peroxisomal",0.0,0.0,0.0,0.0,,,0.0,38,37,1.0,False,Down
FRTT,Farnesyltranstransferase,Cholesterol Metabolism,0.0,0.0,0.0,0.0,,,0.0,38,37,1.0,False,Down
FTHFCL,5 formethyltetrahydrofolate cyclo ligase,Folate Metabolism,0.0,0.0,0.0,0.0,,,0.0,38,37,1.0,False,Down
FTHFLi,Formate-tetrahydrofolate ligase,Folate Metabolism,0.0,0.0,0.0,0.0,,,0.0,38,37,1.0,False,Down
FUC13GALACGLCGAL14ACGLCGALGLUSIDEte,Blood group intracellular transport,"Transport, Extracellular",0.0,0.0,0.0,0.0,,,0.0,38,37,1.0,False,Down
FUC13GALACGLCGAL14ACGLCGALGLUSIDEtg,Blood group intracellular transport,"Transport, Golgi Apparatus",0.0,0.0,0.0,0.0,,,0.0,38,37,1.0,False,Down
FUC14GALACGLCGALGLUSIDEte,Blood group intracellular transport,"Transport, Extracellular",0.0,0.0,0.0,0.0,,,0.0,38,37,1.0,False,Down
FUC14GALACGLCGALGLUSIDEtg,Blood group intracellular transport,"Transport, Golgi Apparatus",0.0,0.0,0.0,0.0,,,0.0,38,37,1.0,False,Down
FUCACGALFUCGALACGLCGALGLUSIDEte,Blood group intracellular transport,"Transport, Extracellular",0.0,0.0,0.0,0.0,,,0.0,38,37,1.0,False,Down
FUCACGALFUCGALACGLCGALGLUSIDEtg,Blood group intracellular transport,"Transport, Golgi Apparatus",0.0,0.0,0.0,0.0,,,0.0,38,37,1.0,False,Down
FUCACNGAL14ACGLCGALGLUSIDEte,Blood group intracellular transport,"Transport, Extracellular",0.0,0.0,0.0,0.0,,,0.0,38,37,1.0,False,Down
FUCACNGAL14ACGLCGALGLUSIDEtg,Blood group intracellular transport,"Transport, Golgi Apparatus",0.0,0.0,0.0,0.0,,,0.0,38,37,1.0,False,Down
FUCACNGALACGLCGALGLUSIDEte,Blood group intracellular transport,"Transport, Extracellular",0.0,0.0,0.0,0.0,,,0.0,38,37,1.0,False,Down
FUCACNGALACGLCGALGLUSIDEtg,Blood group intracellular transport,"Transport, Golgi Apparatus",0.0,0.0,0.0,0.0,,,0.0,38,37,1.0,False,Down
FUCASE2e,"Alpha-fucosidase, extracellular",Keratan sulfate degradation,0.0,0.0,0.0,0.0,,,0.0,38,37,1.0,False,Down
FUCASE2ly,"Alpha-fucosidase, lysosomal",Keratan sulfate degradation,0.0,0.0,0.0,0.0,,,0.0,38,37,1.0,False,Down
FUCASEe,"Alpha-fucosidase, extracellular",N-Glycan Degradation,0.0,0.0,0.0,0.0,,,0.0,38,37,1.0,False,Down
FUCASEly,"Alpha-fucosidase, lysosomal",N-Glycan Degradation,0.0,0.0,0.0,0.0,,,0.0,38,37,1.0,False,Down
FUCFUC12GAL14ACGLCGALGLUSIDEte,Blood group intracellular transport,"Transport, Extracellular",0.0,0.0,0.0,0.0,,,0.0,38,37,1.0,False,Down
FUCFUC12GAL14ACGLCGALGLUSIDEtg,Blood group intracellular transport,"Transport, Golgi Apparatus",0.0,0.0,0.0,0.0,,,0.0,38,37,1.0,False,Down
FUCFUC132GALACGLCGAL14ACGLCGALGLUSIDEte,Blood group intracellular transport,"Transport, Extracellular",0.0,0.0,0.0,0.0,,,0.0,38,37,1.0,False,Down
FUCFUC132GALACGLCGAL14ACGLCGALGLUSIDEtg,Blood group intracellular transport,"Transport, Golgi Apparatus",0.0,0.0,0.0,0.0,,,0.0,38,37,1.0,False,Down
FUCFUCFUCGALACGLC13GALACGLCGAL14ACGLCGALGLUSIDEte,Blood group intracellular transport,"Transport, Extracellular",0.0,0.0,0.0,0.0,,,0.0,38,37,1.0,False,Down
FUCFUCFUCGALACGLC13GALACGLCGAL14ACGLCGALGLUSIDEtg,Blood group intracellular transport,"Transport, Golgi Apparatus",0.0,0.0,0.0,0.0,,,0.0,38,37,1.0,False,Down
FUCFUCFUCGALACGLCGAL14ACGLCGALGLUSIDEte,Blood group intracellular transport,"Transport, Extracellular",0.0,0.0,0.0,0.0,,,0.0,38,37,1.0,False,Down
FUCFUCFUCGALACGLCGAL14ACGLCGALGLUSIDEtg,Blood group intracellular transport,"Transport, Golgi Apparatus",0.0,0.0,0.0,0.0,,,0.0,38,37,1.0,False,Down
FUCFUCGALACGLCGALGLUSIDEte,Blood group intracellular transport,"Transport, Extracellular",0.0,0.0,0.0,0.0,,,0.0,38,37,1.0,False,Down
FUCFUCGALACGLCGALGLUSIDEtg,Blood group intracellular transport,"Transport, Golgi Apparatus",0.0,0.0,0.0,0.0,,,0.0,38,37,1.0,False,Down
FUCGAL14ACGLCGALGLUSIDEte,Blood group intracellular transport,"Transport, Extracellular",0.0,0.0,0.0,0.0,,,0.0,38,37,1.0,False,Down
FUCGAL14ACGLCGALGLUSIDEtg,Blood group intracellular transport,"Transport, Golgi Apparatus",0.0,0.0,0.0,0.0,,,0.0,38,37,1.0,False,Down
FUCGALFUCGALACGLCGALGLUSIDEte,Blood group intracellular transport,"Transport, Extracellular",0.0,0.0,0.0,0.0,,,0.0,38,37,1.0,False,Down
FUCGALFUCGALACGLCGALGLUSIDEtg,Blood group intracellular transport,"Transport, Golgi Apparatus",0.0,0.0,0.0,0.0,,,0.0,38,37,1.0,False,Down
FUCGALGBSIDEte,Transport of Fucosyl Galactosylgloboside,"Transport, Extracellular",0.0,0.0,0.0,0.0,,,0.0,38,37,1.0,False,Down
FUCGALGBSIDEtg,Fucgalgbside hs intracellular transport,"Transport, Golgi Apparatus",0.0,0.0,0.0,0.0,,,0.0,38,37,1.0,False,Down
FUCtly,L-fucose efflux from lysosome,"Transport, Lysosomal",0.0,0.0,0.0,0.0,,,0.0,38,37,1.0,False,Down
FUT11g,Galactoside 2-alpha-L-fucosyltransferase 1,Sphingolipid Metabolism,0.0,0.0,0.0,0.0,,,0.0,38,37,1.0,False,Down
FUT12g,Galactoside 2-alpha-L-fucosyltransferase 1,Blood Group Biosynthesis,0.0,0.0,0.0,0.0,,,0.0,38,37,1.0,False,Down
FUT14g,Galactoside 2-alpha-L-fucosyltransferase 1,Blood Group Biosynthesis,0.0,0.0,0.0,0.0,,,0.0,38,37,1.0,False,Down
FUT15g,Galactoside 2-alpha-L-fucosyltransferase 1,Blood Group Biosynthesis,0.0,0.0,0.0,0.0,,,0.0,38,37,1.0,False,Down
FUT16g,Galactoside 2-alpha-L-fucosyltransferase 1,Blood Group Biosynthesis,0.0,0.0,0.0,0.0,,,0.0,38,37,1.0,False,Down
FUT17g,Galactoside 2-alpha-L-fucosyltransferase 1,Blood Group Biosynthesis,0.0,0.0,0.0,0.0,,,0.0,38,37,1.0,False,Down
FUT18g,Galactoside 2-alpha-L-fucosyltransferase 1,Blood Group Biosynthesis,0.0,0.0,0.0,0.0,,,0.0,38,37,1.0,False,Down
FUT910g,"Alpha-(1,3)-fucosyltransferase",Blood Group Biosynthesis,0.0,0.0,0.0,0.0,,,0.0,38,37,1.0,False,Down
FUT911g,"Alpha-(1,3)-fucosyltransferase",Blood Group Biosynthesis,0.0,0.0,0.0,0.0,,,0.0,38,37,1.0,False,Down
FUT91g,"Alpha-(1,3)-fucosyltransferase",Blood Group Biosynthesis,0.0,0.0,0.0,0.0,,,0.0,38,37,1.0,False,Down
FUT92g,"Alpha-(1,3)-fucosyltransferase",Blood Group Biosynthesis,0.0,0.0,0.0,0.0,,,0.0,38,37,1.0,False,Down
FUT93g,"Alpha-(1,3)-fucosyltransferase",Blood Group Biosynthesis,0.0,0.0,0.0,0.0,,,0.0,38,37,1.0,False,Down
FUT94g,"Alpha-(1,3)-fucosyltransferase",Blood Group Biosynthesis,0.0,0.0,0.0,0.0,,,0.0,38,37,1.0,False,Down
FUT95g,"Alpha-(1,3)-fucosyltransferase",Blood Group Biosynthesis,0.0,0.0,0.0,0.0,,,0.0,38,37,1.0,False,Down
FUT96g,"Alpha-(1,3)-fucosyltransferase",Blood Group Biosynthesis,0.0,0.0,0.0,0.0,,,0.0,38,37,1.0,False,Down
FUT97g,"Alpha-(1,3)-fucosyltransferase",Blood Group Biosynthesis,0.0,0.0,0.0,0.0,,,0.0,38,37,1.0,False,Down
FUT98g,"Alpha-(1,3)-fucosyltransferase",Blood Group Biosynthesis,0.0,0.0,0.0,0.0,,,0.0,38,37,1.0,False,Down
FUT99g,"Alpha-(1,3)-fucosyltransferase",Blood Group Biosynthesis,0.0,0.0,0.0,0.0,,,0.0,38,37,1.0,False,Down
G12MT1_L,"Glycolipid 1,2-alpha-D-mannosyltransferase (liver)",N-Glycan Biosynthesis,0.0,0.0,0.0,0.0,,,0.0,38,37,1.0,False,Down
G12MT1_U,"Glycolipid 1,2-alpha-D-mannosyltransferase (uterus)",N-Glycan Biosynthesis,0.0,0.0,0.0,0.0,,,0.0,38,37,1.0,False,Down
G12MT2_L,"Glycolipid 1,2-alpha-D-mannosyltransferase (liver)",N-Glycan Biosynthesis,0.0,0.0,0.0,0.0,,,0.0,38,37,1.0,False,Down
G12MT2_U,"Glycolipid 1,2-alpha-D-mannosyltransferase (uterus)",N-Glycan Biosynthesis,0.0,0.0,0.0,0.0,,,0.0,38,37,1.0,False,Down
G13MT_L,"Glycolipid 1,3-alpha-D-mannosyltransferase (liver)",N-Glycan Biosynthesis,0.0,0.0,0.0,0.0,,,0.0,38,37,1.0,False,Down
G13MT_U,"Glycolipid 1,3-alpha-D-mannosyltransferase (uterus)",N-Glycan Biosynthesis,0.0,0.0,0.0,0.0,,,0.0,38,37,1.0,False,Down
G14T10g,"Beta-N-acetylglucosaminylglycopeptide beta-1,4-galactosyltransferase, Golgi",Keratan sulfate biosynthesis,0.0,0.0,0.0,0.0,,,0.0,38,37,1.0,False,Down
G14T11g,"Beta-N-acetylglucosaminylglycopeptide beta-1,4-galactosyltransferase, Golgi",Keratan sulfate biosynthesis,0.0,0.0,0.0,0.0,,,0.0,38,37,1.0,False,Down
G14T12g,"Beta-N-acetylglucosaminylglycopeptide beta-1,4-galactosyltransferase, Golgi",Keratan sulfate biosynthesis,0.0,0.0,0.0,0.0,,,0.0,38,37,1.0,False,Down
G14T13g,"Beta-N-acetylglucosaminylglycopeptide beta-1,4-galactosyltransferase, Golgi",Keratan sulfate biosynthesis,0.0,0.0,0.0,0.0,,,0.0,38,37,1.0,False,Down
G14T14g,"Beta-N-acetylglucosaminylglycopeptide beta-1,4-galactosyltransferase, Golgi",Keratan sulfate biosynthesis,0.0,0.0,0.0,0.0,,,0.0,38,37,1.0,False,Down
G14T15g,"Beta-N-acetylglucosaminylglycopeptide beta-1,4-galactosyltransferase, Golgi",Keratan sulfate biosynthesis,0.0,0.0,0.0,0.0,,,0.0,38,37,1.0,False,Down
G14T16g,"Beta-N-acetylglucosaminylglycopeptide beta-1,4-galactosyltransferase, Golgi",Keratan sulfate biosynthesis,0.0,0.0,0.0,0.0,,,0.0,38,37,1.0,False,Down
G14T17g,"Beta-N-acetylglucosaminylglycopeptide beta-1,4-galactosyltransferase, Golgi",Keratan sulfate biosynthesis,0.0,0.0,0.0,0.0,,,0.0,38,37,1.0,False,Down
G14T18g,"Beta-N-acetylglucosaminylglycopeptide beta-1,4-galactosyltransferase, Golgi",Keratan sulfate biosynthesis,0.0,0.0,0.0,0.0,,,0.0,38,37,1.0,False,Down
G14T19g,"Beta-N-acetylglucosaminylglycopeptide beta-1,4-galactosyltransferase, Golgi",Keratan sulfate biosynthesis,0.0,0.0,0.0,0.0,,,0.0,38,37,1.0,False,Down
G14T20g,"Beta-N-acetylglucosaminylglycopeptide beta-1,4-galactosyltransferase, Golgi",Keratan sulfate biosynthesis,0.0,0.0,0.0,0.0,,,0.0,38,37,1.0,False,Down
G14T21g,"Beta-N-acetylglucosaminylglycopeptide beta-1,4-galactosyltransferase, Golgi",Keratan sulfate biosynthesis,0.0,0.0,0.0,0.0,,,0.0,38,37,1.0,False,Down
G14T2g,"Beta-N-acetylglucosaminylglycopeptide beta-1,4-galactosyltransferase, Golgi",Keratan sulfate biosynthesis,0.0,0.0,0.0,0.0,,,0.0,38,37,1.0,False,Down
G14T3g,"Beta-N-acetylglucosaminylglycopeptide beta-1,4-galactosyltransferase, Golgi",Keratan sulfate biosynthesis,0.0,0.0,0.0,0.0,,,0.0,38,37,1.0,False,Down
G14T4g,"Beta-N-acetylglucosaminylglycopeptide beta-1,4-galactosyltransferase, Golgi",Keratan sulfate biosynthesis,0.0,0.0,0.0,0.0,,,0.0,38,37,1.0,False,Down
G14T5g,"Beta-N-acetylglucosaminylglycopeptide beta-1,4-galactosyltransferase, Golgi",Keratan sulfate biosynthesis,0.0,0.0,0.0,0.0,,,0.0,38,37,1.0,False,Down
G14T6g,"Beta-N-acetylglucosaminylglycopeptide beta-1,4-galactosyltransferase, Golgi",Keratan sulfate biosynthesis,0.0,0.0,0.0,0.0,,,0.0,38,37,1.0,False,Down
G14T7g,"Beta-N-acetylglucosaminylglycopeptide beta-1,4-galactosyltransferase, Golgi",Keratan sulfate biosynthesis,0.0,0.0,0.0,0.0,,,0.0,38,37,1.0,False,Down
G14T8g,"Beta-N-acetylglucosaminylglycopeptide beta-1,4-galactosyltransferase, Golgi",Keratan sulfate biosynthesis,0.0,0.0,0.0,0.0,,,0.0,38,37,1.0,False,Down
G14T9g,"Beta-N-acetylglucosaminylglycopeptide beta-1,4-galactosyltransferase, Golgi",Keratan sulfate biosynthesis,0.0,0.0,0.0,0.0,,,0.0,38,37,1.0,False,Down
G14Tg,"Beta-N-acetylglucosaminylglycopeptide beta-1,4-galactosyltransferase",N-Glycan Biosynthesis,0.0,0.0,0.0,0.0,,,0.0,38,37,1.0,False,Down
G16MT_L,"Glycolipid 1,6-alpha-D-mannosyltransferase (liver)",N-Glycan Biosynthesis,0.0,0.0,0.0,0.0,,,0.0,38,37,1.0,False,Down
G16MT_U,"Glycolipid 1,6-alpha-D-mannosyltransferase (uterus)",N-Glycan Biosynthesis,0.0,0.0,0.0,0.0,,,0.0,38,37,1.0,False,Down
G1M6MASNB1terg,G1m6masnB1 endoplasmic reticulum to Golgi transport,N-Glycan Biosynthesis,0.0,0.0,0.0,0.0,,,0.0,38,37,1.0,False,Down
G1M7MASNBterg,G1m7masnC endoplasmic reticulum to Golgi transport,N-Glycan Biosynthesis,0.0,0.0,0.0,0.0,,,0.0,38,37,1.0,False,Down
G1M7MASNCterg,G1m7masnC endoplasmic reticulum to Golgi transport,N-Glycan Biosynthesis,0.0,0.0,0.0,0.0,,,0.0,38,37,1.0,False,Down
G1M8MASNterg,G1m8masn transport from endoplasmic reticulum to Golgi apparatus,N-Glycan Biosynthesis,0.0,0.0,0.0,0.0,,,0.0,38,37,1.0,False,Down
G1PTT,Glucose-1-phosphate thymidylyltransferase,Nucleotide Sugar Metabolism,0.0,0.0,0.0,0.0,,,0.0,38,37,1.0,False,Down
G2M8MASNterg,G2m8masn transport from endoplasmic reticulum to Golgi apparatus,N-Glycan Biosynthesis,0.0,0.0,0.0,0.0,,,0.0,38,37,1.0,False,Down
G3M8MASNterg,G3m8masn transport from endoplasmic reticulum to Golgi apparatus,N-Glycan Biosynthesis,0.0,0.0,0.0,0.0,,,0.0,38,37,1.0,False,Down
ATPM,ATP maintenance requirement,Biomass and maintenance functions,0.0,0.0,0.0,0.0,,,0.0,38,37,1.0,False,Down
EX_5fthf_e,5-Formyltetrahydrofolate exchange,Extracellular exchange,0.0,0.0,0.0,0.0,,,0.0,38,37,1.0,False,Down
EX_5homeprazole_e,5 hydroxy omeprazole exchange,Extracellular exchange,0.0,0.0,0.0,0.0,,,0.0,38,37,1.0,False,Down
G5SADs,L-glutamate 5-semialdehyde dehydratase (spontaneous),Urea cycle/amino group metabolism,0.0,0.0,0.0,0.0,,,0.0,38,37,1.0,False,Down
EX_34dhoxpeg_e,"3,4-Dihydroxyphenylethyleneglycol exchange",Extracellular exchange,0.0,0.0,0.0,0.0,,,0.0,38,37,1.0,False,Down
EX_5htrp_e,5-Hydroxy-L-tryptophan exchange,Extracellular exchange,0.0,0.0,0.0,0.0,,,0.0,38,37,1.0,False,Down
G6PDH1er_copy1,"Glucose-6-phosphate dehydrogenase, endoplasmic reticulum",Pentose Phosphate Pathway,0.0,0.0,0.0,0.0,,,0.0,38,37,1.0,False,Down
G6PDH1er_copy2,"Glucose-6-phosphate dehydrogenase, endoplasmic reticulum",Pentose Phosphate Pathway,0.0,0.0,0.0,0.0,,,0.0,38,37,1.0,False,Down
EX_34dhphe_e,"3,4-Dihydroxy-L-phenylalanine exchange",Extracellular exchange,0.0,0.0,0.0,0.0,,,0.0,38,37,1.0,False,Down
G6PDH2er,Glucose 6 phosphate dehydrogenase  endoplasmic reticulum,Pentose Phosphate Pathway,0.0,0.0,0.0,0.0,,,0.0,38,37,1.0,False,Down
G6PPer,"Glucose-6-phosphate phosphatase, edoplasmic reticular",Glycolysis/Gluconeogenesis,0.0,0.0,0.0,0.0,,,0.0,38,37,1.0,False,Down
G6Pter,Glucose 6 phosphate endoplasmic reticular transport via diffusion,"Transport, Endoplasmic Reticular",0.0,0.0,0.0,0.0,,,0.0,38,37,1.0,False,Down
GABAVESSEC,GABA secretion via secretory vesicle (ATP driven),"Transport, Extracellular",0.0,0.0,0.0,0.0,,,0.0,38,37,1.0,False,Down
GACMTRc,Guanidinoacetate N-methyltransferase (c),Urea cycle/amino group metabolism,0.0,0.0,0.0,0.0,,,0.0,38,37,1.0,False,Down
GACPAILter,Glucosaminyl-acylphosphatidylinositol ER flippase,"Transport, Endoplasmic Reticular",0.0,0.0,0.0,0.0,,,0.0,38,37,1.0,False,Down
GAL3ST11,Galactosylceramide sulfotransferase,Sphingolipid Metabolism,0.0,0.0,0.0,0.0,,,0.0,38,37,1.0,False,Down
GAL3ST12,Galactosylceramide sulfotransferase,Sphingolipid Metabolism,0.0,0.0,0.0,0.0,,,0.0,38,37,1.0,False,Down
GALACGLCGALGBSIDEte,Transport of Gal-GlcNac-Gal Globoside,"Transport, Extracellular",0.0,0.0,0.0,0.0,,,0.0,38,37,1.0,False,Down
GALACGLCGALGBSIDEtg,Galacglcgalgbside hs intracellular transport,"Transport, Golgi Apparatus",0.0,0.0,0.0,0.0,,,0.0,38,37,1.0,False,Down
GALASE10ly,"Beta-galactosidase, lysosomal",Keratan sulfate degradation,0.0,0.0,0.0,0.0,,,0.0,38,37,1.0,False,Down
GALASE11ly,"Beta-galactosidase, lysosomal",Keratan sulfate degradation,0.0,0.0,0.0,0.0,,,0.0,38,37,1.0,False,Down
GALASE12ly,"Beta-galactosidase, lysosomal",Keratan sulfate degradation,0.0,0.0,0.0,0.0,,,0.0,38,37,1.0,False,Down
GALASE13ly,"Beta-galactosidase, lysosomal",Keratan sulfate degradation,0.0,0.0,0.0,0.0,,,0.0,38,37,1.0,False,Down
GALASE14ly,"Beta-galactosidase, lysosomal",Keratan sulfate degradation,0.0,0.0,0.0,0.0,,,0.0,38,37,1.0,False,Down
GALASE15ly,"Beta-galactosidase, lysosomal",Keratan sulfate degradation,0.0,0.0,0.0,0.0,,,0.0,38,37,1.0,False,Down
GALASE16ly,"Beta-galactosidase, lysosomal",Keratan sulfate degradation,0.0,0.0,0.0,0.0,,,0.0,38,37,1.0,False,Down
GALASE17ly,"Beta-galactosidase, lysosomal",Keratan sulfate degradation,0.0,0.0,0.0,0.0,,,0.0,38,37,1.0,False,Down
GALASE18ly,"Beta-galactosidase, lysosomal",Keratan sulfate degradation,0.0,0.0,0.0,0.0,,,0.0,38,37,1.0,False,Down
GALASE19ly,"Beta-galactosidase, lysosomal",Keratan sulfate degradation,0.0,0.0,0.0,0.0,,,0.0,38,37,1.0,False,Down
GLCAASE8ly,"Beta-glucuronidase, lysosomal",Hyaluronan Metabolism,0.0,0.0,0.0,0.0,,,0.0,38,37,1.0,False,Down
GLCAASE9ly,"Beta-glucuronidase, lysosomal",Hyaluronan Metabolism,0.0,0.0,0.0,0.0,,,0.0,38,37,1.0,False,Down
GLCAE1g,Chondroitin-glucuronate 5-epimerase,Chondroitin / heparan sulfate biosynthesis,0.0,0.0,0.0,0.0,,,0.0,38,37,1.0,False,Down
GLCAE2g,Heparosan-N-sulfate-glucuronate 5-epimerase,Chondroitin / heparan sulfate biosynthesis,0.0,0.0,0.0,0.0,,,0.0,38,37,1.0,False,Down
GLCAT2g,"Chondroitin glucuronyltransferase II, Golgi apparatus",Chondroitin / heparan sulfate biosynthesis,0.0,0.0,0.0,0.0,,,0.0,38,37,1.0,False,Down
GLCAT3g,"Chondroitin glucuronyltransferase II, Golgi apparatus",Chondroitin / heparan sulfate biosynthesis,0.0,0.0,0.0,0.0,,,0.0,38,37,1.0,False,Down
GLCAT4g,"Chondroitin glucuronyltransferase II, Golgi apparatus",Chondroitin / heparan sulfate biosynthesis,0.0,0.0,0.0,0.0,,,0.0,38,37,1.0,False,Down
GLCAT5g,"Chondroitin glucuronyltransferase II, Golgi apparatus",Chondroitin / heparan sulfate biosynthesis,0.0,0.0,0.0,0.0,,,0.0,38,37,1.0,False,Down
GLCAT6g,Heparan glucuronyltransferase II,Chondroitin / heparan sulfate biosynthesis,0.0,0.0,0.0,0.0,,,0.0,38,37,1.0,False,Down
GLCAT7g,Heparan glucuronyltransferase II,Chondroitin / heparan sulfate biosynthesis,0.0,0.0,0.0,0.0,,,0.0,38,37,1.0,False,Down
GLCAT8g,Heparan glucuronyltransferase II,Chondroitin / heparan sulfate biosynthesis,0.0,0.0,0.0,0.0,,,0.0,38,37,1.0,False,Down
GLCAT9g,Heparan glucuronyltransferase II,Chondroitin / heparan sulfate biosynthesis,0.0,0.0,0.0,0.0,,,0.0,38,37,1.0,False,Down
GLCATg,"UDP-D-glucuronate:galactosylgalactosylxylose glucuronosyltransferase, Golgi apparatus",Chondroitin / heparan sulfate biosynthesis,0.0,0.0,0.0,0.0,,,0.0,38,37,1.0,False,Down
EX_35cgmp_e,"3',5'-Cyclic GMP exchange",Extracellular exchange,0.0,0.0,0.0,0.0,,,0.0,38,37,1.0,False,Down
GLCNACASE1ly,"Alpha-N-acetylglucosaminidase, lysosomal",Heparan sulfate degradation,0.0,0.0,0.0,0.0,,,0.0,38,37,1.0,False,Down
GLCNACASE2ly,"Alpha-N-acetylglucosaminidase, lysosomal",Heparan sulfate degradation,0.0,0.0,0.0,0.0,,,0.0,38,37,1.0,False,Down
GLCNACASE3ly,"Alpha-N-acetylglucosaminidase, lysosomal",Heparan sulfate degradation,0.0,0.0,0.0,0.0,,,0.0,38,37,1.0,False,Down
GLCNACASE4ly,"Alpha-N-acetylglucosaminidase, lysosomal",Heparan sulfate degradation,0.0,0.0,0.0,0.0,,,0.0,38,37,1.0,False,Down
GLCNACASE5ly,"Alpha-N-acetylglucosaminidase, lysosomal",Heparan sulfate degradation,0.0,0.0,0.0,0.0,,,0.0,38,37,1.0,False,Down
GLCNACDASg,GlcNAc N-deacetylase / N-sulfotransferase,Chondroitin / heparan sulfate biosynthesis,0.0,0.0,0.0,0.0,,,0.0,38,37,1.0,False,Down
GLCNACPT_L,UDP-GlcNAc:dolichol-phosphate GlcNAc phosphotransferase (liver),N-Glycan Biosynthesis,0.0,0.0,0.0,0.0,,,0.0,38,37,1.0,False,Down
GLCNACPT_U,UDP-GlcNAc:dolichol-phosphate GlcNAc phosphotransferase (uterus),N-Glycan Biosynthesis,0.0,0.0,0.0,0.0,,,0.0,38,37,1.0,False,Down
GLCNACT1g,"Alpha-N-acetylglucosaminyltransferase I, Golgi apparatus",Chondroitin / heparan sulfate biosynthesis,0.0,0.0,0.0,0.0,,,0.0,38,37,1.0,False,Down
GLCNACT2g,Alpha-N-acetylglucosaminyltransferase II,Chondroitin / heparan sulfate biosynthesis,0.0,0.0,0.0,0.0,,,0.0,38,37,1.0,False,Down
GLCNACT3g,Alpha-N-acetylglucosaminyltransferase II,Chondroitin / heparan sulfate biosynthesis,0.0,0.0,0.0,0.0,,,0.0,38,37,1.0,False,Down
GLCNACT4g,Alpha-N-acetylglucosaminyltransferase II,Chondroitin / heparan sulfate biosynthesis,0.0,0.0,0.0,0.0,,,0.0,38,37,1.0,False,Down
GLCNACT5g,Alpha-N-acetylglucosaminyltransferase II,Chondroitin / heparan sulfate biosynthesis,0.0,0.0,0.0,0.0,,,0.0,38,37,1.0,False,Down
GLCNACT_L,UDP-GlcNAc:N-acetyl-D-glucosaminyl diphosphodolichol N-acetyl-D-glucosaminyltransferase (liver),N-Glycan Biosynthesis,0.0,0.0,0.0,0.0,,,0.0,38,37,1.0,False,Down
GLCNACT_U,UDP-GlcNAc:N-acetyl-D-glucosaminyl diphosphodolichol N-acetyl-D-glucosaminyltransferase (uterus),N-Glycan Biosynthesis,0.0,0.0,0.0,0.0,,,0.0,38,37,1.0,False,Down
GLCURter,Glucuronate endoplasmic reticular transport,"Transport, Endoplasmic Reticular",0.0,0.0,0.0,0.0,,,0.0,38,37,1.0,False,Down
GLCURtly,Glucuronate transport into lysososme,"Transport, Lysosomal",0.0,0.0,0.0,0.0,,,0.0,38,37,1.0,False,Down
EX_3aib_e,L-3-Amino-isobutanoate exchange,Extracellular exchange,0.0,0.0,0.0,0.0,,,0.0,38,37,1.0,False,Down
EX_3mlda_e,3-Methylimidazoleacetic acid exchange,Extracellular exchange,0.0,0.0,0.0,0.0,,,0.0,38,37,1.0,False,Down
EX_4hdebrisoquine_e,4 hydroxy debrisoquine exchange,Extracellular exchange,0.0,0.0,0.0,0.0,,,0.0,38,37,1.0,False,Down
XOLTRI27te,27 trihydroxy cholesterol transport,"Transport, Extracellular",0.0,0.0,0.0,0.0,,,0.0,38,37,1.0,False,Down
XOL27OHtm,27 hydroxy cholesterol transport,"Transport, Mitochondrial",0.0,0.0,0.0,0.0,,,0.0,38,37,1.0,False,Down
GLCtg,"Glucose transport, Golgi apparatus","Transport, Golgi Apparatus",0.0,0.0,0.0,0.0,,,0.0,38,37,1.0,False,Down
GLCtly,Glucose efflux from lysosome,"Transport, Lysosomal",0.0,0.0,0.0,0.0,,,0.0,38,37,1.0,False,Down
XOL7AH2tm,"Lipid, flip-flop intracellular transport","Transport, Mitochondrial",0.0,0.0,0.0,0.0,,,0.0,38,37,1.0,False,Down
XOL7AH2tr,"Lipid, flip-flop intracellular transport","Transport, Endoplasmic Reticular",0.0,0.0,0.0,0.0,,,0.0,38,37,1.0,False,Down
XOL7AONEtr,"Lipid, flip-flop intracellular transport","Transport, Endoplasmic Reticular",0.0,0.0,0.0,0.0,,,0.0,38,37,1.0,False,Down
XOLDIOLONEt,"Lipid, flip-flop intracellular transport","Transport, Endoplasmic Reticular",0.0,0.0,0.0,0.0,,,0.0,38,37,1.0,False,Down
XOLDIOLONEtm,"Lipid, flip-flop intracellular transport","Transport, Endoplasmic Reticular",0.0,0.0,0.0,0.0,,,0.0,38,37,1.0,False,Down
XOLEST2te,Cholesterol ester transporter,"Transport, Extracellular",0.0,0.0,0.0,0.0,,,0.0,38,37,1.0,False,Down
GLNS,Glutamine synthetase,Glutamate metabolism,0.0,0.0,0.0,0.0,,,0.0,38,37,1.0,False,Down
GLNSERNaEx,L-serine/L-glutamine Na-dependent exchange (Gln-L in),"Transport, Extracellular",0.0,0.0,0.0,0.0,,,0.0,38,37,1.0,False,Down
XOLESTte,Cholesterol ester transporter,"Transport, Extracellular",0.0,0.0,0.0,0.0,,,0.0,38,37,1.0,False,Down
XOLTRI24tc,24 trihydroxy cholesterol transport,"Transport, Endoplasmic Reticular",0.0,0.0,0.0,0.0,,,0.0,38,37,1.0,False,Down
XOLTRI24te,24 trihydroxy cholesterol transport,"Transport, Extracellular",0.0,0.0,0.0,0.0,,,0.0,38,37,1.0,False,Down
GLNtm,L-glutamine transport via electroneutral transporter,"Transport, Mitochondrial",0.0,0.0,0.0,0.0,,,0.0,38,37,1.0,False,Down
XOLTRI25tc,25 trihydroxy cholesterol transport,"Transport, Endoplasmic Reticular",0.0,0.0,0.0,0.0,,,0.0,38,37,1.0,False,Down
XOLTRI25te,25 trihydroxy cholesterol transport,"Transport, Extracellular",0.0,0.0,0.0,0.0,,,0.0,38,37,1.0,False,Down
EX_acngalacglcgal14acglcgalgluside_hs_e,VI3NeuAc-nLc6Cer exchange,Extracellular exchange,0.0,0.0,0.0,0.0,,,0.0,38,37,1.0,False,Down
EX_4nph_e,4-Nitrophenol exchange,Extracellular exchange,0.0,0.0,0.0,0.0,,,0.0,38,37,1.0,False,Down
GLUCYS,Gamma-glutamylcysteine synthetase,Glutathione Metabolism,0.0,0.0,0.0,0.0,,,0.0,38,37,1.0,False,Down
LEUKTRB4t,Leukotriene B4 transmembrane (homo sapiens) transport,"Transport, Extracellular",0.0,0.0,0.0,0.0,,,0.0,38,37,1.0,False,Down
EX_adn_e,Adenosine exchange,Extracellular exchange,0.0,0.0,0.0,0.0,,,0.0,38,37,1.0,False,Down
GCALDDm,"Glycolaldehyde dehydrogenase, mitochondrial",Glyoxylate and Dicarboxylate Metabolism,0.0,0.0,0.0,0.0,,,0.0,38,37,1.0,False,Down
GCC2am,Glycine cleavage complex  lipoamide   mitochondrial,"Glycine, Serine, and Threonine Metabolism",0.0,0.0,0.0,0.0,,,0.0,38,37,1.0,False,Down
GCC2bim,Glycine cleavage system  lipoamide  irreversible  mitochondrial,"Glycine, Serine, and Threonine Metabolism",0.0,0.0,0.0,0.0,,,0.0,38,37,1.0,False,Down
GCC2cm,Glycine cleavage complex  lipoamide   mitochondrial,"Glycine, Serine, and Threonine Metabolism",0.0,0.0,0.0,0.0,,,0.0,38,37,1.0,False,Down
GCCam,Glycine cleavage complex  lipoylprotein   mitochondrial,"Glycine, Serine, and Threonine Metabolism",0.0,0.0,0.0,0.0,,,0.0,38,37,1.0,False,Down
GCCbim,Glycine cleavage complex  lipoylprotein  irreversible  mitochondrial,"Glycine, Serine, and Threonine Metabolism",0.0,0.0,0.0,0.0,,,0.0,38,37,1.0,False,Down
GCCcm,Glycine cleavage complex  lipoylprotein   mitochondrial,"Glycine, Serine, and Threonine Metabolism",0.0,0.0,0.0,0.0,,,0.0,38,37,1.0,False,Down
EX_adp_e,Adp exchange,Extracellular exchange,0.0,0.0,0.0,0.0,,,0.0,38,37,1.0,False,Down
GCHOLAt3,ABC bile acid transporter,"Transport, Extracellular",0.0,0.0,0.0,0.0,,,0.0,38,37,1.0,False,Down
EX_adprbp_e,ADPribose 2'-phosphate exchange,Extracellular exchange,0.0,0.0,0.0,0.0,,,0.0,38,37,1.0,False,Down
GCHOLAtx,Bile acid intracellular transport,"Transport, Peroxisomal",0.0,0.0,0.0,0.0,,,0.0,38,37,1.0,False,Down
GCNTg,"N-acetyllactosaminide beta-1,6-N-acetylglucosaminyl-transferase",Blood Group Biosynthesis,0.0,0.0,0.0,0.0,,,0.0,38,37,1.0,False,Down
GD1B2te,Gd1b2 hs transport,"Transport, Extracellular",0.0,0.0,0.0,0.0,,,0.0,38,37,1.0,False,Down
GD1B2tg,Gd1b2 hs intracellular transport,"Transport, Golgi Apparatus",0.0,0.0,0.0,0.0,,,0.0,38,37,1.0,False,Down
GD1Cte,Gd1c hs  transport,"Transport, Extracellular",0.0,0.0,0.0,0.0,,,0.0,38,37,1.0,False,Down
GD1Ctg,Gd1c hs  intracellular transport,"Transport, Golgi Apparatus",0.0,0.0,0.0,0.0,,,0.0,38,37,1.0,False,Down
GDCHOLAte,Bile acid intracellular transport,"Transport, Extracellular",0.0,0.0,0.0,0.0,,,0.0,38,37,1.0,False,Down
GDCHOLAtx,Bile acid intracellular transport,"Transport, Peroxisomal",0.0,0.0,0.0,0.0,,,0.0,38,37,1.0,False,Down
GDPFUCtg,GDPFuc Golgi transport via CMP antiport,"Transport, Golgi Apparatus",0.0,0.0,0.0,0.0,,,0.0,38,37,1.0,False,Down
GDPtg,GDP intracellular transport,"Transport, Golgi Apparatus",0.0,0.0,0.0,0.0,,,0.0,38,37,1.0,False,Down
EX_adprib_e,ADPribose exchange,Extracellular exchange,0.0,0.0,0.0,0.0,,,0.0,38,37,1.0,False,Down
GFUCS,GDP-L-fucose synthase,Fructose and Mannose Metabolism,0.0,0.0,0.0,0.0,,,0.0,38,37,1.0,False,Down
GGH_10FTHF5GLUe,"Gamma-glutamyl hydrolase (10FTHF5GLU), extracellular",Folate Metabolism,0.0,0.0,0.0,0.0,,,0.0,38,37,1.0,False,Down
GGH_10FTHF5GLUl,"Gamma-glutamyl hydrolase (10FTHF5GLU), lysosomal",Folate Metabolism,0.0,0.0,0.0,0.0,,,0.0,38,37,1.0,False,Down
GGH_10FTHF6GLUe,"Gamma-glutamyl hydrolase (10FTHF6GLU), extracellular",Folate Metabolism,0.0,0.0,0.0,0.0,,,0.0,38,37,1.0,False,Down
GGH_10FTHF6GLUl,"Gamma-glutamyl hydrolase (10FTHF6GLU), lysosomal",Folate Metabolism,0.0,0.0,0.0,0.0,,,0.0,38,37,1.0,False,Down
GGH_10FTHF7GLUe,"Gamma-glutamyl hydrolase (10FTHF7GLU), extracellular",Folate Metabolism,0.0,0.0,0.0,0.0,,,0.0,38,37,1.0,False,Down
GGH_10FTHF7GLUl,"Gamma-glutamyl hydrolase (10FTHF7GLU), lysosomal",Folate Metabolism,0.0,0.0,0.0,0.0,,,0.0,38,37,1.0,False,Down
GGH_5DHFe,"Gamma-glutamyl hydrolase (5DHF), extracellular",Folate Metabolism,0.0,0.0,0.0,0.0,,,0.0,38,37,1.0,False,Down
GGH_5DHFl,"Gamma-glutamyl hydrolase (5DHF), lysosomal",Folate Metabolism,0.0,0.0,0.0,0.0,,,0.0,38,37,1.0,False,Down
GGH_5THFe,"Gamma-glutamyl hydrolase (5THF), extracellular",Folate Metabolism,0.0,0.0,0.0,0.0,,,0.0,38,37,1.0,False,Down
EX_adrn_e,Adrenic acid exchange,Extracellular exchange,0.0,0.0,0.0,0.0,,,0.0,38,37,1.0,False,Down
GGH_6DHFe,"Gamma-glutamyl hydrolase (6DHF), extracellular",Folate Metabolism,0.0,0.0,0.0,0.0,,,0.0,38,37,1.0,False,Down
GGH_6DHFl,"Gamma-glutamyl hydrolase (6DHF), lysosomal",Folate Metabolism,0.0,0.0,0.0,0.0,,,0.0,38,37,1.0,False,Down
GGH_6THFe,"Gamma-glutamyl hydrolase (6THF), extracellular",Folate Metabolism,0.0,0.0,0.0,0.0,,,0.0,38,37,1.0,False,Down
GGH_6THFl,"Gamma-glutamyl hydrolase (6THF), lysosomal",Folate Metabolism,0.0,0.0,0.0,0.0,,,0.0,38,37,1.0,False,Down
GGH_7DHFe,"Gamma-glutamyl hydrolase (7DHF), extracellular",Folate Metabolism,0.0,0.0,0.0,0.0,,,0.0,38,37,1.0,False,Down
GGH_7DHFl,"Gamma-glutamyl hydrolase (7DHF), lysosomal",Folate Metabolism,0.0,0.0,0.0,0.0,,,0.0,38,37,1.0,False,Down
GGH_7THFe,"Gamma-glutamyl hydrolase (7THF), extracellular",Folate Metabolism,0.0,0.0,0.0,0.0,,,0.0,38,37,1.0,False,Down
GGH_7THFl,"Gamma-glutamyl hydrolase (7THF), lysosomal",Folate Metabolism,0.0,0.0,0.0,0.0,,,0.0,38,37,1.0,False,Down
GGLUCT,Gamma-glutamylcyclotransferase,Glutathione Metabolism,0.0,0.0,0.0,0.0,,,0.0,38,37,1.0,False,Down
EX_adrnl_e,Adrenaline exchange,Extracellular exchange,0.0,0.0,0.0,0.0,,,0.0,38,37,1.0,False,Down
GGT5r,Gamma-glutamyltransferase 5,Eicosanoid Metabolism,0.0,0.0,0.0,0.0,,,0.0,38,37,1.0,False,Down
GGT6,Gamma-glutamyltransferase,Eicosanoid Metabolism,0.0,0.0,0.0,0.0,,,0.0,38,37,1.0,False,Down
GGT_L,Geranylgeranyltransferase (liver),N-Glycan Biosynthesis,0.0,0.0,0.0,0.0,,,0.0,38,37,1.0,False,Down
GGT_U,Geranylgeranyltransferase (uterus),N-Glycan Biosynthesis,0.0,0.0,0.0,0.0,,,0.0,38,37,1.0,False,Down
EX_aflatoxin_e,Aflatoxin B1 exchange,Extracellular exchange,0.0,0.0,0.0,0.0,,,0.0,38,37,1.0,False,Down
GHMT2rm,Glycine hydroxymethyltransferase  reversible  mitochondrial,"Glycine, Serine, and Threonine Metabolism",0.0,0.0,0.0,0.0,,,0.0,38,37,1.0,False,Down
GHMT3,Glycine hydroxymethyltransferase,Lysine Metabolism,0.0,0.0,0.0,0.0,,,0.0,38,37,1.0,False,Down
GHMT3m,"Glycine hydroxymethyltransferase, mitochondrial",Lysine Metabolism,0.0,0.0,0.0,0.0,,,0.0,38,37,1.0,False,Down
EX_ahandrostanglc_e,Etiocholan-3alpha-ol-17-one 3-glucuronide exchange,Extracellular exchange,0.0,0.0,0.0,0.0,,,0.0,38,37,1.0,False,Down
GK1m,"Guanylate kinase (GMP:ATP), mitochondrial",Nucleotides,0.0,0.0,0.0,0.0,,,0.0,38,37,1.0,False,Down
GLACO,D-Glucuronolactone:NAD+ oxidoreductase,Ascorbate and Aldarate Metabolism,0.0,0.0,0.0,0.0,,,0.0,38,37,1.0,False,Down
GLACOm,"D-Glucuronolactone:NAD+ oxidoreductase, mitochondrial",Ascorbate and Aldarate Metabolism,0.0,0.0,0.0,0.0,,,0.0,38,37,1.0,False,Down
DM_core7_g,"Demand for Core7, Golgi Apparatus",Intracellular demand,0.0,0.0,0.0,0.0,,,0.0,38,37,1.0,False,Down
GLAl,"Galactosidase, alpha",Sphingolipid Metabolism,0.0,0.0,0.0,0.0,,,0.0,38,37,1.0,False,Down
GLB1,Beta-galactosidase,Sphingolipid Metabolism,0.0,0.0,0.0,0.0,,,0.0,38,37,1.0,False,Down
DM_core8_g,"Demand for Core8, Golgi Apparatus",Intracellular demand,0.0,0.0,0.0,0.0,,,0.0,38,37,1.0,False,Down
GLCAASE1ly,"Beta-glucuronidase, lysosomal",Heparan sulfate degradation,0.0,0.0,0.0,0.0,,,0.0,38,37,1.0,False,Down
GLCAASE4ly,"Beta-glucuronidase, lysosomal",Chondroitin sulfate degradation,0.0,0.0,0.0,0.0,,,0.0,38,37,1.0,False,Down
GLCAASE5ly,"Beta-glucuronidase, lysosomal",Chondroitin sulfate degradation,0.0,0.0,0.0,0.0,,,0.0,38,37,1.0,False,Down
GLCAASE6ly,"Beta-glucuronidase, lysosomal",Chondroitin sulfate degradation,0.0,0.0,0.0,0.0,,,0.0,38,37,1.0,False,Down
GLCAASE7ly,"Beta-glucuronidase, lysosomal",Chondroitin sulfate degradation,0.0,0.0,0.0,0.0,,,0.0,38,37,1.0,False,Down
DM_datp_n,"Demand for dATP, Nuclear",Intracellular demand,0.0,0.0,0.0,0.0,,,0.0,38,37,1.0,False,Down
DM_13_cis_oretn_n,13-cis-oxo-retinoic acid demand,Intracellular demand,0.0,0.0,0.0,0.0,,,0.0,38,37,1.0,False,Down
DM_13_cis_retn_n,13-cis-retinoate demand,Intracellular demand,0.0,0.0,0.0,0.0,,,0.0,38,37,1.0,False,Down
EX_ak2lgchol_hs_e,1-alkyl 2-lysoglycerol 3-phosphocholine exchange,Extracellular exchange,0.0,0.0,0.0,0.0,,,0.0,38,37,1.0,False,Down
GLUtr,Intracellular transport,"Transport, Endoplasmic Reticular",0.0,0.0,0.0,0.0,,,0.0,38,37,1.0,False,Down
EX_akg_e,2-Oxoglutarate exchange,Extracellular exchange,0.0,0.0,0.0,0.0,,,0.0,38,37,1.0,False,Down
GLXtm,"Glyoxylate transport, mitochondrial","Transport, Mitochondrial",0.0,0.0,0.0,0.0,,,0.0,38,37,1.0,False,Down
EX_ala_B_e,Beta-Alanine exchange,Extracellular exchange,0.0,0.0,0.0,0.0,,,0.0,38,37,1.0,False,Down
GLYAMDTRc,Glycine amidinotransferase (c),Urea cycle/amino group metabolism,0.0,0.0,0.0,0.0,,,0.0,38,37,1.0,False,Down
DM_Asn_X_Ser_Thr_l,DM Asn  X  Ser FSLASH Thr LPAREN ly RPAREN ,Intracellular demand,0.0,0.0,0.0,0.0,,,0.0,38,37,1.0,False,Down
GLYBt4_2_r,GLYBt4 LPAREN 2 RPAREN r,"Transport, Extracellular",0.0,0.0,0.0,0.0,,,0.0,38,37,1.0,False,Down
GLYBtm,Glycine betaine transport via diffusion (mitochondria to cytosol),"Transport, Mitochondrial",0.0,0.0,0.0,0.0,,,0.0,38,37,1.0,False,Down
EX_4nphsf_e,4-Nitrophenyl sulfate exchange,Extracellular exchange,0.0,0.0,0.0,0.0,,,0.0,38,37,1.0,False,Down
GLYC3Ptm,Glycerol 3 phosphate shuttle,"Transport, Mitochondrial",0.0,0.0,0.0,0.0,,,0.0,38,37,1.0,False,Down
DM_Ser_Gly_Ala_X_Gly_l,DM Ser  Gly FSLASH Ala  X  Gly LPAREN ly RPAREN ,Intracellular demand,0.0,0.0,0.0,0.0,,,0.0,38,37,1.0,False,Down
DM_dctp_n,"Demand for dCTP, Nuclear",Intracellular demand,0.0,0.0,0.0,0.0,,,0.0,38,37,1.0,False,Down
GLYCLTDym,"Glycolate dehydrogenase (NADP), mitochondrial",Glyoxylate and Dicarboxylate Metabolism,0.0,0.0,0.0,0.0,,,0.0,38,37,1.0,False,Down
DM_dem2emgacpail_prot_hs_r,"Demand for  Deacylated-(Phosphoethanolaminyl-Dimannosyl),(Phosphoethanolaminyl)-Mannosyl-Glucosaminyl-Acylphosphatidylinositol,  Endoplasmatic Reticulum",Intracellular demand,0.0,0.0,0.0,0.0,,,0.0,38,37,1.0,False,Down
EX_aldstrn_e,Aldosterone exchange,Extracellular exchange,0.0,0.0,0.0,0.0,,,0.0,38,37,1.0,False,Down
EX_amp_e,AMP exchange,Extracellular exchange,0.0,0.0,0.0,0.0,,,0.0,38,37,1.0,False,Down
GLYCtm,Glycerol transport,"Transport, Mitochondrial",0.0,0.0,0.0,0.0,,,0.0,38,37,1.0,False,Down
DM_dgpi_prot_hs_r,"Demand for  Deacylated-Glycophosphatidylinositol (Gpi)-Anchored Protein,  Endoplasmatic Reticulum",Intracellular demand,0.0,0.0,0.0,0.0,,,0.0,38,37,1.0,False,Down
GLYKm,Glycerol kinase,Glycerophospholipid Metabolism,0.0,0.0,0.0,0.0,,,0.0,38,37,1.0,False,Down
GLYOX,Hydroxyacylglutathione hydrolase,Pyruvate Metabolism,0.0,0.0,0.0,0.0,,,0.0,38,37,1.0,False,Down
GLYOXm,Hydroxyacylglutathione hydrolase  mitochondrial,Pyruvate Metabolism,0.0,0.0,0.0,0.0,,,0.0,38,37,1.0,False,Down
EX_4pyrdx_e,4-Pyridoxate exchange,Extracellular exchange,0.0,0.0,0.0,0.0,,,0.0,38,37,1.0,False,Down
GLYVESSEC,Glycine secretion via secretory vesicle (ATP driven),"Transport, Extracellular",0.0,0.0,0.0,0.0,,,0.0,38,37,1.0,False,Down
EX_andrstrn_e,Androsterone exchange,Extracellular exchange,0.0,0.0,0.0,0.0,,,0.0,38,37,1.0,False,Down
GLYt2rL,Glycine reversible transport via proton symport (lysosome),"Transport, Lysosomal",0.0,0.0,0.0,0.0,,,0.0,38,37,1.0,False,Down
EX_andrstrnglc_e,Androsterone glucuronide exchange,Extracellular exchange,0.0,0.0,0.0,0.0,,,0.0,38,37,1.0,False,Down
EX_5adtststerone_e,5alpha-Dihydrotestosterone exchange,Extracellular exchange,0.0,0.0,0.0,0.0,,,0.0,38,37,1.0,False,Down
EX_antipyrene_e,Antipyrene exchange,Extracellular exchange,0.0,0.0,0.0,0.0,,,0.0,38,37,1.0,False,Down
DM_dgtp_n,"Demand for dGTP, Nuclear",Intracellular demand,0.0,0.0,0.0,0.0,,,0.0,38,37,1.0,False,Down
DM_dsT_antigen_g,"Demand for  Disialyl-T Antigen,  Golgi Apparatus",Intracellular demand,0.0,0.0,0.0,0.0,,,0.0,38,37,1.0,False,Down
GMAND,GDP-D-mannose dehydratase,Fructose and Mannose Metabolism,0.0,0.0,0.0,0.0,,,0.0,38,37,1.0,False,Down
GMPR,GMP reductase,Nucleotides,0.0,0.0,0.0,0.0,,,0.0,38,37,1.0,False,Down
EX_5adtststeroneglc_e,5alpha-Dihydrotestosterone glucuronide exchange,Extracellular exchange,0.0,0.0,0.0,0.0,,,0.0,38,37,1.0,False,Down
GMPtg,GMP transport (Golgi),"Transport, Golgi Apparatus",0.0,0.0,0.0,0.0,,,0.0,38,37,1.0,False,Down
GMPtn,GMP nuclear transport,"Transport, Nuclear",0.0,0.0,0.0,0.0,,,0.0,38,37,1.0,False,Down
DM_dttp_n,"Demand for dTTP, Nuclear",Intracellular demand,0.0,0.0,0.0,0.0,,,0.0,38,37,1.0,False,Down
GNDer,"Phosphogluconate dehydrogenase, endoplasmic reticulum",Pentose Phosphate Pathway,0.0,0.0,0.0,0.0,,,0.0,38,37,1.0,False,Down
GNMT,Glycine N-methyltransferase,"Glycine, Serine, and Threonine Metabolism",0.0,0.0,0.0,0.0,,,0.0,38,37,1.0,False,Down
GP1CALPHAte,Gp1calpha hs transport,"Transport, Extracellular",0.0,0.0,0.0,0.0,,,0.0,38,37,1.0,False,Down
GP1CALPHAtg,Gp1calpha hs intracellular transport,"Transport, Golgi Apparatus",0.0,0.0,0.0,0.0,,,0.0,38,37,1.0,False,Down
GP1Cte,Gp1c hs transport,"Transport, Extracellular",0.0,0.0,0.0,0.0,,,0.0,38,37,1.0,False,Down
GP1Ctg,Gp1c hs intracellular transport,"Transport, Golgi Apparatus",0.0,0.0,0.0,0.0,,,0.0,38,37,1.0,False,Down
DM_ethamp_r,Ethanolamine phosphate demand,Intracellular demand,0.0,0.0,0.0,0.0,,,0.0,38,37,1.0,False,Down
GPAMm_hs,Glycerol-3-phosphate acyltransferase,Triacylglycerol Synthesis,0.0,0.0,0.0,0.0,,,0.0,38,37,1.0,False,Down
GPDDA1,Glycerophosphodiester phosphodiesterase (Glycerophosphocholine),Glycerophospholipid Metabolism,0.0,0.0,0.0,0.0,,,0.0,38,37,1.0,False,Down
GPIAT,Glucosaminylphosphatidyl inositol acetyltransferase,Glycosylphosphatidylinositol (GPI)-anchor biosynthesis,0.0,0.0,0.0,0.0,,,0.0,38,37,1.0,False,Down
GPIDA2er,"Glycophosphatidylinositol (GPI) deacylase, endoplasmic reticulum",Glycosylphosphatidylinositol (GPI)-anchor biosynthesis,0.0,0.0,0.0,0.0,,,0.0,38,37,1.0,False,Down
GPIDAer,"Glycophosphatidylinositol (GPI) deacylase, endoplasmic reticulum",Glycosylphosphatidylinositol (GPI)-anchor biosynthesis,0.0,0.0,0.0,0.0,,,0.0,38,37,1.0,False,Down
GPIMTer_L,"GlcN-acylPI mannosyltransferase, endoplasmic reticulum",Glycosylphosphatidylinositol (GPI)-anchor biosynthesis,0.0,0.0,0.0,0.0,,,0.0,38,37,1.0,False,Down
GPIMTer_U,"GlcN-acylPI mannosyltransferase, endoplasmic reticulum",Glycosylphosphatidylinositol (GPI)-anchor biosynthesis,0.0,0.0,0.0,0.0,,,0.0,38,37,1.0,False,Down
GQ1BALPHAte,Gq1balpha hs transport,"Transport, Extracellular",0.0,0.0,0.0,0.0,,,0.0,38,37,1.0,False,Down
GQ1BALPHAtg,Gq1balpha hs intracellular transport,"Transport, Golgi Apparatus",0.0,0.0,0.0,0.0,,,0.0,38,37,1.0,False,Down
GQ1Bte,Gq1b hs transport,"Transport, Extracellular",0.0,0.0,0.0,0.0,,,0.0,38,37,1.0,False,Down
GQ1Btg,Gq1b hs intracellular transport,"Transport, Golgi Apparatus",0.0,0.0,0.0,0.0,,,0.0,38,37,1.0,False,Down
GRTT,Geranyltranstransferase,Cholesterol Metabolism,0.0,0.0,0.0,0.0,,,0.0,38,37,1.0,False,Down
DM_gncore2_g,"Demand for gncore  2, Golgi Apparatus",Intracellular demand,0.0,0.0,0.0,0.0,,,0.0,38,37,1.0,False,Down
GSNKm,Guanosine kinase (mitochondrial),Nucleotides,0.0,0.0,0.0,0.0,,,0.0,38,37,1.0,False,Down
GSNt,Guanosine facilated transport in cytosol,"Transport, Extracellular",0.0,0.0,0.0,0.0,,,0.0,38,37,1.0,False,Down
GSNt4,Guanosine transport in via sodium symport,"Transport, Extracellular",0.0,0.0,0.0,0.0,,,0.0,38,37,1.0,False,Down
GSNt5,Guanosine transport in via sodium (1:2) symport,"Transport, Extracellular",0.0,0.0,0.0,0.0,,,0.0,38,37,1.0,False,Down
GSNtl,Guanosine facilated transport from lysosome,"Transport, Lysosomal",0.0,0.0,0.0,0.0,,,0.0,38,37,1.0,False,Down
DM_gpi_sig_r,DM gpi sig LPAREN er RPAREN ,Intracellular demand,0.0,0.0,0.0,0.0,,,0.0,38,37,1.0,False,Down
GLUNm,Glutaminase (mitochondrial),Glutamate metabolism,0.0,0.0,0.0,0.0,,,0.0,38,37,1.0,False,Down
GLUPRT,Glutamine phosphoribosyldiphosphate amidotransferase,IMP Biosynthesis,0.0,0.0,0.0,0.0,,,0.0,38,37,1.0,False,Down
EX_5adtststerones_e,5alpha-Dihydrotestosterone sulfate exchange,Extracellular exchange,0.0,0.0,0.0,0.0,,,0.0,38,37,1.0,False,Down
DM_hretn_n,4 hydroxy retinoic acid demand,Intracellular demand,0.0,0.0,0.0,0.0,,,0.0,38,37,1.0,False,Down
GTHPe,Glutathione peroxidase,Glutathione Metabolism,0.0,0.0,0.0,0.0,,,0.0,38,37,1.0,False,Down
DM_kdn_c,"Demand for  2-Keto-3-Deoxy-D-Glycero-D-Galactononic Acid,  Cytosolic",Intracellular demand,0.0,0.0,0.0,0.0,,,0.0,38,37,1.0,False,Down
GTHRDt,Glutathione transport into mitochondria,Glutathione Metabolism,0.0,0.0,0.0,0.0,,,0.0,38,37,1.0,False,Down
GTHRDtr,Glutathione transport via diffusion,"Transport, Endoplasmic Reticular",0.0,0.0,0.0,0.0,,,0.0,38,37,1.0,False,Down
GTHS,Glutathione synthetase,Glutathione Metabolism,0.0,0.0,0.0,0.0,,,0.0,38,37,1.0,False,Down
GTMLTe,G-glutamyltransferase (e),Glutathione Metabolism,0.0,0.0,0.0,0.0,,,0.0,38,37,1.0,False,Down
GTPCI,GTP cyclohydrolase I,Tetrahydrobiopterin,0.0,0.0,0.0,0.0,,,0.0,38,37,1.0,False,Down
GTPCIn,"GTP cyclohydrolase I, nuclear",Tetrahydrobiopterin,0.0,0.0,0.0,0.0,,,0.0,38,37,1.0,False,Down
GTPtn,GTP diffusion in nucleus,"Transport, Nuclear",0.0,0.0,0.0,0.0,,,0.0,38,37,1.0,False,Down
GUACYC,Guanylate cyclase,Nucleotides,0.0,0.0,0.0,0.0,,,0.0,38,37,1.0,False,Down
GUAD,Guanine deaminase,Purine Catabolism,0.0,0.0,0.0,0.0,,,0.0,38,37,1.0,False,Down
EX_apnnox_e,Alpha-Pinene-oxide exchange,Extracellular exchange,0.0,0.0,0.0,0.0,,,0.0,38,37,1.0,False,Down
EX_appnn_e,(+)-alpha-Pinene exchange,Extracellular exchange,0.0,0.0,0.0,0.0,,,0.0,38,37,1.0,False,Down
DM_m_em_3gacpail_prot_hs_r,DM m LPAREN em RPAREN 3gacpail prot hs r,Intracellular demand,0.0,0.0,0.0,0.0,,,0.0,38,37,1.0,False,Down
EX_5dhf_e,Pentaglutamyl folate (DHF) exchange,Extracellular exchange,0.0,0.0,0.0,0.0,,,0.0,38,37,1.0,False,Down
EX_aprgstrn_e,20alpha-Hydroxyprogesterone exchange,Extracellular exchange,0.0,0.0,0.0,0.0,,,0.0,38,37,1.0,False,Down
EX_aqcobal_e,Aquacob(III)alamin exchange,Extracellular exchange,0.0,0.0,0.0,0.0,,,0.0,38,37,1.0,False,Down
GUR1PP,Glucuronate 1-phosphate phosphatase,Pentose and Glucuronate Interconversions,0.0,0.0,0.0,0.0,,,0.0,38,37,1.0,False,Down
EX_5mthf_e,5-Methyltetrahydrofolate exchange,Extracellular exchange,0.0,0.0,0.0,0.0,,,0.0,38,37,1.0,False,Down
EX_arab__L_e,L-Arabinose exchange,Extracellular exchange,0.0,0.0,0.0,0.0,,,0.0,38,37,1.0,False,Down
DM_mem2emgacpail_prot_hs_r,"Demand for  ({[(mannosyl),(phosphoethanolaminyl)]-dimannosyl},{phosphoethanolaminyl})-mannosyl-glucosaminyl-acylphosphatidylinositol-Protein (M4B),  Endoplasmatic Reticulum",Intracellular demand,0.0,0.0,0.0,0.0,,,0.0,38,37,1.0,False,Down
DM_n5m2masn_g,"Demand for  ((N-Acetyl-D-Glucosaminyl)5-(Alpha-D-Mannosyl)2-Beta-D-Mannosyl-Diacetylchitobiosyl)-L-Asparagine (Protein),  Golgi Apparatus",Intracellular demand,0.0,0.0,0.0,0.0,,,0.0,38,37,1.0,False,Down
EX_arachd_e,NC20:4 exchange,Extracellular exchange,0.0,0.0,0.0,0.0,,,0.0,38,37,1.0,False,Down
H2ETer,"H2 phosphoethanolaminyl transferase, endoplasmic reticulum",Glycosylphosphatidylinositol (GPI)-anchor biosynthesis,0.0,0.0,0.0,0.0,,,0.0,38,37,1.0,False,Down
H2MTer_L,"H2 mannosyltransferase, endoplasmic reticulum",Glycosylphosphatidylinositol (GPI)-anchor biosynthesis,0.0,0.0,0.0,0.0,,,0.0,38,37,1.0,False,Down
H2MTer_U,"H2 mannosyltransferase, endoplasmic reticulum",Glycosylphosphatidylinositol (GPI)-anchor biosynthesis,0.0,0.0,0.0,0.0,,,0.0,38,37,1.0,False,Down
DM_sTn_antigen_g,"Demand for  Sialyl-Tn Antigen,  Golgi Apparatus",Intracellular demand,0.0,0.0,0.0,0.0,,,0.0,38,37,1.0,False,Down
EX_5thf_e,Pentaglutamyl folate (THF) exchange,Extracellular exchange,0.0,0.0,0.0,0.0,,,0.0,38,37,1.0,False,Down
H2O2tly,Hydrogen peroxide lysosomal transport via diffusion,"Transport, Lysosomal",0.0,0.0,0.0,0.0,,,0.0,38,37,1.0,False,Down
DM_sprm_c,"Demand for  Spermine,  Cytosolic",Intracellular demand,0.0,0.0,0.0,0.0,,,0.0,38,37,1.0,False,Down
H2O2tn,Hydrogen peroxide nuclear transport,"Transport, Nuclear",0.0,0.0,0.0,0.0,,,0.0,38,37,1.0,False,Down
DM_yvite_c,Gamma-Tocopherol demand,Intracellular demand,0.0,0.0,0.0,0.0,,,0.0,38,37,1.0,False,Down
SK_T_antigen_g,DM T antigen[g],Intracellular source/sink,0.0,0.0,0.0,0.0,,,0.0,38,37,1.0,False,Down
EX_asp__D_e,D-Aspartate exchange,Extracellular exchange,0.0,0.0,0.0,0.0,,,0.0,38,37,1.0,False,Down
H2Otg,"H2O transport, Golgi apparatus","Transport, Golgi Apparatus",0.0,0.0,0.0,0.0,,,0.0,38,37,1.0,False,Down
EX_6dhf_e,Haxglutamyl folate (DHF) exchange,Extracellular exchange,0.0,0.0,0.0,0.0,,,0.0,38,37,1.0,False,Down
EX_10fthf_e,10-Formyltetrahydrofolate exchange,Extracellular exchange,0.0,0.0,0.0,0.0,,,0.0,38,37,1.0,False,Down
H2Otn,H2O transport  nuclear,"Transport, Nuclear",0.0,0.0,0.0,0.0,,,0.0,38,37,1.0,False,Down
EX_10fthf5glu_e,10-formyltetrahydrofolate-[Glu](5) exchange,Extracellular exchange,0.0,0.0,0.0,0.0,,,0.0,38,37,1.0,False,Down
H3ETer,"H3 phosphoethanolaminyl transferase, endoplasmic reticulum",Glycosylphosphatidylinositol (GPI)-anchor biosynthesis,0.0,0.0,0.0,0.0,,,0.0,38,37,1.0,False,Down
H3MTer_L,"H3 mannosyltransferase, endoplasmic reticulum",Glycosylphosphatidylinositol (GPI)-anchor biosynthesis,0.0,0.0,0.0,0.0,,,0.0,38,37,1.0,False,Down
H3MTer_U,"H3 mannosyltransferase, endoplasmic reticulum",Glycosylphosphatidylinositol (GPI)-anchor biosynthesis,0.0,0.0,0.0,0.0,,,0.0,38,37,1.0,False,Down
GSNtm,Guanosine facilated transport in mitochondria,"Transport, Mitochondrial",0.0,0.0,0.0,0.0,,,0.0,38,37,1.0,False,Down
GT1Ate,Gt1a hs transport,"Transport, Extracellular",0.0,0.0,0.0,0.0,,,0.0,38,37,1.0,False,Down
GT1Atg,Gt1a hs intracellular transport,"Transport, Golgi Apparatus",0.0,0.0,0.0,0.0,,,0.0,38,37,1.0,False,Down
EX_6htststerone_e,6 beta hydroxy testosterone exchange,Extracellular exchange,0.0,0.0,0.0,0.0,,,0.0,38,37,1.0,False,Down
EX_atp_e,EX atp LPAREN e RPAREN ,Extracellular exchange,0.0,0.0,0.0,0.0,,,0.0,38,37,1.0,False,Down
H8MTer_L,"H8 mannosyltransferase, endoplasmic reticulum",Glycosylphosphatidylinositol (GPI)-anchor biosynthesis,0.0,0.0,0.0,0.0,,,0.0,38,37,1.0,False,Down
H8MTer_U,"H8 mannosyltransferase, endoplasmic reticulum",Glycosylphosphatidylinositol (GPI)-anchor biosynthesis,0.0,0.0,0.0,0.0,,,0.0,38,37,1.0,False,Down
H8TAer,"H8 transamidase, endoplasmic reticulum",Glycosylphosphatidylinositol (GPI)-anchor biosynthesis,0.0,0.0,0.0,0.0,,,0.0,38,37,1.0,False,Down
EX_avite1_e,Alpha-Tocopherol exchange,Extracellular exchange,0.0,0.0,0.0,0.0,,,0.0,38,37,1.0,False,Down
HACD1x,(S)-3-Hydroxybutanoyl-CoA:NAD oxidoreductase,Tryptophan metabolism,0.0,0.0,0.0,0.0,,,0.0,38,37,1.0,False,Down
HACD9m,"(2S,3S)-3-hydroxy-2-methylbutanoyl-CoA:NAD+ oxidoreductase","Valine, Leucine, and Isoleucine Metabolism",0.0,0.0,0.0,0.0,,,0.0,38,37,1.0,False,Down
HAS1,Hyaluronan synthase,Hyaluronan Metabolism,0.0,0.0,0.0,0.0,,,0.0,38,37,1.0,False,Down
HAS2,Hyaluronan synthase,Hyaluronan Metabolism,0.0,0.0,0.0,0.0,,,0.0,38,37,1.0,False,Down
HAtly,"Hyaluronan transport, extracellular to lysosome","Transport, Lysosomal",0.0,0.0,0.0,0.0,,,0.0,38,37,1.0,False,Down
HBZOPT10m,Hydroxybenzoate Decaprenyltransferase,Ubiquinone Biosynthesis,0.0,0.0,0.0,0.0,,,0.0,38,37,1.0,False,Down
HCO3Em,HCO3 equilibration reaction,Urea cycle/amino group metabolism,0.0,0.0,0.0,0.0,,,0.0,38,37,1.0,False,Down
EX_avite2_e,Alpha-Tocotrienol exchange,Extracellular exchange,0.0,0.0,0.0,0.0,,,0.0,38,37,1.0,False,Down
EX_10fthf6glu_e,10-formyltetrahydrofolate-[Glu](6) exchange,Extracellular exchange,0.0,0.0,0.0,0.0,,,0.0,38,37,1.0,False,Down
H4ET3er,"H4 phosphoethanolaminyl transferase, endoplasmic reticulum",Glycosylphosphatidylinositol (GPI)-anchor biosynthesis,0.0,0.0,0.0,0.0,,,0.0,38,37,1.0,False,Down
H4ETer,"H4 phosphoethanolaminyl transferase, endoplasmic reticulum",Glycosylphosphatidylinositol (GPI)-anchor biosynthesis,0.0,0.0,0.0,0.0,,,0.0,38,37,1.0,False,Down
H5MTer_L,"H5 mannosyltransferase, endoplasmic reticulum",Glycosylphosphatidylinositol (GPI)-anchor biosynthesis,0.0,0.0,0.0,0.0,,,0.0,38,37,1.0,False,Down
H5MTer_U,"H5 mannosyltransferase, endoplasmic reticulum",Glycosylphosphatidylinositol (GPI)-anchor biosynthesis,0.0,0.0,0.0,0.0,,,0.0,38,37,1.0,False,Down
H6_ET2er,"H6' phosphoethanolaminyl transferase, endoplasmic reticulum",Glycosylphosphatidylinositol (GPI)-anchor biosynthesis,0.0,0.0,0.0,0.0,,,0.0,38,37,1.0,False,Down
H6_ETer,"H6' phosphoethanolaminyl transferase, endoplasmic reticulum",Glycosylphosphatidylinositol (GPI)-anchor biosynthesis,0.0,0.0,0.0,0.0,,,0.0,38,37,1.0,False,Down
H6ET3er,"H6 phosphoethanolaminyl transferase, endoplasmic reticulum",Glycosylphosphatidylinositol (GPI)-anchor biosynthesis,0.0,0.0,0.0,0.0,,,0.0,38,37,1.0,False,Down
H6MTer_L,"H6 mannosyltransferase, endoplasmic reticulum",Glycosylphosphatidylinositol (GPI)-anchor biosynthesis,0.0,0.0,0.0,0.0,,,0.0,38,37,1.0,False,Down
H6MTer_U,"H6 mannosyltransferase, endoplasmic reticulum",Glycosylphosphatidylinositol (GPI)-anchor biosynthesis,0.0,0.0,0.0,0.0,,,0.0,38,37,1.0,False,Down
HCOUMARINte,Xenobiotic transport,"Transport, Extracellular",0.0,0.0,0.0,0.0,,,0.0,38,37,1.0,False,Down
HDCAter,Palmitate ER export,"Transport, Endoplasmic Reticular",0.0,0.0,0.0,0.0,,,0.0,38,37,1.0,False,Down
H7_ETer,"H7' phosphoethanolaminyl transferase, endoplasmic reticulum",Glycosylphosphatidylinositol (GPI)-anchor biosynthesis,0.0,0.0,0.0,0.0,,,0.0,38,37,1.0,False,Down
AK2LGCHOLt,"1-Alkyl 2-Acylglycerol 3-Phosphocholine Transport, Vescicular","Transport, Extracellular",0.0,0.0,0.0,0.0,,,0.0,38,37,1.0,False,Down
H7_TAer,"H7' transamidase, endoplasmic reticulum",Glycosylphosphatidylinositol (GPI)-anchor biosynthesis,0.0,0.0,0.0,0.0,,,0.0,38,37,1.0,False,Down
H7ET2er,"H7 phosphoethanolaminyl transferase, endoplasmic reticulum",Glycosylphosphatidylinositol (GPI)-anchor biosynthesis,0.0,0.0,0.0,0.0,,,0.0,38,37,1.0,False,Down
H7MTer_L,"H7 mannosyltransferase, endoplasmic reticulum",Glycosylphosphatidylinositol (GPI)-anchor biosynthesis,0.0,0.0,0.0,0.0,,,0.0,38,37,1.0,False,Down
H7MTer_U,"H7 mannosyltransferase, endoplasmic reticulum",Glycosylphosphatidylinositol (GPI)-anchor biosynthesis,0.0,0.0,0.0,0.0,,,0.0,38,37,1.0,False,Down
EX_10fthf7glu_e,10-formyltetrahydrofolate-[Glu](7) exchange,Extracellular exchange,0.0,0.0,0.0,0.0,,,0.0,38,37,1.0,False,Down
EX_11_cis_retfa_e,Fatty acid 11-cis-retinol exchange,Extracellular exchange,0.0,0.0,0.0,0.0,,,0.0,38,37,1.0,False,Down
EX_6thf_e,Hexaglutamyl folate  (THF) exchange,Extracellular exchange,0.0,0.0,0.0,0.0,,,0.0,38,37,1.0,False,Down
HESTRATRIOLte,Hydroxylated estrogen derivative transport,"Transport, Extracellular",0.0,0.0,0.0,0.0,,,0.0,38,37,1.0,False,Down
HESTRATRIOLtr,Hydroxylated estrogen derivative transport,"Transport, Endoplasmic Reticular",0.0,0.0,0.0,0.0,,,0.0,38,37,1.0,False,Down
EX_13_cis_retnglc_e,13-cis-retinoyl glucuronide exchange,Extracellular exchange,0.0,0.0,0.0,0.0,,,0.0,38,37,1.0,False,Down
EX_1glyc_hs_e,1 acyl phosphoglycerol exchange,Extracellular exchange,0.0,0.0,0.0,0.0,,,0.0,38,37,1.0,False,Down
EX_1mncam_e,1-Methylnicotinamide exchange,Extracellular exchange,0.0,0.0,0.0,0.0,,,0.0,38,37,1.0,False,Down
EX_7dhf_e,Heptaglutamyl folate (DHF) exchange,Extracellular exchange,0.0,0.0,0.0,0.0,,,0.0,38,37,1.0,False,Down
EX_2425dhvitd2_e,"24R,25-Dihyoxyvitamin D2 exchange",Extracellular exchange,0.0,0.0,0.0,0.0,,,0.0,38,37,1.0,False,Down
HEX10,Hexokinase (D-glucosamine:ATP),Aminosugar Metabolism,0.0,0.0,0.0,0.0,,,0.0,38,37,1.0,False,Down
EX_2425dhvitd3_e,"24R,25-Dihydroxyvitamin D3 exchange",Extracellular exchange,0.0,0.0,0.0,0.0,,,0.0,38,37,1.0,False,Down
EX_7thf_e,Heptaglutamyl folate (THF) exchange,Extracellular exchange,0.0,0.0,0.0,0.0,,,0.0,38,37,1.0,False,Down
HEXCCOAtx,Fatty acid intracellular transport,"Transport, Peroxisomal",0.0,0.0,0.0,0.0,,,0.0,38,37,1.0,False,Down
HRETNtn,"4-hydroxyretinoic acid transport, Nuclear","Transport, Nuclear",0.0,0.0,0.0,0.0,,,0.0,38,37,1.0,False,Down
HS1ly,"Heparan-N-sulfatase, lysosomal",Heparan sulfate degradation,0.0,0.0,0.0,0.0,,,0.0,38,37,1.0,False,Down
HEXCCPT1,Carnitine O-palmitoyltransferase,Carnitine shuttle,0.0,0.0,0.0,0.0,,,0.0,38,37,1.0,False,Down
EX_24nph_e,"2,4 dihydroxy nitrophenol exchange",Extracellular exchange,0.0,0.0,0.0,0.0,,,0.0,38,37,1.0,False,Down
HEXCCPT2,Carnitine transferase,Carnitine shuttle,0.0,0.0,0.0,0.0,,,0.0,38,37,1.0,False,Down
HEXCCRNt,Transport into the mitochondria (carnitine),Carnitine shuttle,0.0,0.0,0.0,0.0,,,0.0,38,37,1.0,False,Down
HS2ly,"Heparan-N-sulfatase, lysosomal",Heparan sulfate degradation,0.0,0.0,0.0,0.0,,,0.0,38,37,1.0,False,Down
HEXCt,Fatty acid transport via diffusion,"Transport, Extracellular",0.0,0.0,0.0,0.0,,,0.0,38,37,1.0,False,Down
HS3ly,"Heparan-N-sulfatase, lysosomal",Heparan sulfate degradation,0.0,0.0,0.0,0.0,,,0.0,38,37,1.0,False,Down
AKGt4_3,AKG transport via sodium symport,"Transport, Extracellular",0.0,0.0,0.0,0.0,,,0.0,38,37,1.0,False,Down
HS4ly,"Heparan-N-sulfatase, lysosomal",Heparan sulfate degradation,0.0,0.0,0.0,0.0,,,0.0,38,37,1.0,False,Down
HSAT1ly,"Heparan-glucosaminide N-acetyltransferase, lysosomal",Heparan sulfate degradation,0.0,0.0,0.0,0.0,,,0.0,38,37,1.0,False,Down
HSAT2ly,"Heparan-glucosaminide N-acetyltransferase, lysosomal",Heparan sulfate degradation,0.0,0.0,0.0,0.0,,,0.0,38,37,1.0,False,Down
EX_9_cis_retfa_e,Fatty acid 9-cis-retinol exchange,Extracellular exchange,0.0,0.0,0.0,0.0,,,0.0,38,37,1.0,False,Down
EX_25hvitd2_e,25-Hydroxyvitamin D2 exchange,Extracellular exchange,0.0,0.0,0.0,0.0,,,0.0,38,37,1.0,False,Down
HSAT3ly,"Heparan-glucosaminide N-acetyltransferase, lysosomal",Heparan sulfate degradation,0.0,0.0,0.0,0.0,,,0.0,38,37,1.0,False,Down
EX_25hvitd3_e,25-Hydroxyvitamin D3 exchange,Extracellular exchange,0.0,0.0,0.0,0.0,,,0.0,38,37,1.0,False,Down
AKGtp,AKG transporter  peroxisome,"Transport, Peroxisomal",0.0,0.0,0.0,0.0,,,0.0,38,37,1.0,False,Down
EX_bildglcur_e,Bilirubin beta-diglucuronide exchange,Extracellular exchange,0.0,0.0,0.0,0.0,,,0.0,38,37,1.0,False,Down
HISTASE,HISTASE,Histidine Metabolism,0.0,0.0,0.0,0.0,,,0.0,38,37,1.0,False,Down
HSAT4ly,"Heparan-glucosaminide N-acetyltransferase, lysosomal",Heparan sulfate degradation,0.0,0.0,0.0,0.0,,,0.0,38,37,1.0,False,Down
EX_bilglcur_e,Bilirubin monoglucuronide exchange,Extracellular exchange,0.0,0.0,0.0,0.0,,,0.0,38,37,1.0,False,Down
EX_bilirub_e,Bilirubin exchange,Extracellular exchange,0.0,0.0,0.0,0.0,,,0.0,38,37,1.0,False,Down
EX_clpnd_e,Clupanodonic acid (docosapentaenoic (n-3)) exchange,Extracellular exchange,0.0,0.0,0.0,0.0,,,0.0,38,37,1.0,False,Down
HSD17B2r,17-beta-hydroxysteroid dehydrogenase,Steroid Metabolism,0.0,0.0,0.0,0.0,,,0.0,38,37,1.0,False,Down
HSD17B3r,Testicular 17-beta-hydroxysteroid dehydrogenase,Steroid Metabolism,0.0,0.0,0.0,0.0,,,0.0,38,37,1.0,False,Down
HISTAVESSEC,Histamine secretion via secretory vesicle (ATP driven),"Transport, Extracellular",0.0,0.0,0.0,0.0,,,0.0,38,37,1.0,False,Down
EX_biocyt_e,Biocytin exchange,Extracellular exchange,0.0,0.0,0.0,0.0,,,0.0,38,37,1.0,False,Down
HISt4,L-histidine transport in via sodium symport,"Transport, Extracellular",0.0,0.0,0.0,0.0,,,0.0,38,37,1.0,False,Down
EX_cysi__L_e,L Cystine exchange,Extracellular exchange,0.0,0.0,0.0,0.0,,,0.0,38,37,1.0,False,Down
EX_2hb_e,2 Hydroxybutyrate exchange,Extracellular exchange,0.0,0.0,0.0,0.0,,,0.0,38,37,1.0,False,Down
HSD17B42x,Hydroxysteroid (17-beta) dehydrogenase 4,Bile Acid Biosynthesis,0.0,0.0,0.0,0.0,,,0.0,38,37,1.0,False,Down
AKR1C1,"Aldo-keto reductase family 1, member C1 (chlordecone reductase; 3-alpha hydroxysteroid dehydrogenase, type I; dihydrodiol dehydrogenase 4)",Steroid Metabolism,0.0,0.0,0.0,0.0,,,0.0,38,37,1.0,False,Down
HSD17B4x,Hydroxysteroid (17-beta) dehydrogenase 4,Bile Acid Biosynthesis,0.0,0.0,0.0,0.0,,,0.0,38,37,1.0,False,Down
EX_Rtotal_e,R total exchange,Extracellular exchange,0.0,0.0,0.0,0.0,,,0.0,38,37,1.0,False,Down
HKt,H+/K+ gastric/non-gastric P-ATPase and ABC ATPase,"Transport, Extracellular",0.0,0.0,0.0,0.0,,,0.0,38,37,1.0,False,Down
EX_Rtotal2_e,R total 2 position exchange,Extracellular exchange,0.0,0.0,0.0,0.0,,,0.0,38,37,1.0,False,Down
AKR1C41,"Aldo-keto reductase family 1, member C4 (chlordecone reductase; 3-alpha hydroxysteroid dehydrogenase, type I; dihydrodiol dehydrogenase 4)",Bile Acid Biosynthesis,0.0,0.0,0.0,0.0,,,0.0,38,37,1.0,False,Down
EX_Rtotal3_e,R total 3 position exchange,Extracellular exchange,0.0,0.0,0.0,0.0,,,0.0,38,37,1.0,False,Down
EX_cspg_e_e,"Chondroitin sulfate E (GalNAc4,6diS-GlcA) proteoglycan exchange",Extracellular exchange,0.0,0.0,0.0,0.0,,,0.0,38,37,1.0,False,Down
HMBS,Hydroxymethylbilane synthase,Heme Biosynthesis,0.0,0.0,0.0,0.0,,,0.0,38,37,1.0,False,Down
HMGCOARr,Hydroxymethylglutaryl CoA reductase (ir),Cholesterol Metabolism,0.0,0.0,0.0,0.0,,,0.0,38,37,1.0,False,Down
AKR1C42,"Aldo-keto reductase family 1, member C4 (chlordecone reductase; 3-alpha hydroxysteroid dehydrogenase, type I; dihydrodiol dehydrogenase 4)",Bile Acid Biosynthesis,0.0,0.0,0.0,0.0,,,0.0,38,37,1.0,False,Down
EX_Tyr_ggn_e,Tyr-194 of apo-glycogenin protein (primer for glycogen synthesis) exchange,Extracellular exchange,0.0,0.0,0.0,0.0,,,0.0,38,37,1.0,False,Down
EX_btn_e,Biotin exchange,Extracellular exchange,0.0,0.0,0.0,0.0,,,0.0,38,37,1.0,False,Down
AKR1D,"Aldo-keto reductase family 1, member D1 (delta 4-3-ketosteroid-5-beta-reductase)",Bile Acid Biosynthesis,0.0,0.0,0.0,0.0,,,0.0,38,37,1.0,False,Down
EX_but_e,Butyrate (n-C4:0) exchange,Extracellular exchange,0.0,0.0,0.0,0.0,,,0.0,38,37,1.0,False,Down
EX_bvite_e,Beta-tocopherol exchange,Extracellular exchange,0.0,0.0,0.0,0.0,,,0.0,38,37,1.0,False,Down
HSD3B11,3 beta-hydroxysteroid dehydrogenase/delta 5-->4-isomerase type I,Steroid Metabolism,0.0,0.0,0.0,0.0,,,0.0,38,37,1.0,False,Down
AKR1D2,"Aldo-keto reductase family 1, member D1 (delta 4-3-ketosteroid-5-beta-reductase)",Bile Acid Biosynthesis,0.0,0.0,0.0,0.0,,,0.0,38,37,1.0,False,Down
HSD3B11r,3 beta-hydroxysteroid dehydrogenase/delta 5-->4-isomerase type I,Steroid Metabolism,0.0,0.0,0.0,0.0,,,0.0,38,37,1.0,False,Down
HSD3B12r,3 beta-hydroxysteroid dehydrogenase/delta 5-->4-isomerase type I,Steroid Metabolism,0.0,0.0,0.0,0.0,,,0.0,38,37,1.0,False,Down
EX_cyan_e,Hydrogen cyanide exchange,Extracellular exchange,0.0,0.0,0.0,0.0,,,0.0,38,37,1.0,False,Down
EX_cytd_e,Cytidine exchange,Extracellular exchange,0.0,0.0,0.0,0.0,,,0.0,38,37,1.0,False,Down
EX_dad_2_e,Deoxyadenosine exchange,Extracellular exchange,0.0,0.0,0.0,0.0,,,0.0,38,37,1.0,False,Down
EX_dad_5_e,5'-Deoxyadenosine exchange,Extracellular exchange,0.0,0.0,0.0,0.0,,,0.0,38,37,1.0,False,Down
EX_dag_hs_e,Diacylglycerol (homo sapiens) exchange,Extracellular exchange,0.0,0.0,0.0,0.0,,,0.0,38,37,1.0,False,Down
HOMt4,L-homoserine via sodium symport,"Transport, Extracellular",0.0,0.0,0.0,0.0,,,0.0,38,37,1.0,False,Down
HSD3B13,3 beta-hydroxysteroid dehydrogenase/delta 5-->4-isomerase type I,Steroid Metabolism,0.0,0.0,0.0,0.0,,,0.0,38,37,1.0,False,Down
HSD3B13r,3 beta-hydroxysteroid dehydrogenase/delta 5-->4-isomerase type I,Steroid Metabolism,0.0,0.0,0.0,0.0,,,0.0,38,37,1.0,False,Down
HSD3B2r,3 beta-hydroxysteroid dehydrogenase type 1,Steroid Metabolism,0.0,0.0,0.0,0.0,,,0.0,38,37,1.0,False,Down
EX_bz_e,Benzoate exchange,Extracellular exchange,0.0,0.0,0.0,0.0,,,0.0,38,37,1.0,False,Down
HSD3B7,"Hydroxy-delta-5-steroid dehydrogenase, 3 beta- and steroid delta-isomerase 7",Bile Acid Biosynthesis,0.0,0.0,0.0,0.0,,,0.0,38,37,1.0,False,Down
HSD3B7P,"Hydroxy-delta-5-steroid dehydrogenase, 3 beta- and steroid delta-isomerase 7",Bile Acid Biosynthesis,0.0,0.0,0.0,0.0,,,0.0,38,37,1.0,False,Down
EX_ca2_e,Calcium exchange,Extracellular exchange,0.0,0.0,0.0,0.0,,,0.0,38,37,1.0,False,Down
HOXG,Heme oxygenase 1,Heme Degradation,0.0,0.0,0.0,0.0,,,0.0,38,37,1.0,False,Down
EX_camp_e,CAMP exchange,Extracellular exchange,0.0,0.0,0.0,0.0,,,0.0,38,37,1.0,False,Down
HPCLx,2-hydroxyphytanoyl-CoA lyase,Fatty Acid Metabolism,0.0,0.0,0.0,0.0,,,0.0,38,37,1.0,False,Down
HPDCACRNCPT1,Carnitine fatty-acyl transferase,Carnitine shuttle,0.0,0.0,0.0,0.0,,,0.0,38,37,1.0,False,Down
HSPASEly,"Heparan sulfate proteoglycan protease, lysosome (endosome)",Heparan sulfate degradation,0.0,0.0,0.0,0.0,,,0.0,38,37,1.0,False,Down
HSPGt,"Heparan sulfate transport, golgi to extracellular","Transport, Extracellular",0.0,0.0,0.0,0.0,,,0.0,38,37,1.0,False,Down
HPDCACRNCPT2,Heptadecanoate transport into the mitochondria,Carnitine shuttle,0.0,0.0,0.0,0.0,,,0.0,38,37,1.0,False,Down
ALACYSNaEx,L-alanine/L-cysteine Na-dependent exchange (Ala-L in),"Transport, Extracellular",0.0,0.0,0.0,0.0,,,0.0,38,37,1.0,False,Down
HPDCACRNt,Heptadecanoate transport into the mitochondria,Carnitine shuttle,0.0,0.0,0.0,0.0,,,0.0,38,37,1.0,False,Down
HPDCAt,Fatty acid transport via diffusion,"Transport, Extracellular",0.0,0.0,0.0,0.0,,,0.0,38,37,1.0,False,Down
HSPGtly,"Heparan sulfate transport, extracellular to lysosome","Transport, Lysosomal",0.0,0.0,0.0,0.0,,,0.0,38,37,1.0,False,Down
HTAXOLte,Xenobiotic transport,"Transport, Extracellular",0.0,0.0,0.0,0.0,,,0.0,38,37,1.0,False,Down
HXANtl,Hypoxanthine facilated transport from lysosome,"Transport, Lysosomal",0.0,0.0,0.0,0.0,,,0.0,38,37,1.0,False,Down
EX_caro_e,Beta-Carotene exchange,Extracellular exchange,0.0,0.0,0.0,0.0,,,0.0,38,37,1.0,False,Down
EX_carveol_e,(E)-carveol exchange,Extracellular exchange,0.0,0.0,0.0,0.0,,,0.0,38,37,1.0,False,Down
HXPRT,Hypoxanthine phosphoribosyltransferase (Hypoxanthine),Salvage Pathway,0.0,0.0,0.0,0.0,,,0.0,38,37,1.0,False,Down
HPROxm,L hydroxyproline dehydrogenase  NAD   mitochondrial,Arginine and Proline Metabolism,0.0,0.0,0.0,0.0,,,0.0,38,37,1.0,False,Down
EX_cca_d3_e,Calcitroic acid (D3) exchange,Extracellular exchange,0.0,0.0,0.0,0.0,,,0.0,38,37,1.0,False,Down
HPYRDCm,"Hydroxypyruvate decarboxylase, mitochondria",Glyoxylate and Dicarboxylate Metabolism,0.0,0.0,0.0,0.0,,,0.0,38,37,1.0,False,Down
HYPOE,Hypothetical enyme,Vitamin B6 Metabolism,0.0,0.0,0.0,0.0,,,0.0,38,37,1.0,False,Down
EX_dcsptn1_e,"Docosa-4,7,10,13,16-pentaenoic acid (n-6) exchange",Extracellular exchange,0.0,0.0,0.0,0.0,,,0.0,38,37,1.0,False,Down
EX_gq1b_hs_e,GQ1b (homo sapiens) exchange,Extracellular exchange,0.0,0.0,0.0,0.0,,,0.0,38,37,1.0,False,Down
ALAGLNNaEx,L-alanine/L-glutamine Na-dependent exchange (Ala-L in),"Transport, Extracellular",0.0,0.0,0.0,0.0,,,0.0,38,37,1.0,False,Down
HYXNt,Hypoxanthine transport,"Transport, Extracellular",0.0,0.0,0.0,0.0,,,0.0,38,37,1.0,False,Down
IMACTD_m,Imidazole acetaldeyde dehydrogenase (mito),Histidine Metabolism,0.0,0.0,0.0,0.0,,,0.0,38,37,1.0,False,Down
IMPC,IMP cyclohydrolase,IMP Biosynthesis,0.0,0.0,0.0,0.0,,,0.0,38,37,1.0,False,Down
EX_dcyt_e,Deoxycytidine exchange,Extracellular exchange,0.0,0.0,0.0,0.0,,,0.0,38,37,1.0,False,Down
INOSTO,Myo-Inositol:oxygen oxidoreductase,Inositol Phosphate Metabolism,0.0,0.0,0.0,0.0,,,0.0,38,37,1.0,False,Down
INSKm,"Insosine kinase, mitochondrial",Nucleotides,0.0,0.0,0.0,0.0,,,0.0,38,37,1.0,False,Down
Htg,"Proton transport, Golgi","Transport, Golgi Apparatus",0.0,0.0,0.0,0.0,,,0.0,38,37,1.0,False,Down
EX_debrisoquine_e,EX debrisoquine e,Extracellular exchange,0.0,0.0,0.0,0.0,,,0.0,38,37,1.0,False,Down
EX_dgchol_e,Chenodeoxyglycocholate exchange,Extracellular exchange,0.0,0.0,0.0,0.0,,,0.0,38,37,1.0,False,Down
EX_dgsn_e,Deoxyguanosine exchange,Extracellular exchange,0.0,0.0,0.0,0.0,,,0.0,38,37,1.0,False,Down
EX_cgly_e,Cys-Gly exchange,Extracellular exchange,0.0,0.0,0.0,0.0,,,0.0,38,37,1.0,False,Down
ICDHxm,Isocitrate dehydrogenase  NAD ,Citric Acid Cycle,0.0,0.0,0.0,0.0,,,0.0,38,37,1.0,False,Down
EX_cholate_e,Cholate exchange,Extracellular exchange,0.0,0.0,0.0,0.0,,,0.0,38,37,1.0,False,Down
EX_chsterol_e,Cholesterol exchange,Extracellular exchange,0.0,0.0,0.0,0.0,,,0.0,38,37,1.0,False,Down
EX_chtn_e,Chitin exchange,Extracellular exchange,0.0,0.0,0.0,0.0,,,0.0,38,37,1.0,False,Down
EX_cl_e,Chloride exchange,Extracellular exchange,0.0,0.0,0.0,0.0,,,0.0,38,37,1.0,False,Down
EX_cmp_e,CMP exchange,Extracellular exchange,0.0,0.0,0.0,0.0,,,0.0,38,37,1.0,False,Down
EX_co_e,EX co LPAREN e RPAREN ,Extracellular exchange,0.0,0.0,0.0,0.0,,,0.0,38,37,1.0,False,Down
INSt4,Inosine transport in via sodium symport,"Transport, Extracellular",0.0,0.0,0.0,0.0,,,0.0,38,37,1.0,False,Down
INSt5,Inosine transport in via sodium (1:2) symport,"Transport, Extracellular",0.0,0.0,0.0,0.0,,,0.0,38,37,1.0,False,Down
ICDHyp,Isocitrate dehydrogenase  NADP ,Citric Acid Cycle,0.0,0.0,0.0,0.0,,,0.0,38,37,1.0,False,Down
EX_coumarin_e,Coumarin exchange,Extracellular exchange,0.0,0.0,0.0,0.0,,,0.0,38,37,1.0,False,Down
EX_creat_e,Creatine exchange,Extracellular exchange,0.0,0.0,0.0,0.0,,,0.0,38,37,1.0,False,Down
INStl,Inosine facilated transport from lysosome,"Transport, Lysosomal",0.0,0.0,0.0,0.0,,,0.0,38,37,1.0,False,Down
EX_crmp_hs_e,Ceramide 1-phosphate exchange,Extracellular exchange,0.0,0.0,0.0,0.0,,,0.0,38,37,1.0,False,Down
EX_crn_e,L-Carnitine exchange,Extracellular exchange,0.0,0.0,0.0,0.0,,,0.0,38,37,1.0,False,Down
EX_crtsl_e,Cortisol Exchange,Extracellular exchange,0.0,0.0,0.0,0.0,,,0.0,38,37,1.0,False,Down
INStm,Inosine facilated transport in mitochondria,"Transport, Mitochondrial",0.0,0.0,0.0,0.0,,,0.0,38,37,1.0,False,Down
EX_crtstrn_e,Corticosterone Exchange,Extracellular exchange,0.0,0.0,0.0,0.0,,,0.0,38,37,1.0,False,Down
IPDPtr,Isopentenyl diphosphate transport (ER),"Transport, Endoplasmic Reticular",0.0,0.0,0.0,0.0,,,0.0,38,37,1.0,False,Down
EX_crvnc_e,NC22:6 exchange,Extracellular exchange,0.0,0.0,0.0,0.0,,,0.0,38,37,1.0,False,Down
IDOAASE1ly,"Alpha-L-iduronidase, lysosomal",Heparan sulfate degradation,0.0,0.0,0.0,0.0,,,0.0,38,37,1.0,False,Down
IPDPtx,Isopentenyl diphosphate transport (peroxisome),"Transport, Peroxisomal",0.0,0.0,0.0,0.0,,,0.0,38,37,1.0,False,Down
EX_dheas_e,Dehydroepiandrosterone sulfate exchange,Extracellular exchange,0.0,0.0,0.0,0.0,,,0.0,38,37,1.0,False,Down
EX_dhf_e,"7,8-Dihydrofolate exchange",Extracellular exchange,0.0,0.0,0.0,0.0,,,0.0,38,37,1.0,False,Down
IDOAASE2ly,"Alpha-L-iduronidase, lysosomal",Heparan sulfate degradation,0.0,0.0,0.0,0.0,,,0.0,38,37,1.0,False,Down
IDOAASE3ly,"Alpha-L-iduronidase, lysosomal",Heparan sulfate degradation,0.0,0.0,0.0,0.0,,,0.0,38,37,1.0,False,Down
IDOAASE4ly,"Alpha-L-iduronidase, lysosomal",Chondroitin sulfate degradation,0.0,0.0,0.0,0.0,,,0.0,38,37,1.0,False,Down
IDOURtly,Iduronate transport into lysososme,"Transport, Lysosomal",0.0,0.0,0.0,0.0,,,0.0,38,37,1.0,False,Down
IDPtn,IDP nuclear transport,"Transport, Nuclear",0.0,0.0,0.0,0.0,,,0.0,38,37,1.0,False,Down
EX_digalsgalside_hs_e,Digalactosylceramidesulfate exchange,Extracellular exchange,0.0,0.0,0.0,0.0,,,0.0,38,37,1.0,False,Down
ITPtn,ITP nuclear transport,"Transport, Nuclear",0.0,0.0,0.0,0.0,,,0.0,38,37,1.0,False,Down
EX_din_e,Deoxyinosine exchange,Extracellular exchange,0.0,0.0,0.0,0.0,,,0.0,38,37,1.0,False,Down
EX_dlnlcg_e,Dihomo-gamma-linolenic acid (n-6) exchange,Extracellular exchange,0.0,0.0,0.0,0.0,,,0.0,38,37,1.0,False,Down
ALASm,5 aminolevulinate synthase,"Glycine, Serine, and Threonine Metabolism",0.0,0.0,0.0,0.0,,,0.0,38,37,1.0,False,Down
EX_dmantipyrine_e,Demethylated antipyrine exchange,Extracellular exchange,0.0,0.0,0.0,0.0,,,0.0,38,37,1.0,False,Down
KAS8,"B-ketoacyl synthetase (palmitate, n-C16:0)",Fatty acid elongation,0.0,0.0,0.0,0.0,,,0.0,38,37,1.0,False,Down
EX_dmhptcrn_e,"2,6 dimethylheptanoyl carnitine exchange",Extracellular exchange,0.0,0.0,0.0,0.0,,,0.0,38,37,1.0,False,Down
EX_cspg_a_e,Chondroitin sulfate A (GalNAc4S-GlcA) proteoglycan exchange,Extracellular exchange,0.0,0.0,0.0,0.0,,,0.0,38,37,1.0,False,Down
EX_cspg_b_e,Chondroitin sulfate B / dermatan sulfate (IdoA2S-GalNAc4S) proteoglycan exchange,Extracellular exchange,0.0,0.0,0.0,0.0,,,0.0,38,37,1.0,False,Down
EX_cspg_c_e,Chondroitin sulfate C (GalNAc6S-GlcA) proteoglycan exchange,Extracellular exchange,0.0,0.0,0.0,0.0,,,0.0,38,37,1.0,False,Down
EX_cspg_d_e,Chondroitin sulfate D (GlcNAc6S-GlcA2S) proteoglycan exchange,Extracellular exchange,0.0,0.0,0.0,0.0,,,0.0,38,37,1.0,False,Down
EX_dopasf_e,Dopamine 3-O-sulfate exchange,Extracellular exchange,0.0,0.0,0.0,0.0,,,0.0,38,37,1.0,False,Down
EX_gq1balpha_hs_e,GQ1balpha (homo sapiens) exchange,Extracellular exchange,0.0,0.0,0.0,0.0,,,0.0,38,37,1.0,False,Down
KDNH,2-keto-3deoxy-D-glycero-D-galactononic acid phosphohydrolase,Aminosugar Metabolism,0.0,0.0,0.0,0.0,,,0.0,38,37,1.0,False,Down
ALATHRNaEx,L-alanine/L-threonine Na-dependent exchange (Ala-L in),"Transport, Extracellular",0.0,0.0,0.0,0.0,,,0.0,38,37,1.0,False,Down
EX_oagd3_hs_e,9-O-Acetylated GD3 (homo sapiens) exchange,Extracellular exchange,0.0,0.0,0.0,0.0,,,0.0,38,37,1.0,False,Down
KHK2,Ketohexokinase (D-xylulose),Glyoxylate and Dicarboxylate Metabolism,0.0,0.0,0.0,0.0,,,0.0,38,37,1.0,False,Down
IMACTD,Imidazole acetaldeyde dehydrogenase,Histidine Metabolism,0.0,0.0,0.0,0.0,,,0.0,38,37,1.0,False,Down
KHK3,Ketohexokinase (D-tagatose),Galactose metabolism,0.0,0.0,0.0,0.0,,,0.0,38,37,1.0,False,Down
EX_gsn_e,Guanosine exchange,Extracellular exchange,0.0,0.0,0.0,0.0,,,0.0,38,37,1.0,False,Down
KSII_CORE2t,"Keratan sulfate II (core2) transport, golgi to extracellular","Transport, Extracellular",0.0,0.0,0.0,0.0,,,0.0,38,37,1.0,False,Down
KSII_CORE2tly,"Keratan sulfate II (core 2) transport, extracellular to lysosome","Transport, Lysosomal",0.0,0.0,0.0,0.0,,,0.0,38,37,1.0,False,Down
LEUKTRB4tr,Leukotriene intracellular transport,"Transport, Endoplasmic Reticular",0.0,0.0,0.0,0.0,,,0.0,38,37,1.0,False,Down
LEUKTRD4t,Leukotriene D4 transport,"Transport, Extracellular",0.0,0.0,0.0,0.0,,,0.0,38,37,1.0,False,Down
LEUKTRD4tr,Leukotriene intracellular transport,"Transport, Endoplasmic Reticular",0.0,0.0,0.0,0.0,,,0.0,38,37,1.0,False,Down
KSII_CORE4t,"Keratan sulfate II (core4) transport, golgi to extracellular","Transport, Extracellular",0.0,0.0,0.0,0.0,,,0.0,38,37,1.0,False,Down
ALAt2rL,L-alanine reversible transport via proton symport (lysosome),"Transport, Lysosomal",0.0,0.0,0.0,0.0,,,0.0,38,37,1.0,False,Down
KSII_CORE4tly,"Keratan sulfate II (core 4) transport, extracellular to lysosome","Transport, Lysosomal",0.0,0.0,0.0,0.0,,,0.0,38,37,1.0,False,Down
KSIt,"Keratan sulfate I transport, golgi to extracellular","Transport, Extracellular",0.0,0.0,0.0,0.0,,,0.0,38,37,1.0,False,Down
KSItly,"Keratan sulfate I transport, extracellular to lysosome","Transport, Lysosomal",0.0,0.0,0.0,0.0,,,0.0,38,37,1.0,False,Down
KYN,Kynureninase,Tryptophan metabolism,0.0,0.0,0.0,0.0,,,0.0,38,37,1.0,False,Down
EX_oagt3_hs_e,9-O-Acetylated GT3 (homo sapiens) exchange,Extracellular exchange,0.0,0.0,0.0,0.0,,,0.0,38,37,1.0,False,Down
LEUKTRE4t,Leukotriene E4 transport,"Transport, Extracellular",0.0,0.0,0.0,0.0,,,0.0,38,37,1.0,False,Down
LEUKTRF4t,Leukotriene F4 transport,"Transport, Extracellular",0.0,0.0,0.0,0.0,,,0.0,38,37,1.0,False,Down
EX_octa_e,Octanoate (n-C8:0) exchange,Extracellular exchange,0.0,0.0,0.0,0.0,,,0.0,38,37,1.0,False,Down
KYNAKGAT,L-Kynurenine:2-oxoglutarate aminotransferase,Tryptophan metabolism,0.0,0.0,0.0,0.0,,,0.0,38,37,1.0,False,Down
KYNATESYN,"4-(2-Aminophenyl)-2,4-dioxobutanoate dehydratase",Tryptophan metabolism,0.0,0.0,0.0,0.0,,,0.0,38,37,1.0,False,Down
EX_duri_e,Deoxyuridine exchange,Extracellular exchange,0.0,0.0,0.0,0.0,,,0.0,38,37,1.0,False,Down
EX_eaflatoxin_e,"8,9 epxoy aflatoxin B1 exchange",Extracellular exchange,0.0,0.0,0.0,0.0,,,0.0,38,37,1.0,False,Down
EX_ebastine_e,Ebastine exchange,Extracellular exchange,0.0,0.0,0.0,0.0,,,0.0,38,37,1.0,False,Down
EX_ebastineoh_e,Hydroxylated ebastine exchange,Extracellular exchange,0.0,0.0,0.0,0.0,,,0.0,38,37,1.0,False,Down
EX_eicostet_e,Eicosatetranoic acid exchange,Extracellular exchange,0.0,0.0,0.0,0.0,,,0.0,38,37,1.0,False,Down
LFORKYNHYD,L-Formylkynurenine hydrolase,Tryptophan metabolism,0.0,0.0,0.0,0.0,,,0.0,38,37,1.0,False,Down
Kt3g,Potassium transport  via proton antiport,"Transport, Golgi Apparatus",0.0,0.0,0.0,0.0,,,0.0,38,37,1.0,False,Down
L_LACDcm,"L-Lactate dehydrogenase, cytosolic/mitochondrial",Pyruvate Metabolism,0.0,0.0,0.0,0.0,,,0.0,38,37,1.0,False,Down
EX_oh1_e,OH1 Exchange,Extracellular exchange,0.0,0.0,0.0,0.0,,,0.0,38,37,1.0,False,Down
EX_omeprazole_e,Omeprazole exchange,Extracellular exchange,0.0,0.0,0.0,0.0,,,0.0,38,37,1.0,False,Down
LGNCCOAtx,Fatty acid intracellular transport,"Transport, Peroxisomal",0.0,0.0,0.0,0.0,,,0.0,38,37,1.0,False,Down
EX_gt1a_hs_e,GT1a (homo sapiens) exchange,Extracellular exchange,0.0,0.0,0.0,0.0,,,0.0,38,37,1.0,False,Down
LGNCCPT1,Carnitine O-palmitoyltransferase,Carnitine shuttle,0.0,0.0,0.0,0.0,,,0.0,38,37,1.0,False,Down
L_LACtcm,L-lactate transport via diffusion (cytosol to mitochondria),"Transport, Mitochondrial",0.0,0.0,0.0,0.0,,,0.0,38,37,1.0,False,Down
L_LACtm,L lactate transport  mitochondrial,"Transport, Mitochondrial",0.0,0.0,0.0,0.0,,,0.0,38,37,1.0,False,Down
LACZe,"B-galactosidase, extracellular",Galactose metabolism,0.0,0.0,0.0,0.0,,,0.0,38,37,1.0,False,Down
LGNCCPT2,Transport into the mitochondria (carnitine),Carnitine shuttle,0.0,0.0,0.0,0.0,,,0.0,38,37,1.0,False,Down
LACZly,"B-galactosidase,lysosomal",Galactose metabolism,0.0,0.0,0.0,0.0,,,0.0,38,37,1.0,False,Down
ALCD2y,"Alcohol dehydrogenase (ethanol, NADP)",Glycolysis/Gluconeogenesis,0.0,0.0,0.0,0.0,,,0.0,38,37,1.0,False,Down
LALDD,D-lactaldehyde dehydrogenase,Pyruvate Metabolism,0.0,0.0,0.0,0.0,,,0.0,38,37,1.0,False,Down
LGNCCRNt,Transport into the mitochondria (carnitine),Carnitine shuttle,0.0,0.0,0.0,0.0,,,0.0,38,37,1.0,False,Down
LALDO,D-Lactaldehyde NAD+ oxidoreductase (glutathione-formylating),Pyruvate Metabolism,0.0,0.0,0.0,0.0,,,0.0,38,37,1.0,False,Down
ALDD19xr,"Aldehyde dehydrogenase (phenylacetaldehyde, NAD)",Phenylalanine metabolism,0.0,0.0,0.0,0.0,,,0.0,38,37,1.0,False,Down
LALDO2,D-Lactaldehyde:NADP+ 1-oxidoreductase,Pyruvate Metabolism,0.0,0.0,0.0,0.0,,,0.0,38,37,1.0,False,Down
LALDO2x,D-Lactaldehyde:NAD+ 1-oxidoreductase,Pyruvate Metabolism,0.0,0.0,0.0,0.0,,,0.0,38,37,1.0,False,Down
LAPCOAl,Lysosomal acid phosphorylase (CoA),CoA Catabolism,0.0,0.0,0.0,0.0,,,0.0,38,37,1.0,False,Down
EX_onpthl_e,Naphthalene epoxide exchange,Extracellular exchange,0.0,0.0,0.0,0.0,,,0.0,38,37,1.0,False,Down
LGTHL,Lactoylglutathione lyase,Pyruvate Metabolism,0.0,0.0,0.0,0.0,,,0.0,38,37,1.0,False,Down
LIMNENte,Xenobiotic transport,"Transport, Extracellular",0.0,0.0,0.0,0.0,,,0.0,38,37,1.0,False,Down
LINKDEG1ly,"Degradation of proteoglycan linkage region, lysosomal",Heparan sulfate degradation,0.0,0.0,0.0,0.0,,,0.0,38,37,1.0,False,Down
LINKDEG2ly,"Degradation of proteoglycan linkage region, lysosomal",Chondroitin sulfate degradation,0.0,0.0,0.0,0.0,,,0.0,38,37,1.0,False,Down
LCADi,Lactaldehyde dehydrogenase,Pyruvate Metabolism,0.0,0.0,0.0,0.0,,,0.0,38,37,1.0,False,Down
LCADi_D,Lactaldehyde dehydrogenase,Pyruvate Metabolism,0.0,0.0,0.0,0.0,,,0.0,38,37,1.0,False,Down
LINKDEG3ly,"Degradation of proteoglycan linkage region, lysosomal",Chondroitin sulfate degradation,0.0,0.0,0.0,0.0,,,0.0,38,37,1.0,False,Down
ALDD19x_P,"Aldehyde dehydrogenase (phenylacetaldehyde, NADP)",Phenylalanine metabolism,0.0,0.0,0.0,0.0,,,0.0,38,37,1.0,False,Down
LINKDEG4ly,"Degradation of proteoglycan linkage region, lysosomal",Chondroitin sulfate degradation,0.0,0.0,0.0,0.0,,,0.0,38,37,1.0,False,Down
LCADi_Dm,"Lactaldehyde dehydrogenase, mitochondrial",Pyruvate Metabolism,0.0,0.0,0.0,0.0,,,0.0,38,37,1.0,False,Down
LCADm,"Lactaldehyde dehydrogenase, mitochondrial",Pyruvate Metabolism,0.0,0.0,0.0,0.0,,,0.0,38,37,1.0,False,Down
LCAT1e,Lecithin-cholesterol acyltransferase,Fatty Acid Metabolism,0.0,0.0,0.0,0.0,,,0.0,38,37,1.0,False,Down
LCTStg,Lactose transport from Golgi to extracellular (via vesicle),"Transport, Extracellular",0.0,0.0,0.0,0.0,,,0.0,38,37,1.0,False,Down
LIPOti,Lipoate transport via sodium symport,"Transport, Extracellular",0.0,0.0,0.0,0.0,,,0.0,38,37,1.0,False,Down
ALDD20x,"Aldehyde dehydrogenase (indole-3-acetaldehyde, NAD)",Tryptophan metabolism,0.0,0.0,0.0,0.0,,,0.0,38,37,1.0,False,Down
LNELDCCPT1,Carnitine O-palmitoyltransferase,Carnitine shuttle,0.0,0.0,0.0,0.0,,,0.0,38,37,1.0,False,Down
LCTStl,Lactose transport from cytosol to lysosome (via autophagocytosis),"Transport, Lysosomal",0.0,0.0,0.0,0.0,,,0.0,38,37,1.0,False,Down
LCYSTAT,L-Cysteate:2-oxoglutarate aminotransferase,Cysteine Metabolism,0.0,0.0,0.0,0.0,,,0.0,38,37,1.0,False,Down
LNELDCCPT2,Carnitine transferase,Carnitine shuttle,0.0,0.0,0.0,0.0,,,0.0,38,37,1.0,False,Down
LCYSTATm,"Aspartate aminotransferase, cysteate forming, mitochondria",Cysteine Metabolism,0.0,0.0,0.0,0.0,,,0.0,38,37,1.0,False,Down
LNELDCCRNt,Transport into the mitochondria (carnitine),Carnitine shuttle,0.0,0.0,0.0,0.0,,,0.0,38,37,1.0,False,Down
ALDD20xm,Aldehyde dehydrogenase  indole 3 acetaldehyde  NAD   mitochondrial,Tryptophan metabolism,0.0,0.0,0.0,0.0,,,0.0,38,37,1.0,False,Down
EX_orn_e,Ornithine exchange,Extracellular exchange,0.0,0.0,0.0,0.0,,,0.0,38,37,1.0,False,Down
LNLCCPT1,Carnitine O-palmitoyltransferase,Carnitine shuttle,0.0,0.0,0.0,0.0,,,0.0,38,37,1.0,False,Down
EX_estradiol_e,Estradiol exchange,Extracellular exchange,0.0,0.0,0.0,0.0,,,0.0,38,37,1.0,False,Down
EX_estradiolglc_e,Estradiol glucuronide exchange,Extracellular exchange,0.0,0.0,0.0,0.0,,,0.0,38,37,1.0,False,Down
ALDD21,"Aldehyde dehydrogenase (pristanal, NAD)",Fatty Acid Metabolism,0.0,0.0,0.0,0.0,,,0.0,38,37,1.0,False,Down
LNLCCPT2,Carnitine transferase,Carnitine shuttle,0.0,0.0,0.0,0.0,,,0.0,38,37,1.0,False,Down
LNLCCRNt,Transport into the mitochondria (carnitine),Carnitine shuttle,0.0,0.0,0.0,0.0,,,0.0,38,37,1.0,False,Down
EX_estriolglc_e,16-Glucuronide-estriol exchange,Extracellular exchange,0.0,0.0,0.0,0.0,,,0.0,38,37,1.0,False,Down
LNLNCACPT1,Carnitine O-palmitoyltransferase,Carnitine shuttle,0.0,0.0,0.0,0.0,,,0.0,38,37,1.0,False,Down
LNLNCACPT2,Carnitine transferase,Carnitine shuttle,0.0,0.0,0.0,0.0,,,0.0,38,37,1.0,False,Down
LNLNCACRNt,Transport into the mitochondria (carnitine),Carnitine shuttle,0.0,0.0,0.0,0.0,,,0.0,38,37,1.0,False,Down
EX_gthox_e,Oxidized glutathione exchange,Extracellular exchange,0.0,0.0,0.0,0.0,,,0.0,38,37,1.0,False,Down
LDH_Lm,"L-lactate dehydrogenase, mitochondria",Pyruvate Metabolism,0.0,0.0,0.0,0.0,,,0.0,38,37,1.0,False,Down
LEUKTRA4t,Leukotriene A4 transmembrane (homo sapiens) transport,"Transport, Extracellular",0.0,0.0,0.0,0.0,,,0.0,38,37,1.0,False,Down
LEUKTRA4tr,Leukotriene intracellular transport,"Transport, Endoplasmic Reticular",0.0,0.0,0.0,0.0,,,0.0,38,37,1.0,False,Down
LNLNCGCPT1,Carnitine O-palmitoyltransferase,Carnitine shuttle,0.0,0.0,0.0,0.0,,,0.0,38,37,1.0,False,Down
LNLNCGCPT2,Carnitine transferase,Carnitine shuttle,0.0,0.0,0.0,0.0,,,0.0,38,37,1.0,False,Down
ALDD2x,"Aldehyde dehydrogenase (acetaldehyde, NAD)",Glycolysis/Gluconeogenesis,0.0,0.0,0.0,0.0,,,0.0,38,37,1.0,False,Down
LNLNCGCRNt,Transport into the mitochondria (carnitine),Carnitine shuttle,0.0,0.0,0.0,0.0,,,0.0,38,37,1.0,False,Down
EX_estroneglc_e,Estrone glucuronide exchange,Extracellular exchange,0.0,0.0,0.0,0.0,,,0.0,38,37,1.0,False,Down
EX_estrones_e,Estrone 3-sulfate exchange,Extracellular exchange,0.0,0.0,0.0,0.0,,,0.0,38,37,1.0,False,Down
EX_gthrd_e,Reduced glutathione exchange,Extracellular exchange,0.0,0.0,0.0,0.0,,,0.0,38,37,1.0,False,Down
EX_etoh_e,Ethanol exchange,Extracellular exchange,0.0,0.0,0.0,0.0,,,0.0,38,37,1.0,False,Down
EX_paf_hs_e,1-alkyl 2-acteylglycerol 3-phosphocholine (homo sapiens) exchange,Extracellular exchange,0.0,0.0,0.0,0.0,,,0.0,38,37,1.0,False,Down
LNS14DM,Cytochrome P450 lanosterol 14 alpha demethylase  NADP ,Cholesterol Metabolism,0.0,0.0,0.0,0.0,,,0.0,38,37,1.0,False,Down
LYStm,Lysine mitochondrial transport via ornithine carrier,"Transport, Mitochondrial",0.0,0.0,0.0,0.0,,,0.0,38,37,1.0,False,Down
EX_pchol_hs_e,Phosphatidylcholine (homo sapiens) exchange,Extracellular exchange,0.0,0.0,0.0,0.0,,,0.0,38,37,1.0,False,Down
LYStn,"L-lysine transport, nuclear","Transport, Nuclear",0.0,0.0,0.0,0.0,,,0.0,38,37,1.0,False,Down
EX_pe_hs_e,Phosphatidylethanolamine (homo sapiens) exchange,Extracellular exchange,0.0,0.0,0.0,0.0,,,0.0,38,37,1.0,False,Down
EX_peplys_e,Peptidyl-L-lysine exchange,Extracellular exchange,0.0,0.0,0.0,0.0,,,0.0,38,37,1.0,False,Down
M1316Mg,"Mannosyl-oligosaccharide 1,3-1,6-alpha-mannosidase",N-Glycan Biosynthesis,0.0,0.0,0.0,0.0,,,0.0,38,37,1.0,False,Down
ALDSTRNte,Aldosterone transport,"Transport, Extracellular",0.0,0.0,0.0,0.0,,,0.0,38,37,1.0,False,Down
M13N2Tg,"Alpha-1,3-mannosyl-glycoprotein 2-beta-N-acetylglucosaminyltransferase",N-Glycan Biosynthesis,0.0,0.0,0.0,0.0,,,0.0,38,37,1.0,False,Down
LPCHOLt,Lysophosphatidylcholine Transport,"Transport, Extracellular",0.0,0.0,0.0,0.0,,,0.0,38,37,1.0,False,Down
EX_perillyl_e,Perillyl alcohol exchange,Extracellular exchange,0.0,0.0,0.0,0.0,,,0.0,38,37,1.0,False,Down
EX_fol_e,EX fol LPAREN e RPAREN ,Extracellular exchange,0.0,0.0,0.0,0.0,,,0.0,38,37,1.0,False,Down
M13N4Tg,"Alpha-1,3-mannosyl-glycoprotein 4-beta-N-acetylglucosaminyltransferase",N-Glycan Biosynthesis,0.0,0.0,0.0,0.0,,,0.0,38,37,1.0,False,Down
ALDSTRNtm,Aldosterone intracellular transport,"Transport, Mitochondrial",0.0,0.0,0.0,0.0,,,0.0,38,37,1.0,False,Down
M14NTg,"Beta-1,4-mannosyl-glycoprotein 4-beta-N-acetylglucosaminyltransferase",N-Glycan Biosynthesis,0.0,0.0,0.0,0.0,,,0.0,38,37,1.0,False,Down
M16N4Tg,"Alpha-1,6-mannosyl-glycoprotein 4-beta-N-acetylglucosaminyltransferase",N-Glycan Biosynthesis,0.0,0.0,0.0,0.0,,,0.0,38,37,1.0,False,Down
M16N6Tg,"Alpha-1,6-mannosyl-glycoprotein 6-beta-N-acetylglucosaminyltransferase",N-Glycan Biosynthesis,0.0,0.0,0.0,0.0,,,0.0,38,37,1.0,False,Down
M16NTg,"Alpha-1,6-mannosyl-glycoprotein 2-beta-N-acetylglucosaminyltransferase",N-Glycan Biosynthesis,0.0,0.0,0.0,0.0,,,0.0,38,37,1.0,False,Down
M4ATAer,"M4A transamidase, endoplasmic reticulum",Glycosylphosphatidylinositol (GPI)-anchor biosynthesis,0.0,0.0,0.0,0.0,,,0.0,38,37,1.0,False,Down
EX_pglyc_hs_e,Phosphatidylglycerol (homo sapiens) exchange,Extracellular exchange,0.0,0.0,0.0,0.0,,,0.0,38,37,1.0,False,Down
EX_gtp_e,GTP exchange,Extracellular exchange,0.0,0.0,0.0,0.0,,,0.0,38,37,1.0,False,Down
LPS3,Lipase,Triacylglycerol Synthesis,0.0,0.0,0.0,0.0,,,0.0,38,37,1.0,False,Down
LPS3e,"Lipase, extracellular",Fatty Acid Metabolism,0.0,0.0,0.0,0.0,,,0.0,38,37,1.0,False,Down
LPS4e,Phospholipase,Triacylglycerol Synthesis,0.0,0.0,0.0,0.0,,,0.0,38,37,1.0,False,Down
EX_pheacgln_e,Alpha-N-Phenylacetyl-L-glutamine exchange,Extracellular exchange,0.0,0.0,0.0,0.0,,,0.0,38,37,1.0,False,Down
M4BET2er,"M4B phosphoethanolaminyl transferase, endoplasmic reticulum",Glycosylphosphatidylinositol (GPI)-anchor biosynthesis,0.0,0.0,0.0,0.0,,,0.0,38,37,1.0,False,Down
LRAT,Lecithin retinol acyltransferase,Vitamin A Metabolism,0.0,0.0,0.0,0.0,,,0.0,38,37,1.0,False,Down
ALKP,Alkaline phosphatase,Glycerophospholipid Metabolism,0.0,0.0,0.0,0.0,,,0.0,38,37,1.0,False,Down
LRAT1,Lecithin retinol acyltransferase (11-cis),Vitamin A Metabolism,0.0,0.0,0.0,0.0,,,0.0,38,37,1.0,False,Down
LRAT2,Lecithin retinol acyltransferase (9-cis),Vitamin A Metabolism,0.0,0.0,0.0,0.0,,,0.0,38,37,1.0,False,Down
M4BTAer,"M4B transamidase, endoplasmic reticulum",Glycosylphosphatidylinositol (GPI)-anchor biosynthesis,0.0,0.0,0.0,0.0,,,0.0,38,37,1.0,False,Down
M4CET3er,"M4C phosphoethanolaminyl transferase, endoplasmic reticulum",Glycosylphosphatidylinositol (GPI)-anchor biosynthesis,0.0,0.0,0.0,0.0,,,0.0,38,37,1.0,False,Down
M4MPDOL_Lter,M4mpdol flippase,N-Glycan Biosynthesis,0.0,0.0,0.0,0.0,,,0.0,38,37,1.0,False,Down
LS3,Lumisterol 3 formation,Vitamin D,0.0,0.0,0.0,0.0,,,0.0,38,37,1.0,False,Down
M4MPDOL_Uter,M4mpdol flippase,N-Glycan Biosynthesis,0.0,0.0,0.0,0.0,,,0.0,38,37,1.0,False,Down
EX_pheme_e,Protoheme exchange,Extracellular exchange,0.0,0.0,0.0,0.0,,,0.0,38,37,1.0,False,Down
ALOX12,Arachidonate 12-lipoxygenase,Eicosanoid Metabolism,0.0,0.0,0.0,0.0,,,0.0,38,37,1.0,False,Down
EX_phllqne_e,EX phyQ e,Extracellular exchange,0.0,0.0,0.0,0.0,,,0.0,38,37,1.0,False,Down
LTA4H,Leukotriene A-4 hydrolase,Eicosanoid Metabolism,0.0,0.0,0.0,0.0,,,0.0,38,37,1.0,False,Down
M7MASNBterg,M7masnB transport from endoplasmic reticulum to Golgi apparatus,N-Glycan Biosynthesis,0.0,0.0,0.0,0.0,,,0.0,38,37,1.0,False,Down
LTC4CP,Leukotriene C4 carboxypeptidase,Eicosanoid Metabolism,0.0,0.0,0.0,0.0,,,0.0,38,37,1.0,False,Down
MERCPLACCYSt,"3-mercaptolactate-cysteine disulfide transport, extracellular","Transport, Extracellular",0.0,0.0,0.0,0.0,,,0.0,38,37,1.0,False,Down
LTC4Sr,Leukotriene C4 synthase,Eicosanoid Metabolism,0.0,0.0,0.0,0.0,,,0.0,38,37,1.0,False,Down
LTD4DP,Leukotriene D4 dipeptidase,Eicosanoid Metabolism,0.0,0.0,0.0,0.0,,,0.0,38,37,1.0,False,Down
LTDCL,L-Tryptophan decarboxy-lyase,Tryptophan metabolism,0.0,0.0,0.0,0.0,,,0.0,38,37,1.0,False,Down
LYSMTF1n,"Histone-lysine N-methyltransferase, nuclear",Lysine Metabolism,0.0,0.0,0.0,0.0,,,0.0,38,37,1.0,False,Down
LYSMTF2n,"Histone-lysine N-methyltransferase, nuclear",Lysine Metabolism,0.0,0.0,0.0,0.0,,,0.0,38,37,1.0,False,Down
M8MASNterg,M8masn transport from ER to Golgi apparatus,N-Glycan Biosynthesis,0.0,0.0,0.0,0.0,,,0.0,38,37,1.0,False,Down
EX_fuc__L_e,L-Fucose exchange,Extracellular exchange,0.0,0.0,0.0,0.0,,,0.0,38,37,1.0,False,Down
MACOXO,3-Methylimidazole acetaldehyde:NAD+ oxidoreductase,Histidine Metabolism,0.0,0.0,0.0,0.0,,,0.0,38,37,1.0,False,Down
EX_fuc13galacglcgal14acglcgalgluside_hs_e,III3Fuc-nLc6Cer exchange,Extracellular exchange,0.0,0.0,0.0,0.0,,,0.0,38,37,1.0,False,Down
EX_fuc14galacglcgalgluside_hs_e,Lea glycolipid exchange,Extracellular exchange,0.0,0.0,0.0,0.0,,,0.0,38,37,1.0,False,Down
EX_phyt_e,Phytanic acid exchange,Extracellular exchange,0.0,0.0,0.0,0.0,,,0.0,38,37,1.0,False,Down
MALT,Alpha glucosidase,Starch and Sucrose Metabolism,0.0,0.0,0.0,0.0,,,0.0,38,37,1.0,False,Down
EX_pnto__R_e,(R)-Pantothenate exchange,Extracellular exchange,0.0,0.0,0.0,0.0,,,0.0,38,37,1.0,False,Down
MALTe,"Alpha-glucosidase, extracellular",Starch and Sucrose Metabolism,0.0,0.0,0.0,0.0,,,0.0,38,37,1.0,False,Down
LYSMTF3n,"Histone-lysine N-methyltransferase, nuclear",Lysine Metabolism,0.0,0.0,0.0,0.0,,,0.0,38,37,1.0,False,Down
EX_fucacgalfucgalacglcgalgluside_hs_e,(Gal)2 (GalNAc)1 (Glc)1 (GlcNAc)1 (LFuc)2 (Cer)1 exchange,Extracellular exchange,0.0,0.0,0.0,0.0,,,0.0,38,37,1.0,False,Down
MALTly,"Alpha-glucosidase, lysosomal",Starch and Sucrose Metabolism,0.0,0.0,0.0,0.0,,,0.0,38,37,1.0,False,Down
MESCOALm,Mesaconyl-CoA pyruvate-lyase,C5-Branched dibasic acid metabolism,0.0,0.0,0.0,0.0,,,0.0,38,37,1.0,False,Down
MALTt1r,Maltose transport (uniport),"Transport, Extracellular",0.0,0.0,0.0,0.0,,,0.0,38,37,1.0,False,Down
EX_fucacngal14acglcgalgluside_hs_e,"IV3-a-NeuAc,III3-a-Fuc-nLc4Cer exchange",Extracellular exchange,0.0,0.0,0.0,0.0,,,0.0,38,37,1.0,False,Down
MMEm,Methylmalonyl-CoA epimerase/racemase,"Valine, Leucine, and Isoleucine Metabolism",0.0,0.0,0.0,0.0,,,0.0,38,37,1.0,False,Down
EX_fucacngalacglcgalgluside_hs_e,"IV3-a-Neu5Ac,III4-a-Fuc-Lc4Cer exchange",Extracellular exchange,0.0,0.0,0.0,0.0,,,0.0,38,37,1.0,False,Down
METAT,Methionine adenosyltransferase,Methionine Metabolism,0.0,0.0,0.0,0.0,,,0.0,38,37,1.0,False,Down
MMSAD1m,Methylmalonate-semialdehyde dehydrogenase,"Valine, Leucine, and Isoleucine Metabolism",0.0,0.0,0.0,0.0,,,0.0,38,37,1.0,False,Down
EX_ppa_e,Propionate exchange,Extracellular exchange,0.0,0.0,0.0,0.0,,,0.0,38,37,1.0,False,Down
EX_prgstrn_e,Progesterone exchange,Extracellular exchange,0.0,0.0,0.0,0.0,,,0.0,38,37,1.0,False,Down
EX_fucfuc12gal14acglcgalgluside_hs_e,Ley glycolipid exchange,Extracellular exchange,0.0,0.0,0.0,0.0,,,0.0,38,37,1.0,False,Down
MTAP,5  methylthioadenosine phosphorylase,Arginine and Proline Metabolism,0.0,0.0,0.0,0.0,,,0.0,38,37,1.0,False,Down
MAN1PT2,Mannose-1-phosphate guanylyltransferase (GDP),Fructose and Mannose Metabolism,0.0,0.0,0.0,0.0,,,0.0,38,37,1.0,False,Down
MAN1_6B1er,"Mannosidase I, endoplasmic reticulum (g1m6masnB1-producing)",N-Glycan Biosynthesis,0.0,0.0,0.0,0.0,,,0.0,38,37,1.0,False,Down
MAN1_7Ber,"Mannosidase I, endoplasmic reticulum (g1m7masnB-producing)",N-Glycan Biosynthesis,0.0,0.0,0.0,0.0,,,0.0,38,37,1.0,False,Down
MAN2_6B1er,"Mannosidase II, endoplasmic reticulum (g1m6masnB1-producing)",N-Glycan Biosynthesis,0.0,0.0,0.0,0.0,,,0.0,38,37,1.0,False,Down
MAN2_7Cer,"Mannosidase II, endoplasmic reticulum (g1m7masnC-producing)",N-Glycan Biosynthesis,0.0,0.0,0.0,0.0,,,0.0,38,37,1.0,False,Down
EX_pro__D_e,D-Proline exchange,Extracellular exchange,0.0,0.0,0.0,0.0,,,0.0,38,37,1.0,False,Down
EX_fucfuc132galacglcgal14acglcgalgluside_hs_e,"V3Fuc,III3Fuc-nLc6Cer exchange",Extracellular exchange,0.0,0.0,0.0,0.0,,,0.0,38,37,1.0,False,Down
EX_fucfucfucgalacglc13galacglcgal14acglcgalgluside_hs_e,(Gal)4 (Glc)1 (GlcNAc)3 (LFuc)3 (Cer)1 exchange,Extracellular exchange,0.0,0.0,0.0,0.0,,,0.0,38,37,1.0,False,Down
EX_fucfucfucgalacglcgal14acglcgalgluside_hs_e,(Gal)3 (Glc)1 (GlcNAc)2 (LFuc)3 (Cer)1 exchange,Extracellular exchange,0.0,0.0,0.0,0.0,,,0.0,38,37,1.0,False,Down
EX_prostgd2_e,Prostaglandin D2 exchange,Extracellular exchange,0.0,0.0,0.0,0.0,,,0.0,38,37,1.0,False,Down
MTHFCm,Methenyltetrahydrifikate cyclohydrolase  mitochondrial,Folate Metabolism,0.0,0.0,0.0,0.0,,,0.0,38,37,1.0,False,Down
EX_prostge1_e,Prostaglandin E1 exchange,Extracellular exchange,0.0,0.0,0.0,0.0,,,0.0,38,37,1.0,False,Down
EX_prostge2_e,Prostaglandin E2 exchange,Extracellular exchange,0.0,0.0,0.0,0.0,,,0.0,38,37,1.0,False,Down
MANter,Mannose efflux from endoplasmic reticulum,"Transport, Endoplasmic Reticular",0.0,0.0,0.0,0.0,,,0.0,38,37,1.0,False,Down
MANtg,Mannose efflux from Golgi apparatus,"Transport, Golgi Apparatus",0.0,0.0,0.0,0.0,,,0.0,38,37,1.0,False,Down
MANtly,Mannose efflux from lysosome,"Transport, Lysosomal",0.0,0.0,0.0,0.0,,,0.0,38,37,1.0,False,Down
MAOLNOR,Monoamine oxidase (L-Normetanephrine),Tyrosine metabolism,0.0,0.0,0.0,0.0,,,0.0,38,37,1.0,False,Down
EX_prostgf2_e,Prostaglandin F2alpha exchange,Extracellular exchange,0.0,0.0,0.0,0.0,,,0.0,38,37,1.0,False,Down
METS,Methionine synthase,Methionine Metabolism,0.0,0.0,0.0,0.0,,,0.0,38,37,1.0,False,Down
EX_ps_hs_e,Phosphatidylserine (homo sapiens) exchange,Extracellular exchange,0.0,0.0,0.0,0.0,,,0.0,38,37,1.0,False,Down
EX_ptdca_e,Pentadecanoate exchange,Extracellular exchange,0.0,0.0,0.0,0.0,,,0.0,38,37,1.0,False,Down
EX_pydam_e,Pyridoxamine exchange,Extracellular exchange,0.0,0.0,0.0,0.0,,,0.0,38,37,1.0,False,Down
MAOX,Methylamine:oxygen oxidoreductase (deaminating) (copper-containing),Tyrosine metabolism,0.0,0.0,0.0,0.0,,,0.0,38,37,1.0,False,Down
EX_fucfucgalacglcgalgluside_hs_e,Leb glycolipid exchange,Extracellular exchange,0.0,0.0,0.0,0.0,,,0.0,38,37,1.0,False,Down
EX_fucgal14acglcgalgluside_hs_e,Lacto-N-fucopentaosyl III ceramide exchange,Extracellular exchange,0.0,0.0,0.0,0.0,,,0.0,38,37,1.0,False,Down
MCD,Malonyl-CoA Decarboxylase cytoplasmic,Fatty Acid Metabolism,0.0,0.0,0.0,0.0,,,0.0,38,37,1.0,False,Down
MTRI,5-methylthioribose-1-phosphate isomerase,Arginine and Proline Metabolism,0.0,0.0,0.0,0.0,,,0.0,38,37,1.0,False,Down
MCDm,"Malonyl-CoA Decarboxylase, mitochondrial",Fatty Acid Metabolism,0.0,0.0,0.0,0.0,,,0.0,38,37,1.0,False,Down
EX_fucgalfucgalacglcgalgluside_hs_e,(Gal)3 (Glc)1 (GlcNAc)1 (LFuc)2 (Cer)1 exchange,Extracellular exchange,0.0,0.0,0.0,0.0,,,0.0,38,37,1.0,False,Down
MCDp,Malonyl-CoA Decarboxylase peroxisomal,Fatty Acid Metabolism,0.0,0.0,0.0,0.0,,,0.0,38,37,1.0,False,Down
EX_fucgalgbside_hs_e,Fucosyl galactosylgloboside (homo sapiens) exchange,Extracellular exchange,0.0,0.0,0.0,0.0,,,0.0,38,37,1.0,False,Down
N2M2NMASNt,"N2m2nmasn transport, Golgi to extracellular","Transport, Extracellular",0.0,0.0,0.0,0.0,,,0.0,38,37,1.0,False,Down
N2M2NMASNtly,"N2m2nmasn transport, extracellular to lysosome","Transport, Lysosomal",0.0,0.0,0.0,0.0,,,0.0,38,37,1.0,False,Down
N3Tg,"N-acetylgalactosamine 3-beta-galactosyltransferase, Golgi apparatus",O-Glycan Biosynthesis,0.0,0.0,0.0,0.0,,,0.0,38,37,1.0,False,Down
N4Tg,"N-acetylgalactosamine 4-beta-galactosyltransferase, Golgi apparatus",O-Glycan Biosynthesis,0.0,0.0,0.0,0.0,,,0.0,38,37,1.0,False,Down
NABTNO,N4 AcetylaminobutanalNAD oxidoreductase,Arginine and Proline Metabolism,0.0,0.0,0.0,0.0,,,0.0,38,37,1.0,False,Down
MCLACCYSR,3-mercaptolactate:cysteine reductase,Cysteine Metabolism,0.0,0.0,0.0,0.0,,,0.0,38,37,1.0,False,Down
MCOATA,Malonyl-CoA-ACP transacylase,Fatty Acid Metabolism,0.0,0.0,0.0,0.0,,,0.0,38,37,1.0,False,Down
NABTNOm,N4-Acetylaminobutanal:NAD+ oxidoreductase (m),Arginine and Proline Metabolism,0.0,0.0,0.0,0.0,,,0.0,38,37,1.0,False,Down
EX_galacglcgalgbside_hs_e,Gal-GlcNAc-Gal globoside (homo sapiens) exchange,Extracellular exchange,0.0,0.0,0.0,0.0,,,0.0,38,37,1.0,False,Down
NACASPAH,N-Acetyl-L-aspartate amidohydrolase,Alanine and Aspartate Metabolism,0.0,0.0,0.0,0.0,,,0.0,38,37,1.0,False,Down
NACASPtm,N-acetyl-L-aspartate transport (mitochondria to cytosol),"Transport, Mitochondrial",0.0,0.0,0.0,0.0,,,0.0,38,37,1.0,False,Down
MCOATAm,Malonyl CoA ACP transacylase  mitochondrial,Fatty Acid Metabolism,0.0,0.0,0.0,0.0,,,0.0,38,37,1.0,False,Down
MG1er,"Mannosyl-oligosaccharide glucosidase, endoplasmic reticulum",N-Glycan Biosynthesis,0.0,0.0,0.0,0.0,,,0.0,38,37,1.0,False,Down
MCPST,3-mercaptopyruvate sulfurtransferase,Cysteine Metabolism,0.0,0.0,0.0,0.0,,,0.0,38,37,1.0,False,Down
EX_galfuc12gal14acglcgalgluside_hs_e,(Gal)3 (Glc)1 (GlcNAc)1 (LFuc)1 (Cer)1 exchange,Extracellular exchange,0.0,0.0,0.0,0.0,,,0.0,38,37,1.0,False,Down
EX_galfucgalacglcgal14acglcgalgluside_hs_e,(Gal)4 (Glc)1 (GlcNAc)2 (LFuc)1 (Cer)1 exchange,Extracellular exchange,0.0,0.0,0.0,0.0,,,0.0,38,37,1.0,False,Down
NACHEX10ly,"Beta-N-acetylhexosaminidase, lysosomal",Keratan sulfate degradation,0.0,0.0,0.0,0.0,,,0.0,38,37,1.0,False,Down
NACHEX11ly,"Beta-N-acetylhexosaminidase, lysosomal",Keratan sulfate degradation,0.0,0.0,0.0,0.0,,,0.0,38,37,1.0,False,Down
NACHEX12ly,"Beta-N-acetylhexosaminidase, lysosomal",Keratan sulfate degradation,0.0,0.0,0.0,0.0,,,0.0,38,37,1.0,False,Down
NACHEX13ly,"Beta-N-acetylhexosaminidase, lysosomal",Keratan sulfate degradation,0.0,0.0,0.0,0.0,,,0.0,38,37,1.0,False,Down
NACHEX14ly,"Beta-N-acetylhexosaminidase, lysosomal",Keratan sulfate degradation,0.0,0.0,0.0,0.0,,,0.0,38,37,1.0,False,Down
NACHEX15ly,"Beta-N-acetylhexosaminidase, lysosomal",Keratan sulfate degradation,0.0,0.0,0.0,0.0,,,0.0,38,37,1.0,False,Down
MDRPD,5-Methylthio-5-deoxy-D-ribulose 1-phosphate dehydratase,Arginine and Proline Metabolism,0.0,0.0,0.0,0.0,,,0.0,38,37,1.0,False,Down
ME1m,Malic enzyme  NAD   mitochondrial,Pyruvate Metabolism,0.0,0.0,0.0,0.0,,,0.0,38,37,1.0,False,Down
NACHEX16ly,"Beta-N-acetylhexosaminidase, lysosomal",Keratan sulfate degradation,0.0,0.0,0.0,0.0,,,0.0,38,37,1.0,False,Down
MG2er,"Mannosyl-oligosaccharide glucosidase, endoplasmic reticulum",N-Glycan Biosynthesis,0.0,0.0,0.0,0.0,,,0.0,38,37,1.0,False,Down
NACHEX17ly,"Beta-N-acetylhexosaminidase, lysosomal",Keratan sulfate degradation,0.0,0.0,0.0,0.0,,,0.0,38,37,1.0,False,Down
NACHEX18ly,"Beta-N-acetylhexosaminidase, lysosomal",Keratan sulfate degradation,0.0,0.0,0.0,0.0,,,0.0,38,37,1.0,False,Down
EX_pydx_e,Pyridoxal exchange,Extracellular exchange,0.0,0.0,0.0,0.0,,,0.0,38,37,1.0,False,Down
EX_pydxn_e,Pyridoxine exchange,Extracellular exchange,0.0,0.0,0.0,0.0,,,0.0,38,37,1.0,False,Down
EX_galgalfucfucgalacglcgalacglcgal14acglcgalgluside_hs_e,(Gal)6 (Glc)1 (GlcNAc)3 (LFuc)2 (Cer)1 exchange,Extracellular exchange,0.0,0.0,0.0,0.0,,,0.0,38,37,1.0,False,Down
EX_galgalgalthcrm_hs_e,Gal-Gal-Gal-Gal-Gal-Glc-Cer (homo sapiens) exchange,Extracellular exchange,0.0,0.0,0.0,0.0,,,0.0,38,37,1.0,False,Down
NACHEX19ly,"Beta-N-acetylhexosaminidase, lysosomal",Keratan sulfate degradation,0.0,0.0,0.0,0.0,,,0.0,38,37,1.0,False,Down
MELATN23DOX,"Melatonin:oxygen 2,3-dioxygenase (indole-decyclizing)",Tryptophan metabolism,0.0,0.0,0.0,0.0,,,0.0,38,37,1.0,False,Down
NACHEX1ly,"Beta-N-acetylhexosaminidase, lysosomal",Chondroitin sulfate degradation,0.0,0.0,0.0,0.0,,,0.0,38,37,1.0,False,Down
MG3er,"Mannosyl-oligosaccharide glucosidase, endoplasmic reticulum",N-Glycan Biosynthesis,0.0,0.0,0.0,0.0,,,0.0,38,37,1.0,False,Down
NACHEX20ly,"Beta-N-acetylhexosaminidase, lysosomal",Keratan sulfate degradation,0.0,0.0,0.0,0.0,,,0.0,38,37,1.0,False,Down
MELATNOX,Melatonin:NADP oxidoreductase,Tryptophan metabolism,0.0,0.0,0.0,0.0,,,0.0,38,37,1.0,False,Down
NACHEX21ly,"Beta-N-acetylhexosaminidase, lysosomal",Keratan sulfate degradation,0.0,0.0,0.0,0.0,,,0.0,38,37,1.0,False,Down
MGACONm,"Methylglutaconase, mitochondrial",C5-Branched dibasic acid metabolism,0.0,0.0,0.0,0.0,,,0.0,38,37,1.0,False,Down
NACHEX22ly,"Beta-N-acetylhexosaminidase, lysosomal",Keratan sulfate degradation,0.0,0.0,0.0,0.0,,,0.0,38,37,1.0,False,Down
NACHEX23ly,"Beta-N-acetylhexosaminidase, lysosomal",Keratan sulfate degradation,0.0,0.0,0.0,0.0,,,0.0,38,37,1.0,False,Down
NACHEX24ly,"Beta-N-acetylhexosaminidase, lysosomal",Keratan sulfate degradation,0.0,0.0,0.0,0.0,,,0.0,38,37,1.0,False,Down
MEOHt2,Methanol diffusion,"Transport, Extracellular",0.0,0.0,0.0,0.0,,,0.0,38,37,1.0,False,Down
MEOHtly,"Methanol transporter, lysosome","Transport, Lysosomal",0.0,0.0,0.0,0.0,,,0.0,38,37,1.0,False,Down
MEOHtr,"Methanol transporter, endoplasmic reticulum","Transport, Endoplasmic Reticular",0.0,0.0,0.0,0.0,,,0.0,38,37,1.0,False,Down
MEPIVESSte,Metanephrine secretion via secretory vesicle (ATP driven),"Transport, Extracellular",0.0,0.0,0.0,0.0,,,0.0,38,37,1.0,False,Down
NACHEX25ly,"Beta-N-acetylhexosaminidase, lysosomal",Keratan sulfate degradation,0.0,0.0,0.0,0.0,,,0.0,38,37,1.0,False,Down
NACHEX26ly,"Beta-N-acetylhexosaminidase, lysosomal",Keratan sulfate degradation,0.0,0.0,0.0,0.0,,,0.0,38,37,1.0,False,Down
NACHEX27ly,"Beta-N-acetylhexosaminidase, lysosomal",Hyaluronan Metabolism,0.0,0.0,0.0,0.0,,,0.0,38,37,1.0,False,Down
NACHEX2ly,"Beta-N-acetylhexosaminidase, lysosomal",Chondroitin sulfate degradation,0.0,0.0,0.0,0.0,,,0.0,38,37,1.0,False,Down
NACHEXA14ly,"Beta-N-acetylhexosaminidase A, lysosomal",Keratan sulfate degradation,0.0,0.0,0.0,0.0,,,0.0,38,37,1.0,False,Down
NACHEX3ly,"Beta-N-acetylhexosaminidase, lysosomal",Chondroitin sulfate degradation,0.0,0.0,0.0,0.0,,,0.0,38,37,1.0,False,Down
EX_gam_e,D-Glucosamine exchange,Extracellular exchange,0.0,0.0,0.0,0.0,,,0.0,38,37,1.0,False,Down
NACHEX4ly,"Beta-N-acetylhexosaminidase, lysosomal",Chondroitin sulfate degradation,0.0,0.0,0.0,0.0,,,0.0,38,37,1.0,False,Down
NACHEX5ly,"Beta-N-acetylhexosaminidase, lysosomal",Chondroitin sulfate degradation,0.0,0.0,0.0,0.0,,,0.0,38,37,1.0,False,Down
NACHEX6ly,"Beta-N-acetylhexosaminidase, lysosomal",Chondroitin sulfate degradation,0.0,0.0,0.0,0.0,,,0.0,38,37,1.0,False,Down
NACHEXA15ly,"Beta-N-acetylhexosaminidase A, lysosomal",Keratan sulfate degradation,0.0,0.0,0.0,0.0,,,0.0,38,37,1.0,False,Down
NACHEXA16ly,"Beta-N-acetylhexosaminidase A, lysosomal",Keratan sulfate degradation,0.0,0.0,0.0,0.0,,,0.0,38,37,1.0,False,Down
NACHEXA17ly,"Beta-N-acetylhexosaminidase A, lysosomal",Keratan sulfate degradation,0.0,0.0,0.0,0.0,,,0.0,38,37,1.0,False,Down
NACHEX7ly,"Beta-N-acetylhexosaminidase, lysosomal",Chondroitin sulfate degradation,0.0,0.0,0.0,0.0,,,0.0,38,37,1.0,False,Down
NACHEXA18ly,"Beta-N-acetylhexosaminidase A, lysosomal",Keratan sulfate degradation,0.0,0.0,0.0,0.0,,,0.0,38,37,1.0,False,Down
NACHEX8ly,"Beta-N-acetylhexosaminidase, lysosomal",Chondroitin sulfate degradation,0.0,0.0,0.0,0.0,,,0.0,38,37,1.0,False,Down
MGSA,Methylglyoxal synthase,Pyruvate Metabolism,0.0,0.0,0.0,0.0,,,0.0,38,37,1.0,False,Down
NACHEX9ly,"Beta-N-acetylhexosaminidase, lysosomal",Chondroitin sulfate degradation,0.0,0.0,0.0,0.0,,,0.0,38,37,1.0,False,Down
NACHEXA10ly,"Beta-N-acetylhexosaminidase A, lysosomal",Keratan sulfate degradation,0.0,0.0,0.0,0.0,,,0.0,38,37,1.0,False,Down
NACHEXA19ly,"Beta-N-acetylhexosaminidase A, lysosomal",Keratan sulfate degradation,0.0,0.0,0.0,0.0,,,0.0,38,37,1.0,False,Down
NACHEXA1ly,"Beta-N-acetylhexosaminidase A, lysosomal",Chondroitin sulfate degradation,0.0,0.0,0.0,0.0,,,0.0,38,37,1.0,False,Down
NACHEXA11ly,"Beta-N-acetylhexosaminidase A, lysosomal",Keratan sulfate degradation,0.0,0.0,0.0,0.0,,,0.0,38,37,1.0,False,Down
NACHEXA20ly,"Beta-N-acetylhexosaminidase A, lysosomal",Keratan sulfate degradation,0.0,0.0,0.0,0.0,,,0.0,38,37,1.0,False,Down
MGSA2,Methyglyoxylate synthase 2 (from g3p),Pyruvate Metabolism,0.0,0.0,0.0,0.0,,,0.0,38,37,1.0,False,Down
NACHEXA21ly,"Beta-N-acetylhexosaminidase A, lysosomal",Keratan sulfate degradation,0.0,0.0,0.0,0.0,,,0.0,38,37,1.0,False,Down
NACHEXA22ly,"Beta-N-acetylhexosaminidase A, lysosomal",Keratan sulfate degradation,0.0,0.0,0.0,0.0,,,0.0,38,37,1.0,False,Down
NACHEXA2ly,"Beta-N-acetylhexosaminidase A, lysosomal",Chondroitin sulfate degradation,0.0,0.0,0.0,0.0,,,0.0,38,37,1.0,False,Down
NACHEXA12ly,"Beta-N-acetylhexosaminidase A, lysosomal",Keratan sulfate degradation,0.0,0.0,0.0,0.0,,,0.0,38,37,1.0,False,Down
NACHEXA13ly,"Beta-N-acetylhexosaminidase A, lysosomal",Keratan sulfate degradation,0.0,0.0,0.0,0.0,,,0.0,38,37,1.0,False,Down
NDP8ex,"Nucleoside-diphosphatase (UTP), extracellular",Nucleotides,0.0,0.0,0.0,0.0,,,0.0,38,37,1.0,False,Down
NACHEXA3ly,"Beta-N-acetylhexosaminidase A, lysosomal",Chondroitin sulfate degradation,0.0,0.0,0.0,0.0,,,0.0,38,37,1.0,False,Down
NACHEXA4ly,"Beta-N-acetylhexosaminidase A, lysosomal",Chondroitin sulfate degradation,0.0,0.0,0.0,0.0,,,0.0,38,37,1.0,False,Down
NACHEXA5ly,"Beta-N-acetylhexosaminidase A, lysosomal",Chondroitin sulfate degradation,0.0,0.0,0.0,0.0,,,0.0,38,37,1.0,False,Down
NACHEXA6ly,"Beta-N-acetylhexosaminidase A, lysosomal",Chondroitin sulfate degradation,0.0,0.0,0.0,0.0,,,0.0,38,37,1.0,False,Down
MHISOR,N-Methylhistamine:oxygen oxidoreductase (deaminating),Histidine Metabolism,0.0,0.0,0.0,0.0,,,0.0,38,37,1.0,False,Down
NACHEXA7ly,"Beta-N-acetylhexosaminidase A, lysosomal",Chondroitin sulfate degradation,0.0,0.0,0.0,0.0,,,0.0,38,37,1.0,False,Down
NACHEXA8ly,"Beta-N-acetylhexosaminidase A, lysosomal",Chondroitin sulfate degradation,0.0,0.0,0.0,0.0,,,0.0,38,37,1.0,False,Down
NACHEXA9ly,"Beta-N-acetylhexosaminidase A, lysosomal",Keratan sulfate degradation,0.0,0.0,0.0,0.0,,,0.0,38,37,1.0,False,Down
EX_ha_e,Hyaluronan exchange,Extracellular exchange,0.0,0.0,0.0,0.0,,,0.0,38,37,1.0,False,Down
NDPK10,Nucleoside-diphosphate kinase (ATP dIDP),Nucleotides,0.0,0.0,0.0,0.0,,,0.0,38,37,1.0,False,Down
MI13456PK,"Inositol-1,3,4,5,6-pentakisphosphate 2-kinase",Inositol Phosphate Metabolism,0.0,0.0,0.0,0.0,,,0.0,38,37,1.0,False,Down
NACt,Nicotinic acid transport,"Transport, Extracellular",0.0,0.0,0.0,0.0,,,0.0,38,37,1.0,False,Down
NDPK10m,"Nucleoside-diphosphate kinase (ATP:dIDP), mitochondrial",Nucleotides,0.0,0.0,0.0,0.0,,,0.0,38,37,1.0,False,Down
MI13456Ptn,"Inositol 1,3,4,5,6-pentakisphosphate nuclear transport (diffusion)","Transport, Nuclear",0.0,0.0,0.0,0.0,,,0.0,38,37,1.0,False,Down
NDPK10n,"Nucleoside-diphosphate kinase (ATP:dIDP), nuclear",Nucleotides,0.0,0.0,0.0,0.0,,,0.0,38,37,1.0,False,Down
EX_gbside_hs_e,Globoside (homo sapiens) exchange,Extracellular exchange,0.0,0.0,0.0,0.0,,,0.0,38,37,1.0,False,Down
NADHtpu,"NADH transporter, peroxisome","Transport, Peroxisomal",0.0,0.0,0.0,0.0,,,0.0,38,37,1.0,False,Down
EX_gchola_e,Glycocholate exchange,Extracellular exchange,0.0,0.0,0.0,0.0,,,0.0,38,37,1.0,False,Down
NADK,NAD kinase,NAD Metabolism,0.0,0.0,0.0,0.0,,,0.0,38,37,1.0,False,Down
NADN,NAD nucleosidase,NAD Metabolism,0.0,0.0,0.0,0.0,,,0.0,38,37,1.0,False,Down
EX_gd1b2_hs_e,GD1beta (homo sapiens) exchange,Extracellular exchange,0.0,0.0,0.0,0.0,,,0.0,38,37,1.0,False,Down
NDPK1n,"Nucleoside-diphosphate kinase (ATP:GDP), nuclear",Nucleotides,0.0,0.0,0.0,0.0,,,0.0,38,37,1.0,False,Down
EX_rbt_e,Ribitol exchange,Extracellular exchange,0.0,0.0,0.0,0.0,,,0.0,38,37,1.0,False,Down
NDPK2m,"ATP:UDP phosphotransferase, mitochondria",Nucleotides,0.0,0.0,0.0,0.0,,,0.0,38,37,1.0,False,Down
NDPK2n,"Nucleoside-diphosphate kinase (ATP:UDP), nuclear",Nucleotides,0.0,0.0,0.0,0.0,,,0.0,38,37,1.0,False,Down
EX_retfa_e,Fatty acid retinol exchange,Extracellular exchange,0.0,0.0,0.0,0.0,,,0.0,38,37,1.0,False,Down
NDPK3m,"ATP:CDP phosphotransferase, mitochondria",Nucleotides,0.0,0.0,0.0,0.0,,,0.0,38,37,1.0,False,Down
NADNe,"NAD nucleosidase,extracellular",NAD Metabolism,0.0,0.0,0.0,0.0,,,0.0,38,37,1.0,False,Down
EX_gd1c_hs_e,GD1c (homo sapiens) exchange,Extracellular exchange,0.0,0.0,0.0,0.0,,,0.0,38,37,1.0,False,Down
EX_ha_pre1_e,"Hyaluronan biosynthesis, precursor 1 exchange",Extracellular exchange,0.0,0.0,0.0,0.0,,,0.0,38,37,1.0,False,Down
NADPN,NADP nucleosidase,NAD Metabolism,0.0,0.0,0.0,0.0,,,0.0,38,37,1.0,False,Down
NDPK3n,"Nucleoside-diphosphate kinase (ATP:CDP),nuclear",Nucleotides,0.0,0.0,0.0,0.0,,,0.0,38,37,1.0,False,Down
NDPK4,Nucleoside-diphosphate kinase (ATP:dTDP),Nucleotides,0.0,0.0,0.0,0.0,,,0.0,38,37,1.0,False,Down
EX_gdchola_e,Glycochenodeoxycholate exchange,Extracellular exchange,0.0,0.0,0.0,0.0,,,0.0,38,37,1.0,False,Down
NDPK4n,"Nucleoside-diphosphate kinase (ATP:dTDP), nuclear",Nucleotides,0.0,0.0,0.0,0.0,,,0.0,38,37,1.0,False,Down
EX_gdp_e,GDP exchange,Extracellular exchange,0.0,0.0,0.0,0.0,,,0.0,38,37,1.0,False,Down
NADPNe,"NADP nucleosidase,extracellular",NAD Metabolism,0.0,0.0,0.0,0.0,,,0.0,38,37,1.0,False,Down
EX_retinol_9_cis_e,9-cis-retinol exchange,Extracellular exchange,0.0,0.0,0.0,0.0,,,0.0,38,37,1.0,False,Down
EX_retinol_cis_11_e,Cis-11-retinol exchange,Extracellular exchange,0.0,0.0,0.0,0.0,,,0.0,38,37,1.0,False,Down
NADS2,Nicotinate-mononucleotide adenylyltransferase,NAD Metabolism,0.0,0.0,0.0,0.0,,,0.0,38,37,1.0,False,Down
EX_retnglc_e,Retinoyl glucuronide exchange,Extracellular exchange,0.0,0.0,0.0,0.0,,,0.0,38,37,1.0,False,Down
NDPK5n,"Nucleoside-diphosphate kinase (ATP:dGDP), nuclear",Nucleotides,0.0,0.0,0.0,0.0,,,0.0,38,37,1.0,False,Down
NADtn,NAD transport  nuclear through pores,"Transport, Nuclear",0.0,0.0,0.0,0.0,,,0.0,38,37,1.0,False,Down
MI1345PKn,Inositol 1 3 4 5 triphosphate 6 kinase  nucleus,Inositol Phosphate Metabolism,0.0,0.0,0.0,0.0,,,0.0,38,37,1.0,False,Down
NADtpu,"NAD transporter, peroxisome","Transport, Peroxisomal",0.0,0.0,0.0,0.0,,,0.0,38,37,1.0,False,Down
EX_retpalm_SPACE_deleted_SPACE_10_09_2005_SPACE_SPACE_06_COLON_18_COLON_49_SPACE_PM_e,EX retpalm,Extracellular exchange,0.0,0.0,0.0,0.0,,,0.0,38,37,1.0,False,Down
NAGA2ly,"N-acetylgalactosaminidase, alpha-",Keratan sulfate degradation,0.0,0.0,0.0,0.0,,,0.0,38,37,1.0,False,Down
NDPK6,Nucleoside-diphosphate kinase (ATP:dUDP),Nucleotides,0.0,0.0,0.0,0.0,,,0.0,38,37,1.0,False,Down
NDPK6m,"ATP:dUDP phosphotransferase, mitochondria",Nucleotides,0.0,0.0,0.0,0.0,,,0.0,38,37,1.0,False,Down
NAGAlby,"N-acetylgalactosaminidase, beta-",Sphingolipid Metabolism,0.0,0.0,0.0,0.0,,,0.0,38,37,1.0,False,Down
MI1345PP,"D-myo-Inositol 1,3,4,5-tetrakisphosphate 5-phosphohydrolase",Inositol Phosphate Metabolism,0.0,0.0,0.0,0.0,,,0.0,38,37,1.0,False,Down
NAGAly,"N-acetylgalactosaminidase, alpha-",Sphingolipid Metabolism,0.0,0.0,0.0,0.0,,,0.0,38,37,1.0,False,Down
NAGLCAly,"N-acetylglucosaminidase, lysosomal",Keratan sulfate degradation,0.0,0.0,0.0,0.0,,,0.0,38,37,1.0,False,Down
NDPK6n,"Nucleoside-diphosphate kinase (ATP:dUDP), nuclear",Nucleotides,0.0,0.0,0.0,0.0,,,0.0,38,37,1.0,False,Down
EX_gluala_e,5-L-Glutamyl-L-alanine exchange,Extracellular exchange,0.0,0.0,0.0,0.0,,,0.0,38,37,1.0,False,Down
EX_glyb_e,Glycine betaine exchange,Extracellular exchange,0.0,0.0,0.0,0.0,,,0.0,38,37,1.0,False,Down
NDPK7n,"Nucleoside-diphosphate kinase (ATP:dCDP), nuclear",Nucleotides,0.0,0.0,0.0,0.0,,,0.0,38,37,1.0,False,Down
EX_glygn2_e,"Glycogen, structure 2 (glycogenin-1,6-{7[1,4-Glc], 4[1,4-Glc]}) exchange",Extracellular exchange,0.0,0.0,0.0,0.0,,,0.0,38,37,1.0,False,Down
EX_glygn4_e,"Glycogen, structure 4 (glycogenin-1,6-{2[1,4-Glc], [1,4-Glc]}) exchange",Extracellular exchange,0.0,0.0,0.0,0.0,,,0.0,38,37,1.0,False,Down
EX_ribflv_e,Riboflavin exchange,Extracellular exchange,0.0,0.0,0.0,0.0,,,0.0,38,37,1.0,False,Down
EX_hcoumarin_e,Hydroxy coumarin exchange,Extracellular exchange,0.0,0.0,0.0,0.0,,,0.0,38,37,1.0,False,Down
MI1346PKn,"Inositol-1,3,4,6-tetrakisphosphate 5-kinase, nucleus",Inositol Phosphate Metabolism,0.0,0.0,0.0,0.0,,,0.0,38,37,1.0,False,Down
NDPK8n,"Nucleoside-diphosphate kinase (ATP:dADP), nuclear",Nucleotides,0.0,0.0,0.0,0.0,,,0.0,38,37,1.0,False,Down
EX_glygn5_e,"Glycogen, structure 5 (glycogenin-2[1,4-Glc]) exchange",Extracellular exchange,0.0,0.0,0.0,0.0,,,0.0,38,37,1.0,False,Down
EX_gmp_e,GMP exchange,Extracellular exchange,0.0,0.0,0.0,0.0,,,0.0,38,37,1.0,False,Down
NAt3_1g,Sodium proton antiporter (H:NA is 1:1),"Transport, Golgi Apparatus",0.0,0.0,0.0,0.0,,,0.0,38,37,1.0,False,Down
EX_gp1c_hs_e,GP1c (homo sapiens) exchange,Extracellular exchange,0.0,0.0,0.0,0.0,,,0.0,38,37,1.0,False,Down
NAtx,Sodium transport via diffusion (perioxisome),"Transport, Peroxisomal",0.0,0.0,0.0,0.0,,,0.0,38,37,1.0,False,Down
NDPK9,Nucleoside diphosphate kinase  ATPIDP ,Nucleotides,0.0,0.0,0.0,0.0,,,0.0,38,37,1.0,False,Down
NDPK9m,"ATP:IDP phosphotransferase, mitochondria",Nucleotides,0.0,0.0,0.0,0.0,,,0.0,38,37,1.0,False,Down
NDPK9n,"Nucleoside-diphosphate kinase (ATP:IDP), nuclear",Nucleotides,0.0,0.0,0.0,0.0,,,0.0,38,37,1.0,False,Down
EX_gp1calpha_hs_e,GP1c alpha  (homo sapiens) exchange,Extracellular exchange,0.0,0.0,0.0,0.0,,,0.0,38,37,1.0,False,Down
NH4tn,Ammonia nuclear transport,"Transport, Nuclear",0.0,0.0,0.0,0.0,,,0.0,38,37,1.0,False,Down
EX_s2l2fn2m2masn_e,PA6 exchange,Extracellular exchange,0.0,0.0,0.0,0.0,,,0.0,38,37,1.0,False,Down
NBAHH_ir,Nalpha-(beta-alanyl)-L-histidine hydrolase IR,beta-Alanine metabolism,0.0,0.0,0.0,0.0,,,0.0,38,37,1.0,False,Down
NCAMUP,Nicotinamide acid uptake,"Transport, Extracellular",0.0,0.0,0.0,0.0,,,0.0,38,37,1.0,False,Down
EX_s2l2n2m2masn_e,De-Fuc form of PA6 exchange,Extracellular exchange,0.0,0.0,0.0,0.0,,,0.0,38,37,1.0,False,Down
MI1346Ptn,"1D-myo-Inositol 1,3,4,6-tetrakisphosphate nuclear transport (diffusion)","Transport, Nuclear",0.0,0.0,0.0,0.0,,,0.0,38,37,1.0,False,Down
EX_sarcs_e,Sarcosine exchange,Extracellular exchange,0.0,0.0,0.0,0.0,,,0.0,38,37,1.0,False,Down
MI134P4P,"Inositol-1,3,4-trisphosphate 4-phosphatase",Inositol Phosphate Metabolism,0.0,0.0,0.0,0.0,,,0.0,38,37,1.0,False,Down
EX_sel_e,Selenate exchange,Extracellular exchange,0.0,0.0,0.0,0.0,,,0.0,38,37,1.0,False,Down
NICRNS,Nicotinate D-ribonucleotide synthase (ATP),NAD Metabolism,0.0,0.0,0.0,0.0,,,0.0,38,37,1.0,False,Down
NDP10ex,"Nucleoside-diphosphatase (IDP), extracellular",Nucleotides,0.0,0.0,0.0,0.0,,,0.0,38,37,1.0,False,Down
MI134PK,"ATP:1D-myo-inositol-1,3,4-trisphosphate 6-phosphotransferase",Inositol Phosphate Metabolism,0.0,0.0,0.0,0.0,,,0.0,38,37,1.0,False,Down
NDP3ex,"Nucleoside-diphosphatase (GDP), extracellular",Nucleotides,0.0,0.0,0.0,0.0,,,0.0,38,37,1.0,False,Down
NICRNTtn,"NICRNT transport, nuclear trhough pore","Transport, Nuclear",0.0,0.0,0.0,0.0,,,0.0,38,37,1.0,False,Down
NIFEDIPINEte,Xenobiotic transport,"Transport, Extracellular",0.0,0.0,0.0,0.0,,,0.0,38,37,1.0,False,Down
NDP6,Nucleoside-diphosphatase (dCDP),Nucleotides,0.0,0.0,0.0,0.0,,,0.0,38,37,1.0,False,Down
MI134PP,"D-myo-Inositol 1,3,4-trisphosphate 1-phosphohydrolase",Inositol Phosphate Metabolism,0.0,0.0,0.0,0.0,,,0.0,38,37,1.0,False,Down
NDP7er,"Nucleoside-diphosphatase (UDP), endoplasmic reticulum",Nucleotides,0.0,0.0,0.0,0.0,,,0.0,38,37,1.0,False,Down
NDP7ex,"Nucleoside-diphosphatase (UDP), extracellular",Nucleotides,0.0,0.0,0.0,0.0,,,0.0,38,37,1.0,False,Down
EX_hestratriol_e,"4,17 dihydroxy estradiol exchange",Extracellular exchange,0.0,0.0,0.0,0.0,,,0.0,38,37,1.0,False,Down
EX_ser__D_e,D-Serine exchange,Extracellular exchange,0.0,0.0,0.0,0.0,,,0.0,38,37,1.0,False,Down
NMNATm,Nicotinamide nucleotide adenylyltransferase  mitochondrial,NAD Metabolism,0.0,0.0,0.0,0.0,,,0.0,38,37,1.0,False,Down
NMNATn,Nicotinamide-nucleotide adenylyltransferase,NAD Metabolism,0.0,0.0,0.0,0.0,,,0.0,38,37,1.0,False,Down
NDP7g,"Nucleoside-diphosphatase (UDP), Golgi apparatus",Nucleotides,0.0,0.0,0.0,0.0,,,0.0,38,37,1.0,False,Down
NDP8,Nucleoside-diphosphatase (dUDP),Nucleotides,0.0,0.0,0.0,0.0,,,0.0,38,37,1.0,False,Down
MI13PP,"Inositol-1,3-bisphosphate 3-phosphatase",Inositol Phosphate Metabolism,0.0,0.0,0.0,0.0,,,0.0,38,37,1.0,False,Down
NMNAT,Nicotinamide-nucleotide adenylyltransferase,NAD Metabolism,0.0,0.0,0.0,0.0,,,0.0,38,37,1.0,False,Down
NMNS,NMN synthetase,NAD Metabolism,0.0,0.0,0.0,0.0,,,0.0,38,37,1.0,False,Down
NMNtn,"NMN transport, nuclear trhough pore","Transport, Nuclear",0.0,0.0,0.0,0.0,,,0.0,38,37,1.0,False,Down
NMPTRCOX,N-Methylputrescine:oxygen oxidoreductase (deaminating),Alkaloid biosynthesis II,0.0,0.0,0.0,0.0,,,0.0,38,37,1.0,False,Down
NNATr_copy1,Nicotinate-nucleotide adenylyltransferase,NAD Metabolism,0.0,0.0,0.0,0.0,,,0.0,38,37,1.0,False,Down
NRPPHRVESSEC,Noradrenaline secretion via secretory vesicle (ATP driven),"Transport, Extracellular",0.0,0.0,0.0,0.0,,,0.0,38,37,1.0,False,Down
EX_hexc_e,Hexacosanoate  n C260  exchange,Extracellular exchange,0.0,0.0,0.0,0.0,,,0.0,38,37,1.0,False,Down
EX_sl__L_e,L-sulfolactate exchange,Extracellular exchange,0.0,0.0,0.0,0.0,,,0.0,38,37,1.0,False,Down
NRVNCCOAtx,Fatty acid intracellular transport,"Transport, Peroxisomal",0.0,0.0,0.0,0.0,,,0.0,38,37,1.0,False,Down
NNATm,Nicotinate nucleotide adenylyltransferase  mitochondrial,NAD Metabolism,0.0,0.0,0.0,0.0,,,0.0,38,37,1.0,False,Down
NNATn,"ATP:nicotinamide-nucleotide adenylyltransferase, nucleus",NAD Metabolism,0.0,0.0,0.0,0.0,,,0.0,38,37,1.0,False,Down
NRVNCCPT1,Carnitine O-palmitoyltransferase,Carnitine shuttle,0.0,0.0,0.0,0.0,,,0.0,38,37,1.0,False,Down
NNATr_copy2,Nicotinate-nucleotide adenylyltransferase,NAD Metabolism,0.0,0.0,0.0,0.0,,,0.0,38,37,1.0,False,Down
NRVNCCPT2,Carnitine transferase,Carnitine shuttle,0.0,0.0,0.0,0.0,,,0.0,38,37,1.0,False,Down
MI1456PKn,Inositol 1 4 5 6  tetrakisphosphate 3 kinase  nucleus,Inositol Phosphate Metabolism,0.0,0.0,0.0,0.0,,,0.0,38,37,1.0,False,Down
NRVNCCRNt,Transport into the mitochondria (carnitine),Carnitine shuttle,0.0,0.0,0.0,0.0,,,0.0,38,37,1.0,False,Down
EX_tmndnc_e,Timnodonic acid exchange,Extracellular exchange,0.0,0.0,0.0,0.0,,,0.0,38,37,1.0,False,Down
NNDPR,Nicotinate-nucleotide diphosphorylase (carboxylating),NAD Metabolism,0.0,0.0,0.0,0.0,,,0.0,38,37,1.0,False,Down
NNMT,Nicotinamide N methyltransferase,NAD Metabolism,0.0,0.0,0.0,0.0,,,0.0,38,37,1.0,False,Down
NS26T2g,"Alpha-N-acetylgalactosaminide alpha-2,6-sialyltransferase",O-Glycan Biosynthesis,0.0,0.0,0.0,0.0,,,0.0,38,37,1.0,False,Down
NORANMT,Noradrenaline N-methyltransferase,Tyrosine metabolism,0.0,0.0,0.0,0.0,,,0.0,38,37,1.0,False,Down
NS26Tg,"Alpha-N-acetylgalactosaminide alpha-2,6-sialyltransferase",O-Glycan Biosynthesis,0.0,0.0,0.0,0.0,,,0.0,38,37,1.0,False,Down
MI145P6Kn,Inositol 1 4 5 triphosphate 6 kinase  nucleus,Inositol Phosphate Metabolism,0.0,0.0,0.0,0.0,,,0.0,38,37,1.0,False,Down
NT5C,5'-nucleotidase,NAD Metabolism,0.0,0.0,0.0,0.0,,,0.0,38,37,1.0,False,Down
NOS1,"L-Arginine,NADPH:oxygen oxidoreductase (N-(omega)-hydroxyarginine-forming)",Arginine and Proline Metabolism,0.0,0.0,0.0,0.0,,,0.0,38,37,1.0,False,Down
MI145PK,"Inositol-1,4,5-trisphosphate 3-kinase",Inositol Phosphate Metabolism,0.0,0.0,0.0,0.0,,,0.0,38,37,1.0,False,Down
NOS2,Nitric Oxide Synthase (NO forming),Arginine and Proline Metabolism,0.0,0.0,0.0,0.0,,,0.0,38,37,1.0,False,Down
NOt,NO transport (diffusion),"Transport, Extracellular",0.0,0.0,0.0,0.0,,,0.0,38,37,1.0,False,Down
NTD1,5'-nucleotidase (dUMP),Pyrimidine Catabolism,0.0,0.0,0.0,0.0,,,0.0,38,37,1.0,False,Down
EX_spc_hs_e,Sphingosylphosphorylcholine (homo sapiens) exchange,Extracellular exchange,0.0,0.0,0.0,0.0,,,0.0,38,37,1.0,False,Down
NTD12,5'-nucleotidase (dIMP),Nucleotides,0.0,0.0,0.0,0.0,,,0.0,38,37,1.0,False,Down
NP1,Nucleotide phosphatase,NAD Metabolism,0.0,0.0,0.0,0.0,,,0.0,38,37,1.0,False,Down
MI145PKn,Inositol 1 4 5 trisphosphate 3 kinase  nucleus,Inositol Phosphate Metabolism,0.0,0.0,0.0,0.0,,,0.0,38,37,1.0,False,Down
NPTHLte,Xenobiotic transport,"Transport, Extracellular",0.0,0.0,0.0,0.0,,,0.0,38,37,1.0,False,Down
MI145PP,"D-myo-Inositol-1,4,5-trisphosphate 5-phosphohydrolase",Inositol Phosphate Metabolism,0.0,0.0,0.0,0.0,,,0.0,38,37,1.0,False,Down
NRPPHRSFt,Norepinephrine sulfate transport (diffusion),"Transport, Extracellular",0.0,0.0,0.0,0.0,,,0.0,38,37,1.0,False,Down
EX_sph1p_e,Sphinganine 1-phosphate exchange,Extracellular exchange,0.0,0.0,0.0,0.0,,,0.0,38,37,1.0,False,Down
NTD2,5'-nucleotidase (UMP),Pyrimidine Catabolism,0.0,0.0,0.0,0.0,,,0.0,38,37,1.0,False,Down
NTD2e,"5'-nucleotidase (UMP), extracellular",Nucleotides,0.0,0.0,0.0,0.0,,,0.0,38,37,1.0,False,Down
NTD2l,"5'-nucleotidase (UMP), lysosome",Nucleic acid degradation,0.0,0.0,0.0,0.0,,,0.0,38,37,1.0,False,Down
NTD2m,"5'-nucleotidase (UMP), mitochondrial",Nucleotides,0.0,0.0,0.0,0.0,,,0.0,38,37,1.0,False,Down
NTD3l,"5'-nucleotidase (dCMP), lysosomal",Nucleic acid degradation,0.0,0.0,0.0,0.0,,,0.0,38,37,1.0,False,Down
NTD4,5'-nucleotidase (CMP),Pyrimidine Catabolism,0.0,0.0,0.0,0.0,,,0.0,38,37,1.0,False,Down
EX_sphs1p_e,Sphingosine 1-phosphate exchange,Extracellular exchange,0.0,0.0,0.0,0.0,,,0.0,38,37,1.0,False,Down
EX_tolbutamide_e,Tolbutamide exchange,Extracellular exchange,0.0,0.0,0.0,0.0,,,0.0,38,37,1.0,False,Down
ORETNtn2,"13-cis-4-oxo-retinoic acid transport, Nuclear","Transport, Nuclear",0.0,0.0,0.0,0.0,,,0.0,38,37,1.0,False,Down
NTD4e,"5'-nucleotidase (CMP), extracellular",Nucleotides,0.0,0.0,0.0,0.0,,,0.0,38,37,1.0,False,Down
NTD4l,"5'-nucleotidase (CMP), lysosome",Nucleic acid degradation,0.0,0.0,0.0,0.0,,,0.0,38,37,1.0,False,Down
MI14P4P,"Inositol-1,4-bisphosphate 4-phosphatase",Inositol Phosphate Metabolism,0.0,0.0,0.0,0.0,,,0.0,38,37,1.0,False,Down
MI14PP,"D-myo-Inositol-1,4-bisphosphate 1-phosphohydrolase",Inositol Phosphate Metabolism,0.0,0.0,0.0,0.0,,,0.0,38,37,1.0,False,Down
MI14Ptn,"Inositol 1,4-bisphosphate nuclear transport (diffusion)","Transport, Nuclear",0.0,0.0,0.0,0.0,,,0.0,38,37,1.0,False,Down
EX_tre_e,Trehalose exchange,Extracellular exchange,0.0,0.0,0.0,0.0,,,0.0,38,37,1.0,False,Down
MI1P_Dtn,Inositol 1-phosphate nuclear transport (diffusion),"Transport, Nuclear",0.0,0.0,0.0,0.0,,,0.0,38,37,1.0,False,Down
EX_triodthysuf_e,Triiodothyronine sulfate exchange,Extracellular exchange,0.0,0.0,0.0,0.0,,,0.0,38,37,1.0,False,Down
NTD5,5'-nucleotidase (dTMP),Pyrimidine Catabolism,0.0,0.0,0.0,0.0,,,0.0,38,37,1.0,False,Down
NTD5l,"5'-nucleotidase (dTMP), lysosomal",Nucleic acid degradation,0.0,0.0,0.0,0.0,,,0.0,38,37,1.0,False,Down
EX_strch1_e,"Starch, structure 1 (1,6-{7[1,4-Glc], 4[1,4-Glc]}) exchange",Extracellular exchange,0.0,0.0,0.0,0.0,,,0.0,38,37,1.0,False,Down
EX_strch2_e,"Starch, structure 2 (1,6-{2[1,4-Glc], [1,4-Glc]}) exchange",Extracellular exchange,0.0,0.0,0.0,0.0,,,0.0,38,37,1.0,False,Down
EX_tststerone_e,Testosterone exchange,Extracellular exchange,0.0,0.0,0.0,0.0,,,0.0,38,37,1.0,False,Down
EX_tststeroneglc_e,Testosterone glucuronide exchange,Extracellular exchange,0.0,0.0,0.0,0.0,,,0.0,38,37,1.0,False,Down
EX_sucr_e,Sucrose exchange,Extracellular exchange,0.0,0.0,0.0,0.0,,,0.0,38,37,1.0,False,Down
ORNt,Ornithine transport via diffusion,"Transport, Extracellular",0.0,0.0,0.0,0.0,,,0.0,38,37,1.0,False,Down
ORPT,Orotate phosphoribosyltransferase,Pyrimidine Biosynthesis,0.0,0.0,0.0,0.0,,,0.0,38,37,1.0,False,Down
NTD6,5'-nucleotidase (dAMP),Nucleotides,0.0,0.0,0.0,0.0,,,0.0,38,37,1.0,False,Down
NTD6l,"5'-nucleotidase (dAMP), lysosome",Nucleic acid degradation,0.0,0.0,0.0,0.0,,,0.0,38,37,1.0,False,Down
NTD7e,"5'-nucleotidase (AMP), extracellular",Nucleotides,0.0,0.0,0.0,0.0,,,0.0,38,37,1.0,False,Down
EX_tststerones_e,Testosterone sulfate exchange,Extracellular exchange,0.0,0.0,0.0,0.0,,,0.0,38,37,1.0,False,Down
MI3456PK,"Inositol-3,4,5,6-tetrakisphosphate 1-kinase",Inositol Phosphate Metabolism,0.0,0.0,0.0,0.0,,,0.0,38,37,1.0,False,Down
EX_hom__L_e,L-Homoserine exchange,Extracellular exchange,0.0,0.0,0.0,0.0,,,0.0,38,37,1.0,False,Down
NTD7l,"5'-nucleotidase (AMP), lysosome",Nucleic acid degradation,0.0,0.0,0.0,0.0,,,0.0,38,37,1.0,False,Down
NTD8,5'-nucleotidase (dGMP),Nucleotides,0.0,0.0,0.0,0.0,,,0.0,38,37,1.0,False,Down
NTD8l,"5'-nucleotidase (dGMP), lysosomal",Nucleic acid degradation,0.0,0.0,0.0,0.0,,,0.0,38,37,1.0,False,Down
NTD9,5'-nucleotidase (GMP),Nucleotides,0.0,0.0,0.0,0.0,,,0.0,38,37,1.0,False,Down
NTD9e,"5'-nucleotidase (GMP), extracellular",Nucleotides,0.0,0.0,0.0,0.0,,,0.0,38,37,1.0,False,Down
P45011A1m,"Cytochrome P450 11A1, mitochondrial [Precursor]",Steroid Metabolism,0.0,0.0,0.0,0.0,,,0.0,38,37,1.0,False,Down
P45011B11m,Steroid 11-beta-hydroxylase,Steroid Metabolism,0.0,0.0,0.0,0.0,,,0.0,38,37,1.0,False,Down
P45011B12m,Steroid 11-beta-hydroxylase,Steroid Metabolism,0.0,0.0,0.0,0.0,,,0.0,38,37,1.0,False,Down
P45011B21m,Steroid 11-beta-hydroxylase,Steroid Metabolism,0.0,0.0,0.0,0.0,,,0.0,38,37,1.0,False,Down
P45017A1r,Cytochrome P450 17A1,Steroid Metabolism,0.0,0.0,0.0,0.0,,,0.0,38,37,1.0,False,Down
P45017A2r,Cytochrome P450 17A1,Steroid Metabolism,0.0,0.0,0.0,0.0,,,0.0,38,37,1.0,False,Down
NTD9l,"5'-nucleotidase (GMP), lysosome",Nucleic acid degradation,0.0,0.0,0.0,0.0,,,0.0,38,37,1.0,False,Down
NTMELYStner,Protein trimethyl lysine transport (nucleus to ER),"Transport, Nuclear",0.0,0.0,0.0,0.0,,,0.0,38,37,1.0,False,Down
NTP3e,Nucleoside-triphosphatase (GTP),Nucleotides,0.0,0.0,0.0,0.0,,,0.0,38,37,1.0,False,Down
P45017A3r,Cytochrome P450 17A1,Steroid Metabolism,0.0,0.0,0.0,0.0,,,0.0,38,37,1.0,False,Down
MI34PP,"D-myo-Inositol-3,4-bisphosphate 4-phosphohydrolase",Inositol Phosphate Metabolism,0.0,0.0,0.0,0.0,,,0.0,38,37,1.0,False,Down
P45017A4r,Cytochrome P450 17A1,Steroid Metabolism,0.0,0.0,0.0,0.0,,,0.0,38,37,1.0,False,Down
P45019A1r,Aromatase,Steroid Metabolism,0.0,0.0,0.0,0.0,,,0.0,38,37,1.0,False,Down
NTPP10,Nucleoside triphosphate pyrophosphorylase (ditp),Nucleotides,0.0,0.0,0.0,0.0,,,0.0,38,37,1.0,False,Down
NTPP11,Nucleoside triphosphate pyrophosphorylase (xtp),Nucleotides,0.0,0.0,0.0,0.0,,,0.0,38,37,1.0,False,Down
NTPP9,Nucleoside triphosphate pyrophosphorylase (itp),Nucleotides,0.0,0.0,0.0,0.0,,,0.0,38,37,1.0,False,Down
P45019A2r,Aromatase,Steroid Metabolism,0.0,0.0,0.0,0.0,,,0.0,38,37,1.0,False,Down
P4501B1r,Cytochrome P450 1B1,Steroid Metabolism,0.0,0.0,0.0,0.0,,,0.0,38,37,1.0,False,Down
O16G1e,"Oligo-1,6-glucosidase (glygn4 -> glygn5), extracellular",Starch and Sucrose Metabolism,0.0,0.0,0.0,0.0,,,0.0,38,37,1.0,False,Down
MI3PP,1D-myo-Inositol 3-phosphate phosphohydrolase,Inositol Phosphate Metabolism,0.0,0.0,0.0,0.0,,,0.0,38,37,1.0,False,Down
O16G2e,"Oligo-1,6-glucosidase (strch2 ->strch3), extracellular",Starch and Sucrose Metabolism,0.0,0.0,0.0,0.0,,,0.0,38,37,1.0,False,Down
EX_tsul_e,Thiosulfate exchange,Extracellular exchange,0.0,0.0,0.0,0.0,,,0.0,38,37,1.0,False,Down
P45021A1r,Steroid 21-hydroxylase,Steroid Metabolism,0.0,0.0,0.0,0.0,,,0.0,38,37,1.0,False,Down
P45021A2r,Steroid 21-hydroxylase,Steroid Metabolism,0.0,0.0,0.0,0.0,,,0.0,38,37,1.0,False,Down
P45027A11m,"5-beta-cholestane-3-alpha,7-alpha,12-alpha-triol 27-hydroxylase",Bile Acid Biosynthesis,0.0,0.0,0.0,0.0,,,0.0,38,37,1.0,False,Down
P45027A12m,"5-beta-cholestane-3-alpha,7-alpha,12-alpha-triol 27-hydroxylase",Bile Acid Biosynthesis,0.0,0.0,0.0,0.0,,,0.0,38,37,1.0,False,Down
EX_tag_hs_e,Triacylglycerol (homo sapiens) exchange,Extracellular exchange,0.0,0.0,0.0,0.0,,,0.0,38,37,1.0,False,Down
O2Stn,Superoxide anion transport via diffusion (nucleus),"Transport, Nuclear",0.0,0.0,0.0,0.0,,,0.0,38,37,1.0,False,Down
P45027A13m,"5-beta-cholestane-3-alpha,7-alpha,12-alpha-triol 27-hydroxylase",Bile Acid Biosynthesis,0.0,0.0,0.0,0.0,,,0.0,38,37,1.0,False,Down
MI4PP,1D-myo-Inositol 4-phosphate phosphohydrolase,Inositol Phosphate Metabolism,0.0,0.0,0.0,0.0,,,0.0,38,37,1.0,False,Down
P45027A14m,"5-beta-cytochrome P450, family 27, subfamily A, polypeptide 1",Bile Acid Biosynthesis,0.0,0.0,0.0,0.0,,,0.0,38,37,1.0,False,Down
P45027A15m,"5-beta-cytochrome P450, family 27, subfamily A, polypeptide 1",Bile Acid Biosynthesis,0.0,0.0,0.0,0.0,,,0.0,38,37,1.0,False,Down
P45027A16m,Cytochrome P450 27,Bile Acid Biosynthesis,0.0,0.0,0.0,0.0,,,0.0,38,37,1.0,False,Down
P45027A1m,Cytochrome P450 27,Bile Acid Biosynthesis,0.0,0.0,0.0,0.0,,,0.0,38,37,1.0,False,Down
P4502C18,Cytochrome P450 2C18,CYP Metabolism,0.0,0.0,0.0,0.0,,,0.0,38,37,1.0,False,Down
P4502C19,Cytochrome P450 2C19,CYP Metabolism,0.0,0.0,0.0,0.0,,,0.0,38,37,1.0,False,Down
P4502C8,Cytochrome P450 2C8,CYP Metabolism,0.0,0.0,0.0,0.0,,,0.0,38,37,1.0,False,Down
P4502D6,Cytochrome P450 2D6,CYP Metabolism,0.0,0.0,0.0,0.0,,,0.0,38,37,1.0,False,Down
EX_hpdca_e,Heptadecanoate exchange,Extracellular exchange,0.0,0.0,0.0,0.0,,,0.0,38,37,1.0,False,Down
EX_tag__D_e,D Tagatose exchange,Extracellular exchange,0.0,0.0,0.0,0.0,,,0.0,38,37,1.0,False,Down
EX_txa2_e,Thromboxane A2 exchange,Extracellular exchange,0.0,0.0,0.0,0.0,,,0.0,38,37,1.0,False,Down
EX_hspg_e,Heparan sulfate proteoglycan exchange,Extracellular exchange,0.0,0.0,0.0,0.0,,,0.0,38,37,1.0,False,Down
O2tn,"O2 transport (diffusion), nucleus","Transport, Nuclear",0.0,0.0,0.0,0.0,,,0.0,38,37,1.0,False,Down
EX_taxol_e,Paclitaxel exchange,Extracellular exchange,0.0,0.0,0.0,0.0,,,0.0,38,37,1.0,False,Down
P4502E1,Cytochrome P450 2E1,CYP Metabolism,0.0,0.0,0.0,0.0,,,0.0,38,37,1.0,False,Down
P4502F1,Cytochrome P450 2F1,CYP Metabolism,0.0,0.0,0.0,0.0,,,0.0,38,37,1.0,False,Down
OAGD3te,Oagd3 hs transport,"Transport, Extracellular",0.0,0.0,0.0,0.0,,,0.0,38,37,1.0,False,Down
P45039A1r,Oxysterol 7-alpha-hydroxylase,Bile Acid Biosynthesis,0.0,0.0,0.0,0.0,,,0.0,38,37,1.0,False,Down
MICITDr,2-methylisocitrate dehydratase,Propanoate Metabolism,0.0,0.0,0.0,0.0,,,0.0,38,37,1.0,False,Down
P4503A4,Cytochrome P450 3A4,CYP Metabolism,0.0,0.0,0.0,0.0,,,0.0,38,37,1.0,False,Down
P4503A43r,Cytochrome p450 P450 3A43,Steroid Metabolism,0.0,0.0,0.0,0.0,,,0.0,38,37,1.0,False,Down
OAGD3tg,Oagd3 hs intracellular transport,"Transport, Golgi Apparatus",0.0,0.0,0.0,0.0,,,0.0,38,37,1.0,False,Down
OAGT3te,Oagt3 hs transport,"Transport, Extracellular",0.0,0.0,0.0,0.0,,,0.0,38,37,1.0,False,Down
OAGT3tg,Oagt3 hs intracellular transport,"Transport, Golgi Apparatus",0.0,0.0,0.0,0.0,,,0.0,38,37,1.0,False,Down
P4503A5,Cytochrome P450 3A5,CYP Metabolism,0.0,0.0,0.0,0.0,,,0.0,38,37,1.0,False,Down
MINOHPtn,Inositol hexakisphosphate nuclear transport  diffusion ,"Transport, Nuclear",0.0,0.0,0.0,0.0,,,0.0,38,37,1.0,False,Down
P4503A7r,Cytochrome p450 P450 3A7,Steroid Metabolism,0.0,0.0,0.0,0.0,,,0.0,38,37,1.0,False,Down
P45046A1r,"Cytochrome P450, family 46, subfamily A, polypeptide 1",Bile Acid Biosynthesis,0.0,0.0,0.0,0.0,,,0.0,38,37,1.0,False,Down
EX_tchola_e,Taurocholic acid exchange,Extracellular exchange,0.0,0.0,0.0,0.0,,,0.0,38,37,1.0,False,Down
OCBTm,"Ornithine carbamoyltransferase, irreversible",Urea cycle/amino group metabolism,0.0,0.0,0.0,0.0,,,0.0,38,37,1.0,False,Down
MLTG1,Maltodextrin glucosidase (maltotriose),Starch and Sucrose Metabolism,0.0,0.0,0.0,0.0,,,0.0,38,37,1.0,False,Down
OCCOAtm,"Octanoyl-CoA transport, diffusion","Transport, Mitochondrial",0.0,0.0,0.0,0.0,,,0.0,38,37,1.0,False,Down
OCCOAtx,Fatty acid intracellular transport,"Transport, Peroxisomal",0.0,0.0,0.0,0.0,,,0.0,38,37,1.0,False,Down
P4504B1r,Cytochrome P450 4B1,Eicosanoid Metabolism,0.0,0.0,0.0,0.0,,,0.0,38,37,1.0,False,Down
MLTG1e,"Maltodextrin glucosidase (maltotriose), extracellular",Starch and Sucrose Metabolism,0.0,0.0,0.0,0.0,,,0.0,38,37,1.0,False,Down
P4504F121r,Cytochrome p450 4F12/4F2,Eicosanoid Metabolism,0.0,0.0,0.0,0.0,,,0.0,38,37,1.0,False,Down
P4504F122r,Cytochrome p450 4F12/4F2,Eicosanoid Metabolism,0.0,0.0,0.0,0.0,,,0.0,38,37,1.0,False,Down
EX_tymsf_e,Tyramine O-sulfate exchange,Extracellular exchange,0.0,0.0,0.0,0.0,,,0.0,38,37,1.0,False,Down
EX_udp_e,UDP exchange,Extracellular exchange,0.0,0.0,0.0,0.0,,,0.0,38,37,1.0,False,Down
MLTG1ly,"Maltodextrin glucosidase (maltotriose), lysosome",Starch and Sucrose Metabolism,0.0,0.0,0.0,0.0,,,0.0,38,37,1.0,False,Down
EX_tcynt_e,Thiocyanate exchange,Extracellular exchange,0.0,0.0,0.0,0.0,,,0.0,38,37,1.0,False,Down
OCTAt,Octanoate transport via diffusion,"Transport, Extracellular",0.0,0.0,0.0,0.0,,,0.0,38,37,1.0,False,Down
ODECOAtx,Fatty acid intracellular transport,"Transport, Peroxisomal",0.0,0.0,0.0,0.0,,,0.0,38,37,1.0,False,Down
EX_tdchola_e,Taurochenodeoxycholate exchange,Extracellular exchange,0.0,0.0,0.0,0.0,,,0.0,38,37,1.0,False,Down
P4504F123r,Cytochrome p450 4F12/4F2,CYP Metabolism,0.0,0.0,0.0,0.0,,,0.0,38,37,1.0,False,Down
P4504F81r,Cytochrome p450 4F8,Eicosanoid Metabolism,0.0,0.0,0.0,0.0,,,0.0,38,37,1.0,False,Down
P4507A1r,"Cytochrome P450, family 7, subfamily A, polypeptide 1",Bile Acid Biosynthesis,0.0,0.0,0.0,0.0,,,0.0,38,37,1.0,False,Down
P4507B11r,Oxysterol 7alpha-hydroxylase,Bile Acid Biosynthesis,0.0,0.0,0.0,0.0,,,0.0,38,37,1.0,False,Down
EX_htaxol_e,Hydroxylated taxol exchange,Extracellular exchange,0.0,0.0,0.0,0.0,,,0.0,38,37,1.0,False,Down
P4507B12r,Oxysterol 7alpha-hydroxylase,Bile Acid Biosynthesis,0.0,0.0,0.0,0.0,,,0.0,38,37,1.0,False,Down
OIVD3m,"2-oxoisovalerate dehydrogenase (acylating; 3-methyl-2-oxopentanoate), mitochondrial","Valine, Leucine, and Isoleucine Metabolism",0.0,0.0,0.0,0.0,,,0.0,38,37,1.0,False,Down
MM5ag,"Mannosyl-oligosaccharide 1,2-alpha-mannosidase, Golgi apparatus",N-Glycan Biosynthesis,0.0,0.0,0.0,0.0,,,0.0,38,37,1.0,False,Down
OMEPRAZOLEte,Xenobiotic transport,"Transport, Extracellular",0.0,0.0,0.0,0.0,,,0.0,38,37,1.0,False,Down
OMPDC,Orotidine-5'-phosphate decarboxylase,Pyrimidine Biosynthesis,0.0,0.0,0.0,0.0,,,0.0,38,37,1.0,False,Down
P4508B11r,Sterol 12-alpha-hydroxylase,Bile Acid Biosynthesis,0.0,0.0,0.0,0.0,,,0.0,38,37,1.0,False,Down
P4508B13r,Sterol 12-alpha-hydroxylase (nadh),Bile Acid Biosynthesis,0.0,0.0,0.0,0.0,,,0.0,38,37,1.0,False,Down
P450LTB4r,Cytochrome p450 leukotriene B4,Eicosanoid Metabolism,0.0,0.0,0.0,0.0,,,0.0,38,37,1.0,False,Down
P450SCC1m,Cholesterol monooxygenase,Cholesterol Metabolism,0.0,0.0,0.0,0.0,,,0.0,38,37,1.0,False,Down
MM5bg,"Mannosyl-oligosaccharide 1,2-alpha-mannosidase, Golgi apparatus",N-Glycan Biosynthesis,0.0,0.0,0.0,0.0,,,0.0,38,37,1.0,False,Down
EX_tethex3_e,"Tetracosahexaenoic acid, n-3 exchange",Extracellular exchange,0.0,0.0,0.0,0.0,,,0.0,38,37,1.0,False,Down
ONPTHLte,Xenobiotic transport,"Transport, Extracellular",0.0,0.0,0.0,0.0,,,0.0,38,37,1.0,False,Down
OPAH,5-Oxoproline amidohydrolase (ATP-hydrolysing) (ir),Glutathione Metabolism,0.0,0.0,0.0,0.0,,,0.0,38,37,1.0,False,Down
EX_ump_e,UMP exchange,Extracellular exchange,0.0,0.0,0.0,0.0,,,0.0,38,37,1.0,False,Down
EX_hxan_e,Hypoxanthine exchange,Extracellular exchange,0.0,0.0,0.0,0.0,,,0.0,38,37,1.0,False,Down
MM5cg,"Mannosyl-oligosaccharide 1,2-alpha-mannosidase, Golgi apparatus",N-Glycan Biosynthesis,0.0,0.0,0.0,0.0,,,0.0,38,37,1.0,False,Down
EX_tetpent3_e,"Tetracosapentaenoic acid, n-3 exchange",Extracellular exchange,0.0,0.0,0.0,0.0,,,0.0,38,37,1.0,False,Down
EX_tetpent6_e,"Tetracosapentaenoic acid, n-6 exchange",Extracellular exchange,0.0,0.0,0.0,0.0,,,0.0,38,37,1.0,False,Down
MM6B1ag,"Mannosyl-oligosaccharide 1,2-alpha-mannosidase, Golgi apparatus",N-Glycan Biosynthesis,0.0,0.0,0.0,0.0,,,0.0,38,37,1.0,False,Down
EX_tettet6_e,Tetracosatetraenoic acid n-6 exchange,Extracellular exchange,0.0,0.0,0.0,0.0,,,0.0,38,37,1.0,False,Down
PA_HStn,"Phosphatidate transport, nuclear","Transport, Nuclear",0.0,0.0,0.0,0.0,,,0.0,38,37,1.0,False,Down
PCFLOPm,Phosphatidylcholine flippase,"Transport, Mitochondrial",0.0,0.0,0.0,0.0,,,0.0,38,37,1.0,False,Down
PACCOAL,Phenylacetate-CoA ligase,Phenylalanine metabolism,0.0,0.0,0.0,0.0,,,0.0,38,37,1.0,False,Down
MM6B1bg,"Mannosyl-oligosaccharide 1,2-alpha-mannosidase, Golgi apparatus",N-Glycan Biosynthesis,0.0,0.0,0.0,0.0,,,0.0,38,37,1.0,False,Down
PAFH,Platelet-activating factor acetylhydrolase,Glycerophospholipid Metabolism,0.0,0.0,0.0,0.0,,,0.0,38,37,1.0,False,Down
PAFHe,Platelet-activating factor acetylhydrolase,Glycerophospholipid Metabolism,0.0,0.0,0.0,0.0,,,0.0,38,37,1.0,False,Down
PAFS,Alkyl glycerol phosphocholine acetyl transferase,Glycerophospholipid Metabolism,0.0,0.0,0.0,0.0,,,0.0,38,37,1.0,False,Down
PAFt,"1-Alkyl 2-Acteylglycerol 3-Phosphocholine Transport, Vescicular","Transport, Extracellular",0.0,0.0,0.0,0.0,,,0.0,38,37,1.0,False,Down
PAIL45P_HStn,"Phosphatidylinositol 4,5-bisphosphate nuclear transport (diffusion)","Transport, Nuclear",0.0,0.0,0.0,0.0,,,0.0,38,37,1.0,False,Down
PCHOLP_hs,Choline phosphatase,Glycerophospholipid Metabolism,0.0,0.0,0.0,0.0,,,0.0,38,37,1.0,False,Down
PCHOLPg_hs,Choline phosphatase,Glycerophospholipid Metabolism,0.0,0.0,0.0,0.0,,,0.0,38,37,1.0,False,Down
PCHOLPm_hs,Choline phosphatase,Glycerophospholipid Metabolism,0.0,0.0,0.0,0.0,,,0.0,38,37,1.0,False,Down
PCHOLPr_hs,Choline phosphatase,Glycerophospholipid Metabolism,0.0,0.0,0.0,0.0,,,0.0,38,37,1.0,False,Down
PCHOL_HSter,Phosphatidylcholine scramblase,"Transport, Endoplasmic Reticular",0.0,0.0,0.0,0.0,,,0.0,38,37,1.0,False,Down
PCHOL_HStg,Phosphatidylcholine scramblase,"Transport, Golgi Apparatus",0.0,0.0,0.0,0.0,,,0.0,38,37,1.0,False,Down
PAIL4P_HStn,Phosphatidylinositol 4-phosphate nuclear transport (diffusion),"Transport, Nuclear",0.0,0.0,0.0,0.0,,,0.0,38,37,1.0,False,Down
PAIL_HStn,Phosphatidylinositol nuclear transport (diffusion),"Transport, Nuclear",0.0,0.0,0.0,0.0,,,0.0,38,37,1.0,False,Down
PAN4PP,Phosphatase (pan4p),CoA Catabolism,0.0,0.0,0.0,0.0,,,0.0,38,37,1.0,False,Down
EX_thf_e,"5,6,7,8-Tetrahydrofolate exchange",Extracellular exchange,0.0,0.0,0.0,0.0,,,0.0,38,37,1.0,False,Down
PAPStg,3'-Phosphoadenylyl sufate Golgi transport,"Transport, Golgi Apparatus",0.0,0.0,0.0,0.0,,,0.0,38,37,1.0,False,Down
MM6B2g,"Mannosyl-oligosaccharide 1,2-alpha-mannosidase, Golgi apparatus",N-Glycan Biosynthesis,0.0,0.0,0.0,0.0,,,0.0,38,37,1.0,False,Down
PAPtg,"Adenosine 3',5'-bisphosphate Golgi transport","Transport, Golgi Apparatus",0.0,0.0,0.0,0.0,,,0.0,38,37,1.0,False,Down
PCLYSOX,"Procollagen-lysine 1, 2-oxoglutarate 5-dioxygenase",Lysine Metabolism,0.0,0.0,0.0,0.0,,,0.0,38,37,1.0,False,Down
EX_thm_e,Thiamin exchange,Extracellular exchange,0.0,0.0,0.0,0.0,,,0.0,38,37,1.0,False,Down
PA_HSter,Phosphatidate scramblase,"Transport, Endoplasmic Reticular",0.0,0.0,0.0,0.0,,,0.0,38,37,1.0,False,Down
MM6ag,"Mannosyl-oligosaccharide 1,2-alpha-mannosidase, Golgi apparatus",N-Glycan Biosynthesis,0.0,0.0,0.0,0.0,,,0.0,38,37,1.0,False,Down
PA_HStg,Phosphatidate scramblase,"Transport, Golgi Apparatus",0.0,0.0,0.0,0.0,,,0.0,38,37,1.0,False,Down
PCRNtc,Transport into the cytosol from peroxisome (carnitine),Carnitine shuttle,0.0,0.0,0.0,0.0,,,0.0,38,37,1.0,False,Down
MM6bg,"Mannosyl-oligosaccharide 1,2-alpha-mannosidase, Golgi apparatus",N-Glycan Biosynthesis,0.0,0.0,0.0,0.0,,,0.0,38,37,1.0,False,Down
PCRNtm,Transport into the mitochondria from cytosol (carnitine),Carnitine shuttle,0.0,0.0,0.0,0.0,,,0.0,38,37,1.0,False,Down
EX_uri_e,Uridine exchange,Extracellular exchange,0.0,0.0,0.0,0.0,,,0.0,38,37,1.0,False,Down
MM7Ag,"Mannosyl-oligosaccharide 1,2-alpha-mannosidase, Golgi apparatus",N-Glycan Biosynthesis,0.0,0.0,0.0,0.0,,,0.0,38,37,1.0,False,Down
PCt,Phosphatidylcholine transporter,"Transport, Extracellular",0.0,0.0,0.0,0.0,,,0.0,38,37,1.0,False,Down
PDE1,"3',5'-cyclic-nucleotide phosphodiesterase",Nucleotides,0.0,0.0,0.0,0.0,,,0.0,38,37,1.0,False,Down
PDE1g,"3',5'-cyclic-nucleotide phosphodiesterase,Golgi",Nucleotides,0.0,0.0,0.0,0.0,,,0.0,38,37,1.0,False,Down
PHACCOAGLNAC,Phenylacetyl-CoA:L-glutamine alpha-N-phenylacetyltransferase,Phenylalanine metabolism,0.0,0.0,0.0,0.0,,,0.0,38,37,1.0,False,Down
MM7B1g,"Mannosyl-oligosaccharide 1,2-alpha-mannosidase, Golgi apparatus",N-Glycan Biosynthesis,0.0,0.0,0.0,0.0,,,0.0,38,37,1.0,False,Down
PHCDm,L 1 pyrroline 3 hydroxy 5 carboxylate dehydrogenase,Arginine and Proline Metabolism,0.0,0.0,0.0,0.0,,,0.0,38,37,1.0,False,Down
PHCHGSm,L 1 Pyrroline 3 hydroxy 5 carboxylate spontaneous conversion to L 4 Hydroxyglutamate semialdehyde  mitochondrial,Arginine and Proline Metabolism,0.0,0.0,0.0,0.0,,,0.0,38,37,1.0,False,Down
PHEACGLNt,PHEACGLN extracellular transport via diffusion,"Transport, Extracellular",0.0,0.0,0.0,0.0,,,0.0,38,37,1.0,False,Down
PHEMEt,Heme transport,"Transport, Extracellular",0.0,0.0,0.0,0.0,,,0.0,38,37,1.0,False,Down
PHEMEtm,Protoheme transport (mitochondria),"Transport, Mitochondrial",0.0,0.0,0.0,0.0,,,0.0,38,37,1.0,False,Down
PDE4,"3',5'-cyclic-nucleotide phosphodiesterase",Nucleotides,0.0,0.0,0.0,0.0,,,0.0,38,37,1.0,False,Down
PDE4g,"3',5'-cyclic-nucleotide phosphodiesterase, Golgi",Nucleotides,0.0,0.0,0.0,0.0,,,0.0,38,37,1.0,False,Down
EX_utp_e,UTP exchange,Extracellular exchange,0.0,0.0,0.0,0.0,,,0.0,38,37,1.0,False,Down
PDX5POi,Pyridoxine 5'-phosphate oxidase,Vitamin B6 Metabolism,0.0,0.0,0.0,0.0,,,0.0,38,37,1.0,False,Down
PDXPP,Pyridoxine 5-phosphate phosphatase,Vitamin B6 Metabolism,0.0,0.0,0.0,0.0,,,0.0,38,37,1.0,False,Down
PEAMNO,Phenethylamine oxidase,Phenylalanine metabolism,0.0,0.0,0.0,0.0,,,0.0,38,37,1.0,False,Down
PECGONCOATr,Pseudoecgonine CoA transferase (ER),Alkaloid biosynthesis II,0.0,0.0,0.0,0.0,,,0.0,38,37,1.0,False,Down
MM7B2g,"Mannosyl-oligosaccharide 1,2-alpha-mannosidase, Golgi apparatus",N-Glycan Biosynthesis,0.0,0.0,0.0,0.0,,,0.0,38,37,1.0,False,Down
PEFLIP,Phosphatidylethanolamine flippase,"Transport, Extracellular",0.0,0.0,0.0,0.0,,,0.0,38,37,1.0,False,Down
PEFLIPm,Phosphatidylethanolamine flippase,"Transport, Mitochondrial",0.0,0.0,0.0,0.0,,,0.0,38,37,1.0,False,Down
PHETA1,Phenylalanine transaminase,Phenylalanine metabolism,0.0,0.0,0.0,0.0,,,0.0,38,37,1.0,False,Down
PHETA1m,"L-Phenylalanine:2-oxoglutarate aminotransferase, mitochondria",Phenylalanine metabolism,0.0,0.0,0.0,0.0,,,0.0,38,37,1.0,False,Down
MM7Cag,"Mannosyl-oligosaccharide 1,2-alpha-mannosidase, Golgi apparatus",N-Glycan Biosynthesis,0.0,0.0,0.0,0.0,,,0.0,38,37,1.0,False,Down
EX_thmmp_e,Thiamin monophosphate exchange,Extracellular exchange,0.0,0.0,0.0,0.0,,,0.0,38,37,1.0,False,Down
EX_thmtp_e,Thiamin triphosphate exchange,Extracellular exchange,0.0,0.0,0.0,0.0,,,0.0,38,37,1.0,False,Down
PEPCK_re,Phosphoenolpyruvate carboxykinase (GTP),Glycolysis/Gluconeogenesis,0.0,0.0,0.0,0.0,,,0.0,38,37,1.0,False,Down
EX_vitd2_e,Vitamin D2 exchange,Extracellular exchange,0.0,0.0,0.0,0.0,,,0.0,38,37,1.0,False,Down
PEPLYStn,Peptide (lysine) nuclear transport via diffusion,"Transport, Nuclear",0.0,0.0,0.0,0.0,,,0.0,38,37,1.0,False,Down
PERILLYLte,Xenobiotic transport,"Transport, Extracellular",0.0,0.0,0.0,0.0,,,0.0,38,37,1.0,False,Down
PHYCBOXL,L-Phenylalanine carboxy-lyase,Phenylalanine metabolism,0.0,0.0,0.0,0.0,,,0.0,38,37,1.0,False,Down
MM7Cbg,"Mannosyl-oligosaccharide 1,2-alpha-mannosidase, Golgi apparatus",N-Glycan Biosynthesis,0.0,0.0,0.0,0.0,,,0.0,38,37,1.0,False,Down
PHYHx,"Phytanoyl-CoA dioxygenase, peroxisomal","Fatty acid oxidation, peroxisome",0.0,0.0,0.0,0.0,,,0.0,38,37,1.0,False,Down
PHYQt,Phylloquinone transport,"Transport, Extracellular",0.0,0.0,0.0,0.0,,,0.0,38,37,1.0,False,Down
PEROXx,Peroxisomal lumped long chain fatty acid oxidation,"Fatty acid oxidation, peroxisome",0.0,0.0,0.0,0.0,,,0.0,38,37,1.0,False,Down
EX_idp_e,IDP exchange,Extracellular exchange,0.0,0.0,0.0,0.0,,,0.0,38,37,1.0,False,Down
PETOHMm_hs,Phosphatidylethanolamine N-methyltransferase,Glycerophospholipid Metabolism,0.0,0.0,0.0,0.0,,,0.0,38,37,1.0,False,Down
PETOHMr_hs,Phosphatidylethanolamine N-methyltransferase,Glycerophospholipid Metabolism,0.0,0.0,0.0,0.0,,,0.0,38,37,1.0,False,Down
PE_HSter,Phosphatidylethanolamine scramblase,"Transport, Endoplasmic Reticular",0.0,0.0,0.0,0.0,,,0.0,38,37,1.0,False,Down
PHYTt,Fatty acid transport via diffusion,"Transport, Extracellular",0.0,0.0,0.0,0.0,,,0.0,38,37,1.0,False,Down
PI345P3P,"Phosphatidylinositol-3,4,5-trisphosphate 3-phosphatase",Inositol Phosphate Metabolism,0.0,0.0,0.0,0.0,,,0.0,38,37,1.0,False,Down
PI345P3Pn,"Phosphatidylinositol-3,4,5-trisphosphate 3-phosphatase, nuclear",Inositol Phosphate Metabolism,0.0,0.0,0.0,0.0,,,0.0,38,37,1.0,False,Down
PI345P5Pn,"Phosphatidylinositol-3,4,5-trisphosphate 5-phosphatase, nuclear",Inositol Phosphate Metabolism,0.0,0.0,0.0,0.0,,,0.0,38,37,1.0,False,Down
PI34P3Pn,"Phosphatidylinositol-3,4-bisphosphate 3-phosphatase, nuclear",Inositol Phosphate Metabolism,0.0,0.0,0.0,0.0,,,0.0,38,37,1.0,False,Down
PE_HStg,Phosphatidylethanolamine scramblase,"Transport, Golgi Apparatus",0.0,0.0,0.0,0.0,,,0.0,38,37,1.0,False,Down
EX_vitd3_e,Vitamin D3 exchange,Extracellular exchange,0.0,0.0,0.0,0.0,,,0.0,38,37,1.0,False,Down
PI34P4Pn,"Phosphatidylinositol-3,4-bisphosphate 4-phosphatase, nuclear",Inositol Phosphate Metabolism,0.0,0.0,0.0,0.0,,,0.0,38,37,1.0,False,Down
PEt,Phosphatidylethanolamine Transport,"Transport, Extracellular",0.0,0.0,0.0,0.0,,,0.0,38,37,1.0,False,Down
MM8Ag,"Mannosyl-oligosaccharide 1,2-alpha-mannosidase, Golgi apparatus",N-Glycan Biosynthesis,0.0,0.0,0.0,0.0,,,0.0,38,37,1.0,False,Down
EX_whddca_e,Omega hydroxy dodecanoate (n-C12:0) exchange,Extracellular exchange,0.0,0.0,0.0,0.0,,,0.0,38,37,1.0,False,Down
PFK26,6 phosphofructo 2 kinase,Fructose and Mannose Metabolism,0.0,0.0,0.0,0.0,,,0.0,38,37,1.0,False,Down
PI34P5K,"Phosphatidylinositol 3,4-bisphosphate 5-kinase",Inositol Phosphate Metabolism,0.0,0.0,0.0,0.0,,,0.0,38,37,1.0,False,Down
PI34P5Kn,"Phosphatidylinositol 3,4-bisphosphate 5-kinase, nuclear",Inositol Phosphate Metabolism,0.0,0.0,0.0,0.0,,,0.0,38,37,1.0,False,Down
PI35P3P,"Phosphatidylinositol-3,5-bisphosphate 3-phosphatase",Inositol Phosphate Metabolism,0.0,0.0,0.0,0.0,,,0.0,38,37,1.0,False,Down
EX_whtststerone_e,W hydroxy testosterone exchange,Extracellular exchange,0.0,0.0,0.0,0.0,,,0.0,38,37,1.0,False,Down
MM8Ber,"Mannosyl-oligosaccharide 1,2-alpha-mannosidase, endoplasmic reticulum",N-Glycan Biosynthesis,0.0,0.0,0.0,0.0,,,0.0,38,37,1.0,False,Down
PGDI,Prostaglandin-H2 D-isomerase [Precursor],Eicosanoid Metabolism,0.0,0.0,0.0,0.0,,,0.0,38,37,1.0,False,Down
PGDIr,Prostaglandin-H2 D-isomerase [Precursor],Eicosanoid Metabolism,0.0,0.0,0.0,0.0,,,0.0,38,37,1.0,False,Down
PI3P3Pn,"Phosphatidylinositol-3-phosphate 3-phosphatase, nuclear",Inositol Phosphate Metabolism,0.0,0.0,0.0,0.0,,,0.0,38,37,1.0,False,Down
PI3P4K,Phosphatidylinositol 3-phosphate 4-kinase,Inositol Phosphate Metabolism,0.0,0.0,0.0,0.0,,,0.0,38,37,1.0,False,Down
PI3P4Kn,"Phosphatidylinositol 3-phosphate 4-kinase, nuclear",Inositol Phosphate Metabolism,0.0,0.0,0.0,0.0,,,0.0,38,37,1.0,False,Down
PGESr,Prostaglandin E synthase,Eicosanoid Metabolism,0.0,0.0,0.0,0.0,,,0.0,38,37,1.0,False,Down
EX_imp_e,IMP exchange,Extracellular exchange,0.0,0.0,0.0,0.0,,,0.0,38,37,1.0,False,Down
MM8Cg,"Mannosyl-oligosaccharide 1,2-alpha-mannosidase, Golgi apparatus",N-Glycan Biosynthesis,0.0,0.0,0.0,0.0,,,0.0,38,37,1.0,False,Down
PGISr,Prostaglandin I2 synthase,Eicosanoid Metabolism,0.0,0.0,0.0,0.0,,,0.0,38,37,1.0,False,Down
EX_xolest2_hs_e,Cholesterol ester (from FULLR2) exchange,Extracellular exchange,0.0,0.0,0.0,0.0,,,0.0,38,37,1.0,False,Down
PI3P5K,Phosphatidylinositol 3-phosphate 5-kinase,Inositol Phosphate Metabolism,0.0,0.0,0.0,0.0,,,0.0,38,37,1.0,False,Down
PI3PP,Phosphatidylinositol-3-phosphate 3-phosphatase,Inositol Phosphate Metabolism,0.0,0.0,0.0,0.0,,,0.0,38,37,1.0,False,Down
PI45P3K,"Phosphatidylinositol 4,5-bisphosphate 3-kinase",Inositol Phosphate Metabolism,0.0,0.0,0.0,0.0,,,0.0,38,37,1.0,False,Down
PI45P3Kn,"Phosphatidylinositol 4,5-bisphosphate 3-kinase, nuclear",Inositol Phosphate Metabolism,0.0,0.0,0.0,0.0,,,0.0,38,37,1.0,False,Down
PI45P4P,"Phosphatidylinositol-4,5-bisphosphate 4-phosphatase",Inositol Phosphate Metabolism,0.0,0.0,0.0,0.0,,,0.0,38,37,1.0,False,Down
PI45P5P,"Phosphatidylinositol-4,5-bisphosphate 5-phosphatase",Inositol Phosphate Metabolism,0.0,0.0,0.0,0.0,,,0.0,38,37,1.0,False,Down
EX_inost_e,Myo-Inositol exchange,Extracellular exchange,0.0,0.0,0.0,0.0,,,0.0,38,37,1.0,False,Down
PGLYCP,Phosphoglycolate phosphatase,Glyoxylate and Dicarboxylate Metabolism,0.0,0.0,0.0,0.0,,,0.0,38,37,1.0,False,Down
PGLYCt,Phosphatidylglycerol Transport,"Transport, Extracellular",0.0,0.0,0.0,0.0,,,0.0,38,37,1.0,False,Down
PGLer,"6-phosphogluconolactonase, endoplasmic reticulum",Pentose Phosphate Pathway,0.0,0.0,0.0,0.0,,,0.0,38,37,1.0,False,Down
EX_xolest_hs_e,Cholesterol ester exchange,Extracellular exchange,0.0,0.0,0.0,0.0,,,0.0,38,37,1.0,False,Down
EX_xoltri24_e,"7-alpha,24(S)-Dihydroxycholesterol exchange",Extracellular exchange,0.0,0.0,0.0,0.0,,,0.0,38,37,1.0,False,Down
2HBt2,2 hydroxybutyrate cotransport with proton,"Transport, Extracellular",0.0,0.0,0.0,0.0,,,0.0,38,37,1.0,False,Down
PI45P5Pn,"Phosphatidylinositol-4,5-bisphosphate 5-phosphatase, nuclear",Inositol Phosphate Metabolism,0.0,0.0,0.0,0.0,,,0.0,38,37,1.0,False,Down
PI45PLC,"Phosphatidylinositol 4,5-bisphosphate phospholipase C",Inositol Phosphate Metabolism,0.0,0.0,0.0,0.0,,,0.0,38,37,1.0,False,Down
PI45PLCn,"Phosphatidylinositol 4,5-bisphosphate phospholipase C, nucleus",Inositol Phosphate Metabolism,0.0,0.0,0.0,0.0,,,0.0,38,37,1.0,False,Down
EX_ins_e,Inosine exchange,Extracellular exchange,0.0,0.0,0.0,0.0,,,0.0,38,37,1.0,False,Down
PGS,Prostaglandin G/H synthase,Eicosanoid Metabolism,0.0,0.0,0.0,0.0,,,0.0,38,37,1.0,False,Down
PI4P3K,Phosphatidylinositol 4-phosphate 3-kinase,Inositol Phosphate Metabolism,0.0,0.0,0.0,0.0,,,0.0,38,37,1.0,False,Down
PGSr,Prostaglandin G/H synthase,Eicosanoid Metabolism,0.0,0.0,0.0,0.0,,,0.0,38,37,1.0,False,Down
MMCD,Methylmalonyl-CoA decarboxylase,"Valine, Leucine, and Isoleucine Metabolism",0.0,0.0,0.0,0.0,,,0.0,38,37,1.0,False,Down
PI4P3Ker,"Phosphatidylinositol 4-phosphate 3-kinase, endoplasmic reticulum",Inositol Phosphate Metabolism,0.0,0.0,0.0,0.0,,,0.0,38,37,1.0,False,Down
PI4P3Kn,"Phosphatidylinositol 4-phosphate 3-kinase, nuclear",Inositol Phosphate Metabolism,0.0,0.0,0.0,0.0,,,0.0,38,37,1.0,False,Down
PI4P4Pn,"Phosphatidylinositol-4-phosphate 4-phosphatase, nuclear",Inositol Phosphate Metabolism,0.0,0.0,0.0,0.0,,,0.0,38,37,1.0,False,Down
PI4P5K,Phosphatidylinositol 4-phosphate 5-kinase,Glycerophospholipid Metabolism,0.0,0.0,0.0,0.0,,,0.0,38,37,1.0,False,Down
MMCDm,"Methylmalonyl-CoA decarboxylase, mitochondrial","Valine, Leucine, and Isoleucine Metabolism",0.0,0.0,0.0,0.0,,,0.0,38,37,1.0,False,Down
PI4P5Kn,"Phosphatidylinositol 4-phosphate 5-kinase, nuclear",Inositol Phosphate Metabolism,0.0,0.0,0.0,0.0,,,0.0,38,37,1.0,False,Down
PI5P4Kn,"Phosphatidylinositol-5-phosphate 4-kinase, nuclear",Inositol Phosphate Metabolism,0.0,0.0,0.0,0.0,,,0.0,38,37,1.0,False,Down
PIACGT,Phosphatidylinositol N-acetylglucosaminyltransferase,Glycosylphosphatidylinositol (GPI)-anchor biosynthesis,0.0,0.0,0.0,0.0,,,0.0,38,37,1.0,False,Down
PIK3,Phosphatidylinositol 3-kinase,Inositol Phosphate Metabolism,0.0,0.0,0.0,0.0,,,0.0,38,37,1.0,False,Down
PIK3er,"Phosphatidylinositol 3-kinase, endoplasmic reticulum",Inositol Phosphate Metabolism,0.0,0.0,0.0,0.0,,,0.0,38,37,1.0,False,Down
PIK3n,"Phosphatidylinositol 3-kinase, nuclear",Inositol Phosphate Metabolism,0.0,0.0,0.0,0.0,,,0.0,38,37,1.0,False,Down
PIK4,Phosphatidylinositol 4-kinase,Glycerophospholipid Metabolism,0.0,0.0,0.0,0.0,,,0.0,38,37,1.0,False,Down
PIK4n,"Phosphatidylinositol 4-kinase, nuclear",Inositol Phosphate Metabolism,0.0,0.0,0.0,0.0,,,0.0,38,37,1.0,False,Down
PIK5,Phosphatidylinositol 5-kinase,Inositol Phosphate Metabolism,0.0,0.0,0.0,0.0,,,0.0,38,37,1.0,False,Down
PIK5n,"Phosphatidylinositol 5-kinase, nuclear",Inositol Phosphate Metabolism,0.0,0.0,0.0,0.0,,,0.0,38,37,1.0,False,Down
PI4PLCn,"Phosphatidylinositol 4-phosphate phospholipase C, nucleus",Inositol Phosphate Metabolism,0.0,0.0,0.0,0.0,,,0.0,38,37,1.0,False,Down
PI4PP,Phosphatidylinositol-4-phosphate 4-phosphatase,Inositol Phosphate Metabolism,0.0,0.0,0.0,0.0,,,0.0,38,37,1.0,False,Down
PI5P3K,Phosphatidylinositol-5-phosphate 3-kinase,Inositol Phosphate Metabolism,0.0,0.0,0.0,0.0,,,0.0,38,37,1.0,False,Down
PI5P3Ker,"Phosphatidylinositol-5-phosphate 3-kinase, endoplasmic reticulum",Inositol Phosphate Metabolism,0.0,0.0,0.0,0.0,,,0.0,38,37,1.0,False,Down
PI5P4K,Phosphatidylinositol-5-phosphate 4-kinase,Inositol Phosphate Metabolism,0.0,0.0,0.0,0.0,,,0.0,38,37,1.0,False,Down
LCARR,"Lacaldehyde reductase (R-propane-1,2-diol forming)",Pyruvate Metabolism,0.0,0.0,0.0,0.0,,,0.0,38,37,1.0,False,Down
PIPLCn,"Phosphatidylinositol phospholipase C, nucleus",Inositol Phosphate Metabolism,0.0,0.0,0.0,0.0,,,0.0,38,37,1.0,False,Down
PIt2m,Phosphate transporter  mitochondrial,"Transport, Mitochondrial",0.0,0.0,0.0,0.0,,,0.0,38,37,1.0,False,Down
MMCDp,"Methylmalonyl-CoA decarboxylase, peroxisomal","Valine, Leucine, and Isoleucine Metabolism",0.0,0.0,0.0,0.0,,,0.0,38,37,1.0,False,Down
PPDOy,"Propane-1,2-diol:NADP+ 1-oxidoreductase",Pyruvate Metabolism,0.0,0.0,0.0,0.0,,,0.0,38,37,1.0,False,Down
PTRCAT1,Putrescine acetyltransferase,Arginine and Proline Metabolism,0.0,0.0,0.0,0.0,,,0.0,38,37,1.0,False,Down
EX_xoltri25_e,"7-alpha,25-Dihydroxycholesterol exchange",Extracellular exchange,0.0,0.0,0.0,0.0,,,0.0,38,37,1.0,False,Down
EX_xoltri27_e,"7-alpha,27-Dihydroxycholesterol exchange",Extracellular exchange,0.0,0.0,0.0,0.0,,,0.0,38,37,1.0,False,Down
EX_k_e,K+ exchange,Extracellular exchange,0.0,0.0,0.0,0.0,,,0.0,38,37,1.0,False,Down
PPMI12346Ptn,5-diphosphatidylinositol pentakisphosphate nuclear transport (diffusion),"Transport, Nuclear",0.0,0.0,0.0,0.0,,,0.0,38,37,1.0,False,Down
PPMI1346Ptn,Diphosphatidylinositol tetrakisphosphate nuclear transport (diffusion),"Transport, Nuclear",0.0,0.0,0.0,0.0,,,0.0,38,37,1.0,False,Down
PPNCL3,4'-Phosphopantothenate:L-cysteine ligase,CoA Biosynthesis,0.0,0.0,0.0,0.0,,,0.0,38,37,1.0,False,Down
PPOR,"Phenylpyruvate:oxygen oxidoreductase (hydroxylating,decarboxylating)",Phenylalanine metabolism,0.0,0.0,0.0,0.0,,,0.0,38,37,1.0,False,Down
PPPG9tm,Protoporphyrinogen IX mitochondrial transport,Heme Biosynthesis,0.0,0.0,0.0,0.0,,,0.0,38,37,1.0,False,Down
EX_xyl__D_e,D-Xylose exchange,Extracellular exchange,0.0,0.0,0.0,0.0,,,0.0,38,37,1.0,False,Down
EX_ksi_e,Keratan sulfate I exchange,Extracellular exchange,0.0,0.0,0.0,0.0,,,0.0,38,37,1.0,False,Down
EX_yvite_e,Gamma-Tocopherol exchange,Extracellular exchange,0.0,0.0,0.0,0.0,,,0.0,38,37,1.0,False,Down
SK_citr__L_c,Sink citr c,Intracellular source/sink,0.0,0.0,0.0,0.0,,,0.0,38,37,1.0,False,Down
SK_pre_prot_r,Sink pre prot LPAREN er RPAREN ,Intracellular source/sink,0.0,0.0,0.0,0.0,,,0.0,38,37,1.0,False,Down
PIter,"Phosphate transport, endoplasmic reticulum","Transport, Endoplasmic Reticular",0.0,0.0,0.0,0.0,,,0.0,38,37,1.0,False,Down
PItg,"Phosphate transport, Golgi apparatus","Transport, Golgi Apparatus",0.0,0.0,0.0,0.0,,,0.0,38,37,1.0,False,Down
PItn,"Phosphate transport, nuclear","Transport, Nuclear",0.0,0.0,0.0,0.0,,,0.0,38,37,1.0,False,Down
34DHOXPEGt,"3,4-Dihydroxyphenylethyleneglycol transport (diffusion)","Transport, Extracellular",0.0,0.0,0.0,0.0,,,0.0,38,37,1.0,False,Down
PLA2,Phospholipase A2,Glycerophospholipid Metabolism,0.0,0.0,0.0,0.0,,,0.0,38,37,1.0,False,Down
PLYSPSer,Protein lysine peptidase (endoplasmic reticulum),Lysine Metabolism,0.0,0.0,0.0,0.0,,,0.0,38,37,1.0,False,Down
PPPGOm,Protoporphyrinogen oxidase  mitochondrial,Heme Biosynthesis,0.0,0.0,0.0,0.0,,,0.0,38,37,1.0,False,Down
PPPItn,Inorganic triphosphate transport through nuclear pore,"Transport, Nuclear",0.0,0.0,0.0,0.0,,,0.0,38,37,1.0,False,Down
PRAGSr,Phosphoribosylglycinamide synthase,IMP Biosynthesis,0.0,0.0,0.0,0.0,,,0.0,38,37,1.0,False,Down
PRAIS,Phosphoribosylaminoimidazole synthase,IMP Biosynthesis,0.0,0.0,0.0,0.0,,,0.0,38,37,1.0,False,Down
34DHPHAMT,"3,4-Dihydroxyphenylacetate:amet O-methyltransferase",Tyrosine metabolism,0.0,0.0,0.0,0.0,,,0.0,38,37,1.0,False,Down
PRASCSi,Phosphoribosylaminoimidazolesuccinocarboxamide synthase,IMP Biosynthesis,0.0,0.0,0.0,0.0,,,0.0,38,37,1.0,False,Down
PRDX,Peroxidase (multiple substrates),Miscellaneous,0.0,0.0,0.0,0.0,,,0.0,38,37,1.0,False,Down
PMANM,Phosphomannomutase,Fructose and Mannose Metabolism,0.0,0.0,0.0,0.0,,,0.0,38,37,1.0,False,Down
10FTHF5GLUtl,"5-glutamyl-10FTHF transport, lysosomal","Transport, Lysosomal",0.0,0.0,0.0,0.0,,,0.0,38,37,1.0,False,Down
PMI12346PH,5 diphosphoinositol 1 2 3 4 6 pentakisphosphate diphosphohydrolase,Inositol Phosphate Metabolism,0.0,0.0,0.0,0.0,,,0.0,38,37,1.0,False,Down
10FTHF5GLUtm,"5-glutamyl-10FTHF transport, mitochondrial","Transport, Mitochondrial",0.0,0.0,0.0,0.0,,,0.0,38,37,1.0,False,Down
PMI12346PHn,"5-diphosphoinositol-1,2,3,4,6-pentakisphosphate diphosphohydrolase, nuclear",Inositol Phosphate Metabolism,0.0,0.0,0.0,0.0,,,0.0,38,37,1.0,False,Down
PMI1346PH,Diphosphoinositol 1 3 4 6 tetrakisphosphate diphosphohydrolase,Inositol Phosphate Metabolism,0.0,0.0,0.0,0.0,,,0.0,38,37,1.0,False,Down
PMI1346PHn,"Diphosphoinositol-1,3,4,6-tetrakisphosphate diphosphohydrolase, nucleus",Inositol Phosphate Metabolism,0.0,0.0,0.0,0.0,,,0.0,38,37,1.0,False,Down
EX_ksi_deg1_e,"Keratan sulfate I, degradation product 1 exchange",Extracellular exchange,0.0,0.0,0.0,0.0,,,0.0,38,37,1.0,False,Down
PNP,Purine nucleoside phosphorylase,NAD Metabolism,0.0,0.0,0.0,0.0,,,0.0,38,37,1.0,False,Down
PRDXl,Peroxidase (multiple substrates),Miscellaneous,0.0,0.0,0.0,0.0,,,0.0,38,37,1.0,False,Down
PRFGS,Phosphoribosylformylglycinamidine synthase,IMP Biosynthesis,0.0,0.0,0.0,0.0,,,0.0,38,37,1.0,False,Down
PRGNLONESULT,Steroid sulfotransferase,Steroid Metabolism,0.0,0.0,0.0,0.0,,,0.0,38,37,1.0,False,Down
PRGNLONEtm,Pregnenolone intracellular transport,"Transport, Mitochondrial",0.0,0.0,0.0,0.0,,,0.0,38,37,1.0,False,Down
PRGNLONEtr,Pregnenolone intracellular transport,"Transport, Endoplasmic Reticular",0.0,0.0,0.0,0.0,,,0.0,38,37,1.0,False,Down
PRGSTRNt,Progesterone transport,"Transport, Extracellular",0.0,0.0,0.0,0.0,,,0.0,38,37,1.0,False,Down
PRISTANALtx,Pristanal peroxisomal transport,"Transport, Peroxisomal",0.0,0.0,0.0,0.0,,,0.0,38,37,1.0,False,Down
PRISTCOAtx,Pristcoa peroxisomal transport,"Transport, Peroxisomal",0.0,0.0,0.0,0.0,,,0.0,38,37,1.0,False,Down
PRISTtx,Prist peroxisomal transport,"Transport, Peroxisomal",0.0,0.0,0.0,0.0,,,0.0,38,37,1.0,False,Down
PNTEH,Hydrolase Class   RXN R02973 ,CoA Catabolism,0.0,0.0,0.0,0.0,,,0.0,38,37,1.0,False,Down
PNTK,Pantothenate kinase,CoA Biosynthesis,0.0,0.0,0.0,0.0,,,0.0,38,37,1.0,False,Down
PNTKm,Pantothenate kinase (mitochondrial),CoA Biosynthesis,0.0,0.0,0.0,0.0,,,0.0,38,37,1.0,False,Down
PNTOt5,Pantothenate sodium symporter  II,"Transport, Extracellular",0.0,0.0,0.0,0.0,,,0.0,38,37,1.0,False,Down
PPA,Inorganic diphosphatase,Oxidative Phosphorylation,0.0,0.0,0.0,0.0,,,0.0,38,37,1.0,False,Down
10FTHF6GLUtl,"6-glutamyl-10FTHF transport, lysosomal","Transport, Lysosomal",0.0,0.0,0.0,0.0,,,0.0,38,37,1.0,False,Down
34DHALDD,Aldehyde dehydrogenase  3 4 dihydroxyphenylacetaldehyde  NAD ,Tyrosine metabolism,0.0,0.0,0.0,0.0,,,0.0,38,37,1.0,False,Down
PPA2,Inorganic triphosphatase,Others,0.0,0.0,0.0,0.0,,,0.0,38,37,1.0,False,Down
EX_ksii_core2_e,Keratan sulfate II (core 2-linked) exchange,Extracellular exchange,0.0,0.0,0.0,0.0,,,0.0,38,37,1.0,False,Down
PPA2m,"Inorganic triphosphatase, mitochondrial",Others,0.0,0.0,0.0,0.0,,,0.0,38,37,1.0,False,Down
34DHPLACOX_NADP,34DHPLACOX LPAREN NADP RPAREN ,Tyrosine metabolism,0.0,0.0,0.0,0.0,,,0.0,38,37,1.0,False,Down
PROAKGOX1r,"L-Proline,2-oxoglutarate:oxygen oxidoreductase (4-hydroxylating) (ER)",Arginine and Proline Metabolism,0.0,0.0,0.0,0.0,,,0.0,38,37,1.0,False,Down
10FTHF6GLUtm,"6-glutamyl-10FTHF transport, mitochondrial","Transport, Mitochondrial",0.0,0.0,0.0,0.0,,,0.0,38,37,1.0,False,Down
10FTHF7GLUtl,"7-glutamyl-10FTHF transport, lysosomal","Transport, Lysosomal",0.0,0.0,0.0,0.0,,,0.0,38,37,1.0,False,Down
PPAer,"Inorganic diphosphatase, endoplasmic reticulum",Miscellaneous,0.0,0.0,0.0,0.0,,,0.0,38,37,1.0,False,Down
PUNP3,Purine-nucleoside phosphorylase (Guanosine),Purine Catabolism,0.0,0.0,0.0,0.0,,,0.0,38,37,1.0,False,Down
34HPLFM,3  4 hydroxyphenyl  lactate formation,Ubiquinone Biosynthesis,0.0,0.0,0.0,0.0,,,0.0,38,37,1.0,False,Down
PPAn,"Inorganic diphosphatase, nuclear",Miscellaneous,0.0,0.0,0.0,0.0,,,0.0,38,37,1.0,False,Down
PRODt2r,D-proline reversible transport via proton symport,"Transport, Extracellular",0.0,0.0,0.0,0.0,,,0.0,38,37,1.0,False,Down
PRODt2rL,D-proline reversible transport via proton symport (lysosome),"Transport, Lysosomal",0.0,0.0,0.0,0.0,,,0.0,38,37,1.0,False,Down
EX_ksii_core4_e,Keratan sulfate II (core 4-linked) exchange,Extracellular exchange,0.0,0.0,0.0,0.0,,,0.0,38,37,1.0,False,Down
PROSTGD2t,Prostaglandin transport via bicarbonate countertransport,"Transport, Extracellular",0.0,0.0,0.0,0.0,,,0.0,38,37,1.0,False,Down
PROSTGE1t,Prostaglandin transport via bicarbonate countertransport,"Transport, Extracellular",0.0,0.0,0.0,0.0,,,0.0,38,37,1.0,False,Down
PPAtr,"Propionate transport, diffusion","Transport, Extracellular",0.0,0.0,0.0,0.0,,,0.0,38,37,1.0,False,Down
PPAtm,"Propanoate transport, mitochondria","Transport, Mitochondrial",0.0,0.0,0.0,0.0,,,0.0,38,37,1.0,False,Down
PPBNGS,Porphobilinogen synthase,Heme Biosynthesis,0.0,0.0,0.0,0.0,,,0.0,38,37,1.0,False,Down
PROSTGE1t3,Prostaglandine E1 transport (ATP-dependent),"Transport, Extracellular",0.0,0.0,0.0,0.0,,,0.0,38,37,1.0,False,Down
10FTHF7GLUtm,"7-glutamyl-10FTHF transport, mitochondrial","Transport, Mitochondrial",0.0,0.0,0.0,0.0,,,0.0,38,37,1.0,False,Down
10FTHFtl,10-Formyltetrahydrofolate lysosomal transport via diffusion,"Transport, Lysosomal",0.0,0.0,0.0,0.0,,,0.0,38,37,1.0,False,Down
PROSTGE2t3,Prostaglandine E2 transport (ATP-dependent),"Transport, Extracellular",0.0,0.0,0.0,0.0,,,0.0,38,37,1.0,False,Down
PROSTGF2t,Prostaglandin uniport,"Transport, Extracellular",0.0,0.0,0.0,0.0,,,0.0,38,37,1.0,False,Down
PPCDC,Phosphopantothenoylcysteine decarboxylase,CoA Biosynthesis,0.0,0.0,0.0,0.0,,,0.0,38,37,1.0,False,Down
PPCOACm,"Propionyl-CoA carboxylase, mitochondrial","Valine, Leucine, and Isoleucine Metabolism",0.0,0.0,0.0,0.0,,,0.0,38,37,1.0,False,Down
PPCOAOm,"Propanoyl-CoA:(acceptor) 2,3-oxidoreductase",Propanoate Metabolism,0.0,0.0,0.0,0.0,,,0.0,38,37,1.0,False,Down
35CGMPtn,35cGMP nuclear transport,"Transport, Nuclear",0.0,0.0,0.0,0.0,,,0.0,38,37,1.0,False,Down
PROSTGH2t,Prostaglandin H2 transport,"Transport, Extracellular",0.0,0.0,0.0,0.0,,,0.0,38,37,1.0,False,Down
11DOCRTSLtm,11-deoxycortisol intracellular transport,"Transport, Mitochondrial",0.0,0.0,0.0,0.0,,,0.0,38,37,1.0,False,Down
PUNP6,Purine-nucleoside phosphorylase (Deoxyinosine),Purine Catabolism,0.0,0.0,0.0,0.0,,,0.0,38,37,1.0,False,Down
PROSTGI2t,Prostaglandin I2 transport,"Transport, Extracellular",0.0,0.0,0.0,0.0,,,0.0,38,37,1.0,False,Down
PROSTGI2tr,Prostaglandin I2 transport (ER),"Transport, Endoplasmic Reticular",0.0,0.0,0.0,0.0,,,0.0,38,37,1.0,False,Down
3AIBTm,"L-3-aminoisobutyrate transaminase, mitochondrial","Valine, Leucine, and Isoleucine Metabolism",0.0,0.0,0.0,0.0,,,0.0,38,37,1.0,False,Down
3AIBt,3-amino-isobutyrate transport,"Transport, Extracellular",0.0,0.0,0.0,0.0,,,0.0,38,37,1.0,False,Down
3AIBtm,"3-amino-isobutyrate transport, mitochondrial","Transport, Mitochondrial",0.0,0.0,0.0,0.0,,,0.0,38,37,1.0,False,Down
PROt2rL,L-proline reversible transport via proton symport (lysosome),"Transport, Lysosomal",0.0,0.0,0.0,0.0,,,0.0,38,37,1.0,False,Down
11DOCRTSLtr,11-deoxycortisol intracellular transport,"Transport, Endoplasmic Reticular",0.0,0.0,0.0,0.0,,,0.0,38,37,1.0,False,Down
PVD3,Previtamin D3 formation,Vitamin D,0.0,0.0,0.0,0.0,,,0.0,38,37,1.0,False,Down
11DOCRTSTRNtm,11-deoxycorticosterone intracellular transport,"Transport, Mitochondrial",0.0,0.0,0.0,0.0,,,0.0,38,37,1.0,False,Down
RNDR3,Ribonucleoside-diphosphate reductase (CDP),Nucleotides,0.0,0.0,0.0,0.0,,,0.0,38,37,1.0,False,Down
11DOCRTSTRNtr,11-deoxycorticosterone intracellular transport,"Transport, Endoplasmic Reticular",0.0,0.0,0.0,0.0,,,0.0,38,37,1.0,False,Down
PYAM5PO,Pyridoxamine 5'-phosphate oxidase,Vitamin B6 Metabolism,0.0,0.0,0.0,0.0,,,0.0,38,37,1.0,False,Down
3DPHBH1,Hydroxylation of 3-Decaprenyl-4-hydroxybenzoate (NADH),Ubiquinone Biosynthesis,0.0,0.0,0.0,0.0,,,0.0,38,37,1.0,False,Down
3DPHBH2,Hydroxylation of 3-Decaprenyl-4-hydroxybenzoate (NADPH),Ubiquinone Biosynthesis,0.0,0.0,0.0,0.0,,,0.0,38,37,1.0,False,Down
PRPNCOAHYDm,"3-Hydroxypropionyl-CoA hydro-lyase, mitochondria",beta-Alanine metabolism,0.0,0.0,0.0,0.0,,,0.0,38,37,1.0,False,Down
RNDR4,Ribonucleoside-diphosphate reductase (UDP),Nucleotides,0.0,0.0,0.0,0.0,,,0.0,38,37,1.0,False,Down
RNMK,Ribosylnicotinamide kinase,NAD Metabolism,0.0,0.0,0.0,0.0,,,0.0,38,37,1.0,False,Down
EX_lac__L_e,L-Lactate exchange,Extracellular exchange,0.0,0.0,0.0,0.0,,,0.0,38,37,1.0,False,Down
PRPNCOAHYDx,Propenoyl-CoA hydrolase (x),beta-Alanine metabolism,0.0,0.0,0.0,0.0,,,0.0,38,37,1.0,False,Down
PYAM5Ptm,"Pyridoxamine 5'-phosphate transport via diffusion, mitochondrial","Transport, Mitochondrial",0.0,0.0,0.0,0.0,,,0.0,38,37,1.0,False,Down
3HBCDm,"3-hydroxybutyryl-CoA dehydratase, mitochondrial",Butanoate Metabolism,0.0,0.0,0.0,0.0,,,0.0,38,37,1.0,False,Down
13DAMPPOX,"1,3-Diaminopropane:oxygen oxidoreductase (deaminating)",beta-Alanine metabolism,0.0,0.0,0.0,0.0,,,0.0,38,37,1.0,False,Down
1MNCAMti,N1-Methylnicotinamide transport,"Transport, Extracellular",0.0,0.0,0.0,0.0,,,0.0,38,37,1.0,False,Down
PYDAMK,Pyridoxamine kinase,Vitamin B6 Metabolism,0.0,0.0,0.0,0.0,,,0.0,38,37,1.0,False,Down
1a_24_25VITD2Hm,"1-alpha-Vitamin D-24,25-hydroxylase (D2)",Vitamin D,0.0,0.0,0.0,0.0,,,0.0,38,37,1.0,False,Down
1a_24_25VITD3Hm,"1-alpha-Vitamin D-24,25-hydroxylase (D3)",Vitamin D,0.0,0.0,0.0,0.0,,,0.0,38,37,1.0,False,Down
PSFLIP,Phosphatidylserine flippase,"Transport, Extracellular",0.0,0.0,0.0,0.0,,,0.0,38,37,1.0,False,Down
1a_25VITD2Hm,"1-alpha,24R,25-Vitamin D-hydroxylase (D2)",Vitamin D,0.0,0.0,0.0,0.0,,,0.0,38,37,1.0,False,Down
3HKYNAKGAT,3-Hydroxy-L-kynurenine:2-oxoglutarate aminotransferase,Tryptophan metabolism,0.0,0.0,0.0,0.0,,,0.0,38,37,1.0,False,Down
1a_25VITD3Hm,"1-alpha,24R,25-Vitamin D-hydroxylase (D3)",Vitamin D,0.0,0.0,0.0,0.0,,,0.0,38,37,1.0,False,Down
PYDAMtr,Pyridoxamine transport via diffusion,"Transport, Extracellular",0.0,0.0,0.0,0.0,,,0.0,38,37,1.0,False,Down
EX_lcts_e,Lactose exchange,Extracellular exchange,0.0,0.0,0.0,0.0,,,0.0,38,37,1.0,False,Down
PS_HSter,Phosphatidylserine scramblase,"Transport, Endoplasmic Reticular",0.0,0.0,0.0,0.0,,,0.0,38,37,1.0,False,Down
24_25DHVITD2t,"24,25-Dihydroxyvitamin D2 transport from cytoplasm","Transport, Extracellular",0.0,0.0,0.0,0.0,,,0.0,38,37,1.0,False,Down
24_25DHVITD2tm,"24,25-Dihydroxyvitamin D2 transport from mitochondria","Transport, Mitochondrial",0.0,0.0,0.0,0.0,,,0.0,38,37,1.0,False,Down
PYDX5Ptm,"Pyridoxal 5'-phosphate transport via diffusion, mitochondrial","Transport, Mitochondrial",0.0,0.0,0.0,0.0,,,0.0,38,37,1.0,False,Down
24_25DHVITD3t,"24,25-Dihydroxyvitamin D3 transport from cytoplasm","Transport, Extracellular",0.0,0.0,0.0,0.0,,,0.0,38,37,1.0,False,Down
RTOT5,R total flux,R Group Synthesis,0.0,0.0,0.0,0.0,,,0.0,38,37,1.0,False,Down
PS_HStg,Phosphatidylserine scramblase,"Transport, Golgi Apparatus",0.0,0.0,0.0,0.0,,,0.0,38,37,1.0,False,Down
PSt3,Transport of Phosphatidylserine ,"Transport, Extracellular",0.0,0.0,0.0,0.0,,,0.0,38,37,1.0,False,Down
PTDCACRNCPT1,Carnitine fatty-acyl transferase,Carnitine shuttle,0.0,0.0,0.0,0.0,,,0.0,38,37,1.0,False,Down
24_25DHVITD3tm,"24,25-Dihydroxyvitamin D3 transport from mitochondria","Transport, Mitochondrial",0.0,0.0,0.0,0.0,,,0.0,38,37,1.0,False,Down
PYDXDH,Pyridoxal dehydrogenase,Vitamin B6 Metabolism,0.0,0.0,0.0,0.0,,,0.0,38,37,1.0,False,Down
PTDCACRNCPT2,Pentadecanoate transport into the mitochondria,Carnitine shuttle,0.0,0.0,0.0,0.0,,,0.0,38,37,1.0,False,Down
PTDCACRNt,Pentadecanoate transport into the mitochondria,Carnitine shuttle,0.0,0.0,0.0,0.0,,,0.0,38,37,1.0,False,Down
RTOTAL2CRNCPT1,Carnitine fatty-acyl transferase,Carnitine shuttle,0.0,0.0,0.0,0.0,,,0.0,38,37,1.0,False,Down
PYDXK,Pyridoxal kinase,Vitamin B6 Metabolism,0.0,0.0,0.0,0.0,,,0.0,38,37,1.0,False,Down
RTOTAL2CRNCPT2,R group transport into the mitochondria,Carnitine shuttle,0.0,0.0,0.0,0.0,,,0.0,38,37,1.0,False,Down
PTDCAt,Fatty acid transport via diffusion,"Transport, Extracellular",0.0,0.0,0.0,0.0,,,0.0,38,37,1.0,False,Down
PTE2x,Peroxisomal acyl CoA thioesterase,Fatty Acid Metabolism,0.0,0.0,0.0,0.0,,,0.0,38,37,1.0,False,Down
PTE3x,Peroxisomal acyl-CoA thioesterase,Fatty Acid Metabolism,0.0,0.0,0.0,0.0,,,0.0,38,37,1.0,False,Down
RTOTAL2CRNt,R group transport into the mitochondria,Carnitine shuttle,0.0,0.0,0.0,0.0,,,0.0,38,37,1.0,False,Down
RTOTAL2t,RTOTAL2 transport,"Transport, Extracellular",0.0,0.0,0.0,0.0,,,0.0,38,37,1.0,False,Down
PTE4x,Peroxisomal acyl-CoA thioesterase,Fatty Acid Metabolism,0.0,0.0,0.0,0.0,,,0.0,38,37,1.0,False,Down
RTOTAL3CRNCPT1,Carnitine fatty-acyl transferase,Carnitine shuttle,0.0,0.0,0.0,0.0,,,0.0,38,37,1.0,False,Down
PYDXNK,Pyridoxine kinase,Vitamin B6 Metabolism,0.0,0.0,0.0,0.0,,,0.0,38,37,1.0,False,Down
RTOTAL3CRNCPT2,R group transport into the mitochondria,Carnitine shuttle,0.0,0.0,0.0,0.0,,,0.0,38,37,1.0,False,Down
PTE5x,Peroxisomal acyl-CoA thioesterase,Fatty Acid Metabolism,0.0,0.0,0.0,0.0,,,0.0,38,37,1.0,False,Down
PTHPS,6-pyruvoyltetrahydropterin synthase,Tetrahydrobiopterin,0.0,0.0,0.0,0.0,,,0.0,38,37,1.0,False,Down
RTOTAL3CRNt,R group transport into the mitochondria,Carnitine shuttle,0.0,0.0,0.0,0.0,,,0.0,38,37,1.0,False,Down
3HPCOAHYD,3-hydroxyisobutyryl-CoA hydrolase,beta-Alanine metabolism,0.0,0.0,0.0,0.0,,,0.0,38,37,1.0,False,Down
RTOTALCRNCPT1,Carnitine fatty-acyl transferase,Carnitine shuttle,0.0,0.0,0.0,0.0,,,0.0,38,37,1.0,False,Down
RTOTALCRNCPT2,R group transport into the mitochondria,Carnitine shuttle,0.0,0.0,0.0,0.0,,,0.0,38,37,1.0,False,Down
RTOTALCRNt,R group transport into the mitochondria,Carnitine shuttle,0.0,0.0,0.0,0.0,,,0.0,38,37,1.0,False,Down
PTHPSn,"6-pyruvoyltetrahydropterin synthase, nuclear",Tetrahydrobiopterin,0.0,0.0,0.0,0.0,,,0.0,38,37,1.0,False,Down
PTPATi,Pantetheine-phosphate adenylyltransferase,CoA Biosynthesis,0.0,0.0,0.0,0.0,,,0.0,38,37,1.0,False,Down
PYDXNtr,Pyridoxine transport via diffusion,"Transport, Extracellular",0.0,0.0,0.0,0.0,,,0.0,38,37,1.0,False,Down
EX_leuktrA4_e,Leukotriene A4 exchange,Extracellular exchange,0.0,0.0,0.0,0.0,,,0.0,38,37,1.0,False,Down
RTOT_2,R total flux 2 position,R Group Synthesis,0.0,0.0,0.0,0.0,,,0.0,38,37,1.0,False,Down
RTOT_3,R total flux 3 position,R Group Synthesis,0.0,0.0,0.0,0.0,,,0.0,38,37,1.0,False,Down
Rtotaltl,Fatty acid intracellular transport,"Transport, Lysosomal",0.0,0.0,0.0,0.0,,,0.0,38,37,1.0,False,Down
Rtotaltp,Fatty acid intracellular transport,"Transport, Peroxisomal",0.0,0.0,0.0,0.0,,,0.0,38,37,1.0,False,Down
S23T2g,"Beta-galactoside alpha-2,3-sialyltransferase (core 2)",Keratan sulfate biosynthesis,0.0,0.0,0.0,0.0,,,0.0,38,37,1.0,False,Down
S6T10g,"Galactose/N-acetylglucosamine 6-O-sulfotransferase, Golgi apparatus",Keratan sulfate biosynthesis,0.0,0.0,0.0,0.0,,,0.0,38,37,1.0,False,Down
PYDXPP,Pyridoxal 5-phosphate phosphatase,Vitamin B6 Metabolism,0.0,0.0,0.0,0.0,,,0.0,38,37,1.0,False,Down
S6T11g,"Galactose/N-acetylglucosamine 6-O-sulfotransferase, Golgi apparatus",Keratan sulfate biosynthesis,0.0,0.0,0.0,0.0,,,0.0,38,37,1.0,False,Down
S23T3g,"Beta-galactoside alpha-2,3-sialyltransferase (complex N-glycan)",Keratan sulfate biosynthesis,0.0,0.0,0.0,0.0,,,0.0,38,37,1.0,False,Down
S23T4g,"Beta-galactoside alpha-2,3-sialyltransferase",Keratan sulfate biosynthesis,0.0,0.0,0.0,0.0,,,0.0,38,37,1.0,False,Down
S23Tg,"Beta-galactoside alpha-2,3-sialyltransferase (T antigen)",O-Glycan Biosynthesis,0.0,0.0,0.0,0.0,,,0.0,38,37,1.0,False,Down
S26Tg,"Beta-galactoside alpha-2,6-sialyltransferase",N-Glycan Biosynthesis,0.0,0.0,0.0,0.0,,,0.0,38,37,1.0,False,Down
S6T12g,"Galactose/N-acetylglucosamine 6-O-sulfotransferase, Golgi apparatus",Keratan sulfate biosynthesis,0.0,0.0,0.0,0.0,,,0.0,38,37,1.0,False,Down
S6T13g,"Galactose/N-acetylglucosamine 6-O-sulfotransferase, Golgi apparatus",Keratan sulfate biosynthesis,0.0,0.0,0.0,0.0,,,0.0,38,37,1.0,False,Down
S2L2FN2M2MASNt,"S2l2fn2m2masn transport, Golgi to extracellular","Transport, Extracellular",0.0,0.0,0.0,0.0,,,0.0,38,37,1.0,False,Down
PYDXtr,Pyridoxal transport via diffusion,"Transport, Extracellular",0.0,0.0,0.0,0.0,,,0.0,38,37,1.0,False,Down
S2L2FN2M2MASNtly,"S2l2fn2m2masn transport, extracellular to lysosome","Transport, Lysosomal",0.0,0.0,0.0,0.0,,,0.0,38,37,1.0,False,Down
S6T14g,"Galactose/N-acetylglucosamine 6-O-sulfotransferase, Golgi apparatus",Keratan sulfate biosynthesis,0.0,0.0,0.0,0.0,,,0.0,38,37,1.0,False,Down
S6T15g,"Galactose/N-acetylglucosamine 6-O-sulfotransferase, Golgi apparatus",Keratan sulfate biosynthesis,0.0,0.0,0.0,0.0,,,0.0,38,37,1.0,False,Down
S2L2N2M2MASNtly,"S2l2n2m2masn transport, extracellular to lysosome","Transport, Lysosomal",0.0,0.0,0.0,0.0,,,0.0,38,37,1.0,False,Down
S6T16g,"Galactose/N-acetylglucosamine 6-O-sulfotransferase, Golgi apparatus",Keratan sulfate biosynthesis,0.0,0.0,0.0,0.0,,,0.0,38,37,1.0,False,Down
S2T1g,"Chondroitin 2-sulfotransferase, Golgi",Chondroitin / heparan sulfate biosynthesis,0.0,0.0,0.0,0.0,,,0.0,38,37,1.0,False,Down
3HPPD,3-hydroxypropionate dehydrogenase,Propanoate Metabolism,0.0,0.0,0.0,0.0,,,0.0,38,37,1.0,False,Down
S2T2g,"Chondroitin 2-sulfotransferase, Golgi",Chondroitin / heparan sulfate biosynthesis,0.0,0.0,0.0,0.0,,,0.0,38,37,1.0,False,Down
S2T3g,"Uronyl 2-sulfotransferase, Golgi",Chondroitin / heparan sulfate biosynthesis,0.0,0.0,0.0,0.0,,,0.0,38,37,1.0,False,Down
S2T4g,"Uronyl 2-sulfotransferase, Golgi",Chondroitin / heparan sulfate biosynthesis,0.0,0.0,0.0,0.0,,,0.0,38,37,1.0,False,Down
S2TASE1ly,"Iduronate-2-sulfatase, lysosomal",Heparan sulfate degradation,0.0,0.0,0.0,0.0,,,0.0,38,37,1.0,False,Down
S6T17g,"Galactose/N-acetylglucosamine 6-O-sulfotransferase, Golgi apparatus",Keratan sulfate biosynthesis,0.0,0.0,0.0,0.0,,,0.0,38,37,1.0,False,Down
S6T18g,"Galactose/N-acetylglucosamine 6-O-sulfotransferase, Golgi apparatus",Keratan sulfate biosynthesis,0.0,0.0,0.0,0.0,,,0.0,38,37,1.0,False,Down
S6T19g,"Chondroitin 6-sulfotransferase, Golgi apparatus",Chondroitin / heparan sulfate biosynthesis,0.0,0.0,0.0,0.0,,,0.0,38,37,1.0,False,Down
S6T1g,"Galactose/N-acetylglucosamine 6-O-sulfotransferase, Golgi apparatus",Keratan sulfate biosynthesis,0.0,0.0,0.0,0.0,,,0.0,38,37,1.0,False,Down
S6T20g,"Chondroitin 6-sulfotransferase, Golgi apparatus",Chondroitin / heparan sulfate biosynthesis,0.0,0.0,0.0,0.0,,,0.0,38,37,1.0,False,Down
S6T21g,"Chondroitin 6-sulfotransferase, Golgi apparatus",Chondroitin / heparan sulfate biosynthesis,0.0,0.0,0.0,0.0,,,0.0,38,37,1.0,False,Down
S2TASE2ly,"Iduronate-2-sulfatase, lysosomal",Heparan sulfate degradation,0.0,0.0,0.0,0.0,,,0.0,38,37,1.0,False,Down
S2TASE3ly,"Iduronate-2-sulfatase, lysosomal",Chondroitin sulfate degradation,0.0,0.0,0.0,0.0,,,0.0,38,37,1.0,False,Down
S6T22g,"Chondroitin 6-sulfotransferase, Golgi apparatus",Chondroitin / heparan sulfate biosynthesis,0.0,0.0,0.0,0.0,,,0.0,38,37,1.0,False,Down
S2TASE4ly,"Glucuronate-2-sulfatase, lysosomal",Chondroitin sulfate degradation,0.0,0.0,0.0,0.0,,,0.0,38,37,1.0,False,Down
S6T23g,"Chondroitin 6-sulfotransferase, Golgi apparatus",Chondroitin / heparan sulfate biosynthesis,0.0,0.0,0.0,0.0,,,0.0,38,37,1.0,False,Down
PYLALDOX,Perillyl aldehyde:NAD+ oxidoreductase,Limonene and pinene degradation,0.0,0.0,0.0,0.0,,,0.0,38,37,1.0,False,Down
S6T24g,"Chondroitin 6-sulfotransferase, Golgi apparatus",Chondroitin / heparan sulfate biosynthesis,0.0,0.0,0.0,0.0,,,0.0,38,37,1.0,False,Down
S6T25g,"Heparan sulfate 6-sulfotransferase, Golgi apparatus",Chondroitin / heparan sulfate biosynthesis,0.0,0.0,0.0,0.0,,,0.0,38,37,1.0,False,Down
S2TASE5ly,"Glucuronate-2-sulfatase, lysosomal",Chondroitin sulfate degradation,0.0,0.0,0.0,0.0,,,0.0,38,37,1.0,False,Down
S3T1g,Heparin-glucosamine 3-O-sulfotransferase,Chondroitin / heparan sulfate biosynthesis,0.0,0.0,0.0,0.0,,,0.0,38,37,1.0,False,Down
S3T2g,Heparin-glucosamine 3-O-sulfotransferase,Chondroitin / heparan sulfate biosynthesis,0.0,0.0,0.0,0.0,,,0.0,38,37,1.0,False,Down
S3T3g,Heparin-glucosamine 3-O-sulfotransferase,Chondroitin / heparan sulfate biosynthesis,0.0,0.0,0.0,0.0,,,0.0,38,37,1.0,False,Down
S6T2g,"Galactose/N-acetylglucosamine 6-O-sulfotransferase, Golgi apparatus",Keratan sulfate biosynthesis,0.0,0.0,0.0,0.0,,,0.0,38,37,1.0,False,Down
PYLALDOXm,Perillyl aldehyde:NAD+ oxidoreductase (m),Limonene and pinene degradation,0.0,0.0,0.0,0.0,,,0.0,38,37,1.0,False,Down
S6T3g,"Galactose/N-acetylglucosamine 6-O-sulfotransferase, Golgi apparatus",Keratan sulfate biosynthesis,0.0,0.0,0.0,0.0,,,0.0,38,37,1.0,False,Down
S6T4g,"Galactose/N-acetylglucosamine 6-O-sulfotransferase, Golgi apparatus",Keratan sulfate biosynthesis,0.0,0.0,0.0,0.0,,,0.0,38,37,1.0,False,Down
S6T5g,"Galactose/N-acetylglucosamine 6-O-sulfotransferase, Golgi apparatus",Keratan sulfate biosynthesis,0.0,0.0,0.0,0.0,,,0.0,38,37,1.0,False,Down
S3TASE1ly,"N-acetylglucosamine-3-sulfatase, lysosomal",Heparan sulfate degradation,0.0,0.0,0.0,0.0,,,0.0,38,37,1.0,False,Down
S3TASE2ly,"N-acetylglucosamine-3-sulfatase, lysosomal",Heparan sulfate degradation,0.0,0.0,0.0,0.0,,,0.0,38,37,1.0,False,Down
S3TASE3ly,"N-acetylglucosamine-3-sulfatase, lysosomal",Heparan sulfate degradation,0.0,0.0,0.0,0.0,,,0.0,38,37,1.0,False,Down
S4T1g,"Chondroitin 4-sulfotransferase, Golgi apparatus",Chondroitin / heparan sulfate biosynthesis,0.0,0.0,0.0,0.0,,,0.0,38,37,1.0,False,Down
S4T2g,"Chondroitin 4-sulfotransferase, Golgi apparatus",Chondroitin / heparan sulfate biosynthesis,0.0,0.0,0.0,0.0,,,0.0,38,37,1.0,False,Down
S4T3g,"Chondroitin 4-sulfotransferase, Golgi apparatus",Chondroitin / heparan sulfate biosynthesis,0.0,0.0,0.0,0.0,,,0.0,38,37,1.0,False,Down
S4T4g,"Chondroitin 4-sulfotransferase, Golgi apparatus",Chondroitin / heparan sulfate biosynthesis,0.0,0.0,0.0,0.0,,,0.0,38,37,1.0,False,Down
S6T6g,"Galactose/N-acetylglucosamine 6-O-sulfotransferase, Golgi apparatus",Keratan sulfate biosynthesis,0.0,0.0,0.0,0.0,,,0.0,38,37,1.0,False,Down
S6T7g,"Galactose/N-acetylglucosamine 6-O-sulfotransferase, Golgi apparatus",Keratan sulfate biosynthesis,0.0,0.0,0.0,0.0,,,0.0,38,37,1.0,False,Down
S6T8g,"Galactose/N-acetylglucosamine 6-O-sulfotransferase, Golgi apparatus",Keratan sulfate biosynthesis,0.0,0.0,0.0,0.0,,,0.0,38,37,1.0,False,Down
S6T9g,"Galactose/N-acetylglucosamine 6-O-sulfotransferase, Golgi apparatus",Keratan sulfate biosynthesis,0.0,0.0,0.0,0.0,,,0.0,38,37,1.0,False,Down
S6TASE10ly,"Galactose-6-sulfate sulfatase, lysosomal",Keratan sulfate degradation,0.0,0.0,0.0,0.0,,,0.0,38,37,1.0,False,Down
S4T5g,"Chondroitin 4-sulfotransferase, Golgi apparatus",Chondroitin / heparan sulfate biosynthesis,0.0,0.0,0.0,0.0,,,0.0,38,37,1.0,False,Down
S4T6g,"Chondroitin 4-sulfotransferase, Golgi apparatus",Chondroitin / heparan sulfate biosynthesis,0.0,0.0,0.0,0.0,,,0.0,38,37,1.0,False,Down
S6TASE11ly,"N-acetylglucosamine-6-sulfatase, lysosomal",Keratan sulfate degradation,0.0,0.0,0.0,0.0,,,0.0,38,37,1.0,False,Down
3HXKYNDCL,3-Hydroxykynurenamine decarboxy-lyase,Tryptophan metabolism,0.0,0.0,0.0,0.0,,,0.0,38,37,1.0,False,Down
S6TASE12ly,"N-acetylglucosamine-6-sulfatase, lysosomal",Keratan sulfate degradation,0.0,0.0,0.0,0.0,,,0.0,38,37,1.0,False,Down
S6TASE13ly,"N-acetylglucosamine-6-sulfatase, lysosomal",Keratan sulfate degradation,0.0,0.0,0.0,0.0,,,0.0,38,37,1.0,False,Down
S6TASE14ly,"N-acetylglucosamine-6-sulfatase, lysosomal",Keratan sulfate degradation,0.0,0.0,0.0,0.0,,,0.0,38,37,1.0,False,Down
S4TASE1ly,"N-acetylgalactosamine-4-sulfatase, lysosomal",Chondroitin sulfate degradation,0.0,0.0,0.0,0.0,,,0.0,38,37,1.0,False,Down
S4TASE2ly,"N-acetylgalactosamine-4-sulfatase, lysosomal",Chondroitin sulfate degradation,0.0,0.0,0.0,0.0,,,0.0,38,37,1.0,False,Down
S4TASE3ly,"N-acetylgalactosamine-4-sulfatase, lysosomal",Chondroitin sulfate degradation,0.0,0.0,0.0,0.0,,,0.0,38,37,1.0,False,Down
S6TASE15ly,"N-acetylglucosamine-6-sulfatase, lysosomal",Keratan sulfate degradation,0.0,0.0,0.0,0.0,,,0.0,38,37,1.0,False,Down
24_25VITD2Hm,24R-Vitamin D-25-hydroxylase (D2),Vitamin D,0.0,0.0,0.0,0.0,,,0.0,38,37,1.0,False,Down
S6TASE16ly,"N-acetylglucosamine-6-sulfatase, lysosomal",Keratan sulfate degradation,0.0,0.0,0.0,0.0,,,0.0,38,37,1.0,False,Down
S6TASE17ly,"N-acetylglucosamine-6-sulfatase, lysosomal",Keratan sulfate degradation,0.0,0.0,0.0,0.0,,,0.0,38,37,1.0,False,Down
S4TASE4ly,"N-acetylgalactosamine-4-sulfatase, lysosomal",Chondroitin sulfate degradation,0.0,0.0,0.0,0.0,,,0.0,38,37,1.0,False,Down
S4TASE5ly,"N-acetylgalactosamine-4-sulfatase, lysosomal",Chondroitin sulfate degradation,0.0,0.0,0.0,0.0,,,0.0,38,37,1.0,False,Down
S6TASE18ly,"N-acetylglucosamine-6-sulfatase, lysosomal",Keratan sulfate degradation,0.0,0.0,0.0,0.0,,,0.0,38,37,1.0,False,Down
SALMCOM2,S-Adenosyl-L-methionine:catechol O-methyltransferase,Tyrosine metabolism,0.0,0.0,0.0,0.0,,,0.0,38,37,1.0,False,Down
S6TASE19ly,"N-acetylglucosamine-6-sulfatase, lysosomal",Keratan sulfate degradation,0.0,0.0,0.0,0.0,,,0.0,38,37,1.0,False,Down
24_25VITD3Hm,24R-Vitamin D-25-hydroxylase (D3),Vitamin D,0.0,0.0,0.0,0.0,,,0.0,38,37,1.0,False,Down
S6TASE1ly,"N-acetylglucosamine-6-sulfatase, lysosomal",Heparan sulfate degradation,0.0,0.0,0.0,0.0,,,0.0,38,37,1.0,False,Down
S6TASE20ly,"N-acetylglucosamine-6-sulfatase, lysosomal",Keratan sulfate degradation,0.0,0.0,0.0,0.0,,,0.0,38,37,1.0,False,Down
S6TASE21ly,"N-acetylglucosamine-6-sulfatase, lysosomal",Keratan sulfate degradation,0.0,0.0,0.0,0.0,,,0.0,38,37,1.0,False,Down
S6TASE22ly,"Galactose-6-sulfate sulfatase, lysosomal",Keratan sulfate degradation,0.0,0.0,0.0,0.0,,,0.0,38,37,1.0,False,Down
S6TASE23ly,"N-acetylglucosamine-6-sulfatase, lysosomal",Keratan sulfate degradation,0.0,0.0,0.0,0.0,,,0.0,38,37,1.0,False,Down
SAMHISTA,S-Adenosyl-L-methionine:histamine N-tele-methyltransferase,Histidine Metabolism,0.0,0.0,0.0,0.0,,,0.0,38,37,1.0,False,Down
SARCOXp,"Sarcosine oxidase, peroxisomal","Glycine, Serine, and Threonine Metabolism",0.0,0.0,0.0,0.0,,,0.0,38,37,1.0,False,Down
SARCStex,Sarcosine transport (extracellular to cytosol),"Transport, Extracellular",0.0,0.0,0.0,0.0,,,0.0,38,37,1.0,False,Down
S6TASE24ly,"N-acetylglucosamine-6-sulfatase, lysosomal",Keratan sulfate degradation,0.0,0.0,0.0,0.0,,,0.0,38,37,1.0,False,Down
SARCStm,Sarcosine transport (mitochondrial),"Transport, Mitochondrial",0.0,0.0,0.0,0.0,,,0.0,38,37,1.0,False,Down
S6TASE25ly,"Galactose-6-sulfate sulfatase, lysosomal",Keratan sulfate degradation,0.0,0.0,0.0,0.0,,,0.0,38,37,1.0,False,Down
3HXKYNOXDA,3-Hydroxykynurenamine:oxygen oxidoreductase(deaminating)(flavin-containing),Tryptophan metabolism,0.0,0.0,0.0,0.0,,,0.0,38,37,1.0,False,Down
S6TASE26ly,"N-acetylglucosamine-6-sulfatase, lysosomal",Keratan sulfate degradation,0.0,0.0,0.0,0.0,,,0.0,38,37,1.0,False,Down
S6TASE2ly,"N-acetylglucosamine-6-sulfatase, lysosomal",Heparan sulfate degradation,0.0,0.0,0.0,0.0,,,0.0,38,37,1.0,False,Down
SARCStp,Sarcosine transport (peroxisomal),"Transport, Peroxisomal",0.0,0.0,0.0,0.0,,,0.0,38,37,1.0,False,Down
SARDHm,Sarcosine dehydrogenase (m),Urea cycle/amino group metabolism,0.0,0.0,0.0,0.0,,,0.0,38,37,1.0,False,Down
S6TASE3ly,"N-acetylglucosamine-6-sulfatase, lysosomal",Heparan sulfate degradation,0.0,0.0,0.0,0.0,,,0.0,38,37,1.0,False,Down
QUILSYN,Quinolinate Synthase  Eukaryotic ,Tryptophan metabolism,0.0,0.0,0.0,0.0,,,0.0,38,37,1.0,False,Down
S6TASE4ly,"N-acetylgalactosamine-6-sulfatase, lysosomal",Chondroitin sulfate degradation,0.0,0.0,0.0,0.0,,,0.0,38,37,1.0,False,Down
S6TASE5ly,"N-acetylgalactosamine-6-sulfatase, lysosomal",Chondroitin sulfate degradation,0.0,0.0,0.0,0.0,,,0.0,38,37,1.0,False,Down
S6TASE6ly,"N-acetylgalactosamine-6-sulfatase, lysosomal",Chondroitin sulfate degradation,0.0,0.0,0.0,0.0,,,0.0,38,37,1.0,False,Down
SBPP1er,Sphingoid base phosphate phosphatase  sphinganine 1 phosphatase   endoplasmic reticulum,Sphingolipid Metabolism,0.0,0.0,0.0,0.0,,,0.0,38,37,1.0,False,Down
SBPP3er,"Sphingoid base-phosphate phosphatase (sphinganine 1-phosphatase), endoplasmic reticulum",Sphingolipid Metabolism,0.0,0.0,0.0,0.0,,,0.0,38,37,1.0,False,Down
EX_leuktrB4_e,Leukotriene B4 exchange,Extracellular exchange,0.0,0.0,0.0,0.0,,,0.0,38,37,1.0,False,Down
3M4HDXPAC,3-Methoxy-4-hydroxyphenylacetaldehyde:NAD+ oxidoreductase,Tyrosine metabolism,0.0,0.0,0.0,0.0,,,0.0,38,37,1.0,False,Down
S6TASE7ly,"N-acetylgalactosamine-6-sulfatase, lysosomal",Chondroitin sulfate degradation,0.0,0.0,0.0,0.0,,,0.0,38,37,1.0,False,Down
S6TASE8ly,"N-acetylgalactosamine-6-sulfatase, lysosomal",Chondroitin sulfate degradation,0.0,0.0,0.0,0.0,,,0.0,38,37,1.0,False,Down
SCP21x,Sterol carrier protein 2,"Transport, Peroxisomal",0.0,0.0,0.0,0.0,,,0.0,38,37,1.0,False,Down
3MLDAt,3MLDA extracellular transport via diffusion,"Transport, Extracellular",0.0,0.0,0.0,0.0,,,0.0,38,37,1.0,False,Down
SCP22x,Sterol carrier protein 2,"Transport, Peroxisomal",0.0,0.0,0.0,0.0,,,0.0,38,37,1.0,False,Down
SCP2x,Peroxisomal thiolase 2,Bile Acid Biosynthesis,0.0,0.0,0.0,0.0,,,0.0,38,37,1.0,False,Down
SCP3x,Peroxisomal thiolase 2,Bile Acid Biosynthesis,0.0,0.0,0.0,0.0,,,0.0,38,37,1.0,False,Down
S6TASE9ly,"N-acetylgalactosamine-6-sulfatase, lysosomal",Chondroitin sulfate degradation,0.0,0.0,0.0,0.0,,,0.0,38,37,1.0,False,Down
SACCD3m,"Saccharopine dehydrogenase (NADP, L-lysine forming), mitochondrial",Lysine Metabolism,0.0,0.0,0.0,0.0,,,0.0,38,37,1.0,False,Down
SACCD4m,"Saccharopine dehydrogenase (NAD, L-glutamate forming), mitochondrial",Lysine Metabolism,0.0,0.0,0.0,0.0,,,0.0,38,37,1.0,False,Down
SADT,Sulfate adenylyltransferase,Nucleotides,0.0,0.0,0.0,0.0,,,0.0,38,37,1.0,False,Down
SALMCOM,S-Adenosyl-L-methionine:catechol O-methyltransferase,Tyrosine metabolism,0.0,0.0,0.0,0.0,,,0.0,38,37,1.0,False,Down
SCPx,Peroxisomal thiolase 2,Bile Acid Biosynthesis,0.0,0.0,0.0,0.0,,,0.0,38,37,1.0,False,Down
SEAHCYSHYD,Se-Adenosylselenohomocysteine hydrolase,Selenoamino acid metabolism,0.0,0.0,0.0,0.0,,,0.0,38,37,1.0,False,Down
SEAHCYStn,Se-adenosyl-seleno-L-homocysteine nuclear transport,Selenoamino acid metabolism,0.0,0.0,0.0,0.0,,,0.0,38,37,1.0,False,Down
24NPHte,Xenobiotic transport,"Transport, Extracellular",0.0,0.0,0.0,0.0,,,0.0,38,37,1.0,False,Down
SEASMETtn,Se-adenosyl-seleno-L-methionine nuclear transport,Selenoamino acid metabolism,0.0,0.0,0.0,0.0,,,0.0,38,37,1.0,False,Down
SELADT,Selenate adenylyltransferase,Selenoamino acid metabolism,0.0,0.0,0.0,0.0,,,0.0,38,37,1.0,False,Down
EX_leuktrC4_e,Leukotriene C4 exchange,Extracellular exchange,0.0,0.0,0.0,0.0,,,0.0,38,37,1.0,False,Down
SELCYSLY,Selenocysteine lyase,Selenoamino acid metabolism,0.0,0.0,0.0,0.0,,,0.0,38,37,1.0,False,Down
25HVITD2t,25-hydroxyvitamin D2 transport from cytoplasm,"Transport, Extracellular",0.0,0.0,0.0,0.0,,,0.0,38,37,1.0,False,Down
25HVITD2tin,25-hydroxyvitamin D2 transport in cytoplasm,"Transport, Extracellular",0.0,0.0,0.0,0.0,,,0.0,38,37,1.0,False,Down
SELCYSLY2,Selenocysteine lyase,Selenoamino acid metabolism,0.0,0.0,0.0,0.0,,,0.0,38,37,1.0,False,Down
SELCYSTGL,Selanocystathionine g-lyase,Selenoamino acid metabolism,0.0,0.0,0.0,0.0,,,0.0,38,37,1.0,False,Down
SELCYSTS,Selanocystathionine beta-synthase,Selenoamino acid metabolism,0.0,0.0,0.0,0.0,,,0.0,38,37,1.0,False,Down
SO4tl,Sulfate transport (lysosome),"Transport, Lysosomal",0.0,0.0,0.0,0.0,,,0.0,38,37,1.0,False,Down
SOAT11,Sterol O-acyltransferase (acyl-Coenzyme A: cholesterol acyltransferase) 1,Cholesterol Metabolism,0.0,0.0,0.0,0.0,,,0.0,38,37,1.0,False,Down
RAHY,Retinoic acid hydroxylation (P450),Vitamin A Metabolism,0.0,0.0,0.0,0.0,,,0.0,38,37,1.0,False,Down
SOAT11r,Sterol O-acyltransferase (acyl-Coenzyme A: cholesterol acyltransferase) 1,Cholesterol Metabolism,0.0,0.0,0.0,0.0,,,0.0,38,37,1.0,False,Down
SOAT12,Sterol O-acyltransferase (acyl-Coenzyme A: cholesterol acyltransferase) 1,Cholesterol Metabolism,0.0,0.0,0.0,0.0,,,0.0,38,37,1.0,False,Down
SELMETAT,Selenomethionine adenosyltransferase,Selenoamino acid metabolism,0.0,0.0,0.0,0.0,,,0.0,38,37,1.0,False,Down
SELNPS,Selenophosphate synthase,Selenoamino acid metabolism,0.0,0.0,0.0,0.0,,,0.0,38,37,1.0,False,Down
SOAT12r,Sterol O-acyltransferase (acyl-Coenzyme A: cholesterol acyltransferase) 1,Cholesterol Metabolism,0.0,0.0,0.0,0.0,,,0.0,38,37,1.0,False,Down
3MOX4HOXPGALDOX,3-Methoxy-4-hydroxyphenylglycolaldehyde:NAD+ oxidoreductase,Tyrosine metabolism,0.0,0.0,0.0,0.0,,,0.0,38,37,1.0,False,Down
SELt4_3,Selenate transport via sodium symport,"Transport, Extracellular",0.0,0.0,0.0,0.0,,,0.0,38,37,1.0,False,Down
3MOX4HOXPGALDOX_NADP,3-Methoxy-4-hydroxyphenylglycolaldehyde:NADP+ oxidoreductase,Tyrosine metabolism,0.0,0.0,0.0,0.0,,,0.0,38,37,1.0,False,Down
3MOXTYROX,3-Methoxytyramine:oxygen oxidoreductase (deaminating),Tyrosine metabolism,0.0,0.0,0.0,0.0,,,0.0,38,37,1.0,False,Down
3NTD7l,"3'-nucleotidase (AMP), lysosome",Nucleic acid degradation,0.0,0.0,0.0,0.0,,,0.0,38,37,1.0,False,Down
SPC_HSt,Sphingosylphosphorylcholine transport (diffusion),"Transport, Extracellular",0.0,0.0,0.0,0.0,,,0.0,38,37,1.0,False,Down
SPH1Pte,Sph1p transport,"Transport, Extracellular",0.0,0.0,0.0,0.0,,,0.0,38,37,1.0,False,Down
25HVITD2tin_m,25-hydroxyvitamin D2 transport in mitochondria,"Transport, Mitochondrial",0.0,0.0,0.0,0.0,,,0.0,38,37,1.0,False,Down
25HVITD2tm,25-hydroxyvitamin D2 transport from mitochondria,"Transport, Mitochondrial",0.0,0.0,0.0,0.0,,,0.0,38,37,1.0,False,Down
25HVITD3t,25-hydroxyvitamin D3 transport from cytoplasm,"Transport, Extracellular",0.0,0.0,0.0,0.0,,,0.0,38,37,1.0,False,Down
SERDGLNexR,D-Serine/Glutamine reversible exchange,"Transport, Extracellular",0.0,0.0,0.0,0.0,,,0.0,38,37,1.0,False,Down
SERDGLYexR,D-Serine/Glycine reversible exchange,"Transport, Extracellular",0.0,0.0,0.0,0.0,,,0.0,38,37,1.0,False,Down
25HVITD3tin,25-hydroxyvitamin D3 transport in cytoplasm,"Transport, Extracellular",0.0,0.0,0.0,0.0,,,0.0,38,37,1.0,False,Down
3SALAASPm,Cysteinesulfinate-aspartate mitochondrial shuttle,"Transport, Mitochondrial",0.0,0.0,0.0,0.0,,,0.0,38,37,1.0,False,Down
25HVITD3tin_m,25-hydroxyvitamin D3 transport in mitochondria,"Transport, Mitochondrial",0.0,0.0,0.0,0.0,,,0.0,38,37,1.0,False,Down
EX_leuktrD4_e,Leukotriene D4 exchange,Extracellular exchange,0.0,0.0,0.0,0.0,,,0.0,38,37,1.0,False,Down
SPH1Pter,Sphinganine 1 phosphate endoplasmic reticular transport,"Transport, Endoplasmic Reticular",0.0,0.0,0.0,0.0,,,0.0,38,37,1.0,False,Down
SPHGNtr,Sphinganine intracellular transport,"Transport, Endoplasmic Reticular",0.0,0.0,0.0,0.0,,,0.0,38,37,1.0,False,Down
SPHINGStl,Sphingosine intracellular transport,"Transport, Lysosomal",0.0,0.0,0.0,0.0,,,0.0,38,37,1.0,False,Down
SPHINGStr,Sphingosine intracellular transport,"Transport, Endoplasmic Reticular",0.0,0.0,0.0,0.0,,,0.0,38,37,1.0,False,Down
SPHK21c,Sphingosine kinase,Sphingolipid Metabolism,0.0,0.0,0.0,0.0,,,0.0,38,37,1.0,False,Down
25HVITD3tm,25-hydroxyvitamin D3 transport from mitochondria,"Transport, Mitochondrial",0.0,0.0,0.0,0.0,,,0.0,38,37,1.0,False,Down
25VITD2Hm,1-alpha-Vitamin D-25-hydroxylase (D2),Vitamin D,0.0,0.0,0.0,0.0,,,0.0,38,37,1.0,False,Down
SPHMDAc,Sphingomyelin deacylase,Sphingolipid Metabolism,0.0,0.0,0.0,0.0,,,0.0,38,37,1.0,False,Down
SPHMYLNtg,Sphingomyelin intracellular transport,"Transport, Golgi Apparatus",0.0,0.0,0.0,0.0,,,0.0,38,37,1.0,False,Down
25VITD3Hm,1-alpha-Vitamin D-25-hydroxylase (D3),Vitamin D,0.0,0.0,0.0,0.0,,,0.0,38,37,1.0,False,Down
SPHMYLNtl,Sphingomyelin intracellular transport,"Transport, Lysosomal",0.0,0.0,0.0,0.0,,,0.0,38,37,1.0,False,Down
SPHS1Pte,Sphingosine-1-phosphate transport,"Transport, Extracellular",0.0,0.0,0.0,0.0,,,0.0,38,37,1.0,False,Down
2AMACSULT,2-Aminoacrylate sulfotransferase,Cysteine Metabolism,0.0,0.0,0.0,0.0,,,0.0,38,37,1.0,False,Down
RAtn,"Retinoate transport, nuclear","Transport, Nuclear",0.0,0.0,0.0,0.0,,,0.0,38,37,1.0,False,Down
2AMADPTm,L-2-aminoadipate shuttle (cytosol/mitochondria),Lysine Metabolism,0.0,0.0,0.0,0.0,,,0.0,38,37,1.0,False,Down
SPHS1Ptr,Sphingosine-1-phosphate transport,"Transport, Endoplasmic Reticular",0.0,0.0,0.0,0.0,,,0.0,38,37,1.0,False,Down
SPMDOX,Spermidine:(acceptor) oxidoreductase,beta-Alanine metabolism,0.0,0.0,0.0,0.0,,,0.0,38,37,1.0,False,Down
EX_leuktrE4_e,Leukotriene E4 exchange,Extracellular exchange,0.0,0.0,0.0,0.0,,,0.0,38,37,1.0,False,Down
RAtn3,"13-cis-retinoic acid transport, nuclear","Transport, Nuclear",0.0,0.0,0.0,0.0,,,0.0,38,37,1.0,False,Down
3SALATAim,"3-sulfino-alanine transaminase (irreversible), mitochondrial",Cysteine Metabolism,0.0,0.0,0.0,0.0,,,0.0,38,37,1.0,False,Down
SFGTHi,S-Formylglutathione hydralase,Tyrosine metabolism,0.0,0.0,0.0,0.0,,,0.0,38,37,1.0,False,Down
SPMS,Spermidine synthase,Urea cycle/amino group metabolism,0.0,0.0,0.0,0.0,,,0.0,38,37,1.0,False,Down
SGALSIDEtg,Sgalside hs intracellular transport,"Transport, Golgi Apparatus",0.0,0.0,0.0,0.0,,,0.0,38,37,1.0,False,Down
EX_leuktrF4_e,Leukotriene F4 exchange,Extracellular exchange,0.0,0.0,0.0,0.0,,,0.0,38,37,1.0,False,Down
SGALSIDEtl,Sgalside hs intracellular transport,"Transport, Lysosomal",0.0,0.0,0.0,0.0,,,0.0,38,37,1.0,False,Down
3SPYRSPm,"3-sulfinopyruvate hydrolase (spotaneous reaction), mitochondrial",Cysteine Metabolism,0.0,0.0,0.0,0.0,,,0.0,38,37,1.0,False,Down
EX_lgnc_e,Lignoceric acid exchange,Extracellular exchange,0.0,0.0,0.0,0.0,,,0.0,38,37,1.0,False,Down
41R1H2MAE12BOOX,"4-[(1R)-1-Hydroxy-2-(methylamino)ethyl]-1,2-benzenediol:oxygen oxidoreductase(deaminating)(flavin-containing)",Tyrosine metabolism,0.0,0.0,0.0,0.0,,,0.0,38,37,1.0,False,Down
SGPL11r,Sphingosine-1-phosphate lyase 1,Sphingolipid Metabolism,0.0,0.0,0.0,0.0,,,0.0,38,37,1.0,False,Down
RBK_Dr,D-ribulokinase (D-ribulose),Pentose and Glucuronate Interconversions,0.0,0.0,0.0,0.0,,,0.0,38,37,1.0,False,Down
SGPL12r,Sphingosine-1-phosphate lyase,Sphingolipid Metabolism,0.0,0.0,0.0,0.0,,,0.0,38,37,1.0,False,Down
SIAASE,SIAASE,N-Glycan Degradation,0.0,0.0,0.0,0.0,,,0.0,38,37,1.0,False,Down
SIAASE2ly,"Sialidase, lysosomal",Keratan sulfate degradation,0.0,0.0,0.0,0.0,,,0.0,38,37,1.0,False,Down
SIAASE3ly,"Sialidase, lysosomal",Keratan sulfate degradation,0.0,0.0,0.0,0.0,,,0.0,38,37,1.0,False,Down
SIAASE4ly,"Sialidase, lysosomal",Keratan sulfate degradation,0.0,0.0,0.0,0.0,,,0.0,38,37,1.0,False,Down
SIAASEly,"Sialidase, lysosomal",N-Glycan Degradation,0.0,0.0,0.0,0.0,,,0.0,38,37,1.0,False,Down
SIAT4Bg,"Beta-galactoside alpha-2,3-sialyltransferase, Golgi apparatus",Sphingolipid Metabolism,0.0,0.0,0.0,0.0,,,0.0,38,37,1.0,False,Down
SIAT9g,"Lactosylceramide alpha-2,3-sialyltransferase, Golgi apparatus",Sphingolipid Metabolism,0.0,0.0,0.0,0.0,,,0.0,38,37,1.0,False,Down
SPODMn,"Superoxide dismutase, nuclear",ROS Detoxification,0.0,0.0,0.0,0.0,,,0.0,38,37,1.0,False,Down
41R2A1H12BOOX,"4-[(1R)-2-Amino-1-hydroxyethyl]-1,2-benzenediol:oxygen oxidoreductase(deaminating)(flavin-containing)",Tyrosine metabolism,0.0,0.0,0.0,0.0,,,0.0,38,37,1.0,False,Down
SPR,Sepiapterin reductase,Tetrahydrobiopterin,0.0,0.0,0.0,0.0,,,0.0,38,37,1.0,False,Down
SPRMS,Spermine synthase,Urea cycle/amino group metabolism,0.0,0.0,0.0,0.0,,,0.0,38,37,1.0,False,Down
SPRn,"Sepiapterin reductase, nuclear",Tetrahydrobiopterin,0.0,0.0,0.0,0.0,,,0.0,38,37,1.0,False,Down
EX_limnen_e,Limonene exchange,Extracellular exchange,0.0,0.0,0.0,0.0,,,0.0,38,37,1.0,False,Down
5AOPtm,5 Aminolevulinate mitochondrial transport,Heme Biosynthesis,0.0,0.0,0.0,0.0,,,0.0,38,37,1.0,False,Down
EX_lipoate_e,Lipoate exchange,Extracellular exchange,0.0,0.0,0.0,0.0,,,0.0,38,37,1.0,False,Down
SR5AR2r,3-oxo-5-alpha-steroid 4-dehydrogenase,Steroid Metabolism,0.0,0.0,0.0,0.0,,,0.0,38,37,1.0,False,Down
SR5ARr,3-oxo-5-alpha-steroid 4-dehydrogenase,Steroid Metabolism,0.0,0.0,0.0,0.0,,,0.0,38,37,1.0,False,Down
SRTN23OX,"5-Hydroxytryptamine:oxygen 2,3-dioxygenase (indole-decyclizing)",Tryptophan metabolism,0.0,0.0,0.0,0.0,,,0.0,38,37,1.0,False,Down
SLCBK1,Sphingolipid long chain base kinase  sphinganine ,Sphingolipid Metabolism,0.0,0.0,0.0,0.0,,,0.0,38,37,1.0,False,Down
SLDt,L-sulfolactate transport (cytosol to extracellular),Cysteine Metabolism,0.0,0.0,0.0,0.0,,,0.0,38,37,1.0,False,Down
SLDx,L-sulfolactate dehydrogenase (NAD+),Cysteine Metabolism,0.0,0.0,0.0,0.0,,,0.0,38,37,1.0,False,Down
SLDxm,"L-sulfolactate dehydrogenase (NAD+), mitochondrial",Cysteine Metabolism,0.0,0.0,0.0,0.0,,,0.0,38,37,1.0,False,Down
SRTNACT,Acetyl-CoA:aralkylamine N-acetyltransferase,Tryptophan metabolism,0.0,0.0,0.0,0.0,,,0.0,38,37,1.0,False,Down
SRTNMTX,S-Adenosyl-L-methionine:amine N-methyltransferase (srtn),Tryptophan metabolism,0.0,0.0,0.0,0.0,,,0.0,38,37,1.0,False,Down
SMPD3g,"Sphingomyelin phosphodiesterase 3, neutral membrane (neutral sphingomyelinase II)",Sphingolipid Metabolism,0.0,0.0,0.0,0.0,,,0.0,38,37,1.0,False,Down
RBTt,Ribitol transport via passive diffusion,"Transport, Extracellular",0.0,0.0,0.0,0.0,,,0.0,38,37,1.0,False,Down
SMPD3l,"Sphingomyelin phosphodiesterase 3, neutral membrane (neutral sphingomyelinase II)",Sphingolipid Metabolism,0.0,0.0,0.0,0.0,,,0.0,38,37,1.0,False,Down
SMPD4,Sphingomyelinase,Sphingolipid Metabolism,0.0,0.0,0.0,0.0,,,0.0,38,37,1.0,False,Down
42A12BOOX,"4-(2-Aminoethyl)-1,2-benzenediol:oxygen oxidoreductase(deaminating)(flavin-containing)",Tyrosine metabolism,0.0,0.0,0.0,0.0,,,0.0,38,37,1.0,False,Down
4ABUTtm,4 aminobutanoate mitochondrial transport via diffusion,"Transport, Mitochondrial",0.0,0.0,0.0,0.0,,,0.0,38,37,1.0,False,Down
SSALxm,"Succinate-semialdehyde:NAD+ oxidoreductase, mitochondria",Glutamate metabolism,0.0,0.0,0.0,0.0,,,0.0,38,37,1.0,False,Down
4HBZCOAFm,4 hydroxybenzoyl CoA formation,Ubiquinone Biosynthesis,0.0,0.0,0.0,0.0,,,0.0,38,37,1.0,False,Down
ST3GAL21g,"CMP-N-acetylneuraminate-beta-galactosamide-alpha-2,3-sialyltransferase, Golgi apparatus",Sphingolipid Metabolism,0.0,0.0,0.0,0.0,,,0.0,38,37,1.0,False,Down
4HBZFm,4 hydroxybenzoate formation,Ubiquinone Biosynthesis,0.0,0.0,0.0,0.0,,,0.0,38,37,1.0,False,Down
ST3GAL22g,"CMP-N-acetylneuraminate-beta-galactosamide-alpha-2,3-sialyltransferase, Golgi apparatus",Sphingolipid Metabolism,0.0,0.0,0.0,0.0,,,0.0,38,37,1.0,False,Down
ST3GAL23g,"CMP-N-acetylneuraminate-beta-galactosamide-alpha-2,3-sialyltransferase, Golgi apparatus",Sphingolipid Metabolism,0.0,0.0,0.0,0.0,,,0.0,38,37,1.0,False,Down
ST3GAL61g,"Type 2 lactosamine alpha-2,3-sialyltransferase",Blood Group Biosynthesis,0.0,0.0,0.0,0.0,,,0.0,38,37,1.0,False,Down
ST3GAL62g,"Type 2 lactosamine alpha-2,3-sialyltransferase",Blood Group Biosynthesis,0.0,0.0,0.0,0.0,,,0.0,38,37,1.0,False,Down
ST6GALNAC21,"Alpha-N-acetylgalactosaminide alpha-2,6-sialyltransferase 2",Sphingolipid Metabolism,0.0,0.0,0.0,0.0,,,0.0,38,37,1.0,False,Down
ST6GALNAC22,"Alpha-N-acetylgalactosaminide alpha-2,6-sialyltransferase 2",Sphingolipid Metabolism,0.0,0.0,0.0,0.0,,,0.0,38,37,1.0,False,Down
5DHFtl,"5-glutamyl-DHF transport, lysosomal","Transport, Lysosomal",0.0,0.0,0.0,0.0,,,0.0,38,37,1.0,False,Down
5FTHFt2,5-formyltetrahydrofolate transport via anion exchange,"Transport, Extracellular",0.0,0.0,0.0,0.0,,,0.0,38,37,1.0,False,Down
5HOMEPRAZOLEte,Xenobiotic transport,"Transport, Extracellular",0.0,0.0,0.0,0.0,,,0.0,38,37,1.0,False,Down
5HOXINDACTO2OX,5-Hydroxyindoleacetaldehyde:oxygen oxidoreductase,Tryptophan metabolism,0.0,0.0,0.0,0.0,,,0.0,38,37,1.0,False,Down
4HDEBRISOQUINEte,Xenobiotic transport,"Transport, Extracellular",0.0,0.0,0.0,0.0,,,0.0,38,37,1.0,False,Down
4HGLSDm,L 4 hydroxyglutamate semialdehyde dehydrogenase  mitochondrial,Arginine and Proline Metabolism,0.0,0.0,0.0,0.0,,,0.0,38,37,1.0,False,Down
ST6GALNAC23,"Alpha-N-acetylgalactosaminide alpha-2,6-sialyltransferase 2",Sphingolipid Metabolism,0.0,0.0,0.0,0.0,,,0.0,38,37,1.0,False,Down
ST6GALNAC24,"Alpha-N-acetylgalactosaminide alpha-2,6-sialyltransferase 2",Sphingolipid Metabolism,0.0,0.0,0.0,0.0,,,0.0,38,37,1.0,False,Down
SUCRe,Sucrose hydrolyzing enxyme  extracellular,Galactose metabolism,0.0,0.0,0.0,0.0,,,0.0,38,37,1.0,False,Down
5HOXINDACTOX,5-Hydroxyindoleacetaldehyde:NAD+ oxidoreductase,Tryptophan metabolism,0.0,0.0,0.0,0.0,,,0.0,38,37,1.0,False,Down
ST6GALNAC25,"Alpha-N-acetylgalactosaminide alpha-2,6-sialyltransferase 2",Sphingolipid Metabolism,0.0,0.0,0.0,0.0,,,0.0,38,37,1.0,False,Down
ST6GALNAC26,"Alpha-N-acetylgalactosaminide alpha-2,6-sialyltransferase 2",Sphingolipid Metabolism,0.0,0.0,0.0,0.0,,,0.0,38,37,1.0,False,Down
ST6GALNAC27,"Alpha-N-acetylgalactosaminide alpha-2,6-sialyltransferase 2",Sphingolipid Metabolism,0.0,0.0,0.0,0.0,,,0.0,38,37,1.0,False,Down
ST6GALNAC28,"Alpha-N-acetylgalactosaminide alpha-2,6-sialyltransferase 2",Sphingolipid Metabolism,0.0,0.0,0.0,0.0,,,0.0,38,37,1.0,False,Down
EX_lnlc_e_copy1,Linoleic acid (all cis C18:2) exchange,Extracellular exchange,0.0,0.0,0.0,0.0,,,0.0,38,37,1.0,False,Down
Ser_Thrtg,Ser FSLASH Thrtg,"Transport, Golgi Apparatus",0.0,0.0,0.0,0.0,,,0.0,38,37,1.0,False,Down
ST6GALNAC31,"Alpha-N-acetylgalactosaminide alpha-2,6-sialyltransferase 3",Sphingolipid Metabolism,0.0,0.0,0.0,0.0,,,0.0,38,37,1.0,False,Down
5HOXINDACTOXm,5-Hydroxyindoleacetaldehyde:NAD+ oxidoreductase (mito),Tryptophan metabolism,0.0,0.0,0.0,0.0,,,0.0,38,37,1.0,False,Down
ST6GALNAC61,"Sialytransferase 7 ((alpha-N-acetylneuraminyl 2,3-betagalactosyl-1,3)-N-acetyl galactosaminide alpha-2,6-sialytransferase) F",Sphingolipid Metabolism,0.0,0.0,0.0,0.0,,,0.0,38,37,1.0,False,Down
ST6GALNAC62,"Sialytransferase 7 ((alpha-N-acetylneuraminyl 2,3-betagalactosyl-1,3)-N-acetyl galactosaminide alpha-2,6-sialytransferase) F",Sphingolipid Metabolism,0.0,0.0,0.0,0.0,,,0.0,38,37,1.0,False,Down
T2M26DCOAHLm,"Trans-2-Methyl-5-isopropylhexa-2,5-dienoyl-CoA hydro-lyase (m)",Limonene and pinene degradation,0.0,0.0,0.0,0.0,,,0.0,38,37,1.0,False,Down
T2M26DCOAHLx,"Trans-2-Methyl-5-isopropylhexa-2,5-dienoyl-CoA hydro-lyase (x)",Limonene and pinene degradation,0.0,0.0,0.0,0.0,,,0.0,38,37,1.0,False,Down
T4HCINNMFM,4 hydroxycinnamate formation,Ubiquinone Biosynthesis,0.0,0.0,0.0,0.0,,,0.0,38,37,1.0,False,Down
ST8SIA11,"Beta-galactoside alpha-2,3-sialyltransferase",Sphingolipid Metabolism,0.0,0.0,0.0,0.0,,,0.0,38,37,1.0,False,Down
ST8SIA12,"Beta-galactoside alpha-2,3-sialyltransferase",Sphingolipid Metabolism,0.0,0.0,0.0,0.0,,,0.0,38,37,1.0,False,Down
ST8SIA51g,"Beta-galactoside alpha-2,3-sialyltransferase",Sphingolipid Metabolism,0.0,0.0,0.0,0.0,,,0.0,38,37,1.0,False,Down
ST8SIA52g,"Beta-galactoside alpha-2,3-sialyltransferase",Sphingolipid Metabolism,0.0,0.0,0.0,0.0,,,0.0,38,37,1.0,False,Down
T4HCINNOX,4-Coumarate:oxygen oxidoreductase,"Stilbene, coumarine and lignin biosynthesis",0.0,0.0,0.0,0.0,,,0.0,38,37,1.0,False,Down
TAGAT_Dt,D-tagatose uptake via diffusion,"Transport, Extracellular",0.0,0.0,0.0,0.0,,,0.0,38,37,1.0,False,Down
5HOXINOXDA,5-Hydroxytryptamine:oxygen oxidoreductase(deaminating)(flavin-containing),Tryptophan metabolism,0.0,0.0,0.0,0.0,,,0.0,38,37,1.0,False,Down
ST8SIA53g,"Beta-galactoside alpha-2,3-sialyltransferase",Sphingolipid Metabolism,0.0,0.0,0.0,0.0,,,0.0,38,37,1.0,False,Down
ST8SIA54g,"Beta-galactoside alpha-2,3-sialyltransferase",Sphingolipid Metabolism,0.0,0.0,0.0,0.0,,,0.0,38,37,1.0,False,Down
4MPTNLte,4-methylpentanal transport,"Transport, Extracellular",0.0,0.0,0.0,0.0,,,0.0,38,37,1.0,False,Down
ST8SIA55g,"Beta-galactoside alpha-2,3-sialyltransferase",Sphingolipid Metabolism,0.0,0.0,0.0,0.0,,,0.0,38,37,1.0,False,Down
ST8SIA56g,"Alpha-2,8-sialyltransferase 8E",Blood Group Biosynthesis,0.0,0.0,0.0,0.0,,,0.0,38,37,1.0,False,Down
4MPTNLtm,4-methylpentanal transport (mitochondria),"Transport, Mitochondrial",0.0,0.0,0.0,0.0,,,0.0,38,37,1.0,False,Down
5HTRPDOX,"5-Hydroxy-L-tryptophan:oxygen 2,3-dioxygenase (indole-decyclizing)",Tryptophan metabolism,0.0,0.0,0.0,0.0,,,0.0,38,37,1.0,False,Down
5HTRPVESSEC,5-hydroxy-L-tryptophan secretion via secretory vesicle (ATP driven),"Transport, Extracellular",0.0,0.0,0.0,0.0,,,0.0,38,37,1.0,False,Down
TAURtcx,Taurine transport (sodium symport) (cytosol to peroxisome),Taurine and hypotaurine metabolism,0.0,0.0,0.0,0.0,,,0.0,38,37,1.0,False,Down
STRDNCCPT1,Carnitine O-palmitoyltransferase,Carnitine shuttle,0.0,0.0,0.0,0.0,,,0.0,38,37,1.0,False,Down
4MPTNLtr,4-methylpentanal transport (ER),"Transport, Endoplasmic Reticular",0.0,0.0,0.0,0.0,,,0.0,38,37,1.0,False,Down
STRDNCCPT2,Carnitine transferase,Carnitine shuttle,0.0,0.0,0.0,0.0,,,0.0,38,37,1.0,False,Down
STRDNCCRNt,Transport into the mitochondria (carnitine),Carnitine shuttle,0.0,0.0,0.0,0.0,,,0.0,38,37,1.0,False,Down
TAXOLte,Xenobiotic transport,"Transport, Extracellular",0.0,0.0,0.0,0.0,,,0.0,38,37,1.0,False,Down
TCHOLAt2,Taurocholate transport via sodium cotransport,"Transport, Extracellular",0.0,0.0,0.0,0.0,,,0.0,38,37,1.0,False,Down
TCHOLAt3,ABC bile acid transporter,"Transport, Extracellular",0.0,0.0,0.0,0.0,,,0.0,38,37,1.0,False,Down
TCHOLAte,Bile acid intracellular transport,"Transport, Extracellular",0.0,0.0,0.0,0.0,,,0.0,38,37,1.0,False,Down
4MTOLBUTAMIDEte,Xenobiotic transport,"Transport, Extracellular",0.0,0.0,0.0,0.0,,,0.0,38,37,1.0,False,Down
TCHOLAtx,Bile acid intracellular transport,"Transport, Peroxisomal",0.0,0.0,0.0,0.0,,,0.0,38,37,1.0,False,Down
4NPHSFte,Xenobiotic transport,"Transport, Extracellular",0.0,0.0,0.0,0.0,,,0.0,38,37,1.0,False,Down
5HXKYNDCL,5-Hydroxykynurenamine decarboxy-lyase,Tryptophan metabolism,0.0,0.0,0.0,0.0,,,0.0,38,37,1.0,False,Down
5HXKYNOXDA,5-Hydroxykynurenamine:oxygen oxidoreductase(deaminating)(flavin-containing),Tryptophan metabolism,0.0,0.0,0.0,0.0,,,0.0,38,37,1.0,False,Down
TCYNTt,Thiocyanate transport via diffusion (cytosol to extracellular),"Transport, Extracellular",0.0,0.0,0.0,0.0,,,0.0,38,37,1.0,False,Down
TCYNTtm,Thiocyanate transport via diffusion (mitochondrial),"Transport, Mitochondrial",0.0,0.0,0.0,0.0,,,0.0,38,37,1.0,False,Down
5MTHFt2,5-methyltetrahydrofolate transport via anion exchange,"Transport, Extracellular",0.0,0.0,0.0,0.0,,,0.0,38,37,1.0,False,Down
TDCHOLAte,Bile acid intracellular transport,"Transport, Extracellular",0.0,0.0,0.0,0.0,,,0.0,38,37,1.0,False,Down
4NPHte,Xenobiotic transport,"Transport, Extracellular",0.0,0.0,0.0,0.0,,,0.0,38,37,1.0,False,Down
TDCHOLAtx,Bile acid intracellular transport,"Transport, Peroxisomal",0.0,0.0,0.0,0.0,,,0.0,38,37,1.0,False,Down
SUCCtp,"Succinate transporter, peroxisome","Transport, Peroxisomal",0.0,0.0,0.0,0.0,,,0.0,38,37,1.0,False,Down
4PYRDX,4-Pyridoxal secretion,"Transport, Extracellular",0.0,0.0,0.0,0.0,,,0.0,38,37,1.0,False,Down
TDP,Thiamin pyrophosphatase,Thiamine Metabolism,0.0,0.0,0.0,0.0,,,0.0,38,37,1.0,False,Down
TDPDRE,"DTDP-4-dehydrorhamnose 3,5-epimerase",Nucleotide Sugar Metabolism,0.0,0.0,0.0,0.0,,,0.0,38,37,1.0,False,Down
TDPDRR,DTDP-4-dehydrorhamnose reductase,Nucleotide Sugar Metabolism,0.0,0.0,0.0,0.0,,,0.0,38,37,1.0,False,Down
TDPGDH,"DTDPglucose 4,6-dehydratase",Nucleotide Sugar Metabolism,0.0,0.0,0.0,0.0,,,0.0,38,37,1.0,False,Down
RETFA,Retinol acyltransferase,Vitamin A Metabolism,0.0,0.0,0.0,0.0,,,0.0,38,37,1.0,False,Down
TDPm,"Thiamin pyrophosphatase, mitochondrial",Thiamine Metabolism,0.0,0.0,0.0,0.0,,,0.0,38,37,1.0,False,Down
TETHEX3COAtx,Fatty acid intracellular transport,"Transport, Peroxisomal",0.0,0.0,0.0,0.0,,,0.0,38,37,1.0,False,Down
TETHEX3t,Fatty acid transport via diffusion,"Transport, Extracellular",0.0,0.0,0.0,0.0,,,0.0,38,37,1.0,False,Down
6DHFtl,"6-glutamyl-DHF transport, lysosomal","Transport, Lysosomal",0.0,0.0,0.0,0.0,,,0.0,38,37,1.0,False,Down
RETFAt,Fatty acid retinol efflux,"Transport, Extracellular",0.0,0.0,0.0,0.0,,,0.0,38,37,1.0,False,Down
RETFAt1,Fatty acid retinol efflux (9-cis),"Transport, Extracellular",0.0,0.0,0.0,0.0,,,0.0,38,37,1.0,False,Down
6DHFtm,"6-glutamyl-DHF transport,m mitochondrial","Transport, Mitochondrial",0.0,0.0,0.0,0.0,,,0.0,38,37,1.0,False,Down
TETPENT3COAtx,Fatty acid intracellular transport,"Transport, Peroxisomal",0.0,0.0,0.0,0.0,,,0.0,38,37,1.0,False,Down
THYMDtl,Thymidine facilated transport from lysosome,"Transport, Lysosomal",0.0,0.0,0.0,0.0,,,0.0,38,37,1.0,False,Down
RETFAt2,Fatty acid retinol efflux (11-cis),"Transport, Extracellular",0.0,0.0,0.0,0.0,,,0.0,38,37,1.0,False,Down
THYMDtm,Thymd transport,"Transport, Mitochondrial",0.0,0.0,0.0,0.0,,,0.0,38,37,1.0,False,Down
TETPENT3CPT1,Carnitine O-palmitoyltransferase,Carnitine shuttle,0.0,0.0,0.0,0.0,,,0.0,38,37,1.0,False,Down
TETPENT3CPT2,Carnitine transferase,Carnitine shuttle,0.0,0.0,0.0,0.0,,,0.0,38,37,1.0,False,Down
6HTSTSTERONEte,Hydroxylated testosterone transport,"Transport, Extracellular",0.0,0.0,0.0,0.0,,,0.0,38,37,1.0,False,Down
RETH1,Retinyl ester hydrolase (9-cis),Vitamin A Metabolism,0.0,0.0,0.0,0.0,,,0.0,38,37,1.0,False,Down
6HTSTSTERONEtr,Hydroxylated testosterone transport,"Transport, Endoplasmic Reticular",0.0,0.0,0.0,0.0,,,0.0,38,37,1.0,False,Down
TETPENT3CRNt,Transport into the mitochondria (carnitine),Carnitine shuttle,0.0,0.0,0.0,0.0,,,0.0,38,37,1.0,False,Down
TETPENT3t,Fatty acid transport via diffusion,"Transport, Extracellular",0.0,0.0,0.0,0.0,,,0.0,38,37,1.0,False,Down
5ADTSTSTERONEGLCte,Glucuronidated compound transport,"Transport, Extracellular",0.0,0.0,0.0,0.0,,,0.0,38,37,1.0,False,Down
TETPENT6COAtx,Fatty acid intracellular transport,"Transport, Peroxisomal",0.0,0.0,0.0,0.0,,,0.0,38,37,1.0,False,Down
RETH1e,"Retinyl ester hydrolase (9-cis), extracellular",Vitamin A Metabolism,0.0,0.0,0.0,0.0,,,0.0,38,37,1.0,False,Down
TETPENT6CPT1,Carnitine O-palmitoyltransferase,Carnitine shuttle,0.0,0.0,0.0,0.0,,,0.0,38,37,1.0,False,Down
TETPENT6CPT2,Carnitine transferase,Carnitine shuttle,0.0,0.0,0.0,0.0,,,0.0,38,37,1.0,False,Down
5ADTSTSTERONEGLCtr,Glucuronidated compound transport,"Transport, Endoplasmic Reticular",0.0,0.0,0.0,0.0,,,0.0,38,37,1.0,False,Down
RETH2,Retinyl ester hydrolase (11-cis),Vitamin A Metabolism,0.0,0.0,0.0,0.0,,,0.0,38,37,1.0,False,Down
5ADTSTSTERONESULT,5alpha-Dihydrotestosterone sulfotransferase,Steroid Metabolism,0.0,0.0,0.0,0.0,,,0.0,38,37,1.0,False,Down
TMABADH,4-trimethylaminobutyraldehyde dehydrogenase,Lysine Metabolism,0.0,0.0,0.0,0.0,,,0.0,38,37,1.0,False,Down
TETPENT6CRNt,Transport into the mitochondria (carnitine),Carnitine shuttle,0.0,0.0,0.0,0.0,,,0.0,38,37,1.0,False,Down
TETPENT6t,Fatty acid transport via diffusion,"Transport, Extracellular",0.0,0.0,0.0,0.0,,,0.0,38,37,1.0,False,Down
TETTET6COAtx,Fatty acid intracellular transport,"Transport, Peroxisomal",0.0,0.0,0.0,0.0,,,0.0,38,37,1.0,False,Down
5ADTSTSTERONESte,Sulfonated testosterone transport,"Transport, Extracellular",0.0,0.0,0.0,0.0,,,0.0,38,37,1.0,False,Down
5ADTSTSTERONEte,5 alpha dihydrotesterone transport,"Transport, Extracellular",0.0,0.0,0.0,0.0,,,0.0,38,37,1.0,False,Down
TMDPK,Thiamine diphosphokinase,Thiamine Metabolism,0.0,0.0,0.0,0.0,,,0.0,38,37,1.0,False,Down
TETTET6CPT1,Carnitine O-palmitoyltransferase,Carnitine shuttle,0.0,0.0,0.0,0.0,,,0.0,38,37,1.0,False,Down
TETTET6CPT2,Carnitine transferase,Carnitine shuttle,0.0,0.0,0.0,0.0,,,0.0,38,37,1.0,False,Down
TETTET6CRNt,Transport into the mitochondria (carnitine),Carnitine shuttle,0.0,0.0,0.0,0.0,,,0.0,38,37,1.0,False,Down
TETTET6t,Fatty acid transport via diffusion,"Transport, Extracellular",0.0,0.0,0.0,0.0,,,0.0,38,37,1.0,False,Down
5ADTSTSTERONEtr,5 alpha dihydrotesterone intracellular transport,"Transport, Endoplasmic Reticular",0.0,0.0,0.0,0.0,,,0.0,38,37,1.0,False,Down
TMDPPK,Thiamine diphosphate kinase,Thiamine Metabolism,0.0,0.0,0.0,0.0,,,0.0,38,37,1.0,False,Down
6THFtl,"6-glutamyl-THF transport, lysosomal","Transport, Lysosomal",0.0,0.0,0.0,0.0,,,0.0,38,37,1.0,False,Down
RETH2e,"Retinyl ester hydrolase (11-cis), extracellular",Vitamin A Metabolism,0.0,0.0,0.0,0.0,,,0.0,38,37,1.0,False,Down
THCHOLSTOICtm,"Lipid, flip-flop intracellular transport","Transport, Peroxisomal",0.0,0.0,0.0,0.0,,,0.0,38,37,1.0,False,Down
THD1m,NAD(P) transhydrogenase,NAD Metabolism,0.0,0.0,0.0,0.0,,,0.0,38,37,1.0,False,Down
6THFtm,"6-glutamyl-THF transport,m mitochondrial","Transport, Mitochondrial",0.0,0.0,0.0,0.0,,,0.0,38,37,1.0,False,Down
TMLYSOX,Trimethyllysine dioxygenase,Lysine Metabolism,0.0,0.0,0.0,0.0,,,0.0,38,37,1.0,False,Down
TMLYSter,Trimethyl-L-lysine transport (ER to cytosol),"Transport, Endoplasmic Reticular",0.0,0.0,0.0,0.0,,,0.0,38,37,1.0,False,Down
TMNDNCCOAtx,Fatty acid intracellular transport,"Transport, Peroxisomal",0.0,0.0,0.0,0.0,,,0.0,38,37,1.0,False,Down
THFt2,Tetrahydrofolate transport via anion exchange,"Transport, Extracellular",0.0,0.0,0.0,0.0,,,0.0,38,37,1.0,False,Down
7DHCHSTEROLtr,Cholesterol precursor intracellular transport,"Transport, Endoplasmic Reticular",0.0,0.0,0.0,0.0,,,0.0,38,37,1.0,False,Down
RETHe,"Retinyl ester hydrolase, extracellular",Vitamin A Metabolism,0.0,0.0,0.0,0.0,,,0.0,38,37,1.0,False,Down
EX_lpchol_hs_e,Lysophosphatidylcholine (homo sapiens) exchange,Extracellular exchange,0.0,0.0,0.0,0.0,,,0.0,38,37,1.0,False,Down
7DHFtl,"7-glutamyl-DHF transport, lysosomal","Transport, Lysosomal",0.0,0.0,0.0,0.0,,,0.0,38,37,1.0,False,Down
7DHFtm,"7-glutamyl-DHF transport,m mitochondrial","Transport, Mitochondrial",0.0,0.0,0.0,0.0,,,0.0,38,37,1.0,False,Down
ACGAGBSIDEtg,Acgagbside hs intracellular transport,"Transport, Golgi Apparatus",0.0,0.0,0.0,0.0,,,0.0,38,37,1.0,False,Down
THMMPt4,Thiamine monophosphate transport in via anion antiport,"Transport, Extracellular",0.0,0.0,0.0,0.0,,,0.0,38,37,1.0,False,Down
TMNDNCCPT1,Carnitine O-palmitoyltransferase,Carnitine shuttle,0.0,0.0,0.0,0.0,,,0.0,38,37,1.0,False,Down
TMNDNCCPT2,Carnitine transferase,Carnitine shuttle,0.0,0.0,0.0,0.0,,,0.0,38,37,1.0,False,Down
TMNDNCCRNt,Transport into the mitochondria (carnitine),Carnitine shuttle,0.0,0.0,0.0,0.0,,,0.0,38,37,1.0,False,Down
THMMPtm,"Thiamine monophosphate transport, mitochondrial","Transport, Mitochondrial",0.0,0.0,0.0,0.0,,,0.0,38,37,1.0,False,Down
TMNDNCt,Fatty acid transport via diffusion,"Transport, Extracellular",0.0,0.0,0.0,0.0,,,0.0,38,37,1.0,False,Down
ACGAGBSIDEtl,Acgagbside hs intracellular transport,"Transport, Lysosomal",0.0,0.0,0.0,0.0,,,0.0,38,37,1.0,False,Down
TOLBUTAMIDEte,Xenobiotic transport,"Transport, Extracellular",0.0,0.0,0.0,0.0,,,0.0,38,37,1.0,False,Down
ACGALFUCGALACGALFUC12GAL14ACGLCGALGLUSIDEte,Blood group intracellular transport,"Transport, Extracellular",0.0,0.0,0.0,0.0,,,0.0,38,37,1.0,False,Down
THMP,Thiamin phosphatase,Thiamine Metabolism,0.0,0.0,0.0,0.0,,,0.0,38,37,1.0,False,Down
THMPPtm,"Thiamine diphosphate transport in via anion antiport, mitochondria","Transport, Mitochondrial",0.0,0.0,0.0,0.0,,,0.0,38,37,1.0,False,Down
7THFtl,"7-glutamyl-THF transport, lysosomal","Transport, Lysosomal",0.0,0.0,0.0,0.0,,,0.0,38,37,1.0,False,Down
THMTP,Thiamine-triphosphatase,Thiamine Metabolism,0.0,0.0,0.0,0.0,,,0.0,38,37,1.0,False,Down
THMTPt,Thiamine triphosphate transport in via anion antiport,"Transport, Extracellular",0.0,0.0,0.0,0.0,,,0.0,38,37,1.0,False,Down
THMt2m,"Thiamine transport in via proton symport, mitochondrial","Transport, Mitochondrial",0.0,0.0,0.0,0.0,,,0.0,38,37,1.0,False,Down
THMt3,Thiamine transport in via proton  antiport,"Transport, Extracellular",0.0,0.0,0.0,0.0,,,0.0,38,37,1.0,False,Down
7THFtm,"7-glutamyl-THF transport,m mitochondrial","Transport, Mitochondrial",0.0,0.0,0.0,0.0,,,0.0,38,37,1.0,False,Down
ACGALFUCGALACGALFUC12GAL14ACGLCGALGLUSIDEtg,Blood group intracellular transport,"Transport, Golgi Apparatus",0.0,0.0,0.0,0.0,,,0.0,38,37,1.0,False,Down
A4GALTc,Lactosylceramide 4-alpha-galactosyltransferase,Sphingolipid Metabolism,0.0,0.0,0.0,0.0,,,0.0,38,37,1.0,False,Down
TRDR2,Thioredoxin (ubiquinone 10) reductase (NADPH),Miscellaneous,0.0,0.0,0.0,0.0,,,0.0,38,37,1.0,False,Down
TRDR3,Thioredoxin (ubiquinone 10) reductase (NADH),Miscellaneous,0.0,0.0,0.0,0.0,,,0.0,38,37,1.0,False,Down
TRDRm,Thioredoxin reductase  NADPH ,Nucleotides,0.0,0.0,0.0,0.0,,,0.0,38,37,1.0,False,Down
TREH,"Alpha,alpha-trehalase",Starch and Sucrose Metabolism,0.0,0.0,0.0,0.0,,,0.0,38,37,1.0,False,Down
TREHe,"Alpha,alpha-trehalase",Starch and Sucrose Metabolism,0.0,0.0,0.0,0.0,,,0.0,38,37,1.0,False,Down
EX_mag_hs_e,Monoacylglycerol 2 (homo sapiens) exchange,Extracellular exchange,0.0,0.0,0.0,0.0,,,0.0,38,37,1.0,False,Down
A4GALTg,Lactosylceramide 4-alpha-galactosyltransferase,Sphingolipid Metabolism,0.0,0.0,0.0,0.0,,,0.0,38,37,1.0,False,Down
TRIODTHYSUFt,Triiodothyronine sulfate transport (diffusion),"Transport, Extracellular",0.0,0.0,0.0,0.0,,,0.0,38,37,1.0,False,Down
RETNCOA,Retinoyl CoA formation,Vitamin A Metabolism,0.0,0.0,0.0,0.0,,,0.0,38,37,1.0,False,Down
TRIODTHYSULT,Triiodothyronine Sulfotransferase,Tyrosine metabolism,0.0,0.0,0.0,0.0,,,0.0,38,37,1.0,False,Down
A4GNT1g,"Alpha 1,4-N-acetylglucosaminyltransferase, Golgi apparatus",O-Glycan Biosynthesis,0.0,0.0,0.0,0.0,,,0.0,38,37,1.0,False,Down
ACGALFUCGALACGALFUCGALACGLCGAL14ACGLCGALGLUSIDEte,Blood group intracellular transport,"Transport, Extracellular",0.0,0.0,0.0,0.0,,,0.0,38,37,1.0,False,Down
ACGALFUCGALACGALFUCGALACGLCGAL14ACGLCGALGLUSIDEtg,Blood group intracellular transport,"Transport, Golgi Apparatus",0.0,0.0,0.0,0.0,,,0.0,38,37,1.0,False,Down
THRGLNNaEx,L-threonine/L-glutamine Na-dependent exchange (Thr-L in),"Transport, Extracellular",0.0,0.0,0.0,0.0,,,0.0,38,37,1.0,False,Down
ACGALK,N-acetylgalactosamine kinase,Aminosugar Metabolism,0.0,0.0,0.0,0.0,,,0.0,38,37,1.0,False,Down
ACGALK2,N-acetylgalactosamine kinase (ITP),Aminosugar Metabolism,0.0,0.0,0.0,0.0,,,0.0,38,37,1.0,False,Down
A4GNT2g,"Alpha 1,4-N-acetylglucosaminyltransferase, Golgi apparatus",O-Glycan Biosynthesis,0.0,0.0,0.0,0.0,,,0.0,38,37,1.0,False,Down
EX_malt_e,Maltose exchange,Extracellular exchange,0.0,0.0,0.0,0.0,,,0.0,38,37,1.0,False,Down
THRS,Threonine synthase,"Glycine, Serine, and Threonine Metabolism",0.0,0.0,0.0,0.0,,,0.0,38,37,1.0,False,Down
RETNGLCt,Retinoyl glucuronide efflux,"Transport, Extracellular",0.0,0.0,0.0,0.0,,,0.0,38,37,1.0,False,Down
ACGALtlg,N-acetyl-galactosamine intracellular transport,"Transport, Golgi Apparatus",0.0,0.0,0.0,0.0,,,0.0,38,37,1.0,False,Down
ACGALtly,N-acetyl-galactosamine lysosomal efflux,"Transport, Lysosomal",0.0,0.0,0.0,0.0,,,0.0,38,37,1.0,False,Down
TRYPTAOX,Tryptamine:oxygen oxidoreductase(deaminating)(flavin-containing),Tryptophan metabolism,0.0,0.0,0.0,0.0,,,0.0,38,37,1.0,False,Down
TS3,Tachysterol 3 formation,Vitamin D,0.0,0.0,0.0,0.0,,,0.0,38,37,1.0,False,Down
RETNGLCt2,Retinoyl glucuronide efflux (13-cis),"Transport, Endoplasmic Reticular",0.0,0.0,0.0,0.0,,,0.0,38,37,1.0,False,Down
TSTSTERONEGLCte,Glucuronidated compound transport,"Transport, Extracellular",0.0,0.0,0.0,0.0,,,0.0,38,37,1.0,False,Down
TSTSTERONEGLCtr,Glucuronidated compound transport,"Transport, Endoplasmic Reticular",0.0,0.0,0.0,0.0,,,0.0,38,37,1.0,False,Down
TSTSTERONESULT,Testosterone sulfotransferase,Steroid Metabolism,0.0,0.0,0.0,0.0,,,0.0,38,37,1.0,False,Down
TSTSTERONESte,Sulfonated testosterone transport,"Transport, Extracellular",0.0,0.0,0.0,0.0,,,0.0,38,37,1.0,False,Down
TSTSTERONEt,Testosterone transport,"Transport, Extracellular",0.0,0.0,0.0,0.0,,,0.0,38,37,1.0,False,Down
TSTSTERONEtr,Testosterone intracellular transport,"Transport, Endoplasmic Reticular",0.0,0.0,0.0,0.0,,,0.0,38,37,1.0,False,Down
TSULt4_3,Thiosulfate transport via sodium symport,"Transport, Extracellular",0.0,0.0,0.0,0.0,,,0.0,38,37,1.0,False,Down
VITD3Hm,Vitamin D-25-hydroxylase (D3),Vitamin D,0.0,0.0,0.0,0.0,,,0.0,38,37,1.0,False,Down
UDPDOLPT_L,UDPglucose:dolichyl-phosphate beta-D-glucosyltransferase (liver),N-Glycan Biosynthesis,0.0,0.0,0.0,0.0,,,0.0,38,37,1.0,False,Down
RETNGLCt2r,Retinoyl glucuronide efflux (13-cis) from ER,"Transport, Endoplasmic Reticular",0.0,0.0,0.0,0.0,,,0.0,38,37,1.0,False,Down
UDPDOLPT_U,UDPglucose:dolichyl-phosphate beta-D-glucosyltransferase (uterus),N-Glycan Biosynthesis,0.0,0.0,0.0,0.0,,,0.0,38,37,1.0,False,Down
UDPG1P,UDPglucuronate uridine-monophosphohydrolase,Pentose and Glucuronate Interconversions,0.0,0.0,0.0,0.0,,,0.0,38,37,1.0,False,Down
ACGAM2E,N-acetylglucosamine 2-epimerase,Aminosugar Metabolism,0.0,0.0,0.0,0.0,,,0.0,38,37,1.0,False,Down
ACGAM6PS,N acetylglucosamine 6 phosphate synthase,Aminosugar Metabolism,0.0,0.0,0.0,0.0,,,0.0,38,37,1.0,False,Down
TTDCPT1,Carnitine O-palmitoyltransferase,Carnitine shuttle,0.0,0.0,0.0,0.0,,,0.0,38,37,1.0,False,Down
EX_malttr_e,Maltotriose exchange,Extracellular exchange,0.0,0.0,0.0,0.0,,,0.0,38,37,1.0,False,Down
TTDCPT2,Carnitine transferase,Carnitine shuttle,0.0,0.0,0.0,0.0,,,0.0,38,37,1.0,False,Down
RETNGLCtr,Retinoyl glucuronide efflux from ER,"Transport, Endoplasmic Reticular",0.0,0.0,0.0,0.0,,,0.0,38,37,1.0,False,Down
TTDCRNt,Transport into the mitochondria (carnitine),Carnitine shuttle,0.0,0.0,0.0,0.0,,,0.0,38,37,1.0,False,Down
TXA2te,Thromboxane A2 transport,"Transport, Extracellular",0.0,0.0,0.0,0.0,,,0.0,38,37,1.0,False,Down
TXA2tr,Thromboxane A2 intracellular transport,"Transport, Endoplasmic Reticular",0.0,0.0,0.0,0.0,,,0.0,38,37,1.0,False,Down
UDPGALt2g,UDPgalactose transport  Golgi apparatus ,"Transport, Golgi Apparatus",0.0,0.0,0.0,0.0,,,0.0,38,37,1.0,False,Down
UDPGALtg,UDP-Gal Golgi transport via CMP antiport,"Transport, Golgi Apparatus",0.0,0.0,0.0,0.0,,,0.0,38,37,1.0,False,Down
UDPGD,UDPglucose 6-dehydrogenase,Starch and Sucrose Metabolism,0.0,0.0,0.0,0.0,,,0.0,38,37,1.0,False,Down
UDPGLCAter,UDPGlcA endoplasmic reticulum transport via UMP antiport,"Transport, Endoplasmic Reticular",0.0,0.0,0.0,0.0,,,0.0,38,37,1.0,False,Down
TXASr,Thromboxane-A synthase,Eicosanoid Metabolism,0.0,0.0,0.0,0.0,,,0.0,38,37,1.0,False,Down
TYMSFt,Tyramine O-sulfate transport (diffusion),"Transport, Extracellular",0.0,0.0,0.0,0.0,,,0.0,38,37,1.0,False,Down
UDPGLCAtg,UDPGlcA Golgi transport via UMP antiport,"Transport, Golgi Apparatus",0.0,0.0,0.0,0.0,,,0.0,38,37,1.0,False,Down
ACGAMK,N-acetylglucosamine kinase,Aminosugar Metabolism,0.0,0.0,0.0,0.0,,,0.0,38,37,1.0,False,Down
UDPGLCter,UDP-Glc endoplasmic reticulum transport via CMP antiport,"Transport, Endoplasmic Reticular",0.0,0.0,0.0,0.0,,,0.0,38,37,1.0,False,Down
UDPGLCtg,UDP-Glc Golgi transport via CMP antiport,"Transport, Golgi Apparatus",0.0,0.0,0.0,0.0,,,0.0,38,37,1.0,False,Down
ACGAMPM,Phosphoacetylglucosamine mutase,Aminosugar Metabolism,0.0,0.0,0.0,0.0,,,0.0,38,37,1.0,False,Down
EX_meoh_e,Methanol exchange,Extracellular exchange,0.0,0.0,0.0,0.0,,,0.0,38,37,1.0,False,Down
ACGAMtly,N-acetyl-glucosamine lysosomal efflux,"Transport, Lysosomal",0.0,0.0,0.0,0.0,,,0.0,38,37,1.0,False,Down
ACGBGBSIDEtg,Acgbgbside hs intracellular transport,"Transport, Golgi Apparatus",0.0,0.0,0.0,0.0,,,0.0,38,37,1.0,False,Down
UDPGLDCg,"UDP-D-glucuronate decarboxylase, Golgi apparatus",Nucleotide Sugar Metabolism,0.0,0.0,0.0,0.0,,,0.0,38,37,1.0,False,Down
RETNtr,Retinoic acid transport in ER,"Transport, Endoplasmic Reticular",0.0,0.0,0.0,0.0,,,0.0,38,37,1.0,False,Down
ACGBGBSIDEtl,Acgbgbside hs intracellular transport,"Transport, Lysosomal",0.0,0.0,0.0,0.0,,,0.0,38,37,1.0,False,Down
EX_mepi_e,Metanephrine exchange,Extracellular exchange,0.0,0.0,0.0,0.0,,,0.0,38,37,1.0,False,Down
ACGPID,N-acetylglucosaminylphosphatidylinositol deacetylase,Glycosylphosphatidylinositol (GPI)-anchor biosynthesis,0.0,0.0,0.0,0.0,,,0.0,38,37,1.0,False,Down
TYRTAim,Tyrosine transaminase  irreversible  mitochondrial ,Tyrosine metabolism,0.0,0.0,0.0,0.0,,,0.0,38,37,1.0,False,Down
ACGSm,N acteylglutamate synthase  mitochondrial,Urea cycle/amino group metabolism,0.0,0.0,0.0,0.0,,,0.0,38,37,1.0,False,Down
UAG2EMA,UDP-N-acetyl-D-glucosamine 2-epimerase (Hydrolysis),Aminosugar Metabolism,0.0,0.0,0.0,0.0,,,0.0,38,37,1.0,False,Down
UDPGNP,UDP-glucuronate glucuronohydrolase,Pentose and Glucuronate Interconversions,0.0,0.0,0.0,0.0,,,0.0,38,37,1.0,False,Down
UDPGP,UDP-glucose glucophosphohydrolase,Starch and Sucrose Metabolism,0.0,0.0,0.0,0.0,,,0.0,38,37,1.0,False,Down
UDPXYLter,UDP-Xyl endoplasmic reticular transport via CMP antiport,"Transport, Endoplasmic Reticular",0.0,0.0,0.0,0.0,,,0.0,38,37,1.0,False,Down
UDPXYLtg,UDP-Xyl Golgi transport via CMP antiport,"Transport, Golgi Apparatus",0.0,0.0,0.0,0.0,,,0.0,38,37,1.0,False,Down
UDPtl,Udp intracellular transport,"Transport, Lysosomal",0.0,0.0,0.0,0.0,,,0.0,38,37,1.0,False,Down
UGALGTg,"UDPgalactose:D-glucose 4-beta-D-galactosyltransferase, Golgi apparatus",Galactose metabolism,0.0,0.0,0.0,0.0,,,0.0,38,37,1.0,False,Down
RETNtr2,Retinoic acid transport in ER (13-cis),"Transport, Endoplasmic Reticular",0.0,0.0,0.0,0.0,,,0.0,38,37,1.0,False,Down
UGALNACter,UDP-GalNAc endoplasmic reticulum transport via CMP antiport,"Transport, Endoplasmic Reticular",0.0,0.0,0.0,0.0,,,0.0,38,37,1.0,False,Down
UGALNACtg,UDP-GalNAc Golgi transport via CMP antiport,"Transport, Golgi Apparatus",0.0,0.0,0.0,0.0,,,0.0,38,37,1.0,False,Down
UGCG,Ceramide glucosyltransferase,Sphingolipid Metabolism,0.0,0.0,0.0,0.0,,,0.0,38,37,1.0,False,Down
UGLCNACtg,UDP-GlcNAc Golgi transport via CMP antiport,"Transport, Golgi Apparatus",0.0,0.0,0.0,0.0,,,0.0,38,37,1.0,False,Down
UAG4Ei,UDP-N-acetylglucosamine 4-epimerase,Aminosugar Metabolism,0.0,0.0,0.0,0.0,,,0.0,38,37,1.0,False,Down
UAGALDP,UDP-N-acetylgalactosamine diphosphorylase,Aminosugar Metabolism,0.0,0.0,0.0,0.0,,,0.0,38,37,1.0,False,Down
AASAD3m,"L-aminoadipate-semialdehyde dehydrogenase (NADH), mitochondrial",Lysine Metabolism,0.0,0.0,0.0,0.0,,,0.0,38,37,1.0,False,Down
UAGDP,UDP-N-acetylglucosamine diphosphorylase,Aminosugar Metabolism,0.0,0.0,0.0,0.0,,,0.0,38,37,1.0,False,Down
EX_mercplaccys_e,3-mercaptolactate-cysteine disulfide exchange,Extracellular exchange,0.0,0.0,0.0,0.0,,,0.0,38,37,1.0,False,Down
UGT1A9r,"UDP-glucuronosyltransferase 1-10 precursor, microsomal",Steroid Metabolism,0.0,0.0,0.0,0.0,,,0.0,38,37,1.0,False,Down
ABTArm,"4-aminobutyrate transaminase, reversible (mitochondrial)",Glutamate metabolism,0.0,0.0,0.0,0.0,,,0.0,38,37,1.0,False,Down
ACHEe,Acetylcholinesterase,Glycerophospholipid Metabolism,0.0,0.0,0.0,0.0,,,0.0,38,37,1.0,False,Down
UDPACGALtl,Udpacgal intracellular transport,"Transport, Lysosomal",0.0,0.0,0.0,0.0,,,0.0,38,37,1.0,False,Down
RIBFLVt3,Riboflavin transport (ATP dependent),"Transport, Extracellular",0.0,0.0,0.0,0.0,,,0.0,38,37,1.0,False,Down
UMPK2n,"UMP kinase (CTP),nuclear",Nucleotides,0.0,0.0,0.0,0.0,,,0.0,38,37,1.0,False,Down
ACHVESSEC,Acetylcholine secretion via secretory vesicle (ATP driven),"Transport, Extracellular",0.0,0.0,0.0,0.0,,,0.0,38,37,1.0,False,Down
ACHtn,"Acetylcholin transport, nuclear trhough pores","Transport, Nuclear",0.0,0.0,0.0,0.0,,,0.0,38,37,1.0,False,Down
UMPK3n,"UMP kinase (UTP),nuclear",Nucleotides,0.0,0.0,0.0,0.0,,,0.0,38,37,1.0,False,Down
ACITL,ATP-Citrate lyase,Citric Acid Cycle,0.0,0.0,0.0,0.0,,,0.0,38,37,1.0,False,Down
UMPK4n,"UMP kinase (GTP),nuclear",Nucleotides,0.0,0.0,0.0,0.0,,,0.0,38,37,1.0,False,Down
ACN13ACNGALGBSIDEte,ACN13ACNGALGBSIDEte,"Transport, Extracellular",0.0,0.0,0.0,0.0,,,0.0,38,37,1.0,False,Down
UMPK5n,"UMP kinase (dATP),nuclear",Nucleotides,0.0,0.0,0.0,0.0,,,0.0,38,37,1.0,False,Down
ABUTt2rL,4-aminobutyrate reversible transport in via proton symport (lysosome),"Transport, Lysosomal",0.0,0.0,0.0,0.0,,,0.0,38,37,1.0,False,Down
UMPK6n,"UMP kinase (dCTP),nuclear",Nucleotides,0.0,0.0,0.0,0.0,,,0.0,38,37,1.0,False,Down
ACACT10m,Acetyl-CoA C-acyltransferase,"Valine, Leucine, and Isoleucine Metabolism",0.0,0.0,0.0,0.0,,,0.0,38,37,1.0,False,Down
UMPK7n,"UMP kinase (dGTP),nuclear",Nucleotides,0.0,0.0,0.0,0.0,,,0.0,38,37,1.0,False,Down
UMPKm,"UMP kinase (mitochondrial, ATP)",Nucleotides,0.0,0.0,0.0,0.0,,,0.0,38,37,1.0,False,Down
UMPKn,UMP kinase  nuclear,Nucleotides,0.0,0.0,0.0,0.0,,,0.0,38,37,1.0,False,Down
UMPtr,UMP transport (ER),"Transport, Endoplasmic Reticular",0.0,0.0,0.0,0.0,,,0.0,38,37,1.0,False,Down
UNK2,2-keto-4-methylthiobutyrate transamination,Arginine and Proline Metabolism,0.0,0.0,0.0,0.0,,,0.0,38,37,1.0,False,Down
UNK3,2-keto-4-methylthiobutyrate transamination,Arginine and Proline Metabolism,0.0,0.0,0.0,0.0,,,0.0,38,37,1.0,False,Down
UPP3S,Uroporphyrinogen-III synthase,Heme Biosynthesis,0.0,0.0,0.0,0.0,,,0.0,38,37,1.0,False,Down
UPPDC1,Uroporphyrinogen decarboxylase (uroporphyrinogen III),Heme Biosynthesis,0.0,0.0,0.0,0.0,,,0.0,38,37,1.0,False,Down
ACN13ACNGALGBSIDEtg,Acn13acngalgbside hs intracellular transport,"Transport, Golgi Apparatus",0.0,0.0,0.0,0.0,,,0.0,38,37,1.0,False,Down
ACN23ACNGALGBSIDEte,ACN23ACNGALGBSIDEte,"Transport, Extracellular",0.0,0.0,0.0,0.0,,,0.0,38,37,1.0,False,Down
ACN23ACNGALGBSIDEtg,Acn23acngalgbside intracellular transport,"Transport, Golgi Apparatus",0.0,0.0,0.0,0.0,,,0.0,38,37,1.0,False,Down
ACNACNGAL14ACGLCGALGLUSIDEte,Blood group intracellular transport,"Transport, Extracellular",0.0,0.0,0.0,0.0,,,0.0,38,37,1.0,False,Down
ACNACNGAL14ACGLCGALGLUSIDEtg,Blood group intracellular transport,"Transport, Golgi Apparatus",0.0,0.0,0.0,0.0,,,0.0,38,37,1.0,False,Down
ACNACNGALGBSIDEte,ACNACNGALGBSIDEte,"Transport, Extracellular",0.0,0.0,0.0,0.0,,,0.0,38,37,1.0,False,Down
ACNACNGALGBSIDEtg,Acnacngalgbside hs intracellular transport,"Transport, Golgi Apparatus",0.0,0.0,0.0,0.0,,,0.0,38,37,1.0,False,Down
ACNAM9PL,N-Acetylneuraminate 9-phosphate pyruvate-lyase (pyruvate-phosphorylating),Aminosugar Metabolism,0.0,0.0,0.0,0.0,,,0.0,38,37,1.0,False,Down
URIDK2m,"Uridylate kinase (dUMP), mitochondrial",Nucleotides,0.0,0.0,0.0,0.0,,,0.0,38,37,1.0,False,Down
ACNAM9PL2,N-Acetylneuraminate 9-phosphate pyruvate-lyase (pyruvate-phosphorylating),Aminosugar Metabolism,0.0,0.0,0.0,0.0,,,0.0,38,37,1.0,False,Down
URIt,Uridine facilated transport in cytosol,"Transport, Extracellular",0.0,0.0,0.0,0.0,,,0.0,38,37,1.0,False,Down
URIt4,Uridine transport in via sodium symport,"Transport, Extracellular",0.0,0.0,0.0,0.0,,,0.0,38,37,1.0,False,Down
URIt5,Uridine transport in via sodium symport (1:2),"Transport, Extracellular",0.0,0.0,0.0,0.0,,,0.0,38,37,1.0,False,Down
ACACT1x,Acetyl-CoA:acetyl-CoA C-acetyltransferase,Cholesterol Metabolism,0.0,0.0,0.0,0.0,,,0.0,38,37,1.0,False,Down
UTPtn,UTP diffusion in nucleus,"Transport, Nuclear",0.0,0.0,0.0,0.0,,,0.0,38,37,1.0,False,Down
Uritl,Uridine facilated transport from lysosome,"Transport, Lysosomal",0.0,0.0,0.0,0.0,,,0.0,38,37,1.0,False,Down
Uritm,Uridine facilated transport in mitochondria,"Transport, Mitochondrial",0.0,0.0,0.0,0.0,,,0.0,38,37,1.0,False,Down
Uritn,Uridine  transport in nucleus,"Transport, Nuclear",0.0,0.0,0.0,0.0,,,0.0,38,37,1.0,False,Down
VACCCPT1,Carnitine O-palmitoyltransferase,Carnitine shuttle,0.0,0.0,0.0,0.0,,,0.0,38,37,1.0,False,Down
VACCCPT2,Carnitine transferase,Carnitine shuttle,0.0,0.0,0.0,0.0,,,0.0,38,37,1.0,False,Down
VACCCRNt,Transport into the mitochondria (carnitine),Carnitine shuttle,0.0,0.0,0.0,0.0,,,0.0,38,37,1.0,False,Down
EX_n2m2nmasn_e,"N-Acetyl-beta-D-glucosaminyl-1,2-alpha-D-mannosyl-1,3-(N-acetyl-beta-D-glucosaminyl-1,2-alpha-D-mannosyl-1,6)-(N-acetyl-beta-D-glucosaminyl-1,4)-beta-D-mannosyl-1,4-N-acetyl-beta-D-glucosaminyl-R exchange",Extracellular exchange,0.0,0.0,0.0,0.0,,,0.0,38,37,1.0,False,Down
ACACT4p,Acetyl CoA C acetyltransferase  octanoyl CoA   peroxisomal,Fatty Acid Metabolism,0.0,0.0,0.0,0.0,,,0.0,38,37,1.0,False,Down
ACACT5p,Acetyl CoA C acyltransferase  decanoyl CoA   peroxisomal,Fatty Acid Metabolism,0.0,0.0,0.0,0.0,,,0.0,38,37,1.0,False,Down
ACACT6p,Acetyl CoA C acetyltransferase  dodecanoyl   peroxisomal,Fatty Acid Metabolism,0.0,0.0,0.0,0.0,,,0.0,38,37,1.0,False,Down
ACNAMPH,N-Acetylneuraminate 9-phosphate phosphohydrolase,Aminosugar Metabolism,0.0,0.0,0.0,0.0,,,0.0,38,37,1.0,False,Down
ACNAMlt,N-acetylneuraminate transport into lysososme,"Transport, Lysosomal",0.0,0.0,0.0,0.0,,,0.0,38,37,1.0,False,Down
VD3,Vitamin D3 formation,Vitamin D,0.0,0.0,0.0,0.0,,,0.0,38,37,1.0,False,Down
VITD2Hm,Vitamin D-25-hydroxylase (D2),Vitamin D,0.0,0.0,0.0,0.0,,,0.0,38,37,1.0,False,Down
VITD2t,Vitamin D2 release,"Transport, Extracellular",0.0,0.0,0.0,0.0,,,0.0,38,37,1.0,False,Down
VITD2tm,Vitamin D2 transport from mitochondria,"Transport, Mitochondrial",0.0,0.0,0.0,0.0,,,0.0,38,37,1.0,False,Down
VITD3t,Vitamin D3 release,"Transport, Extracellular",0.0,0.0,0.0,0.0,,,0.0,38,37,1.0,False,Down
VITD3t2,Vitamin D3 uptake,"Transport, Extracellular",0.0,0.0,0.0,0.0,,,0.0,38,37,1.0,False,Down
VITD3tm,Vitamin D3 transport from mitochondria,"Transport, Mitochondrial",0.0,0.0,0.0,0.0,,,0.0,38,37,1.0,False,Down
VITD3tm3,Vitamin D3 transport in mitochondria,"Transport, Mitochondrial",0.0,0.0,0.0,0.0,,,0.0,38,37,1.0,False,Down
VLCS2p,Very-long-chain-fatty-acid-CoA ligase,Bile Acid Biosynthesis,0.0,0.0,0.0,0.0,,,0.0,38,37,1.0,False,Down
VLCS2r,Very-long-chain-fatty-acid-CoA ligase,Bile Acid Biosynthesis,0.0,0.0,0.0,0.0,,,0.0,38,37,1.0,False,Down
VLCSp,Very-long-chain-fatty-acid-CoA ligase,Bile Acid Biosynthesis,0.0,0.0,0.0,0.0,,,0.0,38,37,1.0,False,Down
VLCSr,Very-long-chain-fatty-acid-CoA ligase,Bile Acid Biosynthesis,0.0,0.0,0.0,0.0,,,0.0,38,37,1.0,False,Down
WHDDCAte,Xenobiotic transport,"Transport, Extracellular",0.0,0.0,0.0,0.0,,,0.0,38,37,1.0,False,Down
ACNAMtn,N-acetylneuraminate nuclear import,"Transport, Nuclear",0.0,0.0,0.0,0.0,,,0.0,38,37,1.0,False,Down
WHTSTSTERONEte,Omega hydroxy testosterone transport,"Transport, Extracellular",0.0,0.0,0.0,0.0,,,0.0,38,37,1.0,False,Down
ACNGALACGLCGAL14ACGLCGALGLUSIDEte,Blood group intracellular transport,"Transport, Extracellular",0.0,0.0,0.0,0.0,,,0.0,38,37,1.0,False,Down
ACNGALACGLCGAL14ACGLCGALGLUSIDEtg,Blood group intracellular transport,"Transport, Golgi Apparatus",0.0,0.0,0.0,0.0,,,0.0,38,37,1.0,False,Down
DM_Ser_Thr_l,DM Ser FSLASH Thr LPAREN ly RPAREN ,Intracellular demand,0.0,0.0,0.0,0.0,,,0.0,38,37,1.0,False,Down
XOLTRIOLtm,"Lipid, flip-flop intracellular transport","Transport, Mitochondrial",0.0,0.0,0.0,0.0,,,0.0,38,37,1.0,False,Down
XOLTRIOLtr,"Lipid, flip-flop intracellular transport","Transport, Endoplasmic Reticular",0.0,0.0,0.0,0.0,,,0.0,38,37,1.0,False,Down
XSERtg,Xyl-L-Ser (protein) transport from endoplasmic reticulum to Golgi apparatus,"Transport, Golgi Apparatus",0.0,0.0,0.0,0.0,,,0.0,38,37,1.0,False,Down
ACACT7p,Acetyl CoA acyltransferase  tetradecanoyl CoA   peroxisomal,Fatty Acid Metabolism,0.0,0.0,0.0,0.0,,,0.0,38,37,1.0,False,Down
EX_na1_e,Sodium exchange,Extracellular exchange,0.0,0.0,0.0,0.0,,,0.0,38,37,1.0,False,Down
XYLTer,"UDP-xylose:protein xylosyltransferase, endoplasmic reticulum",Chondroitin / heparan sulfate biosynthesis,0.0,0.0,0.0,0.0,,,0.0,38,37,1.0,False,Down
ACACT8p,Acetyl CoA acyltransferase  hexadecanoyl CoA   peroxisomal,Fatty Acid Metabolism,0.0,0.0,0.0,0.0,,,0.0,38,37,1.0,False,Down
ACACT9p,Acetyl CoA acyltransferase  tetracosanoyl CoA   peroxisomal,Fatty Acid Metabolism,0.0,0.0,0.0,0.0,,,0.0,38,37,1.0,False,Down
XYLt,D xylose reversible transport,"Transport, Extracellular",0.0,0.0,0.0,0.0,,,0.0,38,37,1.0,False,Down
XYLtly,Xylose efflux from lysosome,"Transport, Lysosomal",0.0,0.0,0.0,0.0,,,0.0,38,37,1.0,False,Down
YVITEt,Gamma-Tocopherol (Vit. E) transport,"Transport, Extracellular",0.0,0.0,0.0,0.0,,,0.0,38,37,1.0,False,Down
ACNML,N-Acetylneuraminate lyase,Aminosugar Metabolism,0.0,0.0,0.0,0.0,,,0.0,38,37,1.0,False,Down
ACOAD10m,"2-methylacyl-coa dehydrogenase, trans-2-Methylbut-2-enoyl-CoA forming","Valine, Leucine, and Isoleucine Metabolism",0.0,0.0,0.0,0.0,,,0.0,38,37,1.0,False,Down
ACOAD1fm,"Acyl-CoA dehydrogenase (butanoyl-CoA), mitochondrial",Butanoate Metabolism,0.0,0.0,0.0,0.0,,,0.0,38,37,1.0,False,Down
EX_acnacngalgbside_hs_e,Disialyl galactosylgloboside (homo sapiens) exchange,Extracellular exchange,0.0,0.0,0.0,0.0,,,0.0,38,37,1.0,False,Down
EX_nac_e,Nicotinate exchange,Extracellular exchange,0.0,0.0,0.0,0.0,,,0.0,38,37,1.0,False,Down
DM_avite1_c,Alpha-Tocopherol demand,Intracellular demand,0.0,0.0,0.0,0.0,,,0.0,38,37,1.0,False,Down
ACOAH,Acetyl-CoA hydrolase,Pyruvate Metabolism,0.0,0.0,0.0,0.0,,,0.0,38,37,1.0,False,Down
EX_acgalfucgalacgalfuc12gal14acglcgalgluside_hs_e,Type IIIA glycolipid exchange,Extracellular exchange,0.0,0.0,0.0,0.0,,,0.0,38,37,1.0,False,Down
EX_acgalfucgalacgalfucgalacglcgal14acglcgalgluside_hs_e,Type IIIAb exchange,Extracellular exchange,0.0,0.0,0.0,0.0,,,0.0,38,37,1.0,False,Down
DM_avite2_c,Alpha-Tocotrienol demand,Intracellular demand,0.0,0.0,0.0,0.0,,,0.0,38,37,1.0,False,Down
DM_bvite_c,Beta-tocopherol demand,Intracellular demand,0.0,0.0,0.0,0.0,,,0.0,38,37,1.0,False,Down
EX_4mptnl_e,4-methylpentanal Exchange,Extracellular exchange,0.0,0.0,0.0,0.0,,,0.0,38,37,1.0,False,Down
DM_core5_g,"Demand for Core5, Golgi Apparatus",Intracellular demand,0.0,0.0,0.0,0.0,,,0.0,38,37,1.0,False,Down
EX_acgam_e,N-Acetyl-D-glucosamine exchange,Extracellular exchange,0.0,0.0,0.0,0.0,,,0.0,38,37,1.0,False,Down
EX_ach_e,Acetylcholine exchange,Extracellular exchange,0.0,0.0,0.0,0.0,,,0.0,38,37,1.0,False,Down
EX_acn13acngalgbside_hs_e,"Sialyl (1,3) sialyl (2,6) galactosylgloboside (homo sapiens) exchange",Extracellular exchange,0.0,0.0,0.0,0.0,,,0.0,38,37,1.0,False,Down
EX_acn23acngalgbside_hs_e,"Sialyl (2,3) sialyl (2,6) galactosylgloboside (homo sapiens) exchange",Extracellular exchange,0.0,0.0,0.0,0.0,,,0.0,38,37,1.0,False,Down
EX_4mtolbutamide_e,4 hydroxy tolbutamide exchange,Extracellular exchange,0.0,0.0,0.0,0.0,,,0.0,38,37,1.0,False,Down
EX_acnacngal14acglcgalgluside_hs_e,"3',8'-LD1 exchange",Extracellular exchange,0.0,0.0,0.0,0.0,,,0.0,38,37,1.0,False,Down
XOLTRI27tc,27 trihydroxy cholesterol transport,"Transport, Endoplasmic Reticular",0.0,0.0,0.0,0.0,,,0.0,38,37,1.0,False,Down
