ReactionID,RankProduct,RankProductRank,Diff(HFD-SCD)
EX_o2_e,1.500000001,1,2.406457274782426
O2t,1.500000001,2,-2.406457274782426
EX_co2_e,3.5000000010000005,3,-1.6974901456998803
CO2t,3.5000000010000005,4,1.6974901456998803
FUM,5.000000000999999,5,-1.223419215724904
ARTFR41,6.500000001,6,-0.9407573505156508
RTOT4,6.500000001,7,-0.9407573505156508
DESAT16_2,8.000000000999998,8,-0.8640663723048037
ARTPLM1,9.000000001000002,9,-0.8131947998246967
ALATA_L,10.000000001000002,10,0.6934019983631955
EX_ala__L_e,11.000000001000002,11,-0.6529913830294221
ME2,12.000000001,12,-0.6526389398930932
EX_tyr__L_e,13.500000001,13,0.5520225309071349
TYRt4,13.500000001,14,-0.5520225309071349
TYRTA,17.000000001000004,15,-0.523833919665826
34HPPOR,17.000000001000004,16,-0.523833919665826
FUMAC,17.000000001000004,17,-0.523833919665826
HGNTOR,17.000000001000004,18,-0.523833919665826
MACACI,17.000000001000004,19,-0.523833919665826
EX_h_e,20.000000000999997,20,-0.4980181410996808
MTHFD2i,21.000000001000004,21,-0.4293412648545596
MTHFD,22.000000001,22,0.4261679652506085
EX_acac_e,23.500000001000004,23,-0.3975712977662173
ACACt2,23.500000001000004,24,0.3975712977662173
FUMm,25.000000000999997,25,0.3717089161203174
EX_lnlc_e_copy2,26.000000000999993,26,0.3711889935169521
SUCD1m,27.000000001,27,-0.3278763799387608
LNLNCGt,30.500000000999993,28,0.325483796049149
DESAT18_9,30.500000000999993,29,-0.325483796049149
FACOAL1831,30.500000000999993,30,0.325483796049149
FACOAL1821,30.500000000999993,31,-0.325483796049149
EX_lnlncg_e,30.500000000999993,32,-0.325483796049149
LNLCt,30.500000000999993,33,-0.325483796049149
FUMtm,34.000000001,34,0.2983398814564141
MCITS,37.00000000099999,35,-0.2736758774490705
THRD_L,37.00000000099999,36,-0.2736758774490705
OBDHc,37.00000000099999,37,-0.2736758774490705
EX_2mcit_e,37.00000000099999,38,-0.2736758774490705
2MCITt,37.00000000099999,39,-0.2736758774490705
DESAT18_10,41.50000000099999,40,0.2627736679641855
FACOAL1832,41.50000000099999,41,0.2627736679641855
EX_lnlnca_e,41.50000000099999,42,-0.2627736679641855
LNLNCAt,41.50000000099999,43,0.2627736679641855
HDCAt,44.500000001000004,44,-0.2591886470855274
EX_hdca_e,44.500000001000004,45,0.2591886470855274
WHHDCAte,47.000000001000004,46,0.2560734109482586
FAH3,47.000000001000004,47,-0.2560734109482586
EX_whhdca_e,47.000000001000004,48,-0.2560734109482586
ALAGLYexR,49.00000000099999,49,0.2440610201922151
SUCOASm,50.000000001,50,0.2397759215673249
SERGLNexR,51.000000001,51,-0.2270401602639023
EX_strdnc_e,53.00000000099999,52,0.2157081983083582
FACOAL184,53.00000000099999,53,-0.2157081983083582
STRDNCt,53.00000000099999,54,-0.2157081983083582
GLYtp,55.00000000100002,55,0.215675109935312
O2tp,56.000000001000004,56,-0.2138720950334471
GCALDD,60.50000000100002,57,-0.2126939268156261
SERtp,60.50000000100002,58,-0.2126939268156261
SPTix,60.50000000100002,59,-0.2126939268156261
AGTix,60.50000000100002,60,-0.2126939268156261
GLYCTO1p,60.50000000100002,61,-0.2126939268156261
GLYCLTtp,60.50000000100002,62,-0.2126939268156261
HPYRtp,60.50000000100002,63,0.2126939268156261
HPYRDC,60.50000000100002,64,-0.2126939268156261
EX_gly_e,65.000000001,65,-0.2087878880736535
ALAGLNexR,66.00000000100003,66,0.2057264369267583
DHPR,67.000000001,67,-0.2019120374459067
MDH,68.00000000099999,68,-0.1995973766598042
VALt4,69.00000000099999,69,-0.1989311437483251
H2O2tp,70.000000001,70,0.1890912572133359
EX_val__L_e,71.00000000100002,71,0.1781773927065512
ECOAH12m,75.00000000099998,72,-0.1778450051689745
OIVD2m,75.00000000099998,73,-0.1778450051689745
MMMm,75.00000000099998,74,-0.1778450051689745
HIBDm,75.00000000099998,75,-0.1778450051689745
ACOAD9m,75.00000000099998,76,-0.1778450051689745
MMTSADm,75.00000000099998,77,-0.1778450051689745
3HBCOAHLm,75.00000000099998,78,-0.1778450051689745
FUMSO3tm,79.000000001,79,0.1749280709008553
DALAt2r,80.00000000099999,80,0.1734232275871896
DOPAt4_2_r,81.00000000100003,81,0.1692889400491217
CO2tm,82.00000000099999,82,-0.1663910274415201
EX_nh4_e,83.00000000100002,83,-0.166213839098879
EX_glu__L_e,84.50000000099998,84,0.1656209283012618
GLUt6,84.50000000099998,85,-0.1656209283012618
GLNtN1,86.00000000099998,86,-0.1649978376122507
EX_thr__L_e,87.00000000099998,87,0.164529235225804
MALSO3tm,88.000000001,88,-0.1610416128574119
BDHm,90.50000000100003,89,0.1608387033020772
BHBt,90.50000000100003,90,0.1608387033020772
BHBtm,90.50000000100003,91,0.1608387033020772
EX_bhb_e,90.50000000100003,92,-0.1608387033020772
PROD2m,93.50000000100003,93,-0.1603941480357427
P5CRxm,93.50000000100003,94,-0.1603941480357427
3MOBt2im,95.50000000100003,95,-0.1590192884750806
VALTA,95.50000000100003,96,-0.1590192884750806
SUCCtm,97.50000000100002,97,-0.153461612835497
EX_succ_e,97.50000000100002,98,0.153461612835497
EX_ser__L_e,99.000000001,99,0.1513934505713006
EX_dopa_e,100.00000000100005,100,-0.1505141493525482
ALADGLNexR,101.00000000099998,101,-0.1465351146805078
ATPS4m,102.00000000100003,102,0.1401196994475355
H2O2t,103.50000000100003,103,0.1400035294383837
EX_h2o2_e,103.50000000100003,104,-0.1400035294383837
TRPt4,105.500000001,105,-0.1353791464827952
EX_trp__L_e,105.500000001,106,0.1353791464827952
5HLTDL,108.00000000100002,107,-0.1353439901086285
TRPHYDRO2,108.00000000100002,108,-0.1353439901086285
EX_srtn_e,108.00000000100002,109,-0.1353439901086285
PROt2r,110.00000000099999,110,-0.1342942477589707
THBPT4ACAMDASE,111.00000000100005,111,-0.1336893150516346
H2Ot,112.00000000099999,112,-0.1333333333333333
G3PD2m,113.00000000099996,113,-0.1333079630744125
MALSO4tm,114.500000001,114,-0.1318769074269327
FUMSO4tm,114.500000001,115,0.1318769074269327
ACACt2m,116.00000000099998,116,-0.1275077720958581
ALAt2r,117.00000000100002,117,0.125130335291137
ASPGLUm,118.00000000099999,118,-0.1219652290054428
PROt4,119.00000000099999,119,0.1204607958875352
SRTNtu,120.00000000100003,120,0.1179686835376454
NCNt,121.00000000100003,121,0.1178548409039979
SERtN1,122.00000000100006,122,0.11242119969091
EX_acetone_e,123.50000000099996,123,0.1120383180803904
ACETONEt2,123.50000000099996,124,-0.1120383180803904
SERGLYexR,125.00000000100003,125,-0.1116239993374103
SO4t4_3,126.00000000100003,126,0.1104561193738429
GLYt4,127.00000000099995,127,0.1100038863737105
thr_mt,128.50000000100005,128,0.1094550595057294
R01465m,128.50000000100005,129,0.1094550595057294
ICDHym,131.000000001,130,0.1086047879103102
ACONTm,131.000000001,131,0.1086047879103102
CSm,131.000000001,132,0.1086047879103102
ASPTAm,133.00000000099993,133,0.1080787709619995
THRGLYexR,134.00000000099993,134,-0.1041503540239814
PDHm,135.00000000100002,135,0.1038714504343501
G3PD1ir,136.00000000099996,136,-0.1022236867428991
AOBUTDsm,138.50000000099996,137,0.1
AACTtm,138.50000000099996,138,0.1
EX_h2o_e,138.50000000099996,139,0.1
AACTOOR,138.50000000099996,140,0.1
SUCCt4_3,141.00000000100002,141,-0.0997275954722085
FUMTSULtm,142.50000000100002,142,0.0944404362748759
MALTSULtm,142.50000000100002,143,-0.0944404362748759
DASCBR,145.000000001,144,0.0924088954031111
EX_nrpphr_e,145.000000001,145,0.0924088954031111
DOPABMO,145.000000001,146,0.0924088954031111
H2Otm,147.00000000099993,147,-0.0916780958849965
GLYt7_311_r,148.00000000100002,148,0.0913710039767309
PYRt2m,149.00000000099996,149,0.0899849923909068
URIt5,150.50000000099993,150,0.0888779926871716
URIt,150.50000000099993,151,-0.0888779926871716
PIt2m_2,152.000000001,152,0.0845824870390665
NCKt,153.000000001,153,-0.0845215075706646
GLYt2r,154.00000000100005,154,-0.0831558652695955
NAt,155.00000000100005,155,0.0799491177516644
ACTNMO,156.00000000099996,156,-0.0787073868741711
DESAT18_5,157.00000000100005,157,0.0783765512311676
ALAtN1,158.00000000100002,158,0.0780735906193114
2HCO3_NAt,159.000000001,159,-0.0775295936836429
EX_hdcea_e,161.000000001,160,0.0766909782108471
FACOAL161,161.000000001,161,-0.0766909782108471
HDCEAt,161.000000001,162,-0.0766909782108471
CYSGLYex_copy2,163.00000000099996,163,0.0741148227153071
THRGLNexR,164.00000000100002,164,-0.0739687427203918
ASNtN1,165.000000001,165,0.0737497500769312
NRPPHRtu,166.000000001,166,-0.0722051081446711
FATP3t,167.00000000099993,167,-0.0690672719768881
DHPR2,168.50000000099996,168,0.068222722394272
MTHFR3,168.50000000099996,169,0.068222722394272
THRASNNaEx,170.50000000099993,170,0.0666666666666666
GLCt4_2,170.50000000099993,171,-0.0666666666666666
GLCt2,172.00000000099996,172,0.0665400310513305
SUCOAS1m,173.00000000100005,173,-0.0653611544640612
OXAHCOtex,174.00000000100005,174,-0.0651250643424852
EX_4abut_e,176.00000000100005,175,-0.0649468173018717
ABUTt4_2_r,176.00000000100005,176,0.0649468173018717
GLUDC,176.00000000100005,177,-0.0649468173018717
2AMACHYD,178.00000000099993,178,0.0647030245033993
SERHL,179.000000001,179,0.0646713174347051
EX_asp__L_e,180.50000000099996,180,-0.0636811001230811
ASPt6,180.50000000099996,181,0.0636811001230811
ACTLMO,182.00000000099993,182,-0.0614987301082561
Htx,183.000000001,183,-0.0583609800787378
3HLYTCL,184.00000000100005,184,-0.0581052539494371
DALAOXx,186.00000000100005,185,-0.0577838044331413
DALAxt,186.00000000100005,186,-0.0577838044331413
PYRt2p,186.00000000100005,187,0.0577838044331413
NH4tp,188.00000000100005,188,0.057292921705954
GLUt2m,189.00000000100002,189,0.0564771500816817
SUCCt4_2,190.00000000100005,190,-0.0537340173632885
RTOT2,191.00000000100005,191,0.0529486533628056
FACOAL180,192.50000000099993,192,0.051824289512724
EX_ocdca_e,192.50000000099993,193,-0.051824289512724
KCC2t,194.0000000009999,194,0.0483589981948811
PMTCOAtx,195.00000000100002,195,0.0478546143888044
ADK1,196.00000000100002,196,0.0473119199178999
CYStec,197.00000000099996,197,0.047285404370941
EX_so4_e,199.00000000100002,198,0.0471649764050891
SULFOX,199.00000000100002,199,0.0471649764050891
CYSO,199.00000000100002,200,0.0471649764050891
ADK3,201.0000000009999,201,-0.0471273489535246
EX_ttdca_e,204.0000000009999,202,-0.0470654696558272
ARTFR13,204.0000000009999,203,0.0470654696558272
ARTFR204,204.0000000009999,204,0.0470654696558272
FACOAL140,204.0000000009999,205,0.0470654696558272
TTDCAtr_copy2,204.0000000009999,206,0.0470654696558272
EX_cys__L_e,207.0000000009999,207,-0.0470491201720395
EX_lnlc_e_copy1,208.000000001,208,-0.045705197467803
ALADGLYexR,209.00000000099996,209,-0.0447407071083236
ASPTA,210.00000000100007,210,-0.0441108267860578
EX_mthgxl_e,211.50000000100002,211,0.0422360916401364
MTHGXLt,211.50000000100002,212,0.0422360916401364
SERt4,213.0000000009999,213,0.0422313337074868
AKGMALtm,214.00000000100007,214,0.0421767713133366
TYRDOPO,215.00000000099996,215,-0.0416652142275059
RTOT1,216.00000000099996,216,0.0411822859488488
HIStN1,217.00000000099993,217,-0.0409719742977024
HIStiDF,218.00000000100002,218,0.0408577160816604
UMPK4,219.00000000100002,219,0.0406716434711135
ALAR,220.00000000099996,220,-0.0399312102314993
FACOAL1822,222.50000000099993,221,-0.0394976257045222
EX_lneldc_e,222.50000000099993,222,0.0394976257045222
LNELDCt,222.50000000099993,223,-0.0394976257045222
DESAT18_8,222.50000000099993,224,0.0394976257045222
ELAIDt,226.0000000009999,225,-0.0388789255266453
FACOAL1813,226.0000000009999,226,-0.0388789255266453
EX_elaid_e,226.0000000009999,227,0.0388789255266453
PRO1x,228.00000000100005,228,-0.0379199981017614
P5CR,229.00000000099996,229,-0.037915513627979
H2O2syn,230.000000001,230,-0.0363115953516152
ATPtm,231.00000000099993,231,-0.0342950676557276
ALATHRNaEx,251.00000000099996,232,0.0333333333333333
ORNt4m,251.00000000099996,233,-0.0333333333333333
HDD2COAtx,251.00000000099996,234,-0.0333333333333333
HCO3_NAt,251.00000000099996,235,-0.0333333333333333
NDPK1m,251.00000000099996,236,-0.0333333333333333
LPS2,251.00000000099996,237,0.0333333333333333
GLCt4,251.00000000099996,238,-0.0333333333333333
ARTCOAL1,251.00000000099996,239,0.0333333333333333
ARTFR61,251.00000000099996,240,0.0333333333333333
MOGAT,251.00000000099996,241,0.0333333333333333
ORNt3m,251.00000000099996,242,0.0333333333333333
NAt3_1,251.00000000099996,243,0.0333333333333333
NDPK8,251.00000000099996,244,0.0333333333333333
GLCt2_2,251.00000000099996,245,0.0333333333333333
NDPK1,251.00000000099996,246,-0.0333333333333333
NAHCO3_HCLt,251.00000000099996,247,0.0333333333333333
CYSALANaEx,251.00000000099996,248,0.0333333333333333
SERTHRNaEx,251.00000000099996,249,0.0333333333333333
SO4t4_2,251.00000000099996,250,-0.0333333333333333
CLHCO3tex2,251.00000000099996,251,-0.0333333333333333
CLOXAtex2,251.00000000099996,252,-0.0333333333333333
CYSTHRNaEx,251.00000000099996,253,-0.0333333333333333
34DHXMANDACOX_NADP,251.00000000099996,254,-0.0333333333333333
CITRtm,251.00000000099996,255,-0.0333333333333333
34DHXMANDACOX,251.00000000099996,256,0.0333333333333333
RDH3a,251.00000000099996,257,-0.0333333333333333
RDH3,251.00000000099996,258,0.0333333333333333
ASNALANaEx,251.00000000099996,259,0.0333333333333333
CYSGLNNaEx,251.00000000099996,260,0.0333333333333333
CAt7r,251.00000000099996,261,0.0333333333333333
RTOT6,251.00000000099996,262,0.0333333333333333
CYSASNNaEx,251.00000000099996,263,0.0333333333333333
THRSERNaEx,251.00000000099996,264,-0.0333333333333333
ACOAO7p,251.00000000099996,265,0.0333333333333333
UREAt5,251.00000000099996,266,0.0333333333333333
SERALANaEx,251.00000000099996,267,-0.0333333333333333
SO4CLtex2,251.00000000099996,268,-0.0333333333333333
THRGLNNaEx,251.00000000099996,269,0.0333333333333333
UREAt,251.00000000099996,270,-0.0333333333333333
ADCim,271.50000000099993,271,0.0333309312062193
ACETONEt2m,271.50000000099993,272,-0.0333309312062193
3SALATAi,273.50000000100005,273,0.0332785183616457
3SPYRSP,273.50000000100005,274,0.0332785183616457
CYTK13,275.00000000100005,275,0.0325581797595907
ITCOALm,276.50000000100005,276,-0.0320278211307279
ITCOAL1m,276.50000000100005,277,0.0320278211307279
CYTK4,278.00000000099993,278,-0.0317830261858481
UMPK,279.00000000100005,279,-0.0317385733354139
EX_glyc_e,281.00000000099993,280,0.0311793583434643
GLYCt,281.00000000099993,281,0.0311793583434643
GLYK,281.00000000099993,282,-0.0311793583434643
H2CO3D2,284.00000000099993,283,0.0302501286849704
H2CO3D,284.00000000099993,284,-0.0302501286849704
EX_hco3_e,284.00000000099993,285,-0.0302501286849704
PYK,286.5000000010001,286,0.0299676740032083
PEPCK_re,286.5000000010001,287,0.0299676740032083
CYOOm2,288.5000000009999,288,0.0292721288326815
O2tm,288.5000000009999,289,0.0292721288326815
SO4OXAtex2,290.0000000009999,290,-0.0288105478894659
TYR3MO2,291.00000000100005,291,0.0284392488404991
NDPK2,292.00000000100005,292,0.0270186851813654
PHEt4,293.50000000100005,293,-0.0269595566458351
EX_phe__L_e,293.50000000100005,294,0.0269595566458351
PHETHPTOX2,295.00000000099993,295,-0.0267845737835052
LDH_D,297.0000000010001,296,-0.0267123839216011
LCADi_D,297.0000000010001,297,-0.0267123839216011
LALDO2x,297.0000000010001,298,-0.0267123839216011
STCOAtx,299.000000001,299,-0.0265522617184435
CYTK7,300.00000000099993,300,0.0265433380069884
MALtm,301.00000000100005,301,-0.0260007139261226
CYTK3,302.000000001,302,-0.0250622756682823
CATp,303.00000000099993,303,-0.0247808378201111
LYSt5r,304.0000000009999,304,-0.0233307715536808
HCO3_CLt,305.00000000099993,305,0.0217258540339524
FRUt4,306.50000000099993,306,0.0210376458669121
EX_fru_e,306.50000000099993,307,-0.0210376458669121
VALtec,308.000000001,308,0.020753751041774
LYSt4,309.00000000099993,309,0.0203850363140218
NRPPHRt4_2_r,310.0000000010001,310,-0.0202037872584399
THRt4,311.0000000009999,311,-0.0197434718147641
ILETA,316.50000000100005,312,0.0188257166938939
4MOPt2im,316.50000000100005,313,0.0188257166938939
3MOPt2im,316.50000000100005,314,0.0188257166938939
VALt5m,316.50000000100005,315,-0.0188257166938939
VALTAim,316.50000000100005,316,-0.0188257166938939
ILEtmi,316.50000000100005,317,0.0188257166938939
LEUTAm,316.50000000100005,318,-0.0188257166938939
LEUTA,316.50000000100005,319,0.0188257166938939
LEUt5m,316.50000000100005,320,-0.0188257166938939
ILETAm,316.50000000100005,321,-0.0188257166938939
DOPAtu,322.00000000099993,322,-0.0187747906965735
EX_ala__D_e,323.00000000100005,323,0.0178525942016418
SRTNt6_2_r,324.0000000009999,324,0.0173753065709831
KCCt,325.0000000009999,325,0.01733229253445
OCDCAt,326.0000000010001,326,-0.017242982464164
ALR2,327.000000001,327,0.017208656765915
TRIOK,329.00000000099993,328,0.015924572258418
KHK,329.00000000099993,329,0.015924572258418
FBA2,329.00000000099993,330,0.015924572258418
TPI,331.00000000100016,331,-0.0151597040730953
FAOXC180x,332.0000000010001,332,-0.0145212810554711
GTHOm,334.0000000009999,333,0.0144738485986557
H2O2tm,334.0000000009999,334,0.0144738485986557
GTHPm,334.0000000009999,335,0.0144738485986557
3SALAASPm,337.000000001,336,-0.0138864580434434
3SPYRSPm,337.000000001,337,0.0138864580434434
3SALATAim,337.000000001,338,0.0138864580434434
PROt4_2_r,339.0000000010001,339,0.0135833622097492
FAOXC200180x,342.0000000009998,340,0.0120309806629724
ARACHCOAtx,342.0000000009998,341,0.0120309806629724
EX_arach_e,342.0000000009998,342,-0.0120309806629724
FACOAL200,342.0000000009998,343,0.0120309806629724
ARACHt,342.0000000009998,344,0.0120309806629724
CYOR_u10m,346.00000000100016,345,0.0113792812602738
ETF,346.00000000100016,346,0.0113792812602738
ETFQO,346.00000000100016,347,0.0113792812602738
NDPK3,348.00000000099993,348,-0.0109549017197464
UMPK2,349.00000000099993,349,-0.0101254954685965
GLYATm,350.5000000009999,350,-0.0094550595057293
GLYtm,350.5000000009999,351,-0.0094550595057293
ACACT1r_copy2,352.000000001,352,-0.0078105652174678
CYSGLUexR,353.00000000100005,353,0.0076058403443065
ASNt4,354.00000000100005,354,-0.0070550537023915
ACACT1r_copy1,355.0000000009999,355,0.0065654150212184
ALR,356.0000000010001,356,0.0057689054072935
HEX7,357.00000000099993,357,0.0051130736084941
ARGt4,358.000000001,358,-0.0049436576776815
AKGt4_3,359.5000000010001,359,-0.0048088561276723
EX_akg_e,359.5000000010001,360,0.0048088561276723
H2Otp,361.00000000099993,361,-0.0047500629460457
ARGt5r,362.0000000010001,362,0.0046424314717527
CYSt4,363.000000001,363,-0.0041718671071405
ILEtec,364.00000000099993,364,-0.0039576969863412
ASNCYSNaEx,365.0000000010001,365,-0.0037778986125731
ILEt4,366.0000000010001,366,0.0036988182311133
PGI,367.0000000009999,367,-0.0035833372378487
ASNSERNaEx,368.00000000099993,368,0.0035196745547582
GALKr,371.5000000010001,369,-0.0034646917075505
GALt1r,371.5000000010001,370,-0.0034646917075505
UGLT,371.5000000010001,371,-0.0034646917075505
UDPG4E,371.5000000010001,372,0.0034646917075505
PGMT,371.5000000010001,373,-0.0034646917075505
EX_gal_e,371.5000000010001,374,0.0034646917075505
It,375.0000000010001,375,-0.0034622130679006
AKGDm,376.0000000009999,376,0.0034302380657108
DM_melanin_c,378.500000001,377,0.0032140743349243
TYRASE,378.500000001,378,0.0032140743349243
DCT,378.500000001,379,0.0032140743349243
DOPAQNISO1,378.500000001,380,0.0032140743349243
FTHFDH,381.5000000009998,381,-0.0031732996039511
MTHFC,381.5000000009998,382,-0.0031732996039511
FACOAL160,383.000000001,383,-0.0031152361372688
GHMT2r,384.000000001,384,-0.0029977042191097
EX_oxa_e,386.5000000010001,385,0.0029811831196859
OXAtp,386.5000000010001,386,0.0029811831196859
GLXO2p,386.5000000010001,387,0.0029811831196859
GLYOp,386.5000000010001,388,0.0029811831196859
EX_lys__L_e,389.00000000100005,389,0.0029457352396589
GLNSERNaEx,390.00000000100005,390,-0.0028045168530401
HSD11B2r,391.50000000099993,391,-0.0026869183821682
HSD11B1r,391.50000000099993,392,0.0026869183821682
NADPtru,393.5000000009998,393,0.0025143325453495
NADPHtru,393.5000000009998,394,0.0025143325453495
HACD1m,403.00000000099993,395,0.0024903003924986
LYStip,403.00000000099993,396,-0.0024903003924986
AADSACYCL,403.00000000099993,397,-0.0024903003924986
AATA,403.00000000099993,398,0.0024903003924986
AASAD3,403.00000000099993,399,-0.0024903003924986
LPCOXp,403.00000000099993,400,-0.0024903003924986
GLUTCOADHm,403.00000000099993,401,-0.0024903003924986
LYSOXp,403.00000000099993,402,-0.0024903003924986
THP2Ctp,403.00000000099993,403,0.0024903003924986
ECOAH1m,403.00000000099993,404,0.0024903003924986
2OXOADOXm,403.00000000099993,405,-0.0024903003924986
CSNATr_copy2,403.00000000099993,406,0.0024903003924986
CRNCARtp,403.00000000099993,407,-0.0024903003924986
1PPDCRp,403.00000000099993,408,-0.0024903003924986
PPD2CSPp,403.00000000099993,409,-0.0024903003924986
CSNATp,403.00000000099993,410,-0.0024903003924986
2OXOADPTm,403.00000000099993,411,-0.0024903003924986
RIBt2,413.0000000010001,412,-0.0024491328006007
RBK,413.0000000010001,413,-0.0024491328006007
EX_rib__D_e,413.0000000010001,414,0.0024491328006007
ACACT1m,415.0000000009998,415,0.0024040074740893
CYTK1,416.0000000009998,416,-0.0023104685898559
NADHtru,417.5000000009999,417,-0.0022794410760503
NADtru,417.5000000009999,418,-0.0022794410760503
CLI2tex,419.0000000009998,419,-0.0017786671369915
TYRDOPO3,420.5000000009999,420,0.0016070371674621
DOPACHRMISO,420.5000000009999,421,0.0016070371674621
RPI,422.5000000010001,422,-0.0015297363706453
RPE,422.5000000010001,423,-0.0015297363706453
AACOAT,424.0000000009998,424,0.0012451501962493
PRPPS,425.0000000010001,425,-0.0008640231399413
ADPT,426.0000000009998,426,-0.0008062548251173
BIOMASS_mm_1_no_glygln,427.0000000009998,427,-0.0007990085037899
PUNP1,428.5000000009998,428,-0.0007798875444925
ADNK1,428.5000000009998,429,0.0007798875444925
CYTK8,430.5000000010001,430,0.0007751535737425
CYTK2_1,430.5000000010001,431,-0.0007751535737425
TKT1,433.0000000009998,432,-0.0007648681853226
TALA,433.0000000009998,433,-0.0007648681853226
TKT2,433.0000000009998,434,-0.0007648681853226
PPM,435.00000000099993,435,-0.0007094948953087
UMPK6,436.5000000010001,436,0.0006290274214023
NDPK7,436.5000000010001,437,0.0006290274214023
THYMDt1,438.0000000009999,438,-0.0005517520306088
MDHm,439.0000000009998,439,0.0005260169483106
THMDt4,440.0000000009999,440,0.0005201911947091
UMPK3,441.000000001,441,0.0005193725429358
LEUtec,442.5000000010001,442,-0.0004506407961375
EX_leu__L_e,442.5000000010001,443,0.0004506407961375
EX_for_e,444.00000000100005,444,-0.0004488804035694
FDH,445.00000000099993,445,0.0004344982505012
ESTRADIOLtr,447.500000001,446,0.0003787129999813
HSD17B8r,447.500000001,447,0.0003787129999813
HSD17B1,447.500000001,448,-0.0003787129999813
ESTRONEtr,447.500000001,449,-0.0003787129999813
EX_arg__L_e,450.00000000100005,450,0.0003012262059288
EX_pi_e,451.5000000010001,451,0.0002843671264991
PIt8,451.5000000010001,452,-0.0002843671264991
ADPtx,454.00000000100016,453,0.0002588787552279
EX_ile__L_e,454.00000000100016,454,0.0002588787552279
ATPtx,454.00000000100016,455,-0.0002588787552279
EX_gln__L_e,456.00000000100016,456,0.0002572807382203
EX_pro__L_e,457.00000000099993,457,0.0002500896616862
Htr,458.00000000100005,458,0.0002492736223674
EX_asn__L_e,459.0000000010001,459,0.0002301943499418
CLFORtex,460.0000000009999,460,-0.0002244402017847
DHCR72r,462.5000000010001,461,-0.0002037386530589
DHCR241r,462.5000000010001,462,-0.0002037386530589
EBP2r,462.5000000010001,463,-0.0002037386530589
LSTO2r,462.5000000010001,464,-0.0002037386530589
DHCR71r,466.5000000009998,465,0.0001893564999906
EBP1r,466.5000000009998,466,0.0001893564999906
LSTO1r,466.5000000009998,467,0.0001893564999906
DHCR243r,466.5000000009998,468,0.0001893564999906
TMDK1,469.00000000100005,469,-0.0001874207106974
TMDS,470.50000000099976,470,0.0001755953848413
DHFR,470.50000000099976,471,0.0001755953848413
NADPtxu,472.50000000100016,472,-0.0001725858368186
NADPHtxu,472.50000000100016,473,-0.0001725858368186
DURIPP,474.50000000100016,474,-0.0001676852006538
DURIK1,474.50000000100016,475,0.0001676852006538
H2Oter,476.00000000100005,476,0.0001582036837504
THYMt,478.00000000100005,477,-0.0001558598747977
EX_thym_e,478.00000000100005,478,0.0001558598747977
TMDPP,478.00000000100005,479,0.0001558598747977
O2ter,480.00000000100016,480,-0.0001294393776139
EX_glc__D_e,481.50000000099993,481,0.0001266356153361
HEX1,481.50000000099993,482,-0.0001266356153361
EX_his__L_e,483.0000000010002,483,0.0001142582160419
METtec,484.5000000010001,484,-0.000110263173523
EX_met__L_e,484.5000000010001,485,0.000110263173523
URAt,486.50000000099976,486,9.72925514699718e-05
EX_ura_e,486.50000000099976,487,-9.72925514699718e-05
THYPX,488.5000000009998,488,9.512120608257818e-05
EX_i_e,488.5000000009998,489,-9.512120608257818e-05
ARTPLM2,491.0000000009999,490,9.188597793584156e-05
AGPAT1,491.0000000009999,491,-9.188597793584156e-05
GPAM_hs,491.0000000009999,492,-9.188597793584156e-05
COAtim,493.000000001,493,-8.629291840933032e-05
DPMVDx,498.5000000010001,494,-8.629291840931124e-05
COAtp,498.5000000010001,495,8.629291840931124e-05
PMEVKx,498.5000000010001,496,-8.629291840931124e-05
PItx,498.5000000010001,497,8.629291840931124e-05
CO2tp,498.5000000010001,498,8.629291840931124e-05
MEVK1x,498.5000000010001,499,-8.629291840931124e-05
HMGCOARx,498.5000000010001,500,-8.629291840931124e-05
HMGCOAtx,498.5000000010001,501,-8.629291840931124e-05
HMGCOAtm,498.5000000010001,502,8.629291840931124e-05
HMGCOASm,498.5000000010001,503,8.629291840931124e-05
CHLPCTD,505.00000000099993,504,-8.469490140173208e-05
CEPTC,505.00000000099993,505,-8.469490140173208e-05
CHOLK,505.00000000099993,506,-8.469490140173208e-05
PPAP,507.0000000009998,507,-7.830283337141239e-05
URIK1,508.5000000009999,508,-7.039264918389269e-05
PYNP2r,508.5000000009999,509,7.039264918389269e-05
IDHPOXOXb,510.00000000100005,510,6.341413738838546e-05
CHOLtu,511.5000000010001,511,-6.152365479182402e-05
EX_chol_e,511.5000000010001,512,6.152365479182402e-05
EX_gua_e,514.000000001,513,5.776831482401162e-05
GUAt,514.000000001,514,-5.776831482401162e-05
GUAPRT,514.000000001,515,-5.776831482401162e-05
PPItx,516.000000001,516,5.752861227287416e-05
CTPS1,517.0000000010001,517,-4.4025368558825006e-05
EX_ade_e,518.5000000009999,518,3.8192606480872944e-05
ADEt,518.5000000009999,519,-3.8192606480872944e-05
EX_triodthy_e,521.5000000010001,520,3.170706869419273e-05
IDHPOXOX3,521.5000000010001,521,3.170706869419273e-05
IDHPOXOX2b,521.5000000010001,522,3.170706869419273e-05
TRIODTHYt2,521.5000000010001,523,-3.170706869419273e-05
EX_thymd_e,524.0000000010001,524,3.1560835899702025e-05
DMATTx,527.5000000009999,525,-2.876430613643708e-05
IPDDIx,527.5000000009999,526,-2.876430613643708e-05
CO2ter,527.5000000009999,527,2.876430613643708e-05
FRDPtr,527.5000000009999,528,-2.876430613643708e-05
PPItr,527.5000000009999,529,2.876430613643708e-05
GRTTx,527.5000000009999,530,-2.876430613643708e-05
PSSA1_hs,531.0000000009999,531,-2.3171246609907624e-05
PSDm_hs,533.0000000010001,532,-2.077422109853812e-05
PE_HStm,533.0000000010001,533,2.077422109853812e-05
PSFLIPm,533.0000000010001,534,-2.077422109853812e-05
SQLEr,541.5000000009998,535,-1.438215306821854e-05
FADtru,541.5000000009998,536,-1.438215306821854e-05
FORtr,541.5000000009998,537,1.438215306821854e-05
C3STKR2r,541.5000000009998,538,-1.438215306821854e-05
C4STMO1r,541.5000000009998,539,-1.438215306821854e-05
SQLSr,541.5000000009998,540,-1.438215306821854e-05
C14STRr,541.5000000009998,541,-1.438215306821854e-05
FADH2tru,541.5000000009998,542,-1.438215306821854e-05
CHSTEROLt2,541.5000000009998,543,-1.438215306821854e-05
CHSTEROLt3,541.5000000009998,544,1.438215306821854e-05
C3STDH1r,541.5000000009998,545,-1.438215306821854e-05
C4STMO2r,541.5000000009998,546,-1.438215306821854e-05
LNS14DMr,541.5000000009998,547,-1.438215306821854e-05
LNSTLSr,541.5000000009998,548,-1.438215306821854e-05
CDS,549.000000001,549,-1.3583144564428632e-05
P5CRx,550.0000000010002,550,-1.2474558820287885e-05
PUNP2,551.5000000009999,551,1.1825325856090838e-05
DADNK,551.5000000009999,552,-1.1825325856090838e-05
CDIPTr,554.0000000009999,553,-7.990085037899231e-06
MI1PS,554.0000000009999,554,-7.990085037899231e-06
MI1PP,554.0000000009999,555,-7.990085037899231e-06
PROD2,556.000000001,556,-7.990085037896954e-06
DCMPDA,557.000000001,557,7.910184187520295e-06
DGK1,559.5000000010002,558,7.91018418752024e-06
RNDR2,559.5000000010002,559,-7.91018418752024e-06
GK1,559.5000000010002,560,-7.91018418752024e-06
TRDR,559.5000000010002,561,-7.91018418752024e-06
DSAT,564.0000000010001,562,-6.392068030319363e-06
SMS,564.0000000010001,563,-6.392068030319363e-06
SERPT,564.0000000010001,564,-6.392068030319363e-06
3DSPHR,564.0000000010001,565,-6.392068030319363e-06
DHCRD2,564.0000000010001,566,-6.392068030319363e-06
PGPPT,567.5000000010002,567,-3.1960340151596816e-06
PGPP_hs,567.5000000010002,568,-3.1960340151596816e-06
CLS_hs,569.0000000010001,569,-2.397025511369748e-06
EX_ascb__L_e,570.5000000009998,570,6.938893903907228e-18
ASCBt,570.5000000009998,571,-6.938893903907228e-18
XYLK,2149.000000001,572,0.0
XSERtg,2149.000000001,573,0.0
XOLTRIOLtr,2149.000000001,574,0.0
XOLTRIOLtm,2149.000000001,575,0.0
XOLTRI27te,2149.000000001,576,0.0
XOLTRI27tc,2149.000000001,577,0.0
XOLTRI25te,2149.000000001,578,0.0
XOLTRI25tc,2149.000000001,579,0.0
XOLTRI24te,2149.000000001,580,0.0
XOLTRI24tc,2149.000000001,581,0.0
XOLESTte,2149.000000001,582,0.0
XOLEST2te,2149.000000001,583,0.0
XOLDIOLONEtm,2149.000000001,584,0.0
XOLDIOLONEt,2149.000000001,585,0.0
XOL7AONEtr,2149.000000001,586,0.0
XOL7AH2tr,2149.000000001,587,0.0
EX_acgalfucgalacgalfucgalacglcgal14acglcgalgluside_hs_e,2149.000000001,588,0.0
EX_acgalfucgalacgalfuc12gal14acglcgalgluside_hs_e,2149.000000001,589,0.0
DM_avite1_c,2149.000000001,590,0.0
ATPM,2149.000000001,591,0.0
EX_4hphac_e,2149.000000001,592,0.0
DM_Ser_Thr_l,2149.000000001,593,0.0
EX_acald_e,2149.000000001,594,0.0
EX_4hdebrisoquine_e,2149.000000001,595,0.0
EX_3mlda_e,2149.000000001,596,0.0
EX_3aib__D_e,2149.000000001,597,0.0
EX_3aib_e,2149.000000001,598,0.0
EX_35cgmp_e,2149.000000001,599,0.0
EX_34dhphe_e,2149.000000001,600,0.0
XYLTD_D,2149.000000001,601,0.0
ACGBGBSIDEtg,2149.000000001,602,0.0
ACGAMtly,2149.000000001,603,0.0
EX_meoh_e,2149.000000001,604,0.0
ACGAMPM,2149.000000001,605,0.0
ACGAMK,2149.000000001,606,0.0
EX_man_e,2149.000000001,607,0.0
EX_malttr_e,2149.000000001,608,0.0
ACGAM6PS,2149.000000001,609,0.0
ACGAM2E,2149.000000001,610,0.0
ACGALtly,2149.000000001,611,0.0
ACGALtlg,2149.000000001,612,0.0
EX_malt_e,2149.000000001,613,0.0
A4GNT2g,2149.000000001,614,0.0
ABTt,2149.000000001,615,0.0
ABTD,2149.000000001,616,0.0
ACHtn,2149.000000001,617,0.0
ACHVESSEC,2149.000000001,618,0.0
ACHEe,2149.000000001,619,0.0
ABTArm,2149.000000001,620,0.0
EX_mercplaccys_e,2149.000000001,621,0.0
AASAD3m,2149.000000001,622,0.0
ACGSm,2149.000000001,623,0.0
ACGPID,2149.000000001,624,0.0
EX_mepi_e,2149.000000001,625,0.0
ACGBGBSIDEtl,2149.000000001,626,0.0
ACNACNGALGBSIDEte,2149.000000001,627,0.0
ACNACNGAL14ACGLCGALGLUSIDEtg,2149.000000001,628,0.0
ACNACNGAL14ACGLCGALGLUSIDEte,2149.000000001,629,0.0
ACN23ACNGALGBSIDEtg,2149.000000001,630,0.0
ACN23ACNGALGBSIDEte,2149.000000001,631,0.0
ACN13ACNGALGBSIDEtg,2149.000000001,632,0.0
ACACT10m,2149.000000001,633,0.0
ABUTt2rL,2149.000000001,634,0.0
ABUTt2r,2149.000000001,635,0.0
ACN13ACNGALGBSIDEte,2149.000000001,636,0.0
ACITL,2149.000000001,637,0.0
ABUTD,2149.000000001,638,0.0
EX_na1_e,2149.000000001,639,0.0
ACACT7p,2149.000000001,640,0.0
ACNGALACGLCGAL14ACGLCGALGLUSIDEtg,2149.000000001,641,0.0
ACNGALACGLCGAL14ACGLCGALGLUSIDEte,2149.000000001,642,0.0
ACNAMtn,2149.000000001,643,0.0
ACNAMlt,2149.000000001,644,0.0
ACNAMPH,2149.000000001,645,0.0
ACACT6p,2149.000000001,646,0.0
ACACT5p,2149.000000001,647,0.0
ACACT4p,2149.000000001,648,0.0
EX_n2m2nmasn_e,2149.000000001,649,0.0
ACACT1x,2149.000000001,650,0.0
ACNAM9PL2,2149.000000001,651,0.0
ACNAM9PL,2149.000000001,652,0.0
ACNACNGALGBSIDEtg,2149.000000001,653,0.0
ACODA,2149.000000001,654,0.0
ACOATA,2149.000000001,655,0.0
ACACtx,2149.000000001,656,0.0
EX_nad_e,2149.000000001,657,0.0
ACOAH,2149.000000001,658,0.0
ACOAD8m,2149.000000001,659,0.0
EX_nac_e,2149.000000001,660,0.0
ACOAD1fm,2149.000000001,661,0.0
ACOAD10m,2149.000000001,662,0.0
ACNML,2149.000000001,663,0.0
ACACT9p,2149.000000001,664,0.0
ACACT8p,2149.000000001,665,0.0
ACCOALm,2149.000000001,666,0.0
ACCOAL,2149.000000001,667,0.0
ACCOACrm,2149.000000001,668,0.0
ACP1_FMN,2149.000000001,669,0.0
ACCOAC,2149.000000001,670,0.0
ACALDtx,2149.000000001,671,0.0
EX_ncam_e,2149.000000001,672,0.0
ACOX2x,2149.000000001,673,0.0
ACALDtr,2149.000000001,674,0.0
ACOX22x,2149.000000001,675,0.0
ACALDtm,2149.000000001,676,0.0
EX_nadp_e,2149.000000001,677,0.0
ACALDt,2149.000000001,678,0.0
ACONT,2149.000000001,679,0.0
ACGALK2,2149.000000001,680,0.0
ACGALK,2149.000000001,681,0.0
ACGALFUCGALACGALFUCGALACGLCGAL14ACGLCGALGLUSIDEtg,2149.000000001,682,0.0
ACGALFUCGALACGALFUCGALACGLCGAL14ACGLCGALGLUSIDEte,2149.000000001,683,0.0
A4GNT1g,2149.000000001,684,0.0
A4GALTg,2149.000000001,685,0.0
EX_mag_hs_e,2149.000000001,686,0.0
A4GALTc,2149.000000001,687,0.0
ACGALFUCGALACGALFUC12GAL14ACGLCGALGLUSIDEtg,2149.000000001,688,0.0
7THFtm,2149.000000001,689,0.0
7THFtl,2149.000000001,690,0.0
ACGALFUCGALACGALFUC12GAL14ACGLCGALGLUSIDEte,2149.000000001,691,0.0
ACGAGBSIDEtl,2149.000000001,692,0.0
ACGAGBSIDEtg,2149.000000001,693,0.0
ADNK1m,2149.000000001,694,0.0
ADNCYC,2149.000000001,695,0.0
ACSm,2149.000000001,696,0.0
ACS2,2149.000000001,697,0.0
EX_npthl_e,2149.000000001,698,0.0
EX_no_e,2149.000000001,699,0.0
ACCOAtr,2149.000000001,700,0.0
ACS,2149.000000001,701,0.0
ACRNtm,2149.000000001,702,0.0
ACCOAtn,2149.000000001,703,0.0
ACCOAgt,2149.000000001,704,0.0
EX_nifedipine_e,2149.000000001,705,0.0
ADNtm,2149.000000001,706,0.0
ADAe,2149.000000001,707,0.0
ADA,2149.000000001,708,0.0
ACtg,2149.000000001,709,0.0
ADNtl,2149.000000001,710,0.0
ADNt5,2149.000000001,711,0.0
ACt2r,2149.000000001,712,0.0
ADNt4,2149.000000001,713,0.0
ADNt,2149.000000001,714,0.0
ACt2m,2149.000000001,715,0.0
ACYP,2149.000000001,716,0.0
EX_nrvnc_e,2149.000000001,717,0.0
EX_nrpphrsf_e,2149.000000001,718,0.0
ADRNLPVESSEC,2149.000000001,719,0.0
ADRNCRNt,2149.000000001,720,0.0
ADRNCPT2,2149.000000001,721,0.0
ADRNCPT1,2149.000000001,722,0.0
ADRNCOAtx,2149.000000001,723,0.0
ADPRIBt,2149.000000001,724,0.0
AGDC,2149.000000001,725,0.0
ADPRDPm,2149.000000001,726,0.0
ADEtl,2149.000000001,727,0.0
ADPRDP,2149.000000001,728,0.0
ADPMAN,2149.000000001,729,0.0
EX_o2s_e,2149.000000001,730,0.0
ADPGLC,2149.000000001,731,0.0
ADSL2r,2149.000000001,732,0.0
ALOX5,2149.000000001,733,0.0
ALOX15,2149.000000001,734,0.0
AGLPED,2149.000000001,735,0.0
ALOX12R,2149.000000001,736,0.0
ADSL1r,2149.000000001,737,0.0
ADSK,2149.000000001,738,0.0
ADSELK,2149.000000001,739,0.0
AGLPC,2149.000000001,740,0.0
ADMDC,2149.000000001,741,0.0
ADKd,2149.000000001,742,0.0
ADK3m,2149.000000001,743,0.0
ADHAPtx,2149.000000001,744,0.0
ADRNt,2149.000000001,745,0.0
AG13T16g,2149.000000001,746,0.0
AG13T15g,2149.000000001,747,0.0
ALR3,2149.000000001,748,0.0
AG13T14g,2149.000000001,749,0.0
AG13T13g,2149.000000001,750,0.0
AG13T12g,2149.000000001,751,0.0
AGLPR,2149.000000001,752,0.0
AG13T11g,2149.000000001,753,0.0
AG13T10g,2149.000000001,754,0.0
AGLPH,2149.000000001,755,0.0
AFLATOXINte,2149.000000001,756,0.0
AGLPET,2149.000000001,757,0.0
ADSS,2149.000000001,758,0.0
ALOX52,2149.000000001,759,0.0
AG13T5g,2149.000000001,760,0.0
AMCOXO,2149.000000001,761,0.0
AMANK,2149.000000001,762,0.0
AGMTm,2149.000000001,763,0.0
AMACRr,2149.000000001,764,0.0
AG13T4g,2149.000000001,765,0.0
AG13T3g,2149.000000001,766,0.0
AG13T2g,2149.000000001,767,0.0
AG13T1g,2149.000000001,768,0.0
AMACRp,2149.000000001,769,0.0
AMACR2r,2149.000000001,770,0.0
AMACR2p,2149.000000001,771,0.0
AGLPT,2149.000000001,772,0.0
AM6SAD,2149.000000001,773,0.0
AG13T18g,2149.000000001,774,0.0
AG13T17g,2149.000000001,775,0.0
AMPtp,2149.000000001,776,0.0
ARTFR206,2149.000000001,777,0.0
ARTFR205,2149.000000001,778,0.0
AG13T9g,2149.000000001,779,0.0
AMPTASECGe,2149.000000001,780,0.0
AMPTASECG,2149.000000001,781,0.0
AMPDA,2149.000000001,782,0.0
AMETtn,2149.000000001,783,0.0
AGPRim,2149.000000001,784,0.0
AMETt2m,2149.000000001,785,0.0
AG13T8g,2149.000000001,786,0.0
AG13T7g,2149.000000001,787,0.0
AG13T6g,2149.000000001,788,0.0
AMETr,2149.000000001,789,0.0
ANDRSTRNte,2149.000000001,790,0.0
ARTFR213,2149.000000001,791,0.0
AGTim,2149.000000001,792,0.0
ARTFR212,2149.000000001,793,0.0
ANDRSTRNGLCtr,2149.000000001,794,0.0
ANDRSTRNGLCte,2149.000000001,795,0.0
ARTFR211,2149.000000001,796,0.0
AGPex,2149.000000001,797,0.0
ARTFR210,2149.000000001,798,0.0
AMY2e,2149.000000001,799,0.0
ARTFR209,2149.000000001,800,0.0
ARTFR208,2149.000000001,801,0.0
ARTFR207,2149.000000001,802,0.0
AMY1e,2149.000000001,803,0.0
AMPtr,2149.000000001,804,0.0
AGPSx,2149.000000001,805,0.0
7DHFtm,2149.000000001,806,0.0
7DHFtl,2149.000000001,807,0.0
EX_lpchol_hs_e,2149.000000001,808,0.0
7DHCHSTEROLtr,2149.000000001,809,0.0
6THFtm,2149.000000001,810,0.0
6THFtl,2149.000000001,811,0.0
5ADTSTSTERONEtr,2149.000000001,812,0.0
5ADTSTSTERONEte,2149.000000001,813,0.0
5ADTSTSTERONESte,2149.000000001,814,0.0
5ADTSTSTERONESULT,2149.000000001,815,0.0
5ADTSTSTERONEGLCtr,2149.000000001,816,0.0
5ADTSTSTERONEGLCte,2149.000000001,817,0.0
6HTSTSTERONEtr,2149.000000001,818,0.0
6HTSTSTERONEte,2149.000000001,819,0.0
6DHFtm,2149.000000001,820,0.0
6DHFtl,2149.000000001,821,0.0
APOC_LYS_BTNPm,2149.000000001,822,0.0
APOC_LYS_BTNP,2149.000000001,823,0.0
ARTFR43,2149.000000001,824,0.0
ARTFR42,2149.000000001,825,0.0
APNNOXte,2149.000000001,826,0.0
APAT2rm,2149.000000001,827,0.0
AP4AH1,2149.000000001,828,0.0
ARTFR34,2149.000000001,829,0.0
ARTFR33,2149.000000001,830,0.0
ARTFR32,2149.000000001,831,0.0
ANTIPYRENEte,2149.000000001,832,0.0
ARTFR31,2149.000000001,833,0.0
ANDRSTRNtr,2149.000000001,834,0.0
ARTFR54,2149.000000001,835,0.0
ARAB_Lt,2149.000000001,836,0.0
AQCOBALt,2149.000000001,837,0.0
APRTO2,2149.000000001,838,0.0
ARTFR53,2149.000000001,839,0.0
ARTFR52,2149.000000001,840,0.0
AHANDROSTANGLCtr,2149.000000001,841,0.0
ARTFR51,2149.000000001,842,0.0
APRGSTRNte,2149.000000001,843,0.0
APPNNte,2149.000000001,844,0.0
APOCFm,2149.000000001,845,0.0
APOCF,2149.000000001,846,0.0
ARTFR46,2149.000000001,847,0.0
ARTFR45,2149.000000001,848,0.0
AHANDROSTANGLCte,2149.000000001,849,0.0
ARTFR44,2149.000000001,850,0.0
ARACHDtr,2149.000000001,851,0.0
ARACHDt2,2149.000000001,852,0.0
AHCYStn,2149.000000001,853,0.0
ARACHDCOAtx,2149.000000001,854,0.0
ARACHCRNt,2149.000000001,855,0.0
ARACHCPT2,2149.000000001,856,0.0
ARACHCPT1,2149.000000001,857,0.0
ARABR,2149.000000001,858,0.0
ARTFR57,2149.000000001,859,0.0
ARTFR56,2149.000000001,860,0.0
ARTFR55,2149.000000001,861,0.0
AHCi,2149.000000001,862,0.0
ARGSS,2149.000000001,863,0.0
ARGSL,2149.000000001,864,0.0
ASCBOX,2149.000000001,865,0.0
AHCYStr,2149.000000001,866,0.0
ASAH1,2149.000000001,867,0.0
ARTPLM3m,2149.000000001,868,0.0
ARGNm,2149.000000001,869,0.0
ARGN,2149.000000001,870,0.0
ARGLYSex,2149.000000001,871,0.0
ARGDCm,2149.000000001,872,0.0
ARTPLM3,2149.000000001,873,0.0
ARTPLM2m,2149.000000001,874,0.0
ARTPLM1m,2149.000000001,875,0.0
ARTFR12,2149.000000001,876,0.0
ARTFR11,2149.000000001,877,0.0
ARTCOAL3,2149.000000001,878,0.0
AICART,2149.000000001,879,0.0
ARTCOAL2,2149.000000001,880,0.0
ASNNm,2149.000000001,881,0.0
AHEXASEly,2149.000000001,882,0.0
ASNGLNNaEx,2149.000000001,883,0.0
ARSA,2149.000000001,884,0.0
ARGtm,2149.000000001,885,0.0
AHEXASE2ly,2149.000000001,886,0.0
ASCBt4,2149.000000001,887,0.0
5THFtm,2149.000000001,888,0.0
5THFtl,2149.000000001,889,0.0
4PYRDX,2149.000000001,890,0.0
4NPHte,2149.000000001,891,0.0
5MTHFt2,2149.000000001,892,0.0
5HXKYNOXDA,2149.000000001,893,0.0
5HXKYNDCL,2149.000000001,894,0.0
4NPHSFte,2149.000000001,895,0.0
4MTOLBUTAMIDEte,2149.000000001,896,0.0
4MPTNLtr,2149.000000001,897,0.0
5HTRPVESSEC,2149.000000001,898,0.0
5HTRPDOX,2149.000000001,899,0.0
4MPTNLtm,2149.000000001,900,0.0
ATPasel,2149.000000001,901,0.0
ASPDxt,2149.000000001,902,0.0
ASPDt6,2149.000000001,903,0.0
AIRCr,2149.000000001,904,0.0
ASPCT,2149.000000001,905,0.0
ARTFR203,2149.000000001,906,0.0
ARTFR202,2149.000000001,907,0.0
ASP1DC,2149.000000001,908,0.0
ASNtm,2149.000000001,909,0.0
ASNTHRNaEx,2149.000000001,910,0.0
ASNS1,2149.000000001,911,0.0
B3GNT12g,2149.000000001,912,0.0
B3GNT11g,2149.000000001,913,0.0
B3GALTg,2149.000000001,914,0.0
B3GALT5g,2149.000000001,915,0.0
B3GALT44g,2149.000000001,916,0.0
B3GALT43g,2149.000000001,917,0.0
B3GALT42g,2149.000000001,918,0.0
B3GALT41g,2149.000000001,919,0.0
B3GALT3g,2149.000000001,920,0.0
Asn_X_Ser_Thrtr,2149.000000001,921,0.0
A_MANASEly,2149.000000001,922,0.0
A_MANASE,2149.000000001,923,0.0
AVITE2t,2149.000000001,924,0.0
AVITE1t,2149.000000001,925,0.0
ATPtn,2149.000000001,926,0.0
B3GNT51g,2149.000000001,927,0.0
B3GNT39g,2149.000000001,928,0.0
B3GNT38g,2149.000000001,929,0.0
B3GNT37g,2149.000000001,930,0.0
B3GNT36g,2149.000000001,931,0.0
B3GNT35g,2149.000000001,932,0.0
B3GNT34g,2149.000000001,933,0.0
B3GNT33g,2149.000000001,934,0.0
B3GNT32g,2149.000000001,935,0.0
B3GNT31g,2149.000000001,936,0.0
B3GNT315g,2149.000000001,937,0.0
B3GNT314g,2149.000000001,938,0.0
B3GNT313g,2149.000000001,939,0.0
B3GNT312g,2149.000000001,940,0.0
B3GNT311g,2149.000000001,941,0.0
B3GNT310g,2149.000000001,942,0.0
BDMT_U,2149.000000001,943,0.0
BDMT_L,2149.000000001,944,0.0
BCDO,2149.000000001,945,0.0
BBHOX,2149.000000001,946,0.0
BAMPPALDOXm,2149.000000001,947,0.0
BAMPPALDOX,2149.000000001,948,0.0
BALAtmr,2149.000000001,949,0.0
BALAVECSEC,2149.000000001,950,0.0
BACCLm,2149.000000001,951,0.0
BACCL,2149.000000001,952,0.0
BAAT5x,2149.000000001,953,0.0
BAAT4x,2149.000000001,954,0.0
BAAT3x,2149.000000001,955,0.0
BAAT2x,2149.000000001,956,0.0
BAAT1x,2149.000000001,957,0.0
CGLYt3_2,2149.000000001,958,0.0
CERT2rt,2149.000000001,959,0.0
CERT2gt,2149.000000001,960,0.0
CERT1rt,2149.000000001,961,0.0
CERT1gt,2149.000000001,962,0.0
CERK,2149.000000001,963,0.0
CEPTE,2149.000000001,964,0.0
CDSm,2149.000000001,965,0.0
BILDGLCURtr,2149.000000001,966,0.0
BILDGLCURte,2149.000000001,967,0.0
BHMT,2149.000000001,968,0.0
BETALDHxm,2149.000000001,969,0.0
BETALDHx,2149.000000001,970,0.0
CHOLtn,2149.000000001,971,0.0
CHOLtg,2149.000000001,972,0.0
CHOLt4,2149.000000001,973,0.0
CHOLPtl,2149.000000001,974,0.0
CHOLPtg,2149.000000001,975,0.0
CHOLD2m,2149.000000001,976,0.0
CHOLATEt3,2149.000000001,977,0.0
CHOLATEt2,2149.000000001,978,0.0
CHLtm,2149.000000001,979,0.0
CHLP,2149.000000001,980,0.0
CHATn,2149.000000001,981,0.0
CHAT,2149.000000001,982,0.0
CH25H,2149.000000001,983,0.0
CGMPt,2149.000000001,984,0.0
4MPTNLte,2149.000000001,985,0.0
5HOXINOXDA,2149.000000001,986,0.0
5HOXINDACTOXm,2149.000000001,987,0.0
5HOXINDACTOX,2149.000000001,988,0.0
4HOXPACDOX_NADP,2149.000000001,989,0.0
4HGLSDm,2149.000000001,990,0.0
4HDEBRISOQUINEte,2149.000000001,991,0.0
5HOXINDACTO2OX,2149.000000001,992,0.0
5HOMEPRAZOLEte,2149.000000001,993,0.0
5FTHFt2,2149.000000001,994,0.0
5DHFtl,2149.000000001,995,0.0
4HBZFm,2149.000000001,996,0.0
CITt4_4,2149.000000001,997,0.0
CITt4_2,2149.000000001,998,0.0
CITMCOALm,2149.000000001,999,0.0
CITMCOAHm,2149.000000001,1000,0.0
CITL,2149.000000001,1001,0.0
CHTNASEe,2149.000000001,1002,0.0
CHTNASE,2149.000000001,1003,0.0
CHSTEROLtg,2149.000000001,1004,0.0
CHSTEROLt1,2149.000000001,1005,0.0
CHSTEROLt,2149.000000001,1006,0.0
CHSTEROLSULT,2149.000000001,1007,0.0
CHOLtr,2149.000000001,1008,0.0
CLPNDt,2149.000000001,1009,0.0
CLPNDCRNt,2149.000000001,1010,0.0
CLPNDCPT2,2149.000000001,1011,0.0
CLPNDCPT1,2149.000000001,1012,0.0
CLPNDCOAtx,2149.000000001,1013,0.0
CLOHtex2,2149.000000001,1014,0.0
CLHCOtex,2149.000000001,1015,0.0
CLFORtex2,2149.000000001,1016,0.0
CKc,2149.000000001,1017,0.0
CK,2149.000000001,1018,0.0
CITtbm,2149.000000001,1019,0.0
CITtam,2149.000000001,1020,0.0
4HBZCOAFm,2149.000000001,1021,0.0
4ABUTtm,2149.000000001,1022,0.0
42A12BOOX,2149.000000001,1023,0.0
EX_lipoate_e,2149.000000001,1024,0.0
5AOPtm,2149.000000001,1025,0.0
EX_limnen_e,2149.000000001,1026,0.0
41R2A1H12BOOX,2149.000000001,1027,0.0
41R1H2MAE12BOOX,2149.000000001,1028,0.0
EX_lgnc_e,2149.000000001,1029,0.0
EX_leuktrF4_e,2149.000000001,1030,0.0
2DR1PP,2149.000000001,1031,0.0
EX_leuktrE4_e,2149.000000001,1032,0.0
2AMADPTm,2149.000000001,1033,0.0
CYSGLTH,2149.000000001,1034,0.0
CYSAMO,2149.000000001,1035,0.0
CO2tn,2149.000000001,1036,0.0
CO2tg,2149.000000001,1037,0.0
CMPSASn,2149.000000001,1038,0.0
ACNMCT,2149.000000001,1039,0.0
CMPACNAtn,2149.000000001,1040,0.0
CMPACNAtg,2149.000000001,1041,0.0
CYTD,2149.000000001,1042,0.0
CYSTSERex,2149.000000001,1043,0.0
CYSTS,2149.000000001,1044,0.0
CYSTGLUex,2149.000000001,1045,0.0
CYSTGL,2149.000000001,1046,0.0
CYSTAm,2149.000000001,1047,0.0
CYSTA,2149.000000001,1048,0.0
CYSSERNaEx,2149.000000001,1049,0.0
CYSLYSL,2149.000000001,1050,0.0
CYSGLYex_copy1,2149.000000001,1051,0.0
CYTK12n,2149.000000001,1052,0.0
CYTK12,2149.000000001,1053,0.0
CYTK11n,2149.000000001,1054,0.0
CYTK11,2149.000000001,1055,0.0
CYTK10n,2149.000000001,1056,0.0
CYTK10,2149.000000001,1057,0.0
CYTDtn,2149.000000001,1058,0.0
CYTDtm,2149.000000001,1059,0.0
CYTDtl,2149.000000001,1060,0.0
CYTDt5,2149.000000001,1061,0.0
CYTDt4,2149.000000001,1062,0.0
CYTDt,2149.000000001,1063,0.0
CYTDn,2149.000000001,1064,0.0
CYTDK2m,2149.000000001,1065,0.0
CYTDK1,2149.000000001,1066,0.0
CYTK6n,2149.000000001,1067,0.0
CPK1,2149.000000001,1068,0.0
CYTK5n,2149.000000001,1069,0.0
CYTK4n,2149.000000001,1070,0.0
CYTK3n,2149.000000001,1071,0.0
CYTK2n,2149.000000001,1072,0.0
CYTK2,2149.000000001,1073,0.0
CYTK1n,2149.000000001,1074,0.0
CYTK1m,2149.000000001,1075,0.0
CYTK14n,2149.000000001,1076,0.0
CYTK14,2149.000000001,1077,0.0
CYTK13n,2149.000000001,1078,0.0
3SALAOX,2149.000000001,1079,0.0
2AMACSULT,2149.000000001,1080,0.0
25VITD3Hm,2149.000000001,1081,0.0
25VITD2Hm,2149.000000001,1082,0.0
25HVITD3tm,2149.000000001,1083,0.0
EX_leuktrD4_e,2149.000000001,1084,0.0
25HVITD3tin_m,2149.000000001,1085,0.0
3SALACBOXL,2149.000000001,1086,0.0
25HVITD3tin,2149.000000001,1087,0.0
25HVITD3t,2149.000000001,1088,0.0
25HVITD2tm,2149.000000001,1089,0.0
25HVITD2tin_m,2149.000000001,1090,0.0
3NTD7l,2149.000000001,1091,0.0
DAGKn_hs,2149.000000001,1092,0.0
DADNt4,2149.000000001,1093,0.0
DADAe,2149.000000001,1094,0.0
DADA,2149.000000001,1095,0.0
D3AIBTm,2149.000000001,1096,0.0
D_LACtm,2149.000000001,1097,0.0
D_LACt2,2149.000000001,1098,0.0
D_3AIBt,2149.000000001,1099,0.0
CytOxe,2149.000000001,1100,0.0
CYTK9n,2149.000000001,1101,0.0
CYTK9,2149.000000001,1102,0.0
CYTK8n,2149.000000001,1103,0.0
CYTK7n,2149.000000001,1104,0.0
DMANTIPYRINEte,2149.000000001,1105,0.0
DLNLCGt,2149.000000001,1106,0.0
DLNLCGCRNt,2149.000000001,1107,0.0
DLNLCGCPT2,2149.000000001,1108,0.0
DLNLCGCPT1,2149.000000001,1109,0.0
DKMPPD,2149.000000001,1110,0.0
DITPtn,2149.000000001,1111,0.0
DINt,2149.000000001,1112,0.0
DIGALSIDEtl,2149.000000001,1113,0.0
DIGALSIDEtg,2149.000000001,1114,0.0
DIGALSGALSIDEtg,2149.000000001,1115,0.0
DIGALSGALSIDEte,2149.000000001,1116,0.0
DAGt,2149.000000001,1117,0.0
DAG_HSter,2149.000000001,1118,0.0
DNDPt10m,2149.000000001,1119,0.0
DNAMTn,2149.000000001,1120,0.0
DNAMTSEn,2149.000000001,1121,0.0
DNADtn,2149.000000001,1122,0.0
DNADDP,2149.000000001,1123,0.0
DMNONCRNt,2149.000000001,1124,0.0
C110CPT2m_copy2,2149.000000001,1125,0.0
DMNONCOACRNCPT1,2149.000000001,1126,0.0
DMHPTCRNte,2149.000000001,1127,0.0
DMHPTCRNt,2149.000000001,1128,0.0
DMHPTCRNCPT2,2149.000000001,1129,0.0
DMHPTCRNCPT1,2149.000000001,1130,0.0
DMGtm,2149.000000001,1131,0.0
DMGDHm,2149.000000001,1132,0.0
DMATT,2149.000000001,1133,0.0
DNDPt25m,2149.000000001,1134,0.0
DNDPt24m,2149.000000001,1135,0.0
DNDPt23m,2149.000000001,1136,0.0
DNDPt22m,2149.000000001,1137,0.0
DNDPt21m,2149.000000001,1138,0.0
DNDPt20m,2149.000000001,1139,0.0
DNDPt1m,2149.000000001,1140,0.0
DNDPt19m,2149.000000001,1141,0.0
DNDPt18m,2149.000000001,1142,0.0
DNDPt17m,2149.000000001,1143,0.0
DNDPt16m,2149.000000001,1144,0.0
DNDPt15m,2149.000000001,1145,0.0
DNDPt14m,2149.000000001,1146,0.0
DNDPt13m,2149.000000001,1147,0.0
DNDPt12m,2149.000000001,1148,0.0
DNDPt11m,2149.000000001,1149,0.0
DNDPt3m,2149.000000001,1150,0.0
DNDPt39m,2149.000000001,1151,0.0
DNDPt38m,2149.000000001,1152,0.0
DNDPt37m,2149.000000001,1153,0.0
DNDPt36m,2149.000000001,1154,0.0
DNDPt35m,2149.000000001,1155,0.0
DNDPt34m,2149.000000001,1156,0.0
DNDPt33m,2149.000000001,1157,0.0
DNDPt32m,2149.000000001,1158,0.0
DNDPt31m,2149.000000001,1159,0.0
DNDPt30m,2149.000000001,1160,0.0
DNDPt2m,2149.000000001,1161,0.0
DNDPt29m,2149.000000001,1162,0.0
DNDPt28m,2149.000000001,1163,0.0
DNDPt27m,2149.000000001,1164,0.0
DNDPt26m,2149.000000001,1165,0.0
DPROOp,2149.000000001,1166,0.0
DPPS,2149.000000001,1167,0.0
DPHMBDCm,2149.000000001,1168,0.0
DPGase,2149.000000001,1169,0.0
DNDPt4m,2149.000000001,1170,0.0
DNDPt49m,2149.000000001,1171,0.0
DNDPt48m,2149.000000001,1172,0.0
DNDPt47m,2149.000000001,1173,0.0
DNDPt46m,2149.000000001,1174,0.0
DNDPt45m,2149.000000001,1175,0.0
DNDPt44m,2149.000000001,1176,0.0
DNDPt43m,2149.000000001,1177,0.0
DNDPt42m,2149.000000001,1178,0.0
DNDPt41m,2149.000000001,1179,0.0
DNDPt40m,2149.000000001,1180,0.0
DURItn,2149.000000001,1181,0.0
DURIt,2149.000000001,1182,0.0
DURIK1m,2149.000000001,1183,0.0
DURAD2,2149.000000001,1184,0.0
DURAD,2149.000000001,1185,0.0
DUMPtn,2149.000000001,1186,0.0
DUDPtn,2149.000000001,1187,0.0
DTTPtn,2149.000000001,1188,0.0
DTMPK,2149.000000001,1189,0.0
DTDPtn,2149.000000001,1190,0.0
DRPA,2149.000000001,1191,0.0
DRIBt,2149.000000001,1192,0.0
DRBK,2149.000000001,1193,0.0
EHGLAT,2149.000000001,1194,0.0
EGMESTr,2149.000000001,1195,0.0
ECOAH9m,2149.000000001,1196,0.0
ECOAH1x,2149.000000001,1197,0.0
ECGISOr,2149.000000001,1198,0.0
EBASTINEtr,2149.000000001,1199,0.0
EBASTINEte,2149.000000001,1200,0.0
EBASTINEOHtr,2149.000000001,1201,0.0
EBASTINEOHte,2149.000000001,1202,0.0
EAFLATOXINte,2149.000000001,1203,0.0
DUTPDPn,2149.000000001,1204,0.0
DUTPDPm,2149.000000001,1205,0.0
3MOXTYROX,2149.000000001,1206,0.0
3MOX4HOXPGALDOX_NADP,2149.000000001,1207,0.0
3MOX4HOXPGALDOX,2149.000000001,1208,0.0
25HVITD2tin,2149.000000001,1209,0.0
25HVITD2t,2149.000000001,1210,0.0
EX_leuktrC4_e,2149.000000001,1211,0.0
24NPHte,2149.000000001,1212,0.0
3MLDAt,2149.000000001,1213,0.0
3M4HDXPAC,2149.000000001,1214,0.0
EX_leuktrB4_e,2149.000000001,1215,0.0
3HXKYNOXDA,2149.000000001,1216,0.0
24_25VITD3Hm,2149.000000001,1217,0.0
24_25VITD2Hm,2149.000000001,1218,0.0
3HXKYNDCL,2149.000000001,1219,0.0
ENMAN1g,2149.000000001,1220,0.0
ENGASEly,2149.000000001,1221,0.0
ENGASE3ly,2149.000000001,1222,0.0
ENGASE2ly,2149.000000001,1223,0.0
ENGASE2,2149.000000001,1224,0.0
ENGASE,2149.000000001,1225,0.0
ELAIDCRNt,2149.000000001,1226,0.0
ELAIDCPT2,2149.000000001,1227,0.0
ELAIDCPT1,2149.000000001,1228,0.0
EICOSTETt,2149.000000001,1229,0.0
EICOSTETCRNt,2149.000000001,1230,0.0
EICOSTETCPT2,2149.000000001,1231,0.0
EICOSTETCPT1,2149.000000001,1232,0.0
EHGLATm,2149.000000001,1233,0.0
EHGLAT2m,2149.000000001,1234,0.0
ESTRONEGLCtr,2149.000000001,1235,0.0
ESTRONEGLCt,2149.000000001,1236,0.0
ESTRIOLtr,2149.000000001,1237,0.0
ESTRIOLGLCtr,2149.000000001,1238,0.0
ESTRIOLGLCte,2149.000000001,1239,0.0
ESTRADIOLt,2149.000000001,1240,0.0
ESTRADIOLGLCtr,2149.000000001,1241,0.0
ESTRADIOLGLCt2,2149.000000001,1242,0.0
EPCTX,2149.000000001,1243,0.0
ENO,2149.000000001,1244,0.0
ENMAN6g,2149.000000001,1245,0.0
ENMAN5g,2149.000000001,1246,0.0
ENMAN4g,2149.000000001,1247,0.0
ENMAN3g,2149.000000001,1248,0.0
ENMAN2g,2149.000000001,1249,0.0
FA140ACPHi,2149.000000001,1250,0.0
FA120ACPHi,2149.000000001,1251,0.0
F6Tg,2149.000000001,1252,0.0
F1PGT,2149.000000001,1253,0.0
F1Atg,2149.000000001,1254,0.0
ETOHtx,2149.000000001,1255,0.0
ETOHt,2149.000000001,1256,0.0
ETOHMO,2149.000000001,1257,0.0
ETHP,2149.000000001,1258,0.0
ETHAK,2149.000000001,1259,0.0
FALDtm,2149.000000001,1260,0.0
ESTSULT,2149.000000001,1261,0.0
ESTRONESt2,2149.000000001,1262,0.0
FACOAL1812,2149.000000001,1263,0.0
FACOAL170,2149.000000001,1264,0.0
FACOAL150,2149.000000001,1265,0.0
FA182ACPH,2149.000000001,1266,0.0
FA1822ACPH,2149.000000001,1267,0.0
FA1821ACPH,2149.000000001,1268,0.0
FA181ACPH,2149.000000001,1269,0.0
FA180ACPH,2149.000000001,1270,0.0
FA161ACPHi,2149.000000001,1271,0.0
FA160ACPHi,2149.000000001,1272,0.0
FA141ACPHi,2149.000000001,1273,0.0
3HPPD,2149.000000001,1274,0.0
EX_leuktrA4_e,2149.000000001,1275,0.0
3HPCOAHYD,2149.000000001,1276,0.0
24_25DHVITD3tm,2149.000000001,1277,0.0
24_25DHVITD3t,2149.000000001,1278,0.0
24_25DHVITD2tm,2149.000000001,1279,0.0
24_25DHVITD2t,2149.000000001,1280,0.0
EX_lcts_e,2149.000000001,1281,0.0
1a_25VITD3Hm,2149.000000001,1282,0.0
3HKYNAKGAT,2149.000000001,1283,0.0
3HCO3_NAt,2149.000000001,1284,0.0
1a_25VITD2Hm,2149.000000001,1285,0.0
1a_24_25VITD3Hm,2149.000000001,1286,0.0
1a_24_25VITD2Hm,2149.000000001,1287,0.0
BMTer_L,2149.000000001,1288,0.0
BIOCYTtn,2149.000000001,1289,0.0
BILIRUBtr,2149.000000001,1290,0.0
BILIRED,2149.000000001,1291,0.0
BILGLCURtr,2149.000000001,1292,0.0
BILGLCURte,2149.000000001,1293,0.0
ATPH2e,2149.000000001,1294,0.0
ATPH1e,2149.000000001,1295,0.0
ATP2ter,2149.000000001,1296,0.0
ATP1ter,2149.000000001,1297,0.0
ASPNATm,2149.000000001,1298,0.0
BUTt2m,2149.000000001,1299,0.0
BUP2,2149.000000001,1300,0.0
BTNtn,2149.000000001,1301,0.0
BTNt4i,2149.000000001,1302,0.0
BTNt3i,2149.000000001,1303,0.0
BTNt2m,2149.000000001,1304,0.0
BTNt2i,2149.000000001,1305,0.0
BTNPLm,2149.000000001,1306,0.0
BTNPL,2149.000000001,1307,0.0
BTNDm,2149.000000001,1308,0.0
BTNDe,2149.000000001,1309,0.0
BTND1n,2149.000000001,1310,0.0
BTND1,2149.000000001,1311,0.0
BPNT2,2149.000000001,1312,0.0
BPNT,2149.000000001,1313,0.0
BMTer_U,2149.000000001,1314,0.0
C161CRNt,2149.000000001,1315,0.0
C161CRN2t,2149.000000001,1316,0.0
C161CPT22,2149.000000001,1317,0.0
C161CPT2,2149.000000001,1318,0.0
C161CPT12,2149.000000001,1319,0.0
C161CPT1,2149.000000001,1320,0.0
C160CRNt,2149.000000001,1321,0.0
C160CPT2,2149.000000001,1322,0.0
C160CPT1,2149.000000001,1323,0.0
C110CPT2m_copy1,2149.000000001,1324,0.0
B_MANNASEly,2149.000000001,1325,0.0
BZtr,2149.000000001,1326,0.0
BZt,2149.000000001,1327,0.0
BVITEt,2149.000000001,1328,0.0
BUTt2r,2149.000000001,1329,0.0
C3STDH1Pr,2149.000000001,1330,0.0
C2M26DCOAHLx,2149.000000001,1331,0.0
C2M26DCOAHLm,2149.000000001,1332,0.0
C226CRNt,2149.000000001,1333,0.0
C226CPT2,2149.000000001,1334,0.0
C226CPT1,2149.000000001,1335,0.0
C226COAtx,2149.000000001,1336,0.0
C204CRNt,2149.000000001,1337,0.0
C204CPT2,2149.000000001,1338,0.0
C204CPT1,2149.000000001,1339,0.0
C181CRNt,2149.000000001,1340,0.0
C181CPT2,2149.000000001,1341,0.0
C181CPT1,2149.000000001,1342,0.0
C180CRNt,2149.000000001,1343,0.0
C180CPT2,2149.000000001,1344,0.0
C180CPT1,2149.000000001,1345,0.0
CBLATm,2149.000000001,1346,0.0
CBL2tm,2149.000000001,1347,0.0
CBL2OR,2149.000000001,1348,0.0
CATm,2149.000000001,1349,0.0
CAT2p,2149.000000001,1350,0.0
CARVEOLte,2149.000000001,1351,0.0
CAROtr,2149.000000001,1352,0.0
CAMPt,2149.000000001,1353,0.0
CAATPS,2149.000000001,1354,0.0
C4STMO2Pr,2149.000000001,1355,0.0
COAtn,2149.000000001,1356,0.0
COAtl,2149.000000001,1357,0.0
COAtg,2149.000000001,1358,0.0
CDPDAGtm,2149.000000001,1359,0.0
CCA_D3tm,2149.000000001,1360,0.0
CCA_D3t,2149.000000001,1361,0.0
CBR2,2149.000000001,1362,0.0
CBR1,2149.000000001,1363,0.0
CBPter,2149.000000001,1364,0.0
CBPSam,2149.000000001,1365,0.0
CBPS,2149.000000001,1366,0.0
CBPPer,2149.000000001,1367,0.0
COt,2149.000000001,1368,0.0
COUMARINte,2149.000000001,1369,0.0
COUCOAFm,2149.000000001,1370,0.0
CORE8GTg,2149.000000001,1371,0.0
CORE7GTg,2149.000000001,1372,0.0
CORE6GTg,2149.000000001,1373,0.0
CORE5GTg,2149.000000001,1374,0.0
CORE4GTg,2149.000000001,1375,0.0
CORE3GTg,2149.000000001,1376,0.0
COQ7m,2149.000000001,1377,0.0
COQ6m,2149.000000001,1378,0.0
COQ5m,2149.000000001,1379,0.0
COQ3m,2149.000000001,1380,0.0
COKECBESr,2149.000000001,1381,0.0
COAtr,2149.000000001,1382,0.0
1MNCAMti,2149.000000001,1383,0.0
13DAMPPOX,2149.000000001,1384,0.0
3HBCDm,2149.000000001,1385,0.0
3HAO,2149.000000001,1386,0.0
EX_lac__L_e,2149.000000001,1387,0.0
3DPHBH2,2149.000000001,1388,0.0
3DPHBH1,2149.000000001,1389,0.0
11DOCRTSTRNtr,2149.000000001,1390,0.0
11DOCRTSTRNtm,2149.000000001,1391,0.0
11DOCRTSLtr,2149.000000001,1392,0.0
3AIBtm,2149.000000001,1393,0.0
3AIBt,2149.000000001,1394,0.0
EX_lac__D_e,2149.000000001,1395,0.0
CRTSLtm,2149.000000001,1396,0.0
CRTSLt,2149.000000001,1397,0.0
CRTNsyn,2149.000000001,1398,0.0
CRNtx,2149.000000001,1399,0.0
CRNtuNa,2149.000000001,1400,0.0
CRNt_copy2,2149.000000001,1401,0.0
CRNtim,2149.000000001,1402,0.0
CRNtHa,2149.000000001,1403,0.0
CRNt_copy1,2149.000000001,1404,0.0
CRNCAR3tp,2149.000000001,1405,0.0
CRMPte,2149.000000001,1406,0.0
CREATtmdiffir,2149.000000001,1407,0.0
CREATt4_2_r,2149.000000001,1408,0.0
CPPPGO,2149.000000001,1409,0.0
CPCTDTX,2149.000000001,1410,0.0
CSNATm,2149.000000001,1411,0.0
CSNATer,2149.000000001,1412,0.0
CSNAT3x,2149.000000001,1413,0.0
CSNAT2x,2149.000000001,1414,0.0
CSNAT2m,2149.000000001,1415,0.0
CSNATr_copy1,2149.000000001,1416,0.0
CSEPASEly,2149.000000001,1417,0.0
CSDPASEly,2149.000000001,1418,0.0
CSCPASEly,2149.000000001,1419,0.0
CSBPASEly,2149.000000001,1420,0.0
CSAPASEly,2149.000000001,1421,0.0
CRVNCtr,2149.000000001,1422,0.0
CRTSTRNtr,2149.000000001,1423,0.0
CRTSTRNtm,2149.000000001,1424,0.0
CRTSTRNt,2149.000000001,1425,0.0
CRTSLtr,2149.000000001,1426,0.0
CSPG_Etly,2149.000000001,1427,0.0
CSPG_Et,2149.000000001,1428,0.0
CSPG_Dtly,2149.000000001,1429,0.0
CSPG_Dt,2149.000000001,1430,0.0
CSPG_Ctly,2149.000000001,1431,0.0
CSPG_Ct,2149.000000001,1432,0.0
CSPG_Btly,2149.000000001,1433,0.0
CSPG_Bt,2149.000000001,1434,0.0
CSPG_Atly,2149.000000001,1435,0.0
CSPG_At,2149.000000001,1436,0.0
CSNt,2149.000000001,1437,0.0
CSND,2149.000000001,1438,0.0
DCK1m,2149.000000001,1439,0.0
DCIm,2149.000000001,1440,0.0
DATPtn,2149.000000001,1441,0.0
DASPO1p,2149.000000001,1442,0.0
DASCBH,2149.000000001,1443,0.0
DARGOp,2149.000000001,1444,0.0
DALAt2rL,2149.000000001,1445,0.0
CYOOm3,2149.000000001,1446,0.0
CYANtm,2149.000000001,1447,0.0
CYANt,2149.000000001,1448,0.0
CYANSTm,2149.000000001,1449,0.0
CTPtn,2149.000000001,1450,0.0
CTPS2,2149.000000001,1451,0.0
DECDPtm,2149.000000001,1452,0.0
DEBRISOQUINEt,2149.000000001,1453,0.0
DDPGAm,2149.000000001,1454,0.0
DCYTt,2149.000000001,1455,0.0
DCYTDn,2149.000000001,1456,0.0
DCYTD,2149.000000001,1457,0.0
DCTPtn,2149.000000001,1458,0.0
DCSPTN1t,2149.000000001,1459,0.0
DCSPTN1CRNt,2149.000000001,1460,0.0
DCSPTN1CPT2,2149.000000001,1461,0.0
DCSPTN1CPT1,2149.000000001,1462,0.0
DCSPTN1COAtx,2149.000000001,1463,0.0
DCK2n,2149.000000001,1464,0.0
DCK1n,2149.000000001,1465,0.0
3AIBTm,2149.000000001,1466,0.0
11DOCRTSLtm,2149.000000001,1467,0.0
35CGMPtn,2149.000000001,1468,0.0
10FTHFtm,2149.000000001,1469,0.0
10FTHFtl,2149.000000001,1470,0.0
10FTHF7GLUtm,2149.000000001,1471,0.0
EX_ksii_core4_e,2149.000000001,1472,0.0
34HPLFM,2149.000000001,1473,0.0
10FTHF7GLUtl,2149.000000001,1474,0.0
10FTHF6GLUtm,2149.000000001,1475,0.0
34DHPLACOX_NADP,2149.000000001,1476,0.0
EX_ksii_core2_e,2149.000000001,1477,0.0
34DHALDD,2149.000000001,1478,0.0
DESAT20_1,2149.000000001,1479,0.0
DESAT18_7,2149.000000001,1480,0.0
DESAT18_6,2149.000000001,1481,0.0
DESAT18_4,2149.000000001,1482,0.0
DESAT18_3,2149.000000001,1483,0.0
DEDOLR_U,2149.000000001,1484,0.0
DEDOLR_L,2149.000000001,1485,0.0
DEDOLP2_U,2149.000000001,1486,0.0
DEDOLP2_L,2149.000000001,1487,0.0
DEDOLP1_U,2149.000000001,1488,0.0
DEDOLP1_L,2149.000000001,1489,0.0
DHAPA,2149.000000001,1490,0.0
DHAAt1r,2149.000000001,1491,0.0
DGULND,2149.000000001,1492,0.0
DGTPtn,2149.000000001,1493,0.0
DGSNtm,2149.000000001,1494,0.0
DGSNt,2149.000000001,1495,0.0
DGNSKm,2149.000000001,1496,0.0
DGK2m,2149.000000001,1497,0.0
DGCHOLtx,2149.000000001,1498,0.0
DGCHOLte,2149.000000001,1499,0.0
DGAT,2149.000000001,1500,0.0
DESAT24_1,2149.000000001,1501,0.0
DESAT22_2p,2149.000000001,1502,0.0
DESAT22_1p,2149.000000001,1503,0.0
DESAT20_2,2149.000000001,1504,0.0
DHFtm,2149.000000001,1505,0.0
DHFtl,2149.000000001,1506,0.0
DHEAtr,2149.000000001,1507,0.0
DHEAStr,2149.000000001,1508,0.0
DHEASULT,2149.000000001,1509,0.0
DHDPBMTm,2149.000000001,1510,0.0
DHCRD1,2149.000000001,1511,0.0
DHCR242r,2149.000000001,1512,0.0
DHCHOLESTANATEtm,2149.000000001,1513,0.0
DHAPAx,2149.000000001,1514,0.0
DNDPt58m,2149.000000001,1515,0.0
DNDPt57m,2149.000000001,1516,0.0
DNDPt56m,2149.000000001,1517,0.0
DNDPt55m,2149.000000001,1518,0.0
DNDPt54m,2149.000000001,1519,0.0
DNDPt53m,2149.000000001,1520,0.0
DNDPt52m,2149.000000001,1521,0.0
DNDPt51m,2149.000000001,1522,0.0
DNDPt50m,2149.000000001,1523,0.0
DIDPtn,2149.000000001,1524,0.0
DHPM2,2149.000000001,1525,0.0
DHPM1,2149.000000001,1526,0.0
DHORTS,2149.000000001,1527,0.0
DHORD9,2149.000000001,1528,0.0
DOLASNT_Uer,2149.000000001,1529,0.0
DOLASNT_Ler,2149.000000001,1530,0.0
DOGULNO2,2149.000000001,1531,0.0
DOGULNO1,2149.000000001,1532,0.0
DOGULND2,2149.000000001,1533,0.0
DOGULND1,2149.000000001,1534,0.0
DNDPt9m,2149.000000001,1535,0.0
DNDPt8m,2149.000000001,1536,0.0
DNDPt7m,2149.000000001,1537,0.0
DNDPt6m,2149.000000001,1538,0.0
DNDPt63m,2149.000000001,1539,0.0
DNDPt62m,2149.000000001,1540,0.0
DNDPt61m,2149.000000001,1541,0.0
DNDPt60m,2149.000000001,1542,0.0
DNDPt5m,2149.000000001,1543,0.0
DNDPt59m,2149.000000001,1544,0.0
DOLPGT2_Uer,2149.000000001,1545,0.0
DOLPGT2_Ler,2149.000000001,1546,0.0
DOLPGT1_Uer,2149.000000001,1547,0.0
DOLPGT1_Ler,2149.000000001,1548,0.0
DOLMANP_Uter,2149.000000001,1549,0.0
DOLMANP_Lter,2149.000000001,1550,0.0
DOLK_U,2149.000000001,1551,0.0
DOLK_L,2149.000000001,1552,0.0
DOLICHOL_Uter,2149.000000001,1553,0.0
DOLICHOL_Lter,2149.000000001,1554,0.0
DOLGPP_Uer,2149.000000001,1555,0.0
DOLGPP_Ler,2149.000000001,1556,0.0
DOLGLCP_Uter,2149.000000001,1557,0.0
DOLGLCP_Lter,2149.000000001,1558,0.0
DOLDPP_Uer,2149.000000001,1559,0.0
DOLDPP_Ler,2149.000000001,1560,0.0
DOLP_Uter,2149.000000001,1561,0.0
DOLP_Lter,2149.000000001,1562,0.0
DOLPMT_U,2149.000000001,1563,0.0
DOLPMT_L,2149.000000001,1564,0.0
DOLPMT4_Uer,2149.000000001,1565,0.0
DOLPMT4_Ler,2149.000000001,1566,0.0
DOLPMT3_Uer,2149.000000001,1567,0.0
DOLPMT3_Ler,2149.000000001,1568,0.0
DOLPMT2_Uer,2149.000000001,1569,0.0
DOLPMT2_Ler,2149.000000001,1570,0.0
DOLPMT1_Uer,2149.000000001,1571,0.0
DOLPMT1_Ler,2149.000000001,1572,0.0
DOLPH_Uer,2149.000000001,1573,0.0
DOLPH_Ler,2149.000000001,1574,0.0
DOLPGT3_Uer,2149.000000001,1575,0.0
DOLPGT3_Ler,2149.000000001,1576,0.0
10FTHF6GLUtl,2149.000000001,1577,0.0
EX_ksi_deg1_e,2149.000000001,1578,0.0
10FTHF5GLUtm,2149.000000001,1579,0.0
10FTHF5GLUtl,2149.000000001,1580,0.0
34DHPHAMT,2149.000000001,1581,0.0
34DHOXPEGt,2149.000000001,1582,0.0
SK_pre_prot_r,2149.000000001,1583,0.0
SK_citr__L_c,2149.000000001,1584,0.0
EX_yvite_e,2149.000000001,1585,0.0
EX_xylt_e,2149.000000001,1586,0.0
EX_ksi_e,2149.000000001,1587,0.0
EX_xyl__D_e,2149.000000001,1588,0.0
EX_k_e,2149.000000001,1589,0.0
GALASE3ly,2149.000000001,1590,0.0
GALASE20ly,2149.000000001,1591,0.0
GALASE1ly,2149.000000001,1592,0.0
DPGM,2149.000000001,1593,0.0
DPCOAtl,2149.000000001,1594,0.0
DPCOAPP,2149.000000001,1595,0.0
DPCOAK,2149.000000001,1596,0.0
DORNOp,2149.000000001,1597,0.0
DOPAVESSEC,2149.000000001,1598,0.0
DOPASFt,2149.000000001,1599,0.0
DOPAMT,2149.000000001,1600,0.0
GALGLUSIDEtg,2149.000000001,1601,0.0
GALGALGALTHCRMtg,2149.000000001,1602,0.0
GALGALGALTHCRMte,2149.000000001,1603,0.0
GALGALFUCFUCGALACGLCGALACGLCGAL14ACGLCGALGLUSIDEtg,2149.000000001,1604,0.0
GALGALFUCFUCGALACGLCGALACGLCGAL14ACGLCGALGLUSIDEte,2149.000000001,1605,0.0
GALFUCGALACGLCGAL14ACGLCGALGLUSIDEtg,2149.000000001,1606,0.0
GALFUCGALACGLCGAL14ACGLCGALGLUSIDEte,2149.000000001,1607,0.0
GALFUC12GAL14ACGLCGALGLUSIDEtg,2149.000000001,1608,0.0
GALFUC12GAL14ACGLCGALGLUSIDEte,2149.000000001,1609,0.0
GALC,2149.000000001,1610,0.0
GALASE9ly,2149.000000001,1611,0.0
GALASE8ly,2149.000000001,1612,0.0
GALASE7ly,2149.000000001,1613,0.0
GALASE6ly,2149.000000001,1614,0.0
GALASE5ly,2149.000000001,1615,0.0
GALASE4ly,2149.000000001,1616,0.0
GALT2g,2149.000000001,1617,0.0
GALT,2149.000000001,1618,0.0
GALSIDEtl,2149.000000001,1619,0.0
GALSIDEtg,2149.000000001,1620,0.0
GALOR,2149.000000001,1621,0.0
GALNACT5g,2149.000000001,1622,0.0
GALNACT4g,2149.000000001,1623,0.0
GALNACT3g,2149.000000001,1624,0.0
GALNACT2g,2149.000000001,1625,0.0
GALNACT1g,2149.000000001,1626,0.0
GALGT4,2149.000000001,1627,0.0
GALGT3,2149.000000001,1628,0.0
GALGT2,2149.000000001,1629,0.0
GALGT1,2149.000000001,1630,0.0
GALGLUSIDEtl,2149.000000001,1631,0.0
GASNASE2ly,2149.000000001,1632,0.0
GARFT,2149.000000001,1633,0.0
GAPD,2149.000000001,1634,0.0
GAO2g,2149.000000001,1635,0.0
GAO2,2149.000000001,1636,0.0
GAO1g,2149.000000001,1637,0.0
GAO1,2149.000000001,1638,0.0
GAMt1r,2149.000000001,1639,0.0
GAMYe,2149.000000001,1640,0.0
GALtly,2149.000000001,1641,0.0
GALt4_2,2149.000000001,1642,0.0
GALt4,2149.000000001,1643,0.0
GALt2_2,2149.000000001,1644,0.0
GALUi,2149.000000001,1645,0.0
GALTg,2149.000000001,1646,0.0
FACOAL203,2149.000000001,1647,0.0
FACOAL191,2149.000000001,1648,0.0
FACOAL181,2149.000000001,1649,0.0
GBSIDEtl,2149.000000001,1650,0.0
GBSIDEte,2149.000000001,1651,0.0
GBGT1,2149.000000001,1652,0.0
GBAl,2149.000000001,1653,0.0
GBA,2149.000000001,1654,0.0
GASNASEly,2149.000000001,1655,0.0
GASNASE3ly,2149.000000001,1656,0.0
FACOAL246_1,2149.000000001,1657,0.0
FACOAL245_2,2149.000000001,1658,0.0
FACOAL245_1,2149.000000001,1659,0.0
FACOAL244_1,2149.000000001,1660,0.0
FACOAL241,2149.000000001,1661,0.0
FACOAL240,2149.000000001,1662,0.0
FACOAL226_copy2,2149.000000001,1663,0.0
FACOAL226_copy1,2149.000000001,1664,0.0
FACOAL2252,2149.000000001,1665,0.0
FACOAL2251,2149.000000001,1666,0.0
FACOAL224,2149.000000001,1667,0.0
FACOAL206,2149.000000001,1668,0.0
FACOAL205,2149.000000001,1669,0.0
FACOAL204_copy2,2149.000000001,1670,0.0
FACOAL2042,2149.000000001,1671,0.0
FACOAL204_copy1,2149.000000001,1672,0.0
EX_xoltri27_e,2149.000000001,1673,0.0
EX_xoltri25_e,2149.000000001,1674,0.0
EX_ins_e,2149.000000001,1675,0.0
2HBt2,2149.000000001,1676,0.0
EX_xoltri24_e,2149.000000001,1677,0.0
EX_xolest_hs_e,2149.000000001,1678,0.0
EX_inost_e,2149.000000001,1679,0.0
EX_xolest2_hs_e,2149.000000001,1680,0.0
EX_imp_e,2149.000000001,1681,0.0
EX_whttdca_e,2149.000000001,1682,0.0
EX_whtststerone_e,2149.000000001,1683,0.0
EX_whddca_e,2149.000000001,1684,0.0
EX_vitd3_e,2149.000000001,1685,0.0
FALDH,2149.000000001,1686,0.0
FAH2,2149.000000001,1687,0.0
FAH1,2149.000000001,1688,0.0
FAEL205,2149.000000001,1689,0.0
FAEL204,2149.000000001,1690,0.0
FAEL184,2149.000000001,1691,0.0
FAEL183,2149.000000001,1692,0.0
FADtx,2149.000000001,1693,0.0
FADH2tx,2149.000000001,1694,0.0
FADDP,2149.000000001,1695,0.0
FACOAL80,2149.000000001,1696,0.0
FACOAL40im,2149.000000001,1697,0.0
FACOAL260,2149.000000001,1698,0.0
FAOXC182806m,2149.000000001,1699,0.0
FAOXC1811603m,2149.000000001,1700,0.0
FAOXC1811602m,2149.000000001,1701,0.0
FAOXC1811601m,2149.000000001,1702,0.0
FAOXC180,2149.000000001,1703,0.0
FAOXC170m,2149.000000001,1704,0.0
FAOXC16180m,2149.000000001,1705,0.0
FAOXC161802m,2149.000000001,1706,0.0
FAOXC16080x,2149.000000001,1707,0.0
FAOXC16080m,2149.000000001,1708,0.0
FAOXC160,2149.000000001,1709,0.0
FAOXC150m,2149.000000001,1710,0.0
FAOXC140,2149.000000001,1711,0.0
FAOXC11,2149.000000001,1712,0.0
FALDtly,2149.000000001,1713,0.0
FAOXC2251836m,2149.000000001,1714,0.0
FAOXC2242046x,2149.000000001,1715,0.0
FAOXC2242046m,2149.000000001,1716,0.0
FAOXC2051843x,2149.000000001,1717,0.0
FAOXC2051843m,2149.000000001,1718,0.0
FAOXC204184m,2149.000000001,1719,0.0
FAOXC204,2149.000000001,1720,0.0
FAOXC2031836m,2149.000000001,1721,0.0
FAOXC200180m,2149.000000001,1722,0.0
FAOXC18480x,2149.000000001,1723,0.0
FAOXC18480m,2149.000000001,1724,0.0
FAOXC183806x,2149.000000001,1725,0.0
FAOXC183806m,2149.000000001,1726,0.0
FAOXC183803m,2149.000000001,1727,0.0
FAOXC18280m,2149.000000001,1728,0.0
FAS100COA,2149.000000001,1729,0.0
FAOXC80,2149.000000001,1730,0.0
FAOXC260240x,2149.000000001,1731,0.0
FAOXC246226x,2149.000000001,1732,0.0
FAOXC2452256x,2149.000000001,1733,0.0
FAOXC2452253x,2149.000000001,1734,0.0
FT,2149.000000001,1735,0.0
FAOXC2442246x,2149.000000001,1736,0.0
FAOXC241181x,2149.000000001,1737,0.0
FAOXC240200x,2149.000000001,1738,0.0
FAOXC226205x,2149.000000001,1739,0.0
FAOXC226205m,2149.000000001,1740,0.0
FAOXC226,2149.000000001,1741,0.0
FAOXC2252053x,2149.000000001,1742,0.0
FAOXC2252053m,2149.000000001,1743,0.0
FAOXC2251836x,2149.000000001,1744,0.0
FBA,2149.000000001,1745,0.0
FATP9t,2149.000000001,1746,0.0
FATP8t,2149.000000001,1747,0.0
FATP7t,2149.000000001,1748,0.0
FATP6t,2149.000000001,1749,0.0
FATP5t,2149.000000001,1750,0.0
FATP4t,2149.000000001,1751,0.0
FATP2t,2149.000000001,1752,0.0
FATP1t,2149.000000001,1753,0.0
FAS80COA_L,2149.000000001,1754,0.0
FAS180COA,2149.000000001,1755,0.0
FAS160COA,2149.000000001,1756,0.0
FAS140COA,2149.000000001,1757,0.0
FAS120COA,2149.000000001,1758,0.0
FORMCOAtx,2149.000000001,1759,0.0
FOLt2,2149.000000001,1760,0.0
FOLR2,2149.000000001,1761,0.0
FMNAT,2149.000000001,1762,0.0
FKYNH,2149.000000001,1763,0.0
FK,2149.000000001,1764,0.0
FE3R2e,2149.000000001,1765,0.0
FE2tm,2149.000000001,1766,0.0
FE2t,2149.000000001,1767,0.0
FCOAH,2149.000000001,1768,0.0
FCLTm,2149.000000001,1769,0.0
FBP26,2149.000000001,1770,0.0
FBP,2149.000000001,1771,0.0
FBA5,2149.000000001,1772,0.0
FBA4,2149.000000001,1773,0.0
FPGS7m,2149.000000001,1774,0.0
FPGS7,2149.000000001,1775,0.0
FPGS6m,2149.000000001,1776,0.0
FPGS6,2149.000000001,1777,0.0
FPGS5m,2149.000000001,1778,0.0
FPGS5,2149.000000001,1779,0.0
FPGS4m,2149.000000001,1780,0.0
FPGS4,2149.000000001,1781,0.0
FPGS3m,2149.000000001,1782,0.0
FPGS3,2149.000000001,1783,0.0
FPGS2m,2149.000000001,1784,0.0
FPGS2,2149.000000001,1785,0.0
FPGS,2149.000000001,1786,0.0
FORtrn,2149.000000001,1787,0.0
FORtm,2149.000000001,1788,0.0
FUC13GALACGLCGAL14ACGLCGALGLUSIDEtg,2149.000000001,1789,0.0
FUC13GALACGLCGAL14ACGLCGALGLUSIDEte,2149.000000001,1790,0.0
FTHFLmi,2149.000000001,1791,0.0
FTHFLi,2149.000000001,1792,0.0
FTHFCL,2149.000000001,1793,0.0
FTCD,2149.000000001,1794,0.0
FRTT,2149.000000001,1795,0.0
FRDPtc,2149.000000001,1796,0.0
FPGSm,2149.000000001,1797,0.0
FPGS9m,2149.000000001,1798,0.0
FPGS9,2149.000000001,1799,0.0
FPGS8m,2149.000000001,1800,0.0
FPGS8,2149.000000001,1801,0.0
FUCFUC132GALACGLCGAL14ACGLCGALGLUSIDEtg,2149.000000001,1802,0.0
FUCFUC132GALACGLCGAL14ACGLCGALGLUSIDEte,2149.000000001,1803,0.0
FUCFUC12GAL14ACGLCGALGLUSIDEtg,2149.000000001,1804,0.0
FUCFUC12GAL14ACGLCGALGLUSIDEte,2149.000000001,1805,0.0
FUCASEly,2149.000000001,1806,0.0
FUCASEe,2149.000000001,1807,0.0
FUCASE2ly,2149.000000001,1808,0.0
FUCASE2e,2149.000000001,1809,0.0
FUCACNGALACGLCGALGLUSIDEtg,2149.000000001,1810,0.0
FUCACNGALACGLCGALGLUSIDEte,2149.000000001,1811,0.0
FUCACNGAL14ACGLCGALGLUSIDEtg,2149.000000001,1812,0.0
FUCACNGAL14ACGLCGALGLUSIDEte,2149.000000001,1813,0.0
FUCACGALFUCGALACGLCGALGLUSIDEtg,2149.000000001,1814,0.0
FUCACGALFUCGALACGLCGALGLUSIDEte,2149.000000001,1815,0.0
FUC14GALACGLCGALGLUSIDEtg,2149.000000001,1816,0.0
FUC14GALACGLCGALGLUSIDEte,2149.000000001,1817,0.0
EX_idp_e,2149.000000001,1818,0.0
EX_vitd2_e,2149.000000001,1819,0.0
EX_vacc_e,2149.000000001,1820,0.0
EX_thmtp_e,2149.000000001,1821,0.0
EX_thmmp_e,2149.000000001,1822,0.0
EX_utp_e,2149.000000001,1823,0.0
EX_uri_e,2149.000000001,1824,0.0
EX_urea_e,2149.000000001,1825,0.0
EX_urate_e,2149.000000001,1826,0.0
EX_thm_e,2149.000000001,1827,0.0
EX_thf_e,2149.000000001,1828,0.0
EX_tettet6_e,2149.000000001,1829,0.0
FUCtly,2149.000000001,1830,0.0
FUCGALGBSIDEtg,2149.000000001,1831,0.0
FUCGALGBSIDEte,2149.000000001,1832,0.0
FUCGALFUCGALACGLCGALGLUSIDEtg,2149.000000001,1833,0.0
FUCGALFUCGALACGLCGALGLUSIDEte,2149.000000001,1834,0.0
FUCGAL14ACGLCGALGLUSIDEtg,2149.000000001,1835,0.0
FUCGAL14ACGLCGALGLUSIDEte,2149.000000001,1836,0.0
FUCFUCGALACGLCGALGLUSIDEtg,2149.000000001,1837,0.0
FUCFUCGALACGLCGALGLUSIDEte,2149.000000001,1838,0.0
FUCFUCFUCGALACGLCGAL14ACGLCGALGLUSIDEtg,2149.000000001,1839,0.0
FUCFUCFUCGALACGLCGAL14ACGLCGALGLUSIDEte,2149.000000001,1840,0.0
FUCFUCFUCGALACGLC13GALACGLCGAL14ACGLCGALGLUSIDEtg,2149.000000001,1841,0.0
FUCFUCFUCGALACGLC13GALACGLCGAL14ACGLCGALGLUSIDEte,2149.000000001,1842,0.0
FUT93g,2149.000000001,1843,0.0
FUT92g,2149.000000001,1844,0.0
FUT91g,2149.000000001,1845,0.0
FUT911g,2149.000000001,1846,0.0
FUT910g,2149.000000001,1847,0.0
FUT18g,2149.000000001,1848,0.0
FUT17g,2149.000000001,1849,0.0
FUT16g,2149.000000001,1850,0.0
FUT15g,2149.000000001,1851,0.0
FUT14g,2149.000000001,1852,0.0
FUT12g,2149.000000001,1853,0.0
FUT11g,2149.000000001,1854,0.0
G14T13g,2149.000000001,1855,0.0
G14T12g,2149.000000001,1856,0.0
G14T11g,2149.000000001,1857,0.0
G14T10g,2149.000000001,1858,0.0
G13MT_U,2149.000000001,1859,0.0
G13MT_L,2149.000000001,1860,0.0
G12MT2_U,2149.000000001,1861,0.0
G12MT2_L,2149.000000001,1862,0.0
G12MT1_U,2149.000000001,1863,0.0
G12MT1_L,2149.000000001,1864,0.0
FUT99g,2149.000000001,1865,0.0
FUT98g,2149.000000001,1866,0.0
FUT97g,2149.000000001,1867,0.0
FUT96g,2149.000000001,1868,0.0
FUT95g,2149.000000001,1869,0.0
FUT94g,2149.000000001,1870,0.0
G14T9g,2149.000000001,1871,0.0
G14T8g,2149.000000001,1872,0.0
G14T7g,2149.000000001,1873,0.0
G14T6g,2149.000000001,1874,0.0
G14T5g,2149.000000001,1875,0.0
G14T4g,2149.000000001,1876,0.0
G14T3g,2149.000000001,1877,0.0
G14T2g,2149.000000001,1878,0.0
G14T21g,2149.000000001,1879,0.0
G14T20g,2149.000000001,1880,0.0
G14T19g,2149.000000001,1881,0.0
G14T18g,2149.000000001,1882,0.0
G14T17g,2149.000000001,1883,0.0
G14T16g,2149.000000001,1884,0.0
G14T15g,2149.000000001,1885,0.0
G14T14g,2149.000000001,1886,0.0
G6PDA,2149.000000001,1887,0.0
G5SDym,2149.000000001,1888,0.0
G5SADs,2149.000000001,1889,0.0
G5SADrm,2149.000000001,1890,0.0
G3M8MASNterg,2149.000000001,1891,0.0
G2M8MASNterg,2149.000000001,1892,0.0
G1PTT,2149.000000001,1893,0.0
G1M8MASNterg,2149.000000001,1894,0.0
G1M7MASNCterg,2149.000000001,1895,0.0
G1M7MASNBterg,2149.000000001,1896,0.0
G1M6MASNB1terg,2149.000000001,1897,0.0
G16MT_U,2149.000000001,1898,0.0
G16MT_L,2149.000000001,1899,0.0
G14Tg,2149.000000001,1900,0.0
GALASE12ly,2149.000000001,1901,0.0
GALASE11ly,2149.000000001,1902,0.0
GALASE10ly,2149.000000001,1903,0.0
GALACGLCGALGBSIDEtg,2149.000000001,1904,0.0
GALACGLCGALGBSIDEte,2149.000000001,1905,0.0
GAL3ST12,2149.000000001,1906,0.0
GAL3ST11,2149.000000001,1907,0.0
GACPAILter,2149.000000001,1908,0.0
GACMTRc,2149.000000001,1909,0.0
GABAVESSEC,2149.000000001,1910,0.0
G6Pter,2149.000000001,1911,0.0
G6PPer,2149.000000001,1912,0.0
G6PDH2er,2149.000000001,1913,0.0
G6PDH2r,2149.000000001,1914,0.0
G6PDH1er_copy2,2149.000000001,1915,0.0
G6PDH1er_copy1,2149.000000001,1916,0.0
GLCAT6g,2149.000000001,1917,0.0
GLCAT5g,2149.000000001,1918,0.0
GLCAT4g,2149.000000001,1919,0.0
GLCAT3g,2149.000000001,1920,0.0
GLCAT2g,2149.000000001,1921,0.0
GLCAE2g,2149.000000001,1922,0.0
GLCAE1g,2149.000000001,1923,0.0
GLCAASE9ly,2149.000000001,1924,0.0
GLCAASE8ly,2149.000000001,1925,0.0
GALASE19ly,2149.000000001,1926,0.0
GALASE18ly,2149.000000001,1927,0.0
GALASE17ly,2149.000000001,1928,0.0
GALASE16ly,2149.000000001,1929,0.0
GALASE15ly,2149.000000001,1930,0.0
GALASE14ly,2149.000000001,1931,0.0
GALASE13ly,2149.000000001,1932,0.0
GLCNACT3g,2149.000000001,1933,0.0
GLCNACT2g,2149.000000001,1934,0.0
GLCNACT1g,2149.000000001,1935,0.0
GLCNACPT_U,2149.000000001,1936,0.0
GLCNACPT_L,2149.000000001,1937,0.0
GLCNACDASg,2149.000000001,1938,0.0
GLCNACASE5ly,2149.000000001,1939,0.0
GLCNACASE4ly,2149.000000001,1940,0.0
GLCNACASE3ly,2149.000000001,1941,0.0
GLCNACASE2ly,2149.000000001,1942,0.0
GLCNACASE1ly,2149.000000001,1943,0.0
GLCMter,2149.000000001,1944,0.0
GLCATg,2149.000000001,1945,0.0
GLCAT9g,2149.000000001,1946,0.0
GLCAT8g,2149.000000001,1947,0.0
GLCAT7g,2149.000000001,1948,0.0
GLNALANaEx,2149.000000001,1949,0.0
GLGNS1,2149.000000001,1950,0.0
GLDBRAN,2149.000000001,1951,0.0
GLCtly,2149.000000001,1952,0.0
GLCtg,2149.000000001,1953,0.0
GLCter,2149.000000001,1954,0.0
GLCURtly,2149.000000001,1955,0.0
GLCURter,2149.000000001,1956,0.0
GLCNACT_U,2149.000000001,1957,0.0
GLCNACT_L,2149.000000001,1958,0.0
GLCNACT5g,2149.000000001,1959,0.0
GLCNACT4g,2149.000000001,1960,0.0
LEUKTRB4t,2149.000000001,1961,0.0
GLUCYS,2149.000000001,1962,0.0
GLU5Km,2149.000000001,1963,0.0
GLRASE,2149.000000001,1964,0.0
GLPASE2,2149.000000001,1965,0.0
GLPASE1,2149.000000001,1966,0.0
GLNtm,2149.000000001,1967,0.0
GLNt4,2149.000000001,1968,0.0
GLNTHRNaEx,2149.000000001,1969,0.0
GLNS,2149.000000001,1970,0.0
GLNLASEer,2149.000000001,1971,0.0
GLNCYSNaEx,2149.000000001,1972,0.0
GLNASNNaEx,2149.000000001,1973,0.0
GD1Ctg,2149.000000001,1974,0.0
GD1Cte,2149.000000001,1975,0.0
GD1B2tg,2149.000000001,1976,0.0
GD1B2te,2149.000000001,1977,0.0
GCNTg,2149.000000001,1978,0.0
GCHOLAtx,2149.000000001,1979,0.0
GCHOLAte,2149.000000001,1980,0.0
GCHOLAt3,2149.000000001,1981,0.0
GCHOLAt2,2149.000000001,1982,0.0
GCCcm,2149.000000001,1983,0.0
GCCbim,2149.000000001,1984,0.0
GCCam,2149.000000001,1985,0.0
GCC2cm,2149.000000001,1986,0.0
GCC2bim,2149.000000001,1987,0.0
GCC2am,2149.000000001,1988,0.0
GCALDDm,2149.000000001,1989,0.0
GGH_5THFl,2149.000000001,1990,0.0
GGH_5THFe,2149.000000001,1991,0.0
GGH_5DHFl,2149.000000001,1992,0.0
GGH_5DHFe,2149.000000001,1993,0.0
GGH_10FTHF7GLUl,2149.000000001,1994,0.0
GGH_10FTHF7GLUe,2149.000000001,1995,0.0
GGH_10FTHF6GLUl,2149.000000001,1996,0.0
GGH_10FTHF6GLUe,2149.000000001,1997,0.0
GGH_10FTHF5GLUl,2149.000000001,1998,0.0
GGH_10FTHF5GLUe,2149.000000001,1999,0.0
GFUCS,2149.000000001,2000,0.0
GF6PTA,2149.000000001,2001,0.0
GDPtg,2149.000000001,2002,0.0
GDPFUCtg,2149.000000001,2003,0.0
GDCHOLAtx,2149.000000001,2004,0.0
GDCHOLAte,2149.000000001,2005,0.0
EX_tetpent6_e,2149.000000001,2006,0.0
EX_tetpent3_e,2149.000000001,2007,0.0
EX_hxan_e,2149.000000001,2008,0.0
EX_ump_e,2149.000000001,2009,0.0
EX_tethex3_e,2149.000000001,2010,0.0
EX_htaxol_e,2149.000000001,2011,0.0
EX_tdchola_e,2149.000000001,2012,0.0
EX_tcynt_e,2149.000000001,2013,0.0
EX_udp_e,2149.000000001,2014,0.0
EX_tymsf_e,2149.000000001,2015,0.0
EX_tchola_e,2149.000000001,2016,0.0
EX_taxol_e,2149.000000001,2017,0.0
EX_hspg_e,2149.000000001,2018,0.0
EX_taur_e,2149.000000001,2019,0.0
GHMT2rm,2149.000000001,2020,0.0
GGT_U,2149.000000001,2021,0.0
GGT_L,2149.000000001,2022,0.0
GGT6,2149.000000001,2023,0.0
GGT5r,2149.000000001,2024,0.0
GGNG,2149.000000001,2025,0.0
GGLUCT,2149.000000001,2026,0.0
GGH_7THFl,2149.000000001,2027,0.0
GGH_7THFe,2149.000000001,2028,0.0
GGH_7DHFl,2149.000000001,2029,0.0
GGH_7DHFe,2149.000000001,2030,0.0
GGH_6THFl,2149.000000001,2031,0.0
GGH_6THFe,2149.000000001,2032,0.0
GGH_6DHFl,2149.000000001,2033,0.0
GGH_6DHFe,2149.000000001,2034,0.0
GLCAASE7ly,2149.000000001,2035,0.0
GLCAASE6ly,2149.000000001,2036,0.0
GLCAASE5ly,2149.000000001,2037,0.0
GLCAASE4ly,2149.000000001,2038,0.0
GLCAASE1ly,2149.000000001,2039,0.0
GLBRAN,2149.000000001,2040,0.0
GLB1,2149.000000001,2041,0.0
GLAl,2149.000000001,2042,0.0
GLACter,2149.000000001,2043,0.0
GLACOm,2149.000000001,2044,0.0
GLACO,2149.000000001,2045,0.0
GK1m,2149.000000001,2046,0.0
GHMT3m,2149.000000001,2047,0.0
GHMT3,2149.000000001,2048,0.0
GLYCLTDym,2149.000000001,2049,0.0
GLYCLTDy,2149.000000001,2050,0.0
GLYCK2,2149.000000001,2051,0.0
GLYC3Ptm,2149.000000001,2052,0.0
GLYC_St,2149.000000001,2053,0.0
GLYBtm,2149.000000001,2054,0.0
GLYBt4_2_r,2149.000000001,2055,0.0
GLYAMDTRc,2149.000000001,2056,0.0
GLXtp,2149.000000001,2057,0.0
GLXtm,2149.000000001,2058,0.0
GLUtr,2149.000000001,2059,0.0
GLUt7l,2149.000000001,2060,0.0
EX_txa2_e,2149.000000001,2061,0.0
EX_tag__D_e,2149.000000001,2062,0.0
EX_hpdca_e,2149.000000001,2063,0.0
EX_tag_hs_e,2149.000000001,2064,0.0
EX_tsul_e,2149.000000001,2065,0.0
EX_hom__L_e,2149.000000001,2066,0.0
EX_tststerones_e,2149.000000001,2067,0.0
EX_sucr_e,2149.000000001,2068,0.0
EX_tststeroneglc_e,2149.000000001,2069,0.0
EX_tststerone_e,2149.000000001,2070,0.0
EX_hista_e,2149.000000001,2071,0.0
EX_strch2_e,2149.000000001,2072,0.0
EX_strch1_e,2149.000000001,2073,0.0
GLYt7_211_r,2149.000000001,2074,0.0
GLYt2rL,2149.000000001,2075,0.0
GLYVESSEC,2149.000000001,2076,0.0
GLYOXm,2149.000000001,2077,0.0
GLYOX,2149.000000001,2078,0.0
GLYKm,2149.000000001,2079,0.0
GLYCtm,2149.000000001,2080,0.0
GPDDA1,2149.000000001,2081,0.0
GPAMm_hs,2149.000000001,2082,0.0
GP1Ctg,2149.000000001,2083,0.0
GP1Cte,2149.000000001,2084,0.0
GP1CALPHAtg,2149.000000001,2085,0.0
GP1CALPHAte,2149.000000001,2086,0.0
GNMT,2149.000000001,2087,0.0
GNDer,2149.000000001,2088,0.0
GND,2149.000000001,2089,0.0
GMPtn,2149.000000001,2090,0.0
GMPtg,2149.000000001,2091,0.0
GMPS2,2149.000000001,2092,0.0
GMPR,2149.000000001,2093,0.0
GMAND,2149.000000001,2094,0.0
GSNtl,2149.000000001,2095,0.0
GSNt5,2149.000000001,2096,0.0
GSNt4,2149.000000001,2097,0.0
GSNt,2149.000000001,2098,0.0
GSNKm,2149.000000001,2099,0.0
GRTT,2149.000000001,2100,0.0
GQ1Btg,2149.000000001,2101,0.0
GQ1Bte,2149.000000001,2102,0.0
GQ1BALPHAtg,2149.000000001,2103,0.0
GQ1BALPHAte,2149.000000001,2104,0.0
GPIMTer_U,2149.000000001,2105,0.0
GPIMTer_L,2149.000000001,2106,0.0
GPIDAer,2149.000000001,2107,0.0
GPIDA2er,2149.000000001,2108,0.0
GPIAT,2149.000000001,2109,0.0
GUAD,2149.000000001,2110,0.0
GUACYC,2149.000000001,2111,0.0
GTPtn,2149.000000001,2112,0.0
GTPCIn,2149.000000001,2113,0.0
GTPCI,2149.000000001,2114,0.0
GTMLTe,2149.000000001,2115,0.0
GTHS,2149.000000001,2116,0.0
GTHRDtr,2149.000000001,2117,0.0
GTHRDt,2149.000000001,2118,0.0
GTHPe,2149.000000001,2119,0.0
GTHPi,2149.000000001,2120,0.0
GLUPRT,2149.000000001,2121,0.0
GLUNm,2149.000000001,2122,0.0
EX_triodthysuf_e,2149.000000001,2123,0.0
EX_tre_e,2149.000000001,2124,0.0
EX_tolbutamide_e,2149.000000001,2125,0.0
EX_sphs1p_e,2149.000000001,2126,0.0
EX_sph1p_e,2149.000000001,2127,0.0
EX_spc_hs_e,2149.000000001,2128,0.0
EX_tmndnc_e,2149.000000001,2129,0.0
EX_thyox__L_e,2149.000000001,2130,0.0
EX_sl__L_e,2149.000000001,2131,0.0
EX_hexc_e,2149.000000001,2132,0.0
H2MTer_U,2149.000000001,2133,0.0
H2MTer_L,2149.000000001,2134,0.0
H2ETer,2149.000000001,2135,0.0
H2CO3Dm,2149.000000001,2136,0.0
H2CO3D2m,2149.000000001,2137,0.0
GluForTx,2149.000000001,2138,0.0
GUR1PP,2149.000000001,2139,0.0
GULNter,2149.000000001,2140,0.0
GULNDer,2149.000000001,2141,0.0
GULN3D,2149.000000001,2142,0.0
GULLACter,2149.000000001,2143,0.0
GSNtm,2149.000000001,2144,0.0
H3MTer_U,2149.000000001,2145,0.0
H3MTer_L,2149.000000001,2146,0.0
H3ETer,2149.000000001,2147,0.0
H2Otn,2149.000000001,2148,0.0
H2Otly,2149.000000001,2149,0.0
H2Otg,2149.000000001,2150,0.0
H2O2tn,2149.000000001,2151,0.0
H2O2tly,2149.000000001,2152,0.0
HCO3Em,2149.000000001,2153,0.0
HBZOPT10m,2149.000000001,2154,0.0
HAtly,2149.000000001,2155,0.0
HAS2,2149.000000001,2156,0.0
HAS1,2149.000000001,2157,0.0
HACD9m,2149.000000001,2158,0.0
HACD1x,2149.000000001,2159,0.0
H8TAer,2149.000000001,2160,0.0
H8MTer_U,2149.000000001,2161,0.0
H8MTer_L,2149.000000001,2162,0.0
GTHOr,2149.000000001,2163,0.0
GTHDH,2149.000000001,2164,0.0
GT1Atg,2149.000000001,2165,0.0
GT1Ate,2149.000000001,2166,0.0
EX_ser__D_e,2149.000000001,2167,0.0
EX_hestratriol_e,2149.000000001,2168,0.0
EX_sel_e,2149.000000001,2169,0.0
EX_sarcs_e,2149.000000001,2170,0.0
EX_s2l2n2m2masn_e,2149.000000001,2171,0.0
EX_s2l2fn2m2masn_e,2149.000000001,2172,0.0
EX_gp1calpha_hs_e,2149.000000001,2173,0.0
EX_gp1c_hs_e,2149.000000001,2174,0.0
EX_gmp_e,2149.000000001,2175,0.0
EX_glygn5_e,2149.000000001,2176,0.0
EX_hcoumarin_e,2149.000000001,2177,0.0
EX_ribflv_e,2149.000000001,2178,0.0
EX_glygn4_e,2149.000000001,2179,0.0
H7ET2er,2149.000000001,2180,0.0
H7_TAer,2149.000000001,2181,0.0
AK2LGCHOLt,2149.000000001,2182,0.0
H7_ETer,2149.000000001,2183,0.0
HDCAter,2149.000000001,2184,0.0
HCOUMARINte,2149.000000001,2185,0.0
H6MTer_U,2149.000000001,2186,0.0
H6MTer_L,2149.000000001,2187,0.0
H6ET3er,2149.000000001,2188,0.0
H6_ETer,2149.000000001,2189,0.0
H6_ET2er,2149.000000001,2190,0.0
H5MTer_U,2149.000000001,2191,0.0
H5MTer_L,2149.000000001,2192,0.0
H4ETer,2149.000000001,2193,0.0
H4ET3er,2149.000000001,2194,0.0
HEXCCOAtx,2149.000000001,2195,0.0
HEX4,2149.000000001,2196,0.0
HEX10,2149.000000001,2197,0.0
HPYRRy,2149.000000001,2198,0.0
HPYRR2x,2149.000000001,2199,0.0
HESTRATRIOLtr,2149.000000001,2200,0.0
HESTRATRIOLte,2149.000000001,2201,0.0
H7MTer_U,2149.000000001,2202,0.0
H7MTer_L,2149.000000001,2203,0.0
EX_glygn2_e,2149.000000001,2204,0.0
EX_glyc__S_e,2149.000000001,2205,0.0
EX_glyb_e,2149.000000001,2206,0.0
EX_gluala_e,2149.000000001,2207,0.0
EX_retpalm_SPACE_deleted_SPACE_10_09_2005_SPACE_SPACE_06_COLON_18_COLON_49_SPACE_PM_e,2149.000000001,2208,0.0
EX_retnglc_e,2149.000000001,2209,0.0
EX_retn_e,2149.000000001,2210,0.0
EX_retinol_cis_11_e,2149.000000001,2211,0.0
EX_retinol_9_cis_e,2149.000000001,2212,0.0
EX_retinol_e,2149.000000001,2213,0.0
HSAT3ly,2149.000000001,2214,0.0
HSAT2ly,2149.000000001,2215,0.0
HSAT1ly,2149.000000001,2216,0.0
HS4ly,2149.000000001,2217,0.0
HS3ly,2149.000000001,2218,0.0
HEXCt,2149.000000001,2219,0.0
HS2ly,2149.000000001,2220,0.0
HEXCCRNt,2149.000000001,2221,0.0
HEXCCPT2,2149.000000001,2222,0.0
HEXCCPT1,2149.000000001,2223,0.0
HS1ly,2149.000000001,2224,0.0
HRETNtn,2149.000000001,2225,0.0
HSD17B42x,2149.000000001,2226,0.0
HISt4,2149.000000001,2227,0.0
HISTAtu,2149.000000001,2228,0.0
HISTAVESSEC,2149.000000001,2229,0.0
HSD17B3r,2149.000000001,2230,0.0
HSD17B2r,2149.000000001,2231,0.0
HSAT4ly,2149.000000001,2232,0.0
HISTASE,2149.000000001,2233,0.0
HISDC,2149.000000001,2234,0.0
AKGtp,2149.000000001,2235,0.0
HISDr,2149.000000001,2236,0.0
HSD3A2r,2149.000000001,2237,0.0
HMGCOAS,2149.000000001,2238,0.0
AKR1D,2149.000000001,2239,0.0
HSD3A1r,2149.000000001,2240,0.0
AKR1C42,2149.000000001,2241,0.0
HMGCOARr,2149.000000001,2242,0.0
HMBS,2149.000000001,2243,0.0
HSD17B9r,2149.000000001,2244,0.0
AKR1C41,2149.000000001,2245,0.0
HSD17B7r,2149.000000001,2246,0.0
HKt,2149.000000001,2247,0.0
HKYNH,2149.000000001,2248,0.0
HSD17B4x,2149.000000001,2249,0.0
AKR1C1,2149.000000001,2250,0.0
HSD3B7P,2149.000000001,2251,0.0
HSD3B7,2149.000000001,2252,0.0
HSD3B3r,2149.000000001,2253,0.0
HSD3B2r,2149.000000001,2254,0.0
HSD3B13r,2149.000000001,2255,0.0
HSD3B13,2149.000000001,2256,0.0
HOMt4,2149.000000001,2257,0.0
HMGLx,2149.000000001,2258,0.0
HMGLm,2149.000000001,2259,0.0
HSD3B12r,2149.000000001,2260,0.0
HSD3B11r,2149.000000001,2261,0.0
AKR1D2,2149.000000001,2262,0.0
HSD3B11,2149.000000001,2263,0.0
HXANtx,2149.000000001,2264,0.0
HXANtl,2149.000000001,2265,0.0
HTAXOLte,2149.000000001,2266,0.0
HSPGtly,2149.000000001,2267,0.0
HPDCAt,2149.000000001,2268,0.0
HPDCACRNt,2149.000000001,2269,0.0
ALACYSNaEx,2149.000000001,2270,0.0
HPDCACRNCPT2,2149.000000001,2271,0.0
HSPGt,2149.000000001,2272,0.0
HSPASEly,2149.000000001,2273,0.0
HPDCACRNCPT1,2149.000000001,2274,0.0
HPCLx,2149.000000001,2275,0.0
HPACtr,2149.000000001,2276,0.0
HOXG,2149.000000001,2277,0.0
ALAASNNaEx,2149.000000001,2278,0.0
EX_gdp_e,2149.000000001,2279,0.0
EX_gdchola_e,2149.000000001,2280,0.0
EX_ha_pre1_e,2149.000000001,2281,0.0
EX_gd1c_hs_e,2149.000000001,2282,0.0
EX_retfa_e,2149.000000001,2283,0.0
EX_rbt_e,2149.000000001,2284,0.0
EX_pyr_e,2149.000000001,2285,0.0
EX_gd1b2_hs_e,2149.000000001,2286,0.0
EX_gchola_e,2149.000000001,2287,0.0
EX_gbside_hs_e,2149.000000001,2288,0.0
EX_ha_e,2149.000000001,2289,0.0
EX_gam_e,2149.000000001,2290,0.0
EX_galgalgalthcrm_hs_e,2149.000000001,2291,0.0
EX_galgalfucfucgalacglcgalacglcgal14acglcgalgluside_hs_e,2149.000000001,2292,0.0
Htm,2149.000000001,2293,0.0
Htg,2149.000000001,2294,0.0
INSKm,2149.000000001,2295,0.0
INOSTO,2149.000000001,2296,0.0
IMPD,2149.000000001,2297,0.0
IMPC,2149.000000001,2298,0.0
IMACTD_m,2149.000000001,2299,0.0
HYXNt,2149.000000001,2300,0.0
ALAGLNNaEx,2149.000000001,2301,0.0
HYPTROX,2149.000000001,2302,0.0
HYPOE,2149.000000001,2303,0.0
HPYRDCm,2149.000000001,2304,0.0
HPROxm,2149.000000001,2305,0.0
HXPRT,2149.000000001,2306,0.0
INStl,2149.000000001,2307,0.0
ICDHyp,2149.000000001,2308,0.0
INSt5,2149.000000001,2309,0.0
INSt4,2149.000000001,2310,0.0
INSt,2149.000000001,2311,0.0
INSTt4_2,2149.000000001,2312,0.0
INSTt4,2149.000000001,2313,0.0
INSTt2,2149.000000001,2314,0.0
ICDHyr,2149.000000001,2315,0.0
ICDHxm,2149.000000001,2316,0.0
IDPtn,2149.000000001,2317,0.0
IDOURtly,2149.000000001,2318,0.0
IDOAASE4ly,2149.000000001,2319,0.0
IDOAASE3ly,2149.000000001,2320,0.0
IDOAASE2ly,2149.000000001,2321,0.0
ALASERNaEx,2149.000000001,2322,0.0
IPDPtx,2149.000000001,2323,0.0
IDOAASE1ly,2149.000000001,2324,0.0
IPDPtr,2149.000000001,2325,0.0
INStm,2149.000000001,2326,0.0
IDHPOXOX4,2149.000000001,2327,0.0
EX_pydxn_e,2149.000000001,2328,0.0
EX_pydx_e,2149.000000001,2329,0.0
EX_galfucgalacglcgal14acglcgalgluside_hs_e,2149.000000001,2330,0.0
EX_galfuc12gal14acglcgalgluside_hs_e,2149.000000001,2331,0.0
EX_galacglcgalgbside_hs_e,2149.000000001,2332,0.0
EX_fucgalgbside_hs_e,2149.000000001,2333,0.0
EX_fucgalfucgalacglcgalgluside_hs_e,2149.000000001,2334,0.0
EX_fucgal14acglcgalgluside_hs_e,2149.000000001,2335,0.0
EX_fucfucgalacglcgalgluside_hs_e,2149.000000001,2336,0.0
EX_pydam_e,2149.000000001,2337,0.0
EX_ptdca_e,2149.000000001,2338,0.0
EX_ps_hs_e,2149.000000001,2339,0.0
EX_prostgf2_e,2149.000000001,2340,0.0
EX_prostge2_e,2149.000000001,2341,0.0
EX_prostge1_e,2149.000000001,2342,0.0
KDNH,2149.000000001,2343,0.0
KAS8,2149.000000001,2344,0.0
ALASm,2149.000000001,2345,0.0
IZPN,2149.000000001,2346,0.0
ITPtn,2149.000000001,2347,0.0
KYN,2149.000000001,2348,0.0
KSItly,2149.000000001,2349,0.0
KSIt,2149.000000001,2350,0.0
KSII_CORE4tly,2149.000000001,2351,0.0
ALAt2rL,2149.000000001,2352,0.0
KSII_CORE4t,2149.000000001,2353,0.0
LEUKTRD4tr,2149.000000001,2354,0.0
LEUKTRD4t,2149.000000001,2355,0.0
LEUKTRB4tr,2149.000000001,2356,0.0
KSII_CORE2tly,2149.000000001,2357,0.0
KSII_CORE2t,2149.000000001,2358,0.0
KHK3,2149.000000001,2359,0.0
IMACTD,2149.000000001,2360,0.0
KHK2,2149.000000001,2361,0.0
EX_prostgd2_e,2149.000000001,2362,0.0
EX_fucfucfucgalacglcgal14acglcgalgluside_hs_e,2149.000000001,2363,0.0
EX_fucfucfucgalacglc13galacglcgal14acglcgalgluside_hs_e,2149.000000001,2364,0.0
EX_fucfuc132galacglcgal14acglcgalgluside_hs_e,2149.000000001,2365,0.0
EX_pro__D_e,2149.000000001,2366,0.0
EX_fucfuc12gal14acglcgalgluside_hs_e,2149.000000001,2367,0.0
EX_prgstrn_e,2149.000000001,2368,0.0
EX_ppa_e,2149.000000001,2369,0.0
EX_fucacngalacglcgalgluside_hs_e,2149.000000001,2370,0.0
EX_fucacngal14acglcgalgluside_hs_e,2149.000000001,2371,0.0
EX_fucacgalfucgalacglcgalgluside_hs_e,2149.000000001,2372,0.0
EX_pnto__R_e,2149.000000001,2373,0.0
L_LACt4r,2149.000000001,2374,0.0
L_LACt2r,2149.000000001,2375,0.0
L_LACDcm,2149.000000001,2376,0.0
Kt3g,2149.000000001,2377,0.0
LFORKYNHYD,2149.000000001,2378,0.0
LEUt4,2149.000000001,2379,0.0
ALAt4,2149.000000001,2380,0.0
KYNATESYN,2149.000000001,2381,0.0
KYNAKGAT,2149.000000001,2382,0.0
LEUKTRF4t,2149.000000001,2383,0.0
LEUKTRE4t,2149.000000001,2384,0.0
KYN3OX,2149.000000001,2385,0.0
LAPCOAl,2149.000000001,2386,0.0
LALDO2,2149.000000001,2387,0.0
ALDD19xr,2149.000000001,2388,0.0
LALDO,2149.000000001,2389,0.0
LGNCCRNt,2149.000000001,2390,0.0
LALDD,2149.000000001,2391,0.0
ALCD2y,2149.000000001,2392,0.0
LACZly,2149.000000001,2393,0.0
LGNCCPT2,2149.000000001,2394,0.0
LACZe,2149.000000001,2395,0.0
L_LACtm,2149.000000001,2396,0.0
L_LACtcm,2149.000000001,2397,0.0
LGNCCPT1,2149.000000001,2398,0.0
LGNCCOAtx,2149.000000001,2399,0.0
ALDD20x,2149.000000001,2400,0.0
LIPOti,2149.000000001,2401,0.0
LCTStg,2149.000000001,2402,0.0
LCAT1e,2149.000000001,2403,0.0
LCADm,2149.000000001,2404,0.0
LCADi_Dm,2149.000000001,2405,0.0
LINKDEG4ly,2149.000000001,2406,0.0
ALDD19x_P,2149.000000001,2407,0.0
LINKDEG3ly,2149.000000001,2408,0.0
LCADi,2149.000000001,2409,0.0
LINKDEG2ly,2149.000000001,2410,0.0
LINKDEG1ly,2149.000000001,2411,0.0
LIMNENte,2149.000000001,2412,0.0
LGTHL,2149.000000001,2413,0.0
LGNCt,2149.000000001,2414,0.0
LNLNCACPT1,2149.000000001,2415,0.0
LNLCCRNt,2149.000000001,2416,0.0
LNLCCPT2,2149.000000001,2417,0.0
ALDD21,2149.000000001,2418,0.0
LCYSTCBOXL,2149.000000001,2419,0.0
LNLCCPT1,2149.000000001,2420,0.0
ALDD20xm,2149.000000001,2421,0.0
LNELDCCRNt,2149.000000001,2422,0.0
LCYSTATm,2149.000000001,2423,0.0
LNELDCCPT2,2149.000000001,2424,0.0
LCYSTAT,2149.000000001,2425,0.0
LCTStl,2149.000000001,2426,0.0
LNELDCCPT1,2149.000000001,2427,0.0
EX_phyt_e,2149.000000001,2428,0.0
EX_fuc14galacglcgalgluside_hs_e,2149.000000001,2429,0.0
EX_fuc13galacglcgal14acglcgalgluside_hs_e,2149.000000001,2430,0.0
EX_fuc__L_e,2149.000000001,2431,0.0
EX_phllqne_e,2149.000000001,2432,0.0
EX_pheme_e,2149.000000001,2433,0.0
EX_pheacgln_e,2149.000000001,2434,0.0
EX_gtp_e,2149.000000001,2435,0.0
EX_pglyc_hs_e,2149.000000001,2436,0.0
EX_fol_e,2149.000000001,2437,0.0
EX_fe3_e,2149.000000001,2438,0.0
EX_perillyl_e,2149.000000001,2439,0.0
LNS14DM,2149.000000001,2440,0.0
ALDD2xm,2149.000000001,2441,0.0
LNLNCGCRNt,2149.000000001,2442,0.0
ALDD2x,2149.000000001,2443,0.0
LNLNCGCPT2,2149.000000001,2444,0.0
LNLNCGCPT1,2149.000000001,2445,0.0
LEUKTRA4tr,2149.000000001,2446,0.0
LEUKTRA4t,2149.000000001,2447,0.0
LDH_Lm,2149.000000001,2448,0.0
LNLNCACRNt,2149.000000001,2449,0.0
LNLNCACPT2,2149.000000001,2450,0.0
M16N6Tg,2149.000000001,2451,0.0
M16N4Tg,2149.000000001,2452,0.0
M14NTg,2149.000000001,2453,0.0
ALDSTRNtm,2149.000000001,2454,0.0
M13N4Tg,2149.000000001,2455,0.0
LPS,2149.000000001,2456,0.0
LPCHOLt,2149.000000001,2457,0.0
M13N2Tg,2149.000000001,2458,0.0
ALDSTRNte,2149.000000001,2459,0.0
M1316Mg,2149.000000001,2460,0.0
LYStn,2149.000000001,2461,0.0
ALDD2y,2149.000000001,2462,0.0
LYStm,2149.000000001,2463,0.0
M4MPDOL_Lter,2149.000000001,2464,0.0
M4CET3er,2149.000000001,2465,0.0
M4BTAer,2149.000000001,2466,0.0
LRAT2,2149.000000001,2467,0.0
LRAT1,2149.000000001,2468,0.0
ALKP,2149.000000001,2469,0.0
LRAT,2149.000000001,2470,0.0
M4BET2er,2149.000000001,2471,0.0
LPSe,2149.000000001,2472,0.0
LPS4e,2149.000000001,2473,0.0
LPS3e,2149.000000001,2474,0.0
LPS3,2149.000000001,2475,0.0
LPS2e,2149.000000001,2476,0.0
M4ATAer,2149.000000001,2477,0.0
M16NTg,2149.000000001,2478,0.0
M8MASNterg,2149.000000001,2479,0.0
LYSMTF2n,2149.000000001,2480,0.0
LYSMTF1n,2149.000000001,2481,0.0
LTDCL,2149.000000001,2482,0.0
LTD4DP,2149.000000001,2483,0.0
LTC4Sr,2149.000000001,2484,0.0
MERCPLACCYSt,2149.000000001,2485,0.0
LTC4CP,2149.000000001,2486,0.0
M7MASNBterg,2149.000000001,2487,0.0
LTA4H,2149.000000001,2488,0.0
ALOX12,2149.000000001,2489,0.0
M4MPDOL_Uter,2149.000000001,2490,0.0
LS3,2149.000000001,2491,0.0
METAT,2149.000000001,2492,0.0
MMEm,2149.000000001,2493,0.0
MALTt1r,2149.000000001,2494,0.0
MESCOALm,2149.000000001,2495,0.0
MALTly,2149.000000001,2496,0.0
LYSMTF3n,2149.000000001,2497,0.0
MALTe,2149.000000001,2498,0.0
MALT,2149.000000001,2499,0.0
MAGt,2149.000000001,2500,0.0
MACOXO,2149.000000001,2501,0.0
EX_peplys_e,2149.000000001,2502,0.0
EX_pe_hs_e,2149.000000001,2503,0.0
EX_pchol_hs_e,2149.000000001,2504,0.0
EX_paf_hs_e,2149.000000001,2505,0.0
EX_fe2_e,2149.000000001,2506,0.0
EX_etoh_e,2149.000000001,2507,0.0
EX_gthrd_e,2149.000000001,2508,0.0
EX_estrones_e,2149.000000001,2509,0.0
EX_estroneglc_e,2149.000000001,2510,0.0
EX_gthox_e,2149.000000001,2511,0.0
EX_estriolglc_e,2149.000000001,2512,0.0
EX_estradiolglc_e,2149.000000001,2513,0.0
EX_estradiol_e,2149.000000001,2514,0.0
EX_orn_e,2149.000000001,2515,0.0
MTHFCm,2149.000000001,2516,0.0
MANt4,2149.000000001,2517,0.0
MANt1r,2149.000000001,2518,0.0
METLEUex,2149.000000001,2519,0.0
MAN6PI,2149.000000001,2520,0.0
MAN2_7Cer,2149.000000001,2521,0.0
MAN2_6B1er,2149.000000001,2522,0.0
MAN1_7Ber,2149.000000001,2523,0.0
MAN1_6B1er,2149.000000001,2524,0.0
MAN1PT2,2149.000000001,2525,0.0
MTAP,2149.000000001,2526,0.0
MMSAD3m,2149.000000001,2527,0.0
MMSAD1m,2149.000000001,2528,0.0
MTRI,2149.000000001,2529,0.0
MCD,2149.000000001,2530,0.0
METt4,2149.000000001,2531,0.0
MCCCrm,2149.000000001,2532,0.0
MAOX,2149.000000001,2533,0.0
MTHFDm,2149.000000001,2534,0.0
METS,2149.000000001,2535,0.0
MTHFD2m,2149.000000001,2536,0.0
MAOLNOR,2149.000000001,2537,0.0
MANtly,2149.000000001,2538,0.0
MANtg,2149.000000001,2539,0.0
MANter,2149.000000001,2540,0.0
MCOATAm,2149.000000001,2541,0.0
NACASPtm,2149.000000001,2542,0.0
NACASPAH,2149.000000001,2543,0.0
NABTNOm,2149.000000001,2544,0.0
MCOATA,2149.000000001,2545,0.0
MCLACCYSR,2149.000000001,2546,0.0
NABTNO,2149.000000001,2547,0.0
N4Tg,2149.000000001,2548,0.0
N3Tg,2149.000000001,2549,0.0
N2M2NMASNtly,2149.000000001,2550,0.0
N2M2NMASNt,2149.000000001,2551,0.0
MCDp,2149.000000001,2552,0.0
MCDm,2149.000000001,2553,0.0
NACHEX18ly,2149.000000001,2554,0.0
NACHEX17ly,2149.000000001,2555,0.0
MG2er,2149.000000001,2556,0.0
NACHEX16ly,2149.000000001,2557,0.0
ME1m,2149.000000001,2558,0.0
MDRPD,2149.000000001,2559,0.0
NACHEX15ly,2149.000000001,2560,0.0
NACHEX14ly,2149.000000001,2561,0.0
NACHEX13ly,2149.000000001,2562,0.0
NACHEX12ly,2149.000000001,2563,0.0
NACHEX11ly,2149.000000001,2564,0.0
NACHEX10ly,2149.000000001,2565,0.0
MCPST,2149.000000001,2566,0.0
MG1er,2149.000000001,2567,0.0
MEOHt2,2149.000000001,2568,0.0
NACHEX24ly,2149.000000001,2569,0.0
NACHEX23ly,2149.000000001,2570,0.0
NACHEX22ly,2149.000000001,2571,0.0
MGACONm,2149.000000001,2572,0.0
NACHEX21ly,2149.000000001,2573,0.0
MELATNOX,2149.000000001,2574,0.0
NACHEX20ly,2149.000000001,2575,0.0
MG3er,2149.000000001,2576,0.0
NACHEX1ly,2149.000000001,2577,0.0
MELATN23DOX,2149.000000001,2578,0.0
NACHEX19ly,2149.000000001,2579,0.0
MECOAS1m,2149.000000001,2580,0.0
MECOALm,2149.000000001,2581,0.0
ME2m,2149.000000001,2582,0.0
NACHEXA17ly,2149.000000001,2583,0.0
NACHEXA16ly,2149.000000001,2584,0.0
NACHEXA15ly,2149.000000001,2585,0.0
NACHEX6ly,2149.000000001,2586,0.0
NACHEX5ly,2149.000000001,2587,0.0
NACHEX4ly,2149.000000001,2588,0.0
MGCHrm,2149.000000001,2589,0.0
NACHEX3ly,2149.000000001,2590,0.0
NACHEXA14ly,2149.000000001,2591,0.0
NACHEX2ly,2149.000000001,2592,0.0
NACHEX27ly,2149.000000001,2593,0.0
NACHEX26ly,2149.000000001,2594,0.0
NACHEX25ly,2149.000000001,2595,0.0
MEPIVESSte,2149.000000001,2596,0.0
MEOHtr,2149.000000001,2597,0.0
MEOHtly,2149.000000001,2598,0.0
NACHEXA13ly,2149.000000001,2599,0.0
NACHEXA12ly,2149.000000001,2600,0.0
NACHEXA2ly,2149.000000001,2601,0.0
NACHEXA22ly,2149.000000001,2602,0.0
NACHEXA21ly,2149.000000001,2603,0.0
MGSA2,2149.000000001,2604,0.0
NACHEXA20ly,2149.000000001,2605,0.0
NACHEXA11ly,2149.000000001,2606,0.0
NACHEXA1ly,2149.000000001,2607,0.0
NACHEXA19ly,2149.000000001,2608,0.0
NACHEXA10ly,2149.000000001,2609,0.0
NACHEX9ly,2149.000000001,2610,0.0
MGSA,2149.000000001,2611,0.0
NACHEX8ly,2149.000000001,2612,0.0
NACHEXA18ly,2149.000000001,2613,0.0
NACHEX7ly,2149.000000001,2614,0.0
NDPK10n,2149.000000001,2615,0.0
MI13456Ptn,2149.000000001,2616,0.0
NDPK10m,2149.000000001,2617,0.0
NACt,2149.000000001,2618,0.0
MI13456PK,2149.000000001,2619,0.0
NDPK10,2149.000000001,2620,0.0
NACHEXA9ly,2149.000000001,2621,0.0
NACHEXA8ly,2149.000000001,2622,0.0
NACHEXA7ly,2149.000000001,2623,0.0
MHISOR,2149.000000001,2624,0.0
NACHEXA6ly,2149.000000001,2625,0.0
NACHEXA5ly,2149.000000001,2626,0.0
NACHEXA4ly,2149.000000001,2627,0.0
NACHEXA3ly,2149.000000001,2628,0.0
NDP8ex,2149.000000001,2629,0.0
EX_onpthl_e,2149.000000001,2630,0.0
EX_gt1a_hs_e,2149.000000001,2631,0.0
EX_omeprazole_e,2149.000000001,2632,0.0
EX_oh1_e,2149.000000001,2633,0.0
EX_eicostet_e,2149.000000001,2634,0.0
EX_ebastineoh_e,2149.000000001,2635,0.0
EX_ebastine_e,2149.000000001,2636,0.0
EX_eaflatoxin_e,2149.000000001,2637,0.0
EX_duri_e,2149.000000001,2638,0.0
EX_drib_e,2149.000000001,2639,0.0
EX_octa_e,2149.000000001,2640,0.0
EX_ocdcea_e,2149.000000001,2641,0.0
EX_oagt3_hs_e,2149.000000001,2642,0.0
EX_gsn_e,2149.000000001,2643,0.0
EX_oagd3_hs_e,2149.000000001,2644,0.0
NADPN,2149.000000001,2645,0.0
NADNe,2149.000000001,2646,0.0
NDPK3m,2149.000000001,2647,0.0
NDPK2n,2149.000000001,2648,0.0
NDPK2m,2149.000000001,2649,0.0
NDPK1n,2149.000000001,2650,0.0
NADN,2149.000000001,2651,0.0
NADK,2149.000000001,2652,0.0
NADHtpu,2149.000000001,2653,0.0
NADH2_u10m,2149.000000001,2654,0.0
NAGA2ly,2149.000000001,2655,0.0
NADtpu,2149.000000001,2656,0.0
MI1345PKn,2149.000000001,2657,0.0
NADtn,2149.000000001,2658,0.0
NDPK5n,2149.000000001,2659,0.0
NDPK5m,2149.000000001,2660,0.0
NADS2,2149.000000001,2661,0.0
NADPNe,2149.000000001,2662,0.0
NDPK5,2149.000000001,2663,0.0
NDPK4n,2149.000000001,2664,0.0
NDPK4m,2149.000000001,2665,0.0
NDPK4,2149.000000001,2666,0.0
NDPK3n,2149.000000001,2667,0.0
NDPK8n,2149.000000001,2668,0.0
MI1346PKn,2149.000000001,2669,0.0
NDPK8m,2149.000000001,2670,0.0
NAIt,2149.000000001,2671,0.0
NDPK7n,2149.000000001,2672,0.0
NDPK7m,2149.000000001,2673,0.0
NDPK6n,2149.000000001,2674,0.0
NAGLCAly,2149.000000001,2675,0.0
NAGAly,2149.000000001,2676,0.0
MI1345PP,2149.000000001,2677,0.0
NAGAlby,2149.000000001,2678,0.0
NDPK6m,2149.000000001,2679,0.0
NDPK6,2149.000000001,2680,0.0
MI1346Ptn,2149.000000001,2681,0.0
NCCt,2149.000000001,2682,0.0
NCAMUP,2149.000000001,2683,0.0
NBAHH_ir,2149.000000001,2684,0.0
NH4tn,2149.000000001,2685,0.0
NH4t3r,2149.000000001,2686,0.0
NDPK9n,2149.000000001,2687,0.0
NDPK9m,2149.000000001,2688,0.0
NDPK9,2149.000000001,2689,0.0
NAtx,2149.000000001,2690,0.0
NAt5,2149.000000001,2691,0.0
NAt3_1g,2149.000000001,2692,0.0
EX_gq1balpha_hs_e,2149.000000001,2693,0.0
EX_dopasf_e,2149.000000001,2694,0.0
EX_cspg_d_e,2149.000000001,2695,0.0
EX_cspg_c_e,2149.000000001,2696,0.0
EX_cspg_b_e,2149.000000001,2697,0.0
EX_cspg_a_e,2149.000000001,2698,0.0
EX_dmhptcrn_e,2149.000000001,2699,0.0
EX_dmantipyrine_e,2149.000000001,2700,0.0
EX_dlnlcg_e,2149.000000001,2701,0.0
EX_din_e,2149.000000001,2702,0.0
EX_digalsgalside_hs_e,2149.000000001,2703,0.0
EX_dhf_e,2149.000000001,2704,0.0
EX_dheas_e,2149.000000001,2705,0.0
EX_csn_e,2149.000000001,2706,0.0
EX_crvnc_e,2149.000000001,2707,0.0
NMNATn,2149.000000001,2708,0.0
NMNATm,2149.000000001,2709,0.0
NKCCt,2149.000000001,2710,0.0
NKCC2t,2149.000000001,2711,0.0
NDP7ex,2149.000000001,2712,0.0
NDP7er,2149.000000001,2713,0.0
MI134PP,2149.000000001,2714,0.0
NDP6,2149.000000001,2715,0.0
NIFEDIPINEte,2149.000000001,2716,0.0
NICRNTtn,2149.000000001,2717,0.0
NDP3ex,2149.000000001,2718,0.0
MI134PK,2149.000000001,2719,0.0
NDP10ex,2149.000000001,2720,0.0
NICRNS,2149.000000001,2721,0.0
MI134P4P,2149.000000001,2722,0.0
NNATr_copy2,2149.000000001,2723,0.0
NRVNCCPT1,2149.000000001,2724,0.0
NNATn,2149.000000001,2725,0.0
NNATm,2149.000000001,2726,0.0
NRVNCCOAtx,2149.000000001,2727,0.0
NRPPHRVESSEC,2149.000000001,2728,0.0
NNATr_copy1,2149.000000001,2729,0.0
NMPTRCOX,2149.000000001,2730,0.0
NMNtn,2149.000000001,2731,0.0
NMNS,2149.000000001,2732,0.0
NMNAT,2149.000000001,2733,0.0
MI13PP,2149.000000001,2734,0.0
NDP8,2149.000000001,2735,0.0
NDP7g,2149.000000001,2736,0.0
NTD1,2149.000000001,2737,0.0
NOt,2149.000000001,2738,0.0
NOS2,2149.000000001,2739,0.0
MI145PK,2149.000000001,2740,0.0
NOS1,2149.000000001,2741,0.0
NT5C,2149.000000001,2742,0.0
MI145P6Kn,2149.000000001,2743,0.0
NS26Tg,2149.000000001,2744,0.0
NORANMT,2149.000000001,2745,0.0
NS26T2g,2149.000000001,2746,0.0
NNMT,2149.000000001,2747,0.0
NNDPR,2149.000000001,2748,0.0
NRVNCt,2149.000000001,2749,0.0
NRVNCCRNt,2149.000000001,2750,0.0
MI1456PKn,2149.000000001,2751,0.0
NRVNCCPT2,2149.000000001,2752,0.0
ORETNtn,2149.000000001,2753,0.0
ORETNF2,2149.000000001,2754,0.0
NTD4,2149.000000001,2755,0.0
NTD3l,2149.000000001,2756,0.0
NTD2m,2149.000000001,2757,0.0
NTD2l,2149.000000001,2758,0.0
NTD2e,2149.000000001,2759,0.0
NTD2,2149.000000001,2760,0.0
NTD1m,2149.000000001,2761,0.0
NRPPHRSFt,2149.000000001,2762,0.0
MI145PP,2149.000000001,2763,0.0
NPTHLte,2149.000000001,2764,0.0
MI145PKn,2149.000000001,2765,0.0
NP1,2149.000000001,2766,0.0
NTD12,2149.000000001,2767,0.0
NTD10,2149.000000001,2768,0.0
NTD5m,2149.000000001,2769,0.0
NTD5l,2149.000000001,2770,0.0
NTD5,2149.000000001,2771,0.0
ORNTArm,2149.000000001,2772,0.0
MI1P_Dtn,2149.000000001,2773,0.0
ORNDC,2149.000000001,2774,0.0
MI14Ptn,2149.000000001,2775,0.0
MI14PP,2149.000000001,2776,0.0
MI14P4P,2149.000000001,2777,0.0
NTD4l,2149.000000001,2778,0.0
NTD4e,2149.000000001,2779,0.0
ORETNtn2,2149.000000001,2780,0.0
P45011B12m,2149.000000001,2781,0.0
P45011B11m,2149.000000001,2782,0.0
P45011A1m,2149.000000001,2783,0.0
NTD9e,2149.000000001,2784,0.0
NTD9,2149.000000001,2785,0.0
NTD8l,2149.000000001,2786,0.0
NTD8,2149.000000001,2787,0.0
NTD7l,2149.000000001,2788,0.0
MI3456PK,2149.000000001,2789,0.0
NTD7e,2149.000000001,2790,0.0
NTD6l,2149.000000001,2791,0.0
NTD6,2149.000000001,2792,0.0
ORPT,2149.000000001,2793,0.0
ORNt,2149.000000001,2794,0.0
O16G1e,2149.000000001,2795,0.0
P4501B1r,2149.000000001,2796,0.0
P45019A2r,2149.000000001,2797,0.0
NTPP9,2149.000000001,2798,0.0
NTPP11,2149.000000001,2799,0.0
NTPP10,2149.000000001,2800,0.0
P45019A1r,2149.000000001,2801,0.0
P45017A4r,2149.000000001,2802,0.0
MI34PP,2149.000000001,2803,0.0
P45017A3r,2149.000000001,2804,0.0
NTP3e,2149.000000001,2805,0.0
NTMELYStner,2149.000000001,2806,0.0
NTD9l,2149.000000001,2807,0.0
P45017A2r,2149.000000001,2808,0.0
P45017A1r,2149.000000001,2809,0.0
P45011B21m,2149.000000001,2810,0.0
P4502C18,2149.000000001,2811,0.0
P45027A1m,2149.000000001,2812,0.0
P45027A16m,2149.000000001,2813,0.0
P45027A15m,2149.000000001,2814,0.0
P45027A14m,2149.000000001,2815,0.0
MI4PP,2149.000000001,2816,0.0
P45027A13m,2149.000000001,2817,0.0
O2Stn,2149.000000001,2818,0.0
O2Stm,2149.000000001,2819,0.0
P45027A12m,2149.000000001,2820,0.0
P45027A11m,2149.000000001,2821,0.0
P45021A2r,2149.000000001,2822,0.0
P45021A1r,2149.000000001,2823,0.0
O2St,2149.000000001,2824,0.0
O16G2e,2149.000000001,2825,0.0
MI3PP,2149.000000001,2826,0.0
P4503A43r,2149.000000001,2827,0.0
P4503A4,2149.000000001,2828,0.0
MICITDr,2149.000000001,2829,0.0
P45039A1r,2149.000000001,2830,0.0
OAGD3te,2149.000000001,2831,0.0
P4502F1,2149.000000001,2832,0.0
P4502E1,2149.000000001,2833,0.0
O2tn,2149.000000001,2834,0.0
O2Stx,2149.000000001,2835,0.0
P4502D6,2149.000000001,2836,0.0
P4502C8,2149.000000001,2837,0.0
P4502C19,2149.000000001,2838,0.0
P4504F122r,2149.000000001,2839,0.0
P4504F121r,2149.000000001,2840,0.0
MLTG1e,2149.000000001,2841,0.0
P4504B1r,2149.000000001,2842,0.0
OCCOAtx,2149.000000001,2843,0.0
OCCOAtm,2149.000000001,2844,0.0
MLTG1,2149.000000001,2845,0.0
OCBTm,2149.000000001,2846,0.0
P45046A1r,2149.000000001,2847,0.0
P4503A7r,2149.000000001,2848,0.0
MINOHPtn,2149.000000001,2849,0.0
P4503A5,2149.000000001,2850,0.0
OAGT3tg,2149.000000001,2851,0.0
OAGT3te,2149.000000001,2852,0.0
OAGD3tg,2149.000000001,2853,0.0
EX_crtstrn_e,2149.000000001,2854,0.0
EX_crtsl_e,2149.000000001,2855,0.0
EX_crn_e,2149.000000001,2856,0.0
EX_crmp_hs_e,2149.000000001,2857,0.0
EX_creat_e,2149.000000001,2858,0.0
EX_coumarin_e,2149.000000001,2859,0.0
EX_co_e,2149.000000001,2860,0.0
EX_cmp_e,2149.000000001,2861,0.0
EX_cl_e,2149.000000001,2862,0.0
EX_cit_e,2149.000000001,2863,0.0
EX_chtn_e,2149.000000001,2864,0.0
EX_chsterol_e,2149.000000001,2865,0.0
EX_cholate_e,2149.000000001,2866,0.0
EX_cgly_e,2149.000000001,2867,0.0
OMEPRAZOLEte,2149.000000001,2868,0.0
MM5ag,2149.000000001,2869,0.0
OIVD3m,2149.000000001,2870,0.0
P4507B12r,2149.000000001,2871,0.0
P4507B11r,2149.000000001,2872,0.0
P4507A1r,2149.000000001,2873,0.0
P4504F81r,2149.000000001,2874,0.0
P4504F123r,2149.000000001,2875,0.0
OIVD1m,2149.000000001,2876,0.0
ODECOAtx,2149.000000001,2877,0.0
OCTAt,2149.000000001,2878,0.0
OCOAT1m,2149.000000001,2879,0.0
MLTG1ly,2149.000000001,2880,0.0
OCDCEAt,2149.000000001,2881,0.0
MM6B1ag,2149.000000001,2882,0.0
P5CRm,2149.000000001,2883,0.0
MM5cg,2149.000000001,2884,0.0
ORETNF,2149.000000001,2885,0.0
OPAH,2149.000000001,2886,0.0
ONPTHLte,2149.000000001,2887,0.0
P5CDm,2149.000000001,2888,0.0
MM5bg,2149.000000001,2889,0.0
P450SCC1m,2149.000000001,2890,0.0
P450LTB4r,2149.000000001,2891,0.0
P4508B13r,2149.000000001,2892,0.0
P4508B11r,2149.000000001,2893,0.0
OMPDC,2149.000000001,2894,0.0
PAIL4P_HStn,2149.000000001,2895,0.0
PCHOL_HStg,2149.000000001,2896,0.0
PCHOL_HSter,2149.000000001,2897,0.0
PCHOLPr_hs,2149.000000001,2898,0.0
PCHOLPm_hs,2149.000000001,2899,0.0
PCHOLPg_hs,2149.000000001,2900,0.0
PCHOLP_hs,2149.000000001,2901,0.0
PAIL45P_HStn,2149.000000001,2902,0.0
PAFt,2149.000000001,2903,0.0
PAFS,2149.000000001,2904,0.0
PAFHe,2149.000000001,2905,0.0
PAFH,2149.000000001,2906,0.0
MM6B1bg,2149.000000001,2907,0.0
PACCOAL,2149.000000001,2908,0.0
PCFLOPm,2149.000000001,2909,0.0
PA_HStn,2149.000000001,2910,0.0
MM7Ag,2149.000000001,2911,0.0
PCm,2149.000000001,2912,0.0
PCRNtm,2149.000000001,2913,0.0
MM6bg,2149.000000001,2914,0.0
PCRNtc,2149.000000001,2915,0.0
PA_HStg,2149.000000001,2916,0.0
MM6ag,2149.000000001,2917,0.0
PA_HSter,2149.000000001,2918,0.0
PCREATtmdiffir,2149.000000001,2919,0.0
PCLYSOX,2149.000000001,2920,0.0
PAPtg,2149.000000001,2921,0.0
MM6B2g,2149.000000001,2922,0.0
PAPStg,2149.000000001,2923,0.0
PCLAD,2149.000000001,2924,0.0
PAN4PP,2149.000000001,2925,0.0
PAIL_HStn,2149.000000001,2926,0.0
PEAMNO,2149.000000001,2927,0.0
PDXPP,2149.000000001,2928,0.0
PDX5POi,2149.000000001,2929,0.0
PDE4g,2149.000000001,2930,0.0
PDE4,2149.000000001,2931,0.0
PHEMEtm,2149.000000001,2932,0.0
PHEMEt,2149.000000001,2933,0.0
PHEACGLNt,2149.000000001,2934,0.0
PHCHGSm,2149.000000001,2935,0.0
PHCDm,2149.000000001,2936,0.0
MM7B1g,2149.000000001,2937,0.0
PHACCOAGLNAC,2149.000000001,2938,0.0
PDE1g,2149.000000001,2939,0.0
PDE1,2149.000000001,2940,0.0
PCt,2149.000000001,2941,0.0
PHYHx,2149.000000001,2942,0.0
MM7Cbg,2149.000000001,2943,0.0
PHYCBOXL,2149.000000001,2944,0.0
PERILLYLte,2149.000000001,2945,0.0
PEPLYStn,2149.000000001,2946,0.0
PEPCKm,2149.000000001,2947,0.0
MM7Cag,2149.000000001,2948,0.0
PHETA1m,2149.000000001,2949,0.0
PHETA1,2149.000000001,2950,0.0
PEFLIPm,2149.000000001,2951,0.0
PEFLIP,2149.000000001,2952,0.0
MM7B2g,2149.000000001,2953,0.0
PECGONCOATr,2149.000000001,2954,0.0
MM8Ag,2149.000000001,2955,0.0
PEt,2149.000000001,2956,0.0
PI34P4Pn,2149.000000001,2957,0.0
PE_HStg,2149.000000001,2958,0.0
PI34P3Pn,2149.000000001,2959,0.0
PI345P5Pn,2149.000000001,2960,0.0
PI345P3Pn,2149.000000001,2961,0.0
PI345P3P,2149.000000001,2962,0.0
PHYTt,2149.000000001,2963,0.0
PE_HSter,2149.000000001,2964,0.0
PETOHMr_hs,2149.000000001,2965,0.0
PETOHMm_hs,2149.000000001,2966,0.0
PETHCT,2149.000000001,2967,0.0
PEROXx,2149.000000001,2968,0.0
PHYQt,2149.000000001,2969,0.0
PGISr,2149.000000001,2970,0.0
MM8Cg,2149.000000001,2971,0.0
PGESr,2149.000000001,2972,0.0
PI3P4Kn,2149.000000001,2973,0.0
PI3P4K,2149.000000001,2974,0.0
PI3P3Pn,2149.000000001,2975,0.0
PGDIr,2149.000000001,2976,0.0
PGDI,2149.000000001,2977,0.0
MM8Ber,2149.000000001,2978,0.0
PGCD,2149.000000001,2979,0.0
PI35P3P,2149.000000001,2980,0.0
PI34P5Kn,2149.000000001,2981,0.0
PI34P5K,2149.000000001,2982,0.0
PFK26,2149.000000001,2983,0.0
PFK,2149.000000001,2984,0.0
PI45PLC,2149.000000001,2985,0.0
PI45P5Pn,2149.000000001,2986,0.0
PGM,2149.000000001,2987,0.0
PGLer,2149.000000001,2988,0.0
PGLYCt,2149.000000001,2989,0.0
PGLYCP,2149.000000001,2990,0.0
PGL,2149.000000001,2991,0.0
PI45P5P,2149.000000001,2992,0.0
PI45P4P,2149.000000001,2993,0.0
PI45P3Kn,2149.000000001,2994,0.0
PI45P3K,2149.000000001,2995,0.0
PI3PP,2149.000000001,2996,0.0
PI3P5K,2149.000000001,2997,0.0
PGK,2149.000000001,2998,0.0
PIK3er,2149.000000001,2999,0.0
PIK3,2149.000000001,3000,0.0
PIACGT,2149.000000001,3001,0.0
PI5P4Kn,2149.000000001,3002,0.0
PI4P5Kn,2149.000000001,3003,0.0
MMCDm,2149.000000001,3004,0.0
PI4P5K,2149.000000001,3005,0.0
PI4P4Pn,2149.000000001,3006,0.0
PI4P3Kn,2149.000000001,3007,0.0
PI4P3Ker,2149.000000001,3008,0.0
MMCD,2149.000000001,3009,0.0
PGSr,2149.000000001,3010,0.0
PI4P3K,2149.000000001,3011,0.0
PGS,2149.000000001,3012,0.0
PI45PLCn,2149.000000001,3013,0.0
PTRCAT1,2149.000000001,3014,0.0
PPDOy,2149.000000001,3015,0.0
MMCDp,2149.000000001,3016,0.0
PIt2m,2149.000000001,3017,0.0
PIPLCn,2149.000000001,3018,0.0
LCARR,2149.000000001,3019,0.0
PI5P4K,2149.000000001,3020,0.0
PI5P3Ker,2149.000000001,3021,0.0
PI5P3K,2149.000000001,3022,0.0
PI4PP,2149.000000001,3023,0.0
PI4PLCn,2149.000000001,3024,0.0
PIK5n,2149.000000001,3025,0.0
PIK5,2149.000000001,3026,0.0
PIK4n,2149.000000001,3027,0.0
PIK4,2149.000000001,3028,0.0
PIK3n,2149.000000001,3029,0.0
EX_dhdascb_e,2149.000000001,3030,0.0
EX_dgsn_e,2149.000000001,3031,0.0
EX_dgchol_e,2149.000000001,3032,0.0
EX_debrisoquine_e,2149.000000001,3033,0.0
EX_dcyt_e,2149.000000001,3034,0.0
EX_gq1b_hs_e,2149.000000001,3035,0.0
EX_dcsptn1_e,2149.000000001,3036,0.0
EX_cca_d3_e,2149.000000001,3037,0.0
EX_carveol_e,2149.000000001,3038,0.0
EX_caro_e,2149.000000001,3039,0.0
EX_camp_e,2149.000000001,3040,0.0
EX_ca2_e,2149.000000001,3041,0.0
EX_bz_e,2149.000000001,3042,0.0
EX_dag_hs_e,2149.000000001,3043,0.0
EX_dad_5_e,2149.000000001,3044,0.0
PItn,2149.000000001,3045,0.0
PItg,2149.000000001,3046,0.0
PIter,2149.000000001,3047,0.0
PIt9,2149.000000001,3048,0.0
PIt7_copy2,2149.000000001,3049,0.0
PIt7_copy1,2149.000000001,3050,0.0
PPPG9tm,2149.000000001,3051,0.0
PPOR,2149.000000001,3052,0.0
PPNCL3,2149.000000001,3053,0.0
PPMI1346Ptn,2149.000000001,3054,0.0
PPMI12346Ptn,2149.000000001,3055,0.0
PMI1346PH,2149.000000001,3056,0.0
PMI12346PHn,2149.000000001,3057,0.0
PMI12346PH,2149.000000001,3058,0.0
PMANM,2149.000000001,3059,0.0
PRDX,2149.000000001,3060,0.0
PRASCSi,2149.000000001,3061,0.0
PTRCOX1,2149.000000001,3062,0.0
PRAIS,2149.000000001,3063,0.0
PRAGSr,2149.000000001,3064,0.0
PPPItn,2149.000000001,3065,0.0
PPPGOm,2149.000000001,3066,0.0
PLYSPSer,2149.000000001,3067,0.0
PLA2,2149.000000001,3068,0.0
PNTOt5,2149.000000001,3069,0.0
PNTKm,2149.000000001,3070,0.0
PNTK,2149.000000001,3071,0.0
PNTEH,2149.000000001,3072,0.0
PRISTtx,2149.000000001,3073,0.0
PRISTCOAtx,2149.000000001,3074,0.0
PRISTANALtx,2149.000000001,3075,0.0
PRGSTRNt,2149.000000001,3076,0.0
PRGNLONEtr,2149.000000001,3077,0.0
PRGNLONEtm,2149.000000001,3078,0.0
PRGNLONESULT,2149.000000001,3079,0.0
PRFGS,2149.000000001,3080,0.0
PRDXl,2149.000000001,3081,0.0
PNP,2149.000000001,3082,0.0
PMI1346PHn,2149.000000001,3083,0.0
PRODt2rL,2149.000000001,3084,0.0
PRODt2r,2149.000000001,3085,0.0
PPAn,2149.000000001,3086,0.0
PPAm,2149.000000001,3087,0.0
PUNP3,2149.000000001,3088,0.0
PPAer,2149.000000001,3089,0.0
PROAKGOX1r,2149.000000001,3090,0.0
PPA2m,2149.000000001,3091,0.0
PPA2,2149.000000001,3092,0.0
PRO1xm,2149.000000001,3093,0.0
PPA,2149.000000001,3094,0.0
PROSTGH2t,2149.000000001,3095,0.0
PPCOAOm,2149.000000001,3096,0.0
PPCOACm,2149.000000001,3097,0.0
PPCDC,2149.000000001,3098,0.0
PROSTGF2t,2149.000000001,3099,0.0
PROSTGE2t3,2149.000000001,3100,0.0
PROSTGE2t2,2149.000000001,3101,0.0
PROSTGE2t,2149.000000001,3102,0.0
PROSTGE1t3,2149.000000001,3103,0.0
PPBNGS,2149.000000001,3104,0.0
PPAtm,2149.000000001,3105,0.0
PPAtr,2149.000000001,3106,0.0
PROSTGE1t,2149.000000001,3107,0.0
PROSTGD2t,2149.000000001,3108,0.0
PUNP4,2149.000000001,3109,0.0
EX_dad_2_e,2149.000000001,3110,0.0
EX_cytd_e,2149.000000001,3111,0.0
EX_ac_e,2149.000000001,3112,0.0
EX_cyan_e,2149.000000001,3113,0.0
EX_bvite_e,2149.000000001,3114,0.0
EX_but_e,2149.000000001,3115,0.0
EX_abt_e,2149.000000001,3116,0.0
EX_btn_e,2149.000000001,3117,0.0
EX_Tyr_ggn_e,2149.000000001,3118,0.0
EX_cspg_e_e,2149.000000001,3119,0.0
EX_Rtotal3_e,2149.000000001,3120,0.0
EX_Rtotal2_e,2149.000000001,3121,0.0
EX_Rtotal_e,2149.000000001,3122,0.0
EX_2hb_e,2149.000000001,3123,0.0
PROtm,2149.000000001,3124,0.0
PYAM5PO,2149.000000001,3125,0.0
RNDR3,2149.000000001,3126,0.0
PVD3,2149.000000001,3127,0.0
RNDR1,2149.000000001,3128,0.0
PROt2rL,2149.000000001,3129,0.0
PUNP7,2149.000000001,3130,0.0
PROSTGI2tr,2149.000000001,3131,0.0
PROSTGI2t,2149.000000001,3132,0.0
PUNP6,2149.000000001,3133,0.0
PUNP5,2149.000000001,3134,0.0
PSP_L,2149.000000001,3135,0.0
PSFLIP,2149.000000001,3136,0.0
PSERT,2149.000000001,3137,0.0
PYDAMK,2149.000000001,3138,0.0
PYAM5Ptm,2149.000000001,3139,0.0
PRPNCOAHYDx,2149.000000001,3140,0.0
RNMK,2149.000000001,3141,0.0
RNDR4,2149.000000001,3142,0.0
PRPNCOAHYDm,2149.000000001,3143,0.0
RTOTAL2CRNCPT1,2149.000000001,3144,0.0
PTDCACRNt,2149.000000001,3145,0.0
PTDCACRNCPT2,2149.000000001,3146,0.0
PYDXDH,2149.000000001,3147,0.0
PTDCACRNCPT1,2149.000000001,3148,0.0
PSt3,2149.000000001,3149,0.0
PS_HStg,2149.000000001,3150,0.0
RTOT5,2149.000000001,3151,0.0
PYDX5Ptm,2149.000000001,3152,0.0
RTOT3,2149.000000001,3153,0.0
PS_HSter,2149.000000001,3154,0.0
PSSA2_hs,2149.000000001,3155,0.0
PYDAMtr,2149.000000001,3156,0.0
RTOTALCRNCPT1,2149.000000001,3157,0.0
RTOTAL3t,2149.000000001,3158,0.0
RTOTAL3CRNt,2149.000000001,3159,0.0
PTHPS,2149.000000001,3160,0.0
PTE5x,2149.000000001,3161,0.0
RTOTAL3CRNCPT2,2149.000000001,3162,0.0
PYDXNK,2149.000000001,3163,0.0
RTOTAL3CRNCPT1,2149.000000001,3164,0.0
PTE4x,2149.000000001,3165,0.0
RTOTAL2t,2149.000000001,3166,0.0
RTOTAL2CRNt,2149.000000001,3167,0.0
PTE3x,2149.000000001,3168,0.0
PTE2x,2149.000000001,3169,0.0
PTDCAt,2149.000000001,3170,0.0
RTOTAL2CRNCPT2,2149.000000001,3171,0.0
PYDXK,2149.000000001,3172,0.0
S23T4g,2149.000000001,3173,0.0
S23T3g,2149.000000001,3174,0.0
S6T11g,2149.000000001,3175,0.0
PYDXPP,2149.000000001,3176,0.0
S6T10g,2149.000000001,3177,0.0
S23T2g,2149.000000001,3178,0.0
Rtotaltp,2149.000000001,3179,0.0
Rtotaltl,2149.000000001,3180,0.0
RTOT_3,2149.000000001,3181,0.0
RTOT_2,2149.000000001,3182,0.0
RTOTALt,2149.000000001,3183,0.0
PYDXNtr,2149.000000001,3184,0.0
PTPATi,2149.000000001,3185,0.0
PTHPSn,2149.000000001,3186,0.0
RTOTALCRNt,2149.000000001,3187,0.0
RTOTALCRNCPT2,2149.000000001,3188,0.0
S2T4g,2149.000000001,3189,0.0
S2T3g,2149.000000001,3190,0.0
S2T2g,2149.000000001,3191,0.0
S2T1g,2149.000000001,3192,0.0
S6T16g,2149.000000001,3193,0.0
S2L2N2M2MASNtly,2149.000000001,3194,0.0
S6T15g,2149.000000001,3195,0.0
S6T14g,2149.000000001,3196,0.0
S2L2FN2M2MASNtly,2149.000000001,3197,0.0
PYDXtr,2149.000000001,3198,0.0
S2L2FN2M2MASNt,2149.000000001,3199,0.0
S6T13g,2149.000000001,3200,0.0
S6T12g,2149.000000001,3201,0.0
S26Tg,2149.000000001,3202,0.0
S23Tg,2149.000000001,3203,0.0
S2TASE5ly,2149.000000001,3204,0.0
S6T25g,2149.000000001,3205,0.0
S6T24g,2149.000000001,3206,0.0
PYLALDOX,2149.000000001,3207,0.0
S6T23g,2149.000000001,3208,0.0
S2TASE4ly,2149.000000001,3209,0.0
S6T22g,2149.000000001,3210,0.0
S2TASE3ly,2149.000000001,3211,0.0
S2TASE2ly,2149.000000001,3212,0.0
S6T21g,2149.000000001,3213,0.0
S6T20g,2149.000000001,3214,0.0
S6T1g,2149.000000001,3215,0.0
S6T19g,2149.000000001,3216,0.0
S6T18g,2149.000000001,3217,0.0
S6T17g,2149.000000001,3218,0.0
S2TASE1ly,2149.000000001,3219,0.0
S6T6g,2149.000000001,3220,0.0
S4T4g,2149.000000001,3221,0.0
S4T3g,2149.000000001,3222,0.0
S4T2g,2149.000000001,3223,0.0
S4T1g,2149.000000001,3224,0.0
S3TASE3ly,2149.000000001,3225,0.0
S3TASE2ly,2149.000000001,3226,0.0
S3TASE1ly,2149.000000001,3227,0.0
S6T5g,2149.000000001,3228,0.0
S6T4g,2149.000000001,3229,0.0
S6T3g,2149.000000001,3230,0.0
PYLALDOXm,2149.000000001,3231,0.0
S6T2g,2149.000000001,3232,0.0
S3T3g,2149.000000001,3233,0.0
S3T2g,2149.000000001,3234,0.0
S3T1g,2149.000000001,3235,0.0
EX_cysi__L_e,2149.000000001,3236,0.0
EX_biocyt_e,2149.000000001,3237,0.0
EX_clpnd_e,2149.000000001,3238,0.0
EX_bilirub_e,2149.000000001,3239,0.0
EX_bilglcur_e,2149.000000001,3240,0.0
EX_bildglcur_e,2149.000000001,3241,0.0
EX_25hvitd3_e,2149.000000001,3242,0.0
EX_25hvitd2_e,2149.000000001,3243,0.0
EX_9_cis_retfa_e,2149.000000001,3244,0.0
EX_24nph_e,2149.000000001,3245,0.0
EX_7thf_e,2149.000000001,3246,0.0
EX_2425dhvitd3_e,2149.000000001,3247,0.0
EX_2425dhvitd2_e,2149.000000001,3248,0.0
EX_7dhf_e,2149.000000001,3249,0.0
EX_1mncam_e,2149.000000001,3250,0.0
EX_1glyc_hs_e,2149.000000001,3251,0.0
S6TASE15ly,2149.000000001,3252,0.0
S4TASE3ly,2149.000000001,3253,0.0
S4TASE2ly,2149.000000001,3254,0.0
S4TASE1ly,2149.000000001,3255,0.0
S6TASE14ly,2149.000000001,3256,0.0
S6TASE13ly,2149.000000001,3257,0.0
S6TASE12ly,2149.000000001,3258,0.0
S6TASE11ly,2149.000000001,3259,0.0
S4T6g,2149.000000001,3260,0.0
S4T5g,2149.000000001,3261,0.0
S6TASE10ly,2149.000000001,3262,0.0
S6T9g,2149.000000001,3263,0.0
S6T8g,2149.000000001,3264,0.0
S6T7g,2149.000000001,3265,0.0
SARCStex,2149.000000001,3266,0.0
SARCOXp,2149.000000001,3267,0.0
SAMHISTA,2149.000000001,3268,0.0
S6TASE23ly,2149.000000001,3269,0.0
S6TASE22ly,2149.000000001,3270,0.0
S6TASE21ly,2149.000000001,3271,0.0
S6TASE20ly,2149.000000001,3272,0.0
S6TASE1ly,2149.000000001,3273,0.0
S6TASE19ly,2149.000000001,3274,0.0
SALMCOM2,2149.000000001,3275,0.0
S6TASE18ly,2149.000000001,3276,0.0
S4TASE5ly,2149.000000001,3277,0.0
S4TASE4ly,2149.000000001,3278,0.0
S6TASE17ly,2149.000000001,3279,0.0
S6TASE16ly,2149.000000001,3280,0.0
SBTD_D2,2149.000000001,3281,0.0
SBPP3er,2149.000000001,3282,0.0
SBPP1er,2149.000000001,3283,0.0
S6TASE6ly,2149.000000001,3284,0.0
S6TASE5ly,2149.000000001,3285,0.0
S6TASE4ly,2149.000000001,3286,0.0
QUILSYN,2149.000000001,3287,0.0
S6TASE3ly,2149.000000001,3288,0.0
SARDHm,2149.000000001,3289,0.0
SARCStp,2149.000000001,3290,0.0
S6TASE2ly,2149.000000001,3291,0.0
S6TASE26ly,2149.000000001,3292,0.0
PYRt2,2149.000000001,3293,0.0
S6TASE25ly,2149.000000001,3294,0.0
SARCStm,2149.000000001,3295,0.0
S6TASE24ly,2149.000000001,3296,0.0
SEAHCYStn,2149.000000001,3297,0.0
SEAHCYSHYD,2149.000000001,3298,0.0
SCPx,2149.000000001,3299,0.0
SALMCOM,2149.000000001,3300,0.0
SADT,2149.000000001,3301,0.0
SACCD4m,2149.000000001,3302,0.0
SACCD3m,2149.000000001,3303,0.0
S6TASE9ly,2149.000000001,3304,0.0
SCP3x,2149.000000001,3305,0.0
SCP2x,2149.000000001,3306,0.0
SCP22x,2149.000000001,3307,0.0
RADH,2149.000000001,3308,0.0
SCP21x,2149.000000001,3309,0.0
S6TASE8ly,2149.000000001,3310,0.0
S6TASE7ly,2149.000000001,3311,0.0
SBTR,2149.000000001,3312,0.0
SELMETAT,2149.000000001,3313,0.0
SOAT12,2149.000000001,3314,0.0
SOAT11r,2149.000000001,3315,0.0
RAHY,2149.000000001,3316,0.0
SOAT11,2149.000000001,3317,0.0
SO4tl,2149.000000001,3318,0.0
SELCYSTS,2149.000000001,3319,0.0
SELCYSTGL,2149.000000001,3320,0.0
SELCYSLY2,2149.000000001,3321,0.0
RADH4,2149.000000001,3322,0.0
SELCYSLY,2149.000000001,3323,0.0
RADH3,2149.000000001,3324,0.0
SELADT,2149.000000001,3325,0.0
SEASMETtn,2149.000000001,3326,0.0
RADH2,2149.000000001,3327,0.0
SERGLNNaEx,2149.000000001,3328,0.0
SERDGLYexR,2149.000000001,3329,0.0
SERDGLNexR,2149.000000001,3330,0.0
RAI3,2149.000000001,3331,0.0
SERCYSNaEx,2149.000000001,3332,0.0
SERASNNaEx,2149.000000001,3333,0.0
SPH1Pte,2149.000000001,3334,0.0
SPC_HSt,2149.000000001,3335,0.0
RAI2,2149.000000001,3336,0.0
SOProd,2149.000000001,3337,0.0
SELt4_3,2149.000000001,3338,0.0
RAI1,2149.000000001,3339,0.0
SOAT12r,2149.000000001,3340,0.0
SELNPS,2149.000000001,3341,0.0
RAtn,2149.000000001,3342,0.0
SPHS1Pte,2149.000000001,3343,0.0
SPHMYLNtl,2149.000000001,3344,0.0
RAI4,2149.000000001,3345,0.0
SPHMYLNtg,2149.000000001,3346,0.0
SPHMDAc,2149.000000001,3347,0.0
SERLYSNaex,2149.000000001,3348,0.0
SPHK21c,2149.000000001,3349,0.0
SPHINGStr,2149.000000001,3350,0.0
SPHINGStl,2149.000000001,3351,0.0
SPHGNtr,2149.000000001,3352,0.0
SPH1Pter,2149.000000001,3353,0.0
EX_13_cis_retnglc_e,2149.000000001,3354,0.0
EX_6thf_e,2149.000000001,3355,0.0
EX_11_cis_retfa_e,2149.000000001,3356,0.0
EX_10fthf7glu_e,2149.000000001,3357,0.0
EX_10fthf6glu_e,2149.000000001,3358,0.0
EX_avite2_e,2149.000000001,3359,0.0
EX_avite1_e,2149.000000001,3360,0.0
EX_atp_e,2149.000000001,3361,0.0
EX_6htststerone_e,2149.000000001,3362,0.0
EX_10fthf5glu_e,2149.000000001,3363,0.0
EX_10fthf_e,2149.000000001,3364,0.0
EX_6dhf_e,2149.000000001,3365,0.0
EX_asp__D_e,2149.000000001,3366,0.0
RBK_Dr,2149.000000001,3367,0.0
SGPL11r,2149.000000001,3368,0.0
SPODMm,2149.000000001,3369,0.0
SPODMe,2149.000000001,3370,0.0
SPODM,2149.000000001,3371,0.0
SGALSIDEtl,2149.000000001,3372,0.0
SGALSIDEtg,2149.000000001,3373,0.0
SPMS,2149.000000001,3374,0.0
SFGTHi,2149.000000001,3375,0.0
RAtn3,2149.000000001,3376,0.0
SPMDOX,2149.000000001,3377,0.0
SPHS1Ptr,2149.000000001,3378,0.0
SPRn,2149.000000001,3379,0.0
SPRMS,2149.000000001,3380,0.0
SPR,2149.000000001,3381,0.0
SPODMx,2149.000000001,3382,0.0
SPODMn,2149.000000001,3383,0.0
SIAT9g,2149.000000001,3384,0.0
SIAT4Bg,2149.000000001,3385,0.0
SIAASEly,2149.000000001,3386,0.0
SIAASE4ly,2149.000000001,3387,0.0
SIAASE3ly,2149.000000001,3388,0.0
SIAASE2ly,2149.000000001,3389,0.0
SIAASE,2149.000000001,3390,0.0
SGPL12r,2149.000000001,3391,0.0
SSALxm,2149.000000001,3392,0.0
SMPD4,2149.000000001,3393,0.0
SMPD3l,2149.000000001,3394,0.0
RBTt,2149.000000001,3395,0.0
SMPD3g,2149.000000001,3396,0.0
SRTNMTX,2149.000000001,3397,0.0
SRTNACT,2149.000000001,3398,0.0
SLDxm,2149.000000001,3399,0.0
SLDx,2149.000000001,3400,0.0
SLDt,2149.000000001,3401,0.0
SLCBK1,2149.000000001,3402,0.0
SRTN23OX,2149.000000001,3403,0.0
SR5ARr,2149.000000001,3404,0.0
SR5AR2r,2149.000000001,3405,0.0
ST6GALNAC23,2149.000000001,3406,0.0
SO4HCOtex,2149.000000001,3407,0.0
ST6GALNAC22,2149.000000001,3408,0.0
ST6GALNAC21,2149.000000001,3409,0.0
ST3GAL62g,2149.000000001,3410,0.0
ST3GAL61g,2149.000000001,3411,0.0
ST3GAL23g,2149.000000001,3412,0.0
ST3GAL22g,2149.000000001,3413,0.0
RDH1,2149.000000001,3414,0.0
ST3GAL21g,2149.000000001,3415,0.0
T4HCINNMFM,2149.000000001,3416,0.0
T2M26DCOAHLx,2149.000000001,3417,0.0
T2M26DCOAHLm,2149.000000001,3418,0.0
ST6GALNAC62,2149.000000001,3419,0.0
ST6GALNAC61,2149.000000001,3420,0.0
RDH2,2149.000000001,3421,0.0
ST6GALNAC31,2149.000000001,3422,0.0
Ser_Thrtg,2149.000000001,3423,0.0
ST6GALNAC28,2149.000000001,3424,0.0
ST6GALNAC27,2149.000000001,3425,0.0
ST6GALNAC26,2149.000000001,3426,0.0
ST6GALNAC25,2149.000000001,3427,0.0
RDH1a,2149.000000001,3428,0.0
SUCRe,2149.000000001,3429,0.0
ST6GALNAC24,2149.000000001,3430,0.0
SK_T_antigen_g,2149.000000001,3431,0.0
DM_yvite_c,2149.000000001,3432,0.0
DM_sprm_c,2149.000000001,3433,0.0
EX_5thf_e,2149.000000001,3434,0.0
DM_sTn_antigen_g,2149.000000001,3435,0.0
EX_arachd_e,2149.000000001,3436,0.0
DM_oretn_n,2149.000000001,3437,0.0
DM_n5m2masn_g,2149.000000001,3438,0.0
DM_mem2emgacpail_prot_hs_r,2149.000000001,3439,0.0
EX_arab__L_e,2149.000000001,3440,0.0
EX_5mthf_e,2149.000000001,3441,0.0
EX_aqcobal_e,2149.000000001,3442,0.0
EX_aprgstrn_e,2149.000000001,3443,0.0
TAURtcx,2149.000000001,3444,0.0
TAURt4_2_r,2149.000000001,3445,0.0
ST8SIA56g,2149.000000001,3446,0.0
ST8SIA55g,2149.000000001,3447,0.0
RDH2a,2149.000000001,3448,0.0
ST8SIA54g,2149.000000001,3449,0.0
ST8SIA53g,2149.000000001,3450,0.0
TAGt,2149.000000001,3451,0.0
TAGAT_Dt,2149.000000001,3452,0.0
T4HCINNOX,2149.000000001,3453,0.0
ST8SIA52g,2149.000000001,3454,0.0
ST8SIA51g,2149.000000001,3455,0.0
ST8SIA12,2149.000000001,3456,0.0
ST8SIA11,2149.000000001,3457,0.0
TCYNTtm,2149.000000001,3458,0.0
TCYNTt,2149.000000001,3459,0.0
TCHOLAtx,2149.000000001,3460,0.0
TCHOLAte,2149.000000001,3461,0.0
TCHOLAt3,2149.000000001,3462,0.0
TCHOLAt2,2149.000000001,3463,0.0
TAXOLte,2149.000000001,3464,0.0
STRDNCCRNt,2149.000000001,3465,0.0
STRDNCCPT2,2149.000000001,3466,0.0
STRDNCCPT1,2149.000000001,3467,0.0
RETFAt1,2149.000000001,3468,0.0
RETFAt,2149.000000001,3469,0.0
TETHEX3t,2149.000000001,3470,0.0
TETHEX3COAtx,2149.000000001,3471,0.0
TDPm,2149.000000001,3472,0.0
RETFA,2149.000000001,3473,0.0
TDPGDH,2149.000000001,3474,0.0
TDPDRR,2149.000000001,3475,0.0
TDPDRE,2149.000000001,3476,0.0
TDP,2149.000000001,3477,0.0
SUCCtp,2149.000000001,3478,0.0
TDCHOLAtx,2149.000000001,3479,0.0
RDH4,2149.000000001,3480,0.0
TDCHOLAte,2149.000000001,3481,0.0
TETPENT6CPT1,2149.000000001,3482,0.0
RETH1e,2149.000000001,3483,0.0
TETPENT6COAtx,2149.000000001,3484,0.0
TETPENT3t,2149.000000001,3485,0.0
TETPENT3CRNt,2149.000000001,3486,0.0
THYOXt2,2149.000000001,3487,0.0
RETH1,2149.000000001,3488,0.0
TETPENT3CPT2,2149.000000001,3489,0.0
TETPENT3CPT1,2149.000000001,3490,0.0
THYMDtm,2149.000000001,3491,0.0
RETFAt2,2149.000000001,3492,0.0
THYMDtl,2149.000000001,3493,0.0
TETPENT3COAtx,2149.000000001,3494,0.0
EX_5dhf_e,2149.000000001,3495,0.0
DM_m_em_3gacpail_prot_hs_r,2149.000000001,3496,0.0
EX_appnn_e,2149.000000001,3497,0.0
EX_apnnox_e,2149.000000001,3498,0.0
DM_kdn_c,2149.000000001,3499,0.0
DM_hretn_n,2149.000000001,3500,0.0
EX_5adtststerones_e,2149.000000001,3501,0.0
DM_gpi_sig_r,2149.000000001,3502,0.0
DM_gncore2_g,2149.000000001,3503,0.0
DM_ethamp_r,2149.000000001,3504,0.0
DM_dttp_n,2149.000000001,3505,0.0
DM_dttp_m,2149.000000001,3506,0.0
EX_5adtststeroneglc_e,2149.000000001,3507,0.0
DM_dsT_antigen_g,2149.000000001,3508,0.0
DM_dgtp_n,2149.000000001,3509,0.0
TETTET6t,2149.000000001,3510,0.0
TETTET6CRNt,2149.000000001,3511,0.0
TETTET6CPT2,2149.000000001,3512,0.0
TETTET6CPT1,2149.000000001,3513,0.0
TMDPK,2149.000000001,3514,0.0
TMDK1m,2149.000000001,3515,0.0
TETTET6COAtx,2149.000000001,3516,0.0
TETPENT6t,2149.000000001,3517,0.0
TETPENT6CRNt,2149.000000001,3518,0.0
TMABADH,2149.000000001,3519,0.0
RETH2,2149.000000001,3520,0.0
TETPENT6CPT2,2149.000000001,3521,0.0
THMDt5,2149.000000001,3522,0.0
RETI1,2149.000000001,3523,0.0
THFtm,2149.000000001,3524,0.0
RETHe,2149.000000001,3525,0.0
THFtl,2149.000000001,3526,0.0
THFt2,2149.000000001,3527,0.0
TMNDNCCOAtx,2149.000000001,3528,0.0
TMLYSter,2149.000000001,3529,0.0
TMLYSOX,2149.000000001,3530,0.0
THD1m,2149.000000001,3531,0.0
THCHOLSTOICtm,2149.000000001,3532,0.0
RETH2e,2149.000000001,3533,0.0
TMDPPK,2149.000000001,3534,0.0
THMt3,2149.000000001,3535,0.0
THMt2m,2149.000000001,3536,0.0
THMTPt,2149.000000001,3537,0.0
THMTP,2149.000000001,3538,0.0
RETI3,2149.000000001,3539,0.0
THMPPtm,2149.000000001,3540,0.0
THMP,2149.000000001,3541,0.0
TOLBUTAMIDEte,2149.000000001,3542,0.0
RETI2,2149.000000001,3543,0.0
TMNDNCt,2149.000000001,3544,0.0
THMMPtm,2149.000000001,3545,0.0
TMNDNCCRNt,2149.000000001,3546,0.0
TMNDNCCPT2,2149.000000001,3547,0.0
TMNDNCCPT1,2149.000000001,3548,0.0
THMMPt4,2149.000000001,3549,0.0
TRIODTHYSULT,2149.000000001,3550,0.0
RETNCOA,2149.000000001,3551,0.0
TRIODTHYSUFt,2149.000000001,3552,0.0
THRCYSNaEx,2149.000000001,3553,0.0
TREHe,2149.000000001,3554,0.0
TREH,2149.000000001,3555,0.0
TRDRm,2149.000000001,3556,0.0
TRDR3,2149.000000001,3557,0.0
TRDR2,2149.000000001,3558,0.0
THRALANaEx,2149.000000001,3559,0.0
EX_antipyrene_e,2149.000000001,3560,0.0
EX_5adtststerone_e,2149.000000001,3561,0.0
EX_andrstrnglc_e,2149.000000001,3562,0.0
EX_andrstrn_e,2149.000000001,3563,0.0
DM_dgtp_m,2149.000000001,3564,0.0
EX_4pyrdx_e,2149.000000001,3565,0.0
DM_dgpi_prot_hs_r,2149.000000001,3566,0.0
EX_amp_e,2149.000000001,3567,0.0
EX_aldstrn_e,2149.000000001,3568,0.0
DM_dem2emgacpail_prot_hs_r,2149.000000001,3569,0.0
DM_dctp_n,2149.000000001,3570,0.0
DM_Ser_Gly_Ala_X_Gly_l,2149.000000001,3571,0.0
EX_4nphsf_e,2149.000000001,3572,0.0
DM_Asn_X_Ser_Thr_l,2149.000000001,3573,0.0
TSTSTERONESte,2149.000000001,3574,0.0
TSTSTERONESULT,2149.000000001,3575,0.0
TSTSTERONEGLCtr,2149.000000001,3576,0.0
TSTSTERONEGLCte,2149.000000001,3577,0.0
RETNGLCt2,2149.000000001,3578,0.0
TS3,2149.000000001,3579,0.0
TRYPTAOX,2149.000000001,3580,0.0
RETNGLCt,2149.000000001,3581,0.0
THRS,2149.000000001,3582,0.0
TRPO2,2149.000000001,3583,0.0
TXA2te,2149.000000001,3584,0.0
TTDCRNt,2149.000000001,3585,0.0
RETNGLCtr,2149.000000001,3586,0.0
TTDCPT2,2149.000000001,3587,0.0
TTDCPT1,2149.000000001,3588,0.0
TTDCAtr_copy1,2149.000000001,3589,0.0
UDPG1P,2149.000000001,3590,0.0
UDPDOLPT_U,2149.000000001,3591,0.0
RETNGLCt2r,2149.000000001,3592,0.0
UDPDOLPT_L,2149.000000001,3593,0.0
VITD3Hm,2149.000000001,3594,0.0
TSULt4_3,2149.000000001,3595,0.0
TSTSTERONEtr,2149.000000001,3596,0.0
TSTSTERONEt,2149.000000001,3597,0.0
UDPGLDCg,2149.000000001,3598,0.0
TYRCBOX,2149.000000001,3599,0.0
UDPGLCtg,2149.000000001,3600,0.0
UDPGLCter,2149.000000001,3601,0.0
RETNt,2149.000000001,3602,0.0
UDPGLCAtg,2149.000000001,3603,0.0
TYMSFt,2149.000000001,3604,0.0
TXASr,2149.000000001,3605,0.0
UDPGLCAter,2149.000000001,3606,0.0
UDPGD,2149.000000001,3607,0.0
UDPGALtg,2149.000000001,3608,0.0
UDPGALt2g,2149.000000001,3609,0.0
TXA2tr,2149.000000001,3610,0.0
UGALNACtg,2149.000000001,3611,0.0
UGALNACter,2149.000000001,3612,0.0
RETNtr2,2149.000000001,3613,0.0
UGALGTg,2149.000000001,3614,0.0
UDPtl,2149.000000001,3615,0.0
UDPXYLtg,2149.000000001,3616,0.0
UDPXYLter,2149.000000001,3617,0.0
UDPGP,2149.000000001,3618,0.0
UDPGNP,2149.000000001,3619,0.0
UAG2EMA,2149.000000001,3620,0.0
TYRTAim,2149.000000001,3621,0.0
TYROXDAc,2149.000000001,3622,0.0
RETNtr,2149.000000001,3623,0.0
EX_ala_B_e,2149.000000001,3624,0.0
EX_ak2lgchol_hs_e,2149.000000001,3625,0.0
DM_13_cis_retn_n,2149.000000001,3626,0.0
DM_13_cis_oretn_n,2149.000000001,3627,0.0
DM_dctp_m,2149.000000001,3628,0.0
DM_datp_n,2149.000000001,3629,0.0
DM_datp_m,2149.000000001,3630,0.0
DM_core8_g,2149.000000001,3631,0.0
DM_core7_g,2149.000000001,3632,0.0
EX_ahandrostanglc_e,2149.000000001,3633,0.0
EX_aflatoxin_e,2149.000000001,3634,0.0
EX_adrnl_e,2149.000000001,3635,0.0
EX_adrn_e,2149.000000001,3636,0.0
EX_adprib_e,2149.000000001,3637,0.0
EX_adprbp_e,2149.000000001,3638,0.0
UMPK3n,2149.000000001,3639,0.0
RIBt,2149.000000001,3640,0.0
UMPK2n,2149.000000001,3641,0.0
RIBFLVt3,2149.000000001,3642,0.0
UDPACGALtl,2149.000000001,3643,0.0
UGT1A9r,2149.000000001,3644,0.0
UAGDP,2149.000000001,3645,0.0
RETt,2149.000000001,3646,0.0
UAGALDP,2149.000000001,3647,0.0
UAG4Ei,2149.000000001,3648,0.0
UGLCNACtg,2149.000000001,3649,0.0
UGCG,2149.000000001,3650,0.0
UPPN,2149.000000001,3651,0.0
UPPDC1,2149.000000001,3652,0.0
UPP3S,2149.000000001,3653,0.0
UNK3,2149.000000001,3654,0.0
UNK2,2149.000000001,3655,0.0
UMPtr,2149.000000001,3656,0.0
UMPKn,2149.000000001,3657,0.0
UMPKm,2149.000000001,3658,0.0
UMPK7n,2149.000000001,3659,0.0
UMPK7,2149.000000001,3660,0.0
UMPK6n,2149.000000001,3661,0.0
UMPK5n,2149.000000001,3662,0.0
UMPK5,2149.000000001,3663,0.0
UMPK4n,2149.000000001,3664,0.0
Uritm,2149.000000001,3665,0.0
Uritl,2149.000000001,3666,0.0
UTPtn,2149.000000001,3667,0.0
UROLACer,2149.000000001,3668,0.0
URIt4,2149.000000001,3669,0.0
URIDK2m,2149.000000001,3670,0.0
UREAtm,2149.000000001,3671,0.0
URCN,2149.000000001,3672,0.0
URATEtx,2149.000000001,3673,0.0
URATEt,2149.000000001,3674,0.0
VITD3t2,2149.000000001,3675,0.0
VITD3t,2149.000000001,3676,0.0
VITD2tm,2149.000000001,3677,0.0
VITD2t,2149.000000001,3678,0.0
VITD2Hm,2149.000000001,3679,0.0
VD3,2149.000000001,3680,0.0
VACCt,2149.000000001,3681,0.0
VACCCRNt,2149.000000001,3682,0.0
VACCCPT2,2149.000000001,3683,0.0
VACCCPT1,2149.000000001,3684,0.0
Uritn,2149.000000001,3685,0.0
XOL7AH2tm,2149.000000001,3686,0.0
XOL27OHtm,2149.000000001,3687,0.0
XAOx,2149.000000001,3688,0.0
XAO2x,2149.000000001,3689,0.0
XANtx,2149.000000001,3690,0.0
XANDp,2149.000000001,3691,0.0
WHTTDCAte,2149.000000001,3692,0.0
WHTSTSTERONEte,2149.000000001,3693,0.0
WHDDCAte,2149.000000001,3694,0.0
VLCSr,2149.000000001,3695,0.0
VLCSp,2149.000000001,3696,0.0
VLCS2r,2149.000000001,3697,0.0
VLCS2p,2149.000000001,3698,0.0
VITD3tm3,2149.000000001,3699,0.0
VITD3tm,2149.000000001,3700,0.0
EX_adp_e,2149.000000001,3701,0.0
EX_adn_e,2149.000000001,3702,0.0
EX_4nph_e,2149.000000001,3703,0.0
EX_acngalacglcgal14acglcgalgluside_hs_e,2149.000000001,3704,0.0
EX_acnacngalgbside_hs_e,2149.000000001,3705,0.0
EX_acnacngal14acglcgalgluside_hs_e,2149.000000001,3706,0.0
EX_4mtolbutamide_e,2149.000000001,3707,0.0
EX_acn23acngalgbside_hs_e,2149.000000001,3708,0.0
EX_acn13acngalgbside_hs_e,2149.000000001,3709,0.0
EX_ach_e,2149.000000001,3710,0.0
EX_acgam_e,2149.000000001,3711,0.0
DM_core5_g,2149.000000001,3712,0.0
EX_4mptnl_e,2149.000000001,3713,0.0
DM_bvite_c,2149.000000001,3714,0.0
DM_avite2_c,2149.000000001,3715,0.0
XYLTer,2149.000000001,3716,0.0
XYLTt,2149.000000001,3717,0.0
XYLUR,2149.000000001,3718,0.0
XYLt,2149.000000001,3719,0.0
XYLtly,2149.000000001,3720,0.0
YVITEt,2149.000000001,3721,0.0
EX_5htrp_e,2149.000000001,3722,0.0
R03184_PLUS_R00647,2149.000000001,3723,0.0
EX_34dhoxpeg_e,2149.000000001,3724,0.0
EX_5homeprazole_e,2149.000000001,3725,0.0
EX_5fthf_e,2149.000000001,3726,0.0
