ReactionID,RankProduct,RankProductRank,Diff(HFD-SCD)
EX_o2_e,1.500000001,1,1.791715470973192
O2t,1.500000001,2,-1.791715470973192
CO2t,3.5000000010000005,3,1.5958400616728363
EX_co2_e,3.5000000010000005,4,-1.5958400616728363
DESAT16_2,5.000000000999999,5,-0.8366737023612958
ARTPLM1,6.000000001,6,-0.7776411278447856
ALATA_L,7.000000001,7,0.6672739729424926
EX_ala__L_e,8.000000000999998,8,-0.6376360427151767
EX_hco3_e,9.000000001000002,9,0.5493649365712816
H2CO3D,10.500000000999998,10,0.5493649365712814
H2CO3D2,10.500000000999998,11,-0.5493649365712814
MDH,12.000000001,12,-0.5293807964593723
ARTFR12,13.000000000999998,13,-0.4860548447162398
ARTFR41,14.500000000999997,14,-0.4723978533110105
RTOT4,14.500000000999997,15,-0.4723978533110105
FUM,16.000000001000004,16,-0.4600638733921617
3SPYRSP,17.500000001,17,-0.4123763333036326
3SALATAi,17.500000001,18,-0.4123763333036326
RTOT1,19.000000000999997,19,-0.4070916503514268
ALAtN1,20.000000000999997,20,0.3715950413729685
MACACI,23.000000000999997,21,-0.3713176663013645
34HPPOR,23.000000000999997,22,-0.3713176663013645
HGNTOR,23.000000000999997,23,-0.3713176663013645
TYRTA,23.000000000999997,24,-0.3713176663013645
FUMAC,23.000000000999997,25,-0.3713176663013645
TYRt4,26.500000000999993,26,-0.3641971956375136
EX_tyr__L_e,26.500000000999993,27,0.3641971956375136
EX_h_e,28.000000001000004,28,-0.3491769449193251
ACACt2,29.500000001000004,29,0.3463272591011829
EX_acac_e,29.500000001000004,30,-0.3463272591011829
2HCO3_NAt,31.000000001000004,31,-0.3143182874351101
ME2,32.000000001000004,32,-0.3063126744731645
ASPTA,33.000000001,33,0.2990522289402164
NCKt,34.000000001,34,-0.2717190579890112
ASPTAm,35.00000000099999,35,-0.2605512135557691
SO4t4_3,36.000000001,36,0.2501144033043528
KCCt,37.00000000099999,37,0.2476940109176723
MDHm,38.000000001,38,0.2433643610533424
L_LACt2r,39.500000001000004,39,0.2403063295767358
L_LACt4r,39.500000001000004,40,-0.2403063295767358
PYRt2m,41.00000000099999,41,-0.236598658918665
EX_thr__L_e,42.000000001,42,0.2271790268538964
MALSO3tm,43.00000000099999,43,0.2255562625051311
3SPYRSPm,45.000000001,44,0.2127586013742891
3SALAASPm,45.000000001,45,-0.2127586013742891
3SALATAim,45.000000001,46,0.2127586013742891
NCNt,47.000000001000004,47,0.2124663201996817
SUCD1m,48.000000001,48,-0.2097875081576799
EX_lnlnca_e,50.500000001000004,49,-0.202086788540271
FACOAL1832,50.500000001000004,50,0.202086788540271
DESAT18_10,50.500000001000004,51,0.202086788540271
LNLNCAt,50.500000001000004,52,0.202086788540271
EX_nh4_e,53.00000000099999,53,-0.201960025874772
THRGLNexR,54.00000000100001,54,-0.2008771468236029
EX_cys__L_e,55.00000000100002,55,0.1999999999999998
CYSO,56.000000001000004,56,-0.1996177319293437
SULFOX,57.50000000100001,57,-0.1996177319293436
EX_so4_e,57.50000000100001,58,-0.1996177319293436
PROSTGE2t2,59.500000000999975,59,-0.1992488688404155
PROSTGE2t,59.500000000999975,60,0.1992488688404155
PROD2m,61.00000000099999,61,-0.1853767327307532
H2O2tp,62.00000000099997,62,0.1832875435295642
ABUTt4_2_r,63.00000000099997,63,0.1685774136635976
H2Otp,64.00000000100002,64,-0.1631168666538405
H2O2tm,65.000000001,65,-0.150790526139632
BHBtm,67.500000001,66,0.1490907388014766
BHBt,67.500000001,67,0.1490907388014766
EX_bhb_e,67.500000001,68,-0.1490907388014766
BDHm,67.500000001,69,0.1490907388014766
ACACt2m,70.000000001,70,-0.1490907388014765
H2Otm,71.00000000100002,71,0.1464172826240126
ADK3,72.00000000100003,72,0.1459601739514223
HCO3_CLt,73.00000000100003,73,0.1456755137371939
DHPR,74.00000000099998,74,-0.1442394984126269
SERtN1,75.00000000099998,75,-0.1385764756963578
P5CRxm,76.00000000100003,76,-0.1373212037307555
ABUTt2r,77.00000000100002,77,-0.1329201149624295
FUMtm,78.00000000100002,78,0.127070774443202
MTHFD,79.000000001,79,0.12459999158725
MMMm,80.00000000099999,80,-0.123099331591842
PYK,81.50000000100002,81,-0.1224323039265906
PEPCK_re,81.50000000100002,82,-0.1224323039265906
FACOAL161,84.00000000100002,83,-0.1217789956659545
HDCEAt,84.00000000100002,84,-0.1217789956659545
EX_hdcea_e,84.00000000100002,85,0.1217789956659545
O2tp,86.00000000099998,86,-0.1210746578633835
FUMm,87.00000000099998,87,-0.121041301066883
GLYtm,89.50000000099999,88,0.1182651392939285
thr_mt,89.50000000099999,89,-0.1182651392939285
R01465m,89.50000000099999,90,-0.1182651392939285
GLYATm,89.50000000099999,91,0.1182651392939285
GTHOm,92.50000000099996,92,-0.1171868525024269
GTHPm,92.50000000099996,93,-0.1171868525024269
FACOAL184,95.00000000100003,94,-0.1131414874968627
EX_strdnc_e,95.00000000100003,95,0.1131414874968627
STRDNCt,95.00000000100003,96,-0.1131414874968627
G3PD2m,97.00000000099998,97,-0.1104112242271738
OBDHc,100.00000000100005,98,-0.1078962635925653
MCITS,100.00000000100005,99,-0.1078962635925653
2MCITt,100.00000000100005,100,-0.1078962635925653
THRD_L,100.00000000100005,101,-0.1078962635925653
EX_2mcit_e,100.00000000100005,102,-0.1078962635925653
EX_succ_e,103.50000000100003,103,0.1042758060780458
SUCCtm,103.50000000100003,104,-0.1042758060780458
ATPtm,105.00000000099998,105,-0.1041662200281459
ADK1,106.000000001,106,-0.1029508572954155
STCOAtx,107.00000000100002,107,-0.101819606209296
MALtm,108.00000000100002,108,0.1005875345824159
RTOT2,109.00000000100003,109,0.1000634636738343
CO2tm,110.00000000099999,110,0.0979237715230887
MTHFR3,111.00000000100005,111,0.095512349532167
PROt4_2_r,112.00000000099999,112,-0.0954026308579884
CYOOm2,113.00000000099996,113,-0.0931490216613394
SERGLYexR,114.00000000099999,114,0.0923268517460488
SERGLNexR,115.00000000099998,115,0.0904155653281316
TTDCAtr_copy2,117.50000000099998,116,0.0902436507026434
ARTFR13,117.50000000099998,117,0.0902436507026434
FACOAL140,117.50000000099998,118,0.0902436507026434
EX_ttdca_e,117.50000000099998,119,-0.0902436507026434
CSNATp,121.00000000100003,120,-0.0894571133594379
CSNATr_copy2,121.00000000100003,121,0.0894571133594379
CRNCARtp,121.00000000100003,122,-0.0894571133594379
ARTFR204,123.00000000099999,123,0.0889453010434083
Htr,124.00000000100005,124,0.0887570984915186
ALAGLYexR,125.50000000100002,125,0.0885647825575595
ALAGLNexR,125.50000000100002,126,0.0885647825575595
MTHFD2i,127.00000000099995,127,-0.0875357968734439
EX_ile__L_e,128.00000000099996,128,0.0857031221371056
H2O2syn,129.000000001,129,-0.0857007194341543
DHPR2,130.000000001,130,0.085606226746848
ECOAH9m,134.00000000099993,131,-0.0848489507240528
MMEm,134.00000000099993,132,0.0848489507240528
HACD9m,134.00000000099993,133,-0.0848489507240528
PPCOACm,134.00000000099993,134,-0.0848489507240528
OIVD3m,134.00000000099993,135,-0.0848489507240528
ACOAD10m,134.00000000099993,136,-0.0848489507240528
ACACT10m,134.00000000099993,137,-0.0848489507240528
SRTNtu,138.00000000099996,138,0.0845190611559016
ATPS4m,139.00000000099996,139,-0.0835034686725642
H2O2t,140.500000001,140,0.0834546309867506
EX_h2o2_e,140.500000001,141,-0.0834546309867506
GLYt4,142.00000000100005,142,0.0813800643408721
H2CO3D2m,143.50000000100002,143,0.0808229329239502
H2CO3Dm,143.50000000100002,144,-0.0808229329239502
HMGCOAtm,146.500000001,145,0.079656498725927
HMGCOAtx,146.500000001,146,-0.079656498725927
HMGCOASm,146.500000001,147,0.079656498725927
COAtp,146.500000001,148,0.079656498725927
COAtim,149.00000000099996,149,-0.0796564987259269
ACACtx,150.50000000099993,150,0.079371774921576
HMGLx,150.50000000099993,151,-0.079371774921576
EX_h2o_e,152.000000001,152,-0.0793631828056455
EX_val__L_e,153.000000001,153,0.0777898542465595
HIBDm,156.00000000099996,154,-0.076693140333504
3HBCOAHLm,156.00000000099996,155,-0.076693140333504
OIVD2m,156.00000000099996,156,-0.076693140333504
ECOAH12m,156.00000000099996,157,-0.076693140333504
ACOAD9m,156.00000000099996,158,-0.076693140333504
OXAHCOtex,159.000000001,159,-0.0752483356875046
CYSt4,160.00000000099996,160,-0.0731345006816356
3MOPt2im,161.50000000100005,161,-0.0727815786092382
ILETA,161.50000000100005,162,-0.0727815786092382
SUCCt4_2,163.00000000099996,163,-0.0709424727447124
GLYCt,165.000000001,164,0.0708757943495224
GLYK,165.000000001,165,-0.0708757943495224
EX_glyc_e,165.000000001,166,0.0708757943495224
EX_gly_e,167.00000000099993,167,-0.0699154931426143
UREAt5,168.00000000100002,168,0.0697627354144956
ACACT1m,169.000000001,169,-0.0695711602880651
ALADGLYexR,170.00000000100005,170,-0.0694795288372067
CYSSERNaEx,172.50000000100007,171,-0.0666666666666666
CYSTHRNaEx,172.50000000100007,172,-0.0666666666666666
UREAt,172.50000000100007,173,-0.0666666666666666
SERALANaEx,172.50000000100007,174,-0.0666666666666666
GLNLASEer,177.00000000099993,175,0.0666360021553533
EX_xylt_e,177.00000000099993,176,-0.0666360021553533
GULLACter,177.00000000099993,177,-0.0666360021553533
XYLUR,177.00000000099993,178,-0.0666360021553533
XYLTt,177.00000000099993,179,0.0666360021553533
ASCBt,180.00000000100002,180,-0.0647650979322539
3MOBt2im,181.50000000100005,181,-0.0646257682186895
VALTA,181.50000000100005,182,-0.0646257682186895
CYSGLUexR,183.000000001,183,0.0627651894532639
CATp,184.00000000100005,184,0.0622128856661806
NAIt,185.00000000099993,185,-0.0601872433019963
EX_lac__D_e,187.00000000100007,186,-0.0599736879185652
D_LACt2,187.00000000100007,187,0.0599736879185652
LDH_D,187.00000000100007,188,0.0599736879185652
PROt2r,189.00000000100002,189,0.0599601421011525
ALR2,190.500000001,190,-0.0597124427323943
ACTLMO,190.500000001,191,-0.0597124427323943
O2tm,192.000000001,192,-0.0595453480241344
CAt7r,193.00000000100007,193,-0.0592527377893295
THBPT4ACAMDASE,194.0000000009999,194,-0.0586332716657788
ILEtec,195.00000000100002,195,-0.0585120442499285
SUCOAS1m,196.50000000100002,196,0.0580063539878602
NDPK1m,196.50000000100002,197,0.0580063539878602
It,198.00000000099993,198,0.056853909968663
ACACT1r_copy2,199.00000000100002,199,-0.0563748680534457
CYSGLYex_copy2,200.00000000100002,200,0.0562973554382947
GLNtN1,201.0000000009999,201,0.0562070445611383
2AMACHYD,202.00000000099993,202,-0.0560681752863739
OCDCAt,205.00000000100002,203,-0.0559524723235789
EX_ocdca_e,205.00000000100002,204,0.0559524723235789
FAOXC180x,205.00000000100002,205,-0.0559524723235789
PMTCOAtx,205.00000000100002,206,0.0559524723235789
FACOAL180,205.00000000100002,207,-0.0559524723235789
SERHL,208.000000001,208,-0.0549570641752628
TRPt4,209.50000000100007,209,-0.0547954703500919
EX_trp__L_e,209.50000000100007,210,0.0547954703500919
5HLTDL,212.000000001,211,-0.0546794717631341
TRPHYDRO2,212.000000001,212,-0.0546794717631341
EX_srtn_e,212.000000001,213,-0.0546794717631341
SERt4,214.00000000100007,214,-0.0534228725811483
TPI,215.00000000099996,215,-0.0513102286775799
CLOXAtex2,216.00000000099996,216,-0.05
GALt1r,217.00000000099993,217,-0.0495938259221608
GLCMter,218.50000000099996,218,-0.0494554368583352
GLCter,218.50000000099996,219,-0.0494554368583352
ASCBt4,220.00000000099996,220,0.0481290957769006
ASPGLUm,221.00000000100002,221,0.04779261218148
SUCOASm,222.00000000100005,222,0.0475053480917738
GHMT2r,223.00000000100005,223,0.0469312997926029
ARACHCOAtx,224.50000000100002,224,0.045867133885717
FAOXC200180x,224.50000000100002,225,0.045867133885717
UMPK5,226.0000000009999,226,0.0452588116792465
CYTDt5,227.50000000099993,227,0.0450878143526155
CYTDt,227.50000000099993,228,-0.0450878143526155
AACOAT,229.00000000099996,229,0.0447285566797189
VALt4,230.000000001,230,-0.0444565209132263
OCDCEAt,232.000000001,231,0.042963237080319
FACOAL181,232.000000001,232,0.042963237080319
EX_ocdcea_e,232.000000001,233,-0.042963237080319
3HLYTCL,234.00000000099996,234,0.0424023328944758
GALUi,235.000000001,235,-0.0424003240744782
G3PD1ir,236.00000000099993,236,-0.0398491533287418
NRPPHRt4_2_r,237.00000000099993,237,-0.0393538947684796
NH4tp,238.00000000099993,238,0.0386910953214792
3AIBt,240.50000000100007,239,-0.0384427594657149
EX_3aib_e,240.50000000100007,240,-0.0384427594657149
3AIBTm,240.50000000100007,241,-0.0384427594657149
3AIBtm,240.50000000100007,242,-0.0384427594657149
MMTSADm,243.0000000010001,243,-0.0382503808677892
EX_pyr_e,244.50000000100007,244,0.0380510759063436
PYRt2,244.50000000100007,245,-0.0380510759063436
TYRDOPO,246.00000000099996,246,0.0378678331139045
PROt4,247.000000001,247,0.0377133857383514
NADPtru,248.50000000100007,248,0.0376118822523872
NADPHtru,248.50000000100007,249,0.0376118822523872
DALAt2r,250.000000001,250,0.0375828126803956
ASPt6,251.50000000100005,251,0.0375545723681324
EX_asp__L_e,251.50000000100005,252,-0.0375545723681324
MTHFC,253.50000000099996,253,0.0370641947138061
FTHFDH,253.50000000099996,254,0.0370641947138061
ABTt,258.000000001,255,-0.0363373407624619
ABTD,258.000000001,256,-0.0363373407624619
UROLACer,258.000000001,257,-0.0363373407624619
GLACter,258.000000001,258,0.0363373407624619
GULNDer,258.000000001,259,0.0363373407624619
EX_abt_e,258.000000001,260,0.0363373407624619
GLRASE,258.000000001,261,0.0363373407624619
THRGLYexR,262.0000000010001,262,-0.0361070348938752
GLUDC,263.50000000100005,263,-0.0356572987011681
EX_4abut_e,263.50000000100005,264,-0.0356572987011681
METtec,265.00000000100005,265,-0.0355283434172353
GLUt6,266.50000000099993,266,-0.0352337739872697
EX_glu__L_e,266.50000000099993,267,0.0352337739872697
METt4,268.00000000099993,268,0.0351645296672313
TYR3MO2,269.0000000010001,269,-0.0349334804537093
P5CRm,284.5000000010001,270,-0.0333333333333333
NDPK8,284.5000000010001,271,0.0333333333333333
AKGt4_3,284.5000000010001,272,0.0333333333333333
MTHFDm,284.5000000010001,273,0.0333333333333333
NAHCO3_HCLt,284.5000000010001,274,-0.0333333333333333
NAt,284.5000000010001,275,-0.0333333333333333
NCCt,284.5000000010001,276,-0.0333333333333333
NKCCt,284.5000000010001,277,-0.0333333333333333
NKCC2t,284.5000000010001,278,0.0333333333333333
ORNt4m,284.5000000010001,279,-0.0333333333333333
NAt3_1,284.5000000010001,280,0.0333333333333333
GLCt4,284.5000000010001,281,0.0333333333333333
GALt4_2,284.5000000010001,282,0.0333333333333333
ORNt3m,284.5000000010001,283,0.0333333333333333
RDH3a,284.5000000010001,284,-0.0333333333333333
CITRtm,284.5000000010001,285,-0.0333333333333333
GLYt7_211_r,284.5000000010001,286,0.0333333333333333
RDH3,284.5000000010001,287,0.0333333333333333
CYSASNNaEx,284.5000000010001,288,0.0333333333333333
SUCCt4_3,284.5000000010001,289,-0.0333333333333333
BTNt2i,284.5000000010001,290,-0.0333333333333333
GLNALANaEx,284.5000000010001,291,-0.0333333333333333
GLCt4_2,284.5000000010001,292,-0.0333333333333333
BTNt4i,284.5000000010001,293,0.0333333333333333
MTHFD2m,284.5000000010001,294,-0.0333333333333333
GLCt2_2,284.5000000010001,295,-0.0333333333333333
VALtec,284.5000000010001,296,-0.0333333333333333
CYSGLNNaEx,284.5000000010001,297,-0.0333333333333333
THRALANaEx,284.5000000010001,298,-0.0333333333333333
EX_akg_e,284.5000000010001,299,-0.0333333333333333
EX_lneldc_e,301.500000001,300,0.0330957498947131
FACOAL1822,301.500000001,301,-0.0330957498947131
LNELDCt,301.500000001,302,-0.0330957498947131
DESAT18_6,301.500000001,303,0.0330957498947131
ACALDt,305.50000000099993,304,-0.0327805791160866
EX_acald_e,305.50000000099993,305,0.0327805791160866
DRPA,305.50000000099993,306,0.0327805791160866
DRBK,305.50000000099993,307,0.0327805791160866
DRIBt,308.5000000009999,308,0.0327644362113345
EX_drib_e,308.5000000009999,309,-0.0327644362113345
FACOAL200,310.50000000099993,310,0.0327495450644763
EX_arach_e,310.50000000099993,311,-0.0327495450644763
ALADGLNexR,312.0000000009999,312,0.0313470905874481
NDPK2,313.0000000009999,313,-0.0311529686716924
FACOAL1813,315.50000000099993,314,-0.0311436486646339
ELAIDt,315.50000000099993,315,-0.0311436486646339
EX_elaid_e,315.50000000099993,316,0.0311436486646339
DESAT18_5,315.50000000099993,317,0.0311436486646339
PHETHPTOX2,318.0000000009999,318,0.0309796805510647
EX_glc__D_e,319.0000000010001,319,-0.0309765371034114
PHEt4,320.50000000099993,320,0.0304023239477975
EX_phe__L_e,320.50000000099993,321,-0.0304023239477975
NDPK1,322.00000000099993,322,0.030365198688181
GULN3D,324.50000000099993,323,-0.0302986613928914
DGULND,324.50000000099993,324,-0.0302986613928914
R03184_PLUS_R00647,324.50000000099993,325,0.0302986613928914
GULNter,324.50000000099993,326,-0.0302986613928914
SRTNt6_2_r,327.000000001,327,-0.0298395893927674
H2Oter,328.00000000099993,328,-0.0297766677515813
DOPAtu,329.50000000099993,329,-0.0287396736569377
EX_dopa_e,329.50000000099993,330,0.0287396736569377
PYRt2p,332.0000000010001,331,0.0286057568836173
DALAOXx,332.0000000010001,332,-0.0286057568836173
DALAxt,332.0000000010001,333,-0.0286057568836173
ALAR,334.0000000009999,334,-0.0280561313142544
UMPK6,335.5000000010001,335,-0.0278875433623788
NDPK7,335.5000000010001,336,-0.0278875433623788
KCC2t,337.000000001,337,-0.0272607585605199
ILEt4,338.000000001,338,-0.0271910778871771
ALAt2r,339.50000000099993,339,-0.0257901893973594
GLYt2r,339.50000000099993,340,-0.0257901893973594
NRPPHRtu,341.0000000010001,341,0.0256912355309415
MALTSULtm,342.500000001,342,0.0255269062215629
FUMTSULtm,342.500000001,343,-0.0255269062215629
SO4OXAtex2,344.00000000099993,344,-0.0252483356875045
AKGMALtm,345.000000001,345,0.0239588942312651
VACCt,347.50000000099993,346,-0.0232926227474535
DESAT18_4,347.50000000099993,347,0.0232926227474535
EX_vacc_e,347.50000000099993,348,0.0232926227474535
FACOAL1812,347.50000000099993,349,-0.0232926227474535
HSD17B8r,351.500000001,350,0.0225481820426917
HSD17B1,351.500000001,351,-0.0225481820426917
ESTRADIOLtr,351.500000001,352,0.0225481820426917
ESTRONEtr,351.500000001,353,-0.0225481820426917
CYOR_u10m,355.0000000009999,354,0.0222743781216182
ETFQO,355.0000000009999,355,0.0222743781216182
ETF,355.0000000009999,356,0.0222743781216182
NDPK3,357.00000000099993,357,-0.0218735679764149
UMPK3,358.000000001,358,0.0210019590353707
NADtru,359.5000000010001,359,0.0207991008788481
NADHtru,359.5000000010001,360,0.0207991008788481
UMPK2,361.00000000099993,361,-0.0207935593916545
FBA2,363.000000001,362,0.0192518422208521
KHK,363.000000001,363,0.0192518422208521
TRIOK,363.000000001,364,0.0192518422208521
PIt2m_2,365.0000000010001,365,0.0192162829194264
ARACHt,366.0000000010001,366,0.0189570063979126
Htx,367.0000000009999,367,-0.0188051422501065
ASNALANaEx,368.00000000099993,368,0.0186317077088843
CytOxe,369.50000000100016,369,0.0179093790299078
SOProd,369.50000000100016,370,0.0179093790299078
PRO1xm,371.000000001,371,0.0178182644144933
UMPK4,372.000000001,372,-0.0176935576654486
AKGDm,373.000000001,373,0.0175876295122078
CSm,375.0000000010001,374,-0.0171868525024267
ACONTm,375.0000000010001,375,-0.0171868525024267
ICDHym,375.0000000010001,376,-0.0171868525024267
EX_ascb__L_e,377.0000000009999,377,0.0166360021553533
NH4t3r,378.00000000099993,378,0.0165788690977231
THRASNNaEx,379.0000000010001,379,-0.0165318754582336
UGLT,381.5000000009998,380,-0.0162604925888275
GALKr,381.5000000009998,381,-0.0162604925888275
EX_gal_e,381.5000000009998,382,0.0162604925888275
UDPG4E,381.5000000009998,383,0.0162604925888275
THRGLNNaEx,384.000000001,384,-0.0151595377916525
CYTK1,385.000000001,385,-0.0151005514733905
GLCt2,386.0000000010001,386,0.0148544335784094
PGI,387.00000000099993,387,0.0147424078298016
PGMT,388.00000000100016,388,0.0145761067380657
CYTK4,389.50000000100005,389,0.0141666291529643
CYTK14,389.50000000100005,390,-0.0141666291529643
FATP4t,391.0000000009998,391,-0.0137925386665637
DOPABMO,393.5000000009998,392,0.013662659237538
DHAAt1r,393.5000000009998,393,-0.013662659237538
EX_dhdascb_e,393.5000000009998,394,0.013662659237538
EX_nrpphr_e,393.5000000009998,395,0.013662659237538
HEX7,396.00000000099993,396,-0.013298022511084
FAOXC200180m,399.5000000009998,397,-0.0131175888212407
ARACHCPT2,399.5000000009998,398,-0.0131175888212407
ARACHCPT1,399.5000000009998,399,-0.0131175888212407
ARACHCRNt,399.5000000009998,400,-0.0131175888212407
FAOXC16080m,399.5000000009998,401,-0.0131175888212407
FAOXC180,399.5000000009998,402,-0.0131175888212407
CYTK2,403.00000000099993,403,0.0128264800203456
FUMSO3tm,404.0000000009998,404,-0.0127976611308419
PDHm,405.0000000009998,405,-0.012616122124226
FACOAL1821,409.50000000099993,406,0.0123244920611256
FAOXC183806m,409.50000000099993,407,0.0123244920611256
LNLNCGCRNt,409.50000000099993,408,0.0123244920611256
EX_lnlc_e_copy2,409.50000000099993,409,-0.0123244920611256
LNLNCGCPT2,409.50000000099993,410,0.0123244920611256
LNLNCGCPT1,409.50000000099993,411,0.0123244920611256
DESAT18_9,409.50000000099993,412,0.0123244920611256
LNLCt,409.50000000099993,413,0.0123244920611256
4MOPt2im,417.5000000009999,414,0.0120673721148145
VALTAim,417.5000000009999,415,-0.0120673721148145
ILETAm,417.5000000009999,416,-0.0120673721148145
ILEtmi,417.5000000009999,417,0.0120673721148145
LEUTAm,417.5000000009999,418,-0.0120673721148145
LEUt5m,417.5000000009999,419,-0.0120673721148145
LEUTA,417.5000000009999,420,0.0120673721148145
VALt5m,417.5000000009999,421,-0.0120673721148145
CYTK13,422.0000000010001,422,-0.0119254783459132
ACACT1r_copy1,423.00000000099993,423,0.0116463113737267
EX_lys__L_e,424.500000001,424,0.0115880474052697
LYSt5r,424.500000001,425,-0.0115880474052697
ME2m,426.0000000009998,426,0.0112239354201498
CYTK3,427.0000000009998,427,0.0103642571758336
AADSACYCL,434.50000000099993,428,-0.0100853384378618
ECOAH1m,434.50000000099993,429,0.0100853384378618
GLUTCOADHm,434.50000000099993,430,-0.0100853384378618
LYSOXp,434.50000000099993,431,-0.0100853384378618
PPD2CSPp,434.50000000099993,432,-0.0100853384378618
LPCOXp,434.50000000099993,433,-0.0100853384378618
LYStip,434.50000000099993,434,-0.0100853384378618
1PPDCRp,434.50000000099993,435,-0.0100853384378618
2OXOADPTm,434.50000000099993,436,-0.0100853384378618
2OXOADOXm,434.50000000099993,437,-0.0100853384378618
AASAD3,434.50000000099993,438,-0.0100853384378618
AATA,434.50000000099993,439,0.0100853384378618
THP2Ctp,434.50000000099993,440,0.0100853384378618
HACD1m,434.50000000099993,441,0.0100853384378618
PIt9,442.00000000100016,442,-0.0100511018630546
EX_5mthf_e,445.00000000099993,443,0.0099061227853189
FOLR2,445.00000000099993,444,0.0099061227853189
EX_fol_e,445.00000000099993,445,-0.0099061227853189
FOLt2,445.00000000099993,446,0.0099061227853189
5MTHFt2,445.00000000099993,447,-0.0099061227853189
DESAT18_3,448.0000000009998,448,-0.0098674871856058
DHFR,449.0000000009999,449,0.0098671050787968
H2Ot,450.00000000100005,450,0.0096004473911498
EX_ser__L_e,451.00000000099993,451,0.0092569312033256
PIt8,452.0000000009998,452,0.0091128314744573
ARGt5r,453.00000000099993,453,-0.0090925818031264
SPODMm,454.00000000100016,454,0.0089546895149539
THRt4,455.0000000010001,455,0.0081632347801346
CLHCOtex,456.00000000100016,456,-0.0078408276802421
EX_fru_e,457.5000000009998,457,-0.0059538197097681
FRUt4,457.5000000009998,458,0.0059538197097681
ARGt4,459.0000000010001,459,0.0050026160715908
CYTK7,460.0000000009999,460,0.0045572873872288
EX_arg__L_e,461.00000000099993,461,0.0040899657315356
HCO3Em,462.0000000009999,462,-0.0040260178001025
ASNt4,463.0000000010001,463,-0.0040236083007004
GLPASE1,466.5000000009998,464,-0.0038545749158616
GLPASE2,466.5000000009998,465,-0.0038545749158616
GLBRAN,466.5000000009998,466,-0.0038545749158616
GLDBRAN,466.5000000009998,467,-0.0038545749158616
GGNG,466.5000000009998,468,-0.0038545749158616
GLGNS1,466.5000000009998,469,-0.0038545749158616
HDCAt,471.0000000009998,470,-0.0034043709701087
FACOAL160,471.0000000009998,471,-0.0034043709701087
EX_hdca_e,471.0000000009998,472,0.0034043709701087
THYPX,473.50000000100005,473,-0.0033333333333333
EX_i_e,473.50000000100005,474,0.0033333333333333
ARGtm,478.00000000100005,475,-0.003096068747829
ARGNm,478.00000000100005,476,-0.003096068747829
UREAtm,478.00000000100005,477,0.003096068747829
G5SADrm,478.00000000100005,478,-0.003096068747829
ORNTArm,478.00000000100005,479,-0.003096068747829
PROtm,478.00000000100005,480,0.003096068747829
EX_urea_e,478.00000000100005,481,-0.003096068747829
RIBt,483.0000000010002,482,-0.0026764444943862
EX_rib__D_e,483.0000000010002,483,0.0026764444943862
RBK,483.0000000010002,484,-0.0026764444943862
BIOMASS_mm_1_no_glygln,485.0000000009999,485,-0.0026363315217681
EX_pro__L_e,486.0000000010001,486,-0.0022708969815155
IDHPOXOXb,487.000000001,487,-0.0022222222222222
HSD11B1r,488.5000000009998,488,0.0020958770963599
HSD11B2r,488.5000000009998,489,-0.0020958770963599
HIStN1,490.00000000099993,490,-0.0020595516062233
HIStiDF,491.0000000009999,491,0.0016825561986105
DOPAQNISO1,493.50000000099993,492,-0.001600147120376
DM_melanin_c,493.50000000099993,493,-0.001600147120376
TYRASE,493.50000000099993,494,-0.001600147120376
DCT,493.50000000099993,495,-0.001600147120376
LEUtec,496.5000000009998,496,-0.0014868909782772
EX_leu__L_e,496.5000000009998,497,0.0014868909782772
RTOT3,498.000000001,498,0.0014606433666398
RPE,499.5000000010001,499,-0.0014443853187175
RPI,499.5000000010001,500,-0.0014443853187175
ASNtN1,501.00000000100016,501,0.0014338313554944
ARTFR31,502.00000000099993,502,0.0012983496592354
EX_triodthy_e,504.5000000009999,503,-0.0011111111111111
IDHPOXOX2b,504.5000000009999,504,-0.0011111111111111
TRIODTHYt2,504.5000000009999,505,0.0011111111111111
IDHPOXOX3,504.5000000009999,506,-0.0011111111111111
EX_pi_e,507.0000000009998,507,0.0009382703885972
CYTK2_1,508.0000000009999,508,-0.0009010016744324
GLUt2m,509.0000000009999,509,0.0008554256265579
ADPtx,510.50000000100005,510,0.0008541714130528
ATPtx,510.50000000100005,511,-0.0008541714130528
EX_gln__L_e,512.000000001,512,0.0008488987500093
TYRDOPO3,513.5000000009999,513,-0.000800073560188
DOPACHRMISO,513.5000000009999,514,-0.000800073560188
CRNtim,515.500000001,515,-0.0007930967601151
FAOXC80,515.500000001,516,-0.0007930967601151
EX_asn__L_e,517.0000000010001,517,0.0007595271114214
TKT2,519.0000000010002,518,-0.0007221926593587
TKT1,519.0000000010002,519,-0.0007221926593587
TALA,519.0000000010002,520,-0.0007221926593587
EX_thym_e,521.5000000010001,521,-0.0006121389670894
THYMt,521.5000000010001,522,0.0006121389670894
NADPHtxu,523.5000000010002,523,-0.0005694476087019
NADPtxu,523.5000000010002,524,-0.0005694476087019
EX_ala__D_e,525.0000000010001,525,0.0005496255693629
DURAD2,528.0000000009998,526,-0.0005241467767316
D_3AIBt,528.0000000009998,527,0.0005241467767316
BUP2,528.0000000009998,528,0.0005241467767316
EX_3aib__D_e,528.0000000009998,529,0.0005241467767316
DHPM2,528.0000000009998,530,0.0005241467767316
EX_for_e,531.0000000009999,531,-0.0005004885460995
FDH,532.0000000009999,532,0.0004530345787076
O2ter,533.0000000010001,533,-0.0004270857065264
PSSA2_hs,535.5000000010002,534,-0.0004176713047585
CEPTE,535.5000000010002,535,-0.0004176713047585
ETHAK,535.5000000010002,536,-0.0004176713047585
PETHCT,535.5000000010002,537,-0.0004176713047585
EX_his__L_e,538.0000000010001,538,0.0003769954076128
EX_met__L_e,539.0000000009998,539,0.000363813750004
PSSA1_hs,540.0000000010002,540,0.0003412176906273
GPAM_hs,542.000000001,541,-0.0003031781250033
ARTPLM2,542.000000001,542,0.0003031781250033
AGPAT1,542.000000001,543,-0.0003031781250033
C4STMO2r,544.000000001,544,-0.0002993419651244
EX_ura_e,545.5000000009999,545,0.0002973781956554
URAt,545.5000000009999,546,-0.0002973781956554
PMEVKx,549.5000000009999,547,-0.0002847238043509
HMGCOARx,549.5000000009999,548,-0.0002847238043509
DPMVDx,549.5000000009999,549,-0.0002847238043509
MEVK1x,549.5000000009999,550,-0.0002847238043509
PItx,549.5000000009999,551,0.0002847238043509
CO2tp,549.5000000009999,552,0.0002847238043509
PRPPS,553.0000000010001,553,-0.000277605709242
PPAP,554.0000000009999,554,-0.0002583604891332
C4STMO2Pr,555.0000000010001,555,0.0002518879977326
CLFORtex,556.000000001,556,-0.0002502442730497
EBP2r,558.5000000010001,557,-0.000249100314886
LSTO2r,558.5000000010001,558,-0.000249100314886
DHCR72r,558.5000000010001,559,-0.000249100314886
DHCR241r,558.5000000010001,560,-0.000249100314886
URIK1,562.0000000010001,561,-0.0002322608070677
PPM,562.0000000010001,562,0.0002322608070677
PYNP2r,562.0000000010001,563,0.0002322608070677
CHOLtu,564.500000001,564,-0.0002029975271761
EX_chol_e,564.500000001,565,0.0002029975271761
LSTO1r,567.5000000010002,566,0.0002016463474941
DHCR71r,567.5000000010002,567,0.0002016463474941
EBP1r,567.5000000010002,568,0.0002016463474941
DHCR243r,567.5000000010002,569,0.0002016463474941
EX_gua_e,571.0000000009998,570,0.0001906067690238
GUAt,571.0000000009998,571,-0.0001906067690238
GUAPRT,571.0000000009998,572,-0.0001906067690238
PPItx,573.0000000010002,573,0.0001898158695673
CTPS1,574.000000001,574,-0.0001452618668494
HEX1,575.0000000010001,575,0.0001399377765181
P5CR,576.0000000009998,576,-0.0001396601284519
CHOLK,578.0000000010002,577,0.0001382201634511
CHLPCTD,578.0000000010002,578,0.0001382201634511
CEPTC,578.0000000010002,579,0.0001382201634511
ADEt,580.500000001,580,-0.0001260166467403
EX_ade_e,580.500000001,581,0.0001260166467403
P5CRx,582.000000001,582,0.0001132968132342
CO2ter,585.5000000009999,583,9.490793478365388e-05
GRTTx,585.5000000009999,584,-9.490793478365388e-05
IPDDIx,585.5000000009999,585,-9.490793478365388e-05
PPItr,585.5000000009999,586,9.490793478365388e-05
FRDPtr,585.5000000009999,587,-9.490793478365388e-05
DMATTx,585.5000000009999,588,-9.490793478365388e-05
THYMDt1,590.0000000010001,589,-8.799219035779404e-05
TMDPP,590.0000000010001,590,-8.799219035779404e-05
EX_thymd_e,590.0000000010001,591,8.799219035779404e-05
ADPT,592.000000001,592,-8.699894021822058e-05
PE_HStm,594.0000000009999,593,6.854461956597234e-05
PSDm_hs,594.0000000009999,594,-6.854461956597234e-05
PSFLIPm,594.0000000009999,595,-6.854461956597234e-05
DURIPP,596.5000000010001,596,6.511738858767349e-05
DURIK1,596.5000000010001,597,-6.511738858767349e-05
LNS14DMr,604.000000001,598,-4.745396739182695e-05
FADH2tru,604.000000001,599,-4.745396739182695e-05
FADtru,604.000000001,600,-4.745396739182695e-05
LNSTLSr,604.000000001,601,-4.745396739182695e-05
C3STDH1r,604.000000001,602,-4.745396739182695e-05
C4STMO1r,604.000000001,603,-4.745396739182695e-05
C14STRr,604.000000001,604,-4.745396739182695e-05
FORtr,604.000000001,605,4.745396739182695e-05
C3STKR2r,604.000000001,606,-4.745396739182695e-05
SQLSr,604.000000001,607,-4.745396739182695e-05
CHSTEROLt3,604.000000001,608,4.745396739182695e-05
CHSTEROLt2,604.000000001,609,-4.745396739182695e-05
SQLEr,604.000000001,610,-4.745396739182695e-05
CDS,611.0000000009998,611,-4.481763587005881e-05
PUNP2,613.0000000009998,612,3.901770652216881e-05
DADNK,613.0000000009998,613,-3.901770652216881e-05
TMDS,613.0000000009998,614,-3.901770652216881e-05
UMPK,615.000000001,615,-3.1372161984782355e-05
PROD2,616.0000000009999,616,-2.636331521768161e-05
CDIPTr,618.0000000009999,617,-2.636331521768155e-05
MI1PP,618.0000000009999,618,-2.636331521768155e-05
MI1PS,618.0000000009999,619,-2.636331521768155e-05
DCMPDA,620.0000000010002,620,2.60996820655049e-05
RNDR2,622.5000000010001,621,-2.6099682065504847e-05
TRDR,622.5000000010001,622,-2.6099682065504847e-05
DGK1,622.5000000010001,623,2.6099682065504847e-05
GK1,622.5000000010001,624,-2.6099682065504847e-05
SMS,627.0000000009998,625,-2.1090652174145285e-05
3DSPHR,627.0000000009998,626,-2.1090652174145285e-05
SERPT,627.0000000009998,627,-2.1090652174145285e-05
DSAT,627.0000000009998,628,-2.1090652174145285e-05
DHCRD2,627.0000000009998,629,-2.1090652174145285e-05
2DR1PP,630.000000001,630,1.6142904752061704e-05
PGPPT,631.500000001,631,-1.0545326087072642e-05
PGPP_hs,631.500000001,632,-1.0545326087072642e-05
CLS_hs,633.0000000009999,633,-7.908994565304495e-06
XYLTer,2180.000000000999,634,0.0
XYLTD_D,2180.000000000999,635,0.0
XYLK,2180.000000000999,636,0.0
XSERtg,2180.000000000999,637,0.0
XOLTRIOLtr,2180.000000000999,638,0.0
XOLTRIOLtm,2180.000000000999,639,0.0
XOLTRI27te,2180.000000000999,640,0.0
XOLTRI27tc,2180.000000000999,641,0.0
XOLTRI25te,2180.000000000999,642,0.0
XOLTRI25tc,2180.000000000999,643,0.0
XOLTRI24te,2180.000000000999,644,0.0
XOLTRI24tc,2180.000000000999,645,0.0
XOLESTte,2180.000000000999,646,0.0
XOLEST2te,2180.000000000999,647,0.0
XOLDIOLONEtm,2180.000000000999,648,0.0
XOLDIOLONEt,2180.000000000999,649,0.0
DM_bvite_c,2180.000000000999,650,0.0
DM_avite2_c,2180.000000000999,651,0.0
EX_acgalfucgalacgalfucgalacglcgal14acglcgalgluside_hs_e,2180.000000000999,652,0.0
EX_acgalfucgalacgalfuc12gal14acglcgalgluside_hs_e,2180.000000000999,653,0.0
EX_acetone_e,2180.000000000999,654,0.0
DM_avite1_c,2180.000000000999,655,0.0
ATPM,2180.000000000999,656,0.0
EX_4hphac_e,2180.000000000999,657,0.0
DM_Ser_Thr_l,2180.000000000999,658,0.0
EX_4hdebrisoquine_e,2180.000000000999,659,0.0
EX_3mlda_e,2180.000000000999,660,0.0
ACONT,2180.000000000999,661,0.0
ACODA,2180.000000000999,662,0.0
ACOATA,2180.000000000999,663,0.0
EX_nad_e,2180.000000000999,664,0.0
ACOAO7p,2180.000000000999,665,0.0
ACOAH,2180.000000000999,666,0.0
ACOAD8m,2180.000000000999,667,0.0
EX_nac_e,2180.000000000999,668,0.0
ACOAD1fm,2180.000000000999,669,0.0
ACNML,2180.000000000999,670,0.0
ACCOAgt,2180.000000000999,671,0.0
EX_nifedipine_e,2180.000000000999,672,0.0
ACCOALm,2180.000000000999,673,0.0
ACCOAL,2180.000000000999,674,0.0
ACCOACrm,2180.000000000999,675,0.0
ACP1_FMN,2180.000000000999,676,0.0
ACCOAC,2180.000000000999,677,0.0
ACALDtx,2180.000000000999,678,0.0
EX_ncam_e,2180.000000000999,679,0.0
ACOX2x,2180.000000000999,680,0.0
ACALDtr,2180.000000000999,681,0.0
ACOX22x,2180.000000000999,682,0.0
ACALDtm,2180.000000000999,683,0.0
EX_nadp_e,2180.000000000999,684,0.0
ACTNMO,2180.000000000999,685,0.0
EX_nrpphrsf_e,2180.000000000999,686,0.0
ADNK1m,2180.000000000999,687,0.0
ADNK1,2180.000000000999,688,0.0
ADNCYC,2180.000000000999,689,0.0
ACSm,2180.000000000999,690,0.0
ACS2,2180.000000000999,691,0.0
EX_npthl_e,2180.000000000999,692,0.0
ACETONEt2,2180.000000000999,693,0.0
EX_no_e,2180.000000000999,694,0.0
ACCOAtr,2180.000000000999,695,0.0
ACS,2180.000000000999,696,0.0
ACRNtm,2180.000000000999,697,0.0
ACCOAtn,2180.000000000999,698,0.0
EX_o2s_e,2180.000000000999,699,0.0
ADPGLC,2180.000000000999,700,0.0
ADCim,2180.000000000999,701,0.0
ADNtm,2180.000000000999,702,0.0
ADAe,2180.000000000999,703,0.0
ADA,2180.000000000999,704,0.0
ACtg,2180.000000000999,705,0.0
ADNtl,2180.000000000999,706,0.0
ADNt5,2180.000000000999,707,0.0
ACt2r,2180.000000000999,708,0.0
ADNt4,2180.000000000999,709,0.0
ADNt,2180.000000000999,710,0.0
ACt2m,2180.000000000999,711,0.0
ACYP,2180.000000000999,712,0.0
EX_nrvnc_e,2180.000000000999,713,0.0
ADHAPtx,2180.000000000999,714,0.0
ADRNt,2180.000000000999,715,0.0
ADRNLPVESSEC,2180.000000000999,716,0.0
ADRNCRNt,2180.000000000999,717,0.0
ADRNCPT2,2180.000000000999,718,0.0
ADRNCPT1,2180.000000000999,719,0.0
ADRNCOAtx,2180.000000000999,720,0.0
ADPRIBt,2180.000000000999,721,0.0
AGDC,2180.000000000999,722,0.0
ADPRDPm,2180.000000000999,723,0.0
ADEtl,2180.000000000999,724,0.0
ADPRDP,2180.000000000999,725,0.0
ADPMAN,2180.000000000999,726,0.0
ACACT9p,2180.000000000999,727,0.0
ACACT8p,2180.000000000999,728,0.0
EX_na1_e,2180.000000000999,729,0.0
ACACT7p,2180.000000000999,730,0.0
ACNGALACGLCGAL14ACGLCGALGLUSIDEtg,2180.000000000999,731,0.0
ACNGALACGLCGAL14ACGLCGALGLUSIDEte,2180.000000000999,732,0.0
ACNAMtn,2180.000000000999,733,0.0
ACNAMlt,2180.000000000999,734,0.0
ACNAMPH,2180.000000000999,735,0.0
ACACT6p,2180.000000000999,736,0.0
ACACT5p,2180.000000000999,737,0.0
ACACT4p,2180.000000000999,738,0.0
EX_n2m2nmasn_e,2180.000000000999,739,0.0
ACACT1x,2180.000000000999,740,0.0
ACNAM9PL2,2180.000000000999,741,0.0
ADSS,2180.000000000999,742,0.0
ALOX52,2180.000000000999,743,0.0
ADSL2r,2180.000000000999,744,0.0
ALOX5,2180.000000000999,745,0.0
ALOX15,2180.000000000999,746,0.0
AGLPED,2180.000000000999,747,0.0
ALOX12R,2180.000000000999,748,0.0
ADSL1r,2180.000000000999,749,0.0
ADSK,2180.000000000999,750,0.0
ADSELK,2180.000000000999,751,0.0
AGLPC,2180.000000000999,752,0.0
ADMDC,2180.000000000999,753,0.0
ADKd,2180.000000000999,754,0.0
ADK3m,2180.000000000999,755,0.0
AG13T18g,2180.000000000999,756,0.0
AG13T17g,2180.000000000999,757,0.0
AG13T16g,2180.000000000999,758,0.0
AG13T15g,2180.000000000999,759,0.0
ALR3,2180.000000000999,760,0.0
AG13T14g,2180.000000000999,761,0.0
AG13T13g,2180.000000000999,762,0.0
AG13T12g,2180.000000000999,763,0.0
AGLPR,2180.000000000999,764,0.0
AG13T11g,2180.000000000999,765,0.0
AG13T10g,2180.000000000999,766,0.0
AGLPH,2180.000000000999,767,0.0
AFLATOXINte,2180.000000000999,768,0.0
AGLPET,2180.000000000999,769,0.0
ALR,2180.000000000999,770,0.0
AG13T6g,2180.000000000999,771,0.0
AMETr,2180.000000000999,772,0.0
AG13T5g,2180.000000000999,773,0.0
AMCOXO,2180.000000000999,774,0.0
AMANK,2180.000000000999,775,0.0
AGMTm,2180.000000000999,776,0.0
AMACRr,2180.000000000999,777,0.0
AG13T4g,2180.000000000999,778,0.0
AG13T3g,2180.000000000999,779,0.0
AG13T2g,2180.000000000999,780,0.0
AG13T1g,2180.000000000999,781,0.0
AMACRp,2180.000000000999,782,0.0
AMACR2r,2180.000000000999,783,0.0
AMACR2p,2180.000000000999,784,0.0
AGLPT,2180.000000000999,785,0.0
AM6SAD,2180.000000000999,786,0.0
AMPtr,2180.000000000999,787,0.0
AGPSx,2180.000000000999,788,0.0
AMPtp,2180.000000000999,789,0.0
ARTFR206,2180.000000000999,790,0.0
ARTFR205,2180.000000000999,791,0.0
AG13T9g,2180.000000000999,792,0.0
AMPTASECGe,2180.000000000999,793,0.0
AMPTASECG,2180.000000000999,794,0.0
AMPDA,2180.000000000999,795,0.0
AMETtn,2180.000000000999,796,0.0
AGPRim,2180.000000000999,797,0.0
AMETt2m,2180.000000000999,798,0.0
AG13T8g,2180.000000000999,799,0.0
AG13T7g,2180.000000000999,800,0.0
ANDRSTRNtr,2180.000000000999,801,0.0
ANDRSTRNte,2180.000000000999,802,0.0
ARTFR213,2180.000000000999,803,0.0
AGTim,2180.000000000999,804,0.0
ARTFR212,2180.000000000999,805,0.0
ANDRSTRNGLCtr,2180.000000000999,806,0.0
ANDRSTRNGLCte,2180.000000000999,807,0.0
ARTFR211,2180.000000000999,808,0.0
AGPex,2180.000000000999,809,0.0
ARTFR210,2180.000000000999,810,0.0
AMY2e,2180.000000000999,811,0.0
ARTFR209,2180.000000000999,812,0.0
ARTFR208,2180.000000000999,813,0.0
ARTFR207,2180.000000000999,814,0.0
AMY1e,2180.000000000999,815,0.0
AHANDROSTANGLCte,2180.000000000999,816,0.0
ARTFR44,2180.000000000999,817,0.0
APOC_LYS_BTNPm,2180.000000000999,818,0.0
APOC_LYS_BTNP,2180.000000000999,819,0.0
ARTFR43,2180.000000000999,820,0.0
ARTFR42,2180.000000000999,821,0.0
APNNOXte,2180.000000000999,822,0.0
APAT2rm,2180.000000000999,823,0.0
AP4AH1,2180.000000000999,824,0.0
ARTFR34,2180.000000000999,825,0.0
ARTFR33,2180.000000000999,826,0.0
ARTFR32,2180.000000000999,827,0.0
AOBUTDsm,2180.000000000999,828,0.0
AGTix,2180.000000000999,829,0.0
ANTIPYRENEte,2180.000000000999,830,0.0
ARTFR55,2180.000000000999,831,0.0
AHCi,2180.000000000999,832,0.0
ARTFR54,2180.000000000999,833,0.0
ARAB_Lt,2180.000000000999,834,0.0
AQCOBALt,2180.000000000999,835,0.0
APRTO2,2180.000000000999,836,0.0
ARTFR53,2180.000000000999,837,0.0
ARTFR52,2180.000000000999,838,0.0
AHANDROSTANGLCtr,2180.000000000999,839,0.0
ARTFR51,2180.000000000999,840,0.0
APRGSTRNte,2180.000000000999,841,0.0
APPNNte,2180.000000000999,842,0.0
APOCFm,2180.000000000999,843,0.0
APOCF,2180.000000000999,844,0.0
ARTFR46,2180.000000000999,845,0.0
ARTFR45,2180.000000000999,846,0.0
ACNAM9PL,2180.000000000999,847,0.0
ACNACNGALGBSIDEtg,2180.000000000999,848,0.0
ACNACNGALGBSIDEte,2180.000000000999,849,0.0
ACNACNGAL14ACGLCGALGLUSIDEtg,2180.000000000999,850,0.0
ACNACNGAL14ACGLCGALGLUSIDEte,2180.000000000999,851,0.0
ACN23ACNGALGBSIDEtg,2180.000000000999,852,0.0
ACN23ACNGALGBSIDEte,2180.000000000999,853,0.0
ACN13ACNGALGBSIDEtg,2180.000000000999,854,0.0
ABUTt2rL,2180.000000000999,855,0.0
EX_mthgxl_e,2180.000000000999,856,0.0
ACN13ACNGALGBSIDEte,2180.000000000999,857,0.0
ARTPLM1m,2180.000000000999,858,0.0
ARTFR61,2180.000000000999,859,0.0
ARACHDtr,2180.000000000999,860,0.0
ARACHDt2,2180.000000000999,861,0.0
AHCYStn,2180.000000000999,862,0.0
ARACHDCOAtx,2180.000000000999,863,0.0
ARABR,2180.000000000999,864,0.0
ARTFR57,2180.000000000999,865,0.0
ARTFR56,2180.000000000999,866,0.0
AHEXASE2ly,2180.000000000999,867,0.0
ARGSS,2180.000000000999,868,0.0
ARGSL,2180.000000000999,869,0.0
ASCBOX,2180.000000000999,870,0.0
AHCYStr,2180.000000000999,871,0.0
ASAH1,2180.000000000999,872,0.0
ARTPLM3m,2180.000000000999,873,0.0
ARGN,2180.000000000999,874,0.0
ARGLYSex,2180.000000000999,875,0.0
ARGDCm,2180.000000000999,876,0.0
ARTPLM3,2180.000000000999,877,0.0
ARTPLM2m,2180.000000000999,878,0.0
ASNSERNaEx,2180.000000000999,879,0.0
ASNS1,2180.000000000999,880,0.0
ARTFR11,2180.000000000999,881,0.0
ARTCOAL3,2180.000000000999,882,0.0
AICART,2180.000000000999,883,0.0
ARTCOAL2,2180.000000000999,884,0.0
ARTCOAL1,2180.000000000999,885,0.0
ASNNm,2180.000000000999,886,0.0
AHEXASEly,2180.000000000999,887,0.0
ASNGLNNaEx,2180.000000000999,888,0.0
ASNCYSNaEx,2180.000000000999,889,0.0
ARSA,2180.000000000999,890,0.0
ACITL,2180.000000000999,891,0.0
ABUTD,2180.000000000999,892,0.0
ACHtn,2180.000000000999,893,0.0
ACHVESSEC,2180.000000000999,894,0.0
ACHEe,2180.000000000999,895,0.0
ABTArm,2180.000000000999,896,0.0
EX_mercplaccys_e,2180.000000000999,897,0.0
AASAD3m,2180.000000000999,898,0.0
ACGSm,2180.000000000999,899,0.0
ACGPID,2180.000000000999,900,0.0
EX_mepi_e,2180.000000000999,901,0.0
ATPtn,2180.000000000999,902,0.0
ATPasel,2180.000000000999,903,0.0
ASPDxt,2180.000000000999,904,0.0
ASPDt6,2180.000000000999,905,0.0
AIRCr,2180.000000000999,906,0.0
ASPCT,2180.000000000999,907,0.0
ARTFR203,2180.000000000999,908,0.0
ARTFR202,2180.000000000999,909,0.0
ASP1DC,2180.000000000999,910,0.0
ASNtm,2180.000000000999,911,0.0
ASNTHRNaEx,2180.000000000999,912,0.0
B3GNT311g,2180.000000000999,913,0.0
B3GNT310g,2180.000000000999,914,0.0
B3GNT12g,2180.000000000999,915,0.0
B3GNT11g,2180.000000000999,916,0.0
B3GALTg,2180.000000000999,917,0.0
B3GALT5g,2180.000000000999,918,0.0
B3GALT44g,2180.000000000999,919,0.0
B3GALT43g,2180.000000000999,920,0.0
B3GALT42g,2180.000000000999,921,0.0
B3GALT41g,2180.000000000999,922,0.0
B3GALT3g,2180.000000000999,923,0.0
Asn_X_Ser_Thrtr,2180.000000000999,924,0.0
A_MANASEly,2180.000000000999,925,0.0
A_MANASE,2180.000000000999,926,0.0
AVITE2t,2180.000000000999,927,0.0
AVITE1t,2180.000000000999,928,0.0
BAAT2x,2180.000000000999,929,0.0
BAAT1x,2180.000000000999,930,0.0
B3GNT51g,2180.000000000999,931,0.0
B3GNT39g,2180.000000000999,932,0.0
B3GNT38g,2180.000000000999,933,0.0
B3GNT37g,2180.000000000999,934,0.0
B3GNT36g,2180.000000000999,935,0.0
B3GNT35g,2180.000000000999,936,0.0
B3GNT34g,2180.000000000999,937,0.0
B3GNT33g,2180.000000000999,938,0.0
B3GNT32g,2180.000000000999,939,0.0
B3GNT31g,2180.000000000999,940,0.0
B3GNT315g,2180.000000000999,941,0.0
B3GNT314g,2180.000000000999,942,0.0
B3GNT313g,2180.000000000999,943,0.0
B3GNT312g,2180.000000000999,944,0.0
BETALDHxm,2180.000000000999,945,0.0
BETALDHx,2180.000000000999,946,0.0
BDMT_U,2180.000000000999,947,0.0
BDMT_L,2180.000000000999,948,0.0
BCDO,2180.000000000999,949,0.0
BBHOX,2180.000000000999,950,0.0
BAMPPALDOXm,2180.000000000999,951,0.0
BAMPPALDOX,2180.000000000999,952,0.0
BALAtmr,2180.000000000999,953,0.0
BALAVECSEC,2180.000000000999,954,0.0
BACCLm,2180.000000000999,955,0.0
BACCL,2180.000000000999,956,0.0
BAAT5x,2180.000000000999,957,0.0
BAAT4x,2180.000000000999,958,0.0
BAAT3x,2180.000000000999,959,0.0
CH25H,2180.000000000999,960,0.0
CGMPt,2180.000000000999,961,0.0
CGLYt3_2,2180.000000000999,962,0.0
CERT2rt,2180.000000000999,963,0.0
CERT2gt,2180.000000000999,964,0.0
CERT1rt,2180.000000000999,965,0.0
CERT1gt,2180.000000000999,966,0.0
CERK,2180.000000000999,967,0.0
CDSm,2180.000000000999,968,0.0
BILDGLCURtr,2180.000000000999,969,0.0
BILDGLCURte,2180.000000000999,970,0.0
BHMT,2180.000000000999,971,0.0
CHOLtr,2180.000000000999,972,0.0
CHOLtn,2180.000000000999,973,0.0
CHOLtg,2180.000000000999,974,0.0
CHOLt4,2180.000000000999,975,0.0
CHOLPtl,2180.000000000999,976,0.0
CHOLPtg,2180.000000000999,977,0.0
CHOLD2m,2180.000000000999,978,0.0
CHOLATEt3,2180.000000000999,979,0.0
CHOLATEt2,2180.000000000999,980,0.0
CHLtm,2180.000000000999,981,0.0
CHLP,2180.000000000999,982,0.0
CHATn,2180.000000000999,983,0.0
CHAT,2180.000000000999,984,0.0
ACGBGBSIDEtl,2180.000000000999,985,0.0
ACGBGBSIDEtg,2180.000000000999,986,0.0
ACGAMtly,2180.000000000999,987,0.0
EX_meoh_e,2180.000000000999,988,0.0
ACGAMPM,2180.000000000999,989,0.0
ACGAMK,2180.000000000999,990,0.0
EX_man_e,2180.000000000999,991,0.0
AACTtm,2180.000000000999,992,0.0
AACTOOR,2180.000000000999,993,0.0
EX_malttr_e,2180.000000000999,994,0.0
ACGAM6PS,2180.000000000999,995,0.0
ACGAM2E,2180.000000000999,996,0.0
ACGALtly,2180.000000000999,997,0.0
ACGALtlg,2180.000000000999,998,0.0
CITtbm,2180.000000000999,999,0.0
CITtam,2180.000000000999,1000,0.0
CITt4_4,2180.000000000999,1001,0.0
CITt4_2,2180.000000000999,1002,0.0
CITMCOALm,2180.000000000999,1003,0.0
CITMCOAHm,2180.000000000999,1004,0.0
CITL,2180.000000000999,1005,0.0
CHTNASEe,2180.000000000999,1006,0.0
CHTNASE,2180.000000000999,1007,0.0
CHSTEROLtg,2180.000000000999,1008,0.0
CHSTEROLt1,2180.000000000999,1009,0.0
CHSTEROLt,2180.000000000999,1010,0.0
CHSTEROLSULT,2180.000000000999,1011,0.0
CMPACNAtg,2180.000000000999,1012,0.0
CLPNDt,2180.000000000999,1013,0.0
CLPNDCRNt,2180.000000000999,1014,0.0
CLPNDCPT2,2180.000000000999,1015,0.0
CLPNDCPT1,2180.000000000999,1016,0.0
CLPNDCOAtx,2180.000000000999,1017,0.0
CLOHtex2,2180.000000000999,1018,0.0
CLI2tex,2180.000000000999,1019,0.0
CLHCO3tex2,2180.000000000999,1020,0.0
CLFORtex2,2180.000000000999,1021,0.0
CKc,2180.000000000999,1022,0.0
CK,2180.000000000999,1023,0.0
CYSGLYex_copy1,2180.000000000999,1024,0.0
CYSGLTH,2180.000000000999,1025,0.0
CYSAMO,2180.000000000999,1026,0.0
CYSALANaEx,2180.000000000999,1027,0.0
CO2tn,2180.000000000999,1028,0.0
CO2tg,2180.000000000999,1029,0.0
CMPSASn,2180.000000000999,1030,0.0
ACNMCT,2180.000000000999,1031,0.0
CMPACNAtn,2180.000000000999,1032,0.0
EX_malt_e,2180.000000000999,1033,0.0
A4GNT2g,2180.000000000999,1034,0.0
ACGALK2,2180.000000000999,1035,0.0
ACGALK,2180.000000000999,1036,0.0
ACGALFUCGALACGALFUCGALACGLCGAL14ACGLCGALGLUSIDEtg,2180.000000000999,1037,0.0
ACGALFUCGALACGALFUCGALACGLCGAL14ACGLCGALGLUSIDEte,2180.000000000999,1038,0.0
A4GNT1g,2180.000000000999,1039,0.0
A4GALTg,2180.000000000999,1040,0.0
EX_mag_hs_e,2180.000000000999,1041,0.0
A4GALTc,2180.000000000999,1042,0.0
ACGALFUCGALACGALFUC12GAL14ACGLCGALGLUSIDEtg,2180.000000000999,1043,0.0
7THFtm,2180.000000000999,1044,0.0
7THFtl,2180.000000000999,1045,0.0
ACGALFUCGALACGALFUC12GAL14ACGLCGALGLUSIDEte,2180.000000000999,1046,0.0
ACGAGBSIDEtl,2180.000000000999,1047,0.0
CYTDK2m,2180.000000000999,1048,0.0
CYTDK1,2180.000000000999,1049,0.0
CYTD,2180.000000000999,1050,0.0
CYStec,2180.000000000999,1051,0.0
CYSTSERex,2180.000000000999,1052,0.0
CYSTS,2180.000000000999,1053,0.0
CYSTGLUex,2180.000000000999,1054,0.0
CYSTGL,2180.000000000999,1055,0.0
CYSTAm,2180.000000000999,1056,0.0
CYSTA,2180.000000000999,1057,0.0
CYSLYSL,2180.000000000999,1058,0.0
CYTK13n,2180.000000000999,1059,0.0
CYTK12n,2180.000000000999,1060,0.0
CYTK12,2180.000000000999,1061,0.0
CYTK11n,2180.000000000999,1062,0.0
CYTK11,2180.000000000999,1063,0.0
CYTK10n,2180.000000000999,1064,0.0
CYTK10,2180.000000000999,1065,0.0
CYTDtn,2180.000000000999,1066,0.0
CYTDtm,2180.000000000999,1067,0.0
CYTDtl,2180.000000000999,1068,0.0
CYTDt4,2180.000000000999,1069,0.0
CYTDn,2180.000000000999,1070,0.0
CYTK7n,2180.000000000999,1071,0.0
CYTK6n,2180.000000000999,1072,0.0
CPK1,2180.000000000999,1073,0.0
CYTK5n,2180.000000000999,1074,0.0
CYTK4n,2180.000000000999,1075,0.0
CYTK3n,2180.000000000999,1076,0.0
CYTK2n,2180.000000000999,1077,0.0
CYTK1n,2180.000000000999,1078,0.0
CYTK1m,2180.000000000999,1079,0.0
CYTK14n,2180.000000000999,1080,0.0
ACGAGBSIDEtg,2180.000000000999,1081,0.0
ACETONEt2m,2180.000000000999,1082,0.0
7DHFtm,2180.000000000999,1083,0.0
7DHFtl,2180.000000000999,1084,0.0
EX_lpchol_hs_e,2180.000000000999,1085,0.0
7DHCHSTEROLtr,2180.000000000999,1086,0.0
6THFtm,2180.000000000999,1087,0.0
6THFtl,2180.000000000999,1088,0.0
5ADTSTSTERONEtr,2180.000000000999,1089,0.0
5ADTSTSTERONEte,2180.000000000999,1090,0.0
5ADTSTSTERONESte,2180.000000000999,1091,0.0
5ADTSTSTERONESULT,2180.000000000999,1092,0.0
5ADTSTSTERONEGLCtr,2180.000000000999,1093,0.0
5ADTSTSTERONEGLCte,2180.000000000999,1094,0.0
6HTSTSTERONEtr,2180.000000000999,1095,0.0
6HTSTSTERONEte,2180.000000000999,1096,0.0
DAGt,2180.000000000999,1097,0.0
DAG_HSter,2180.000000000999,1098,0.0
DAGKn_hs,2180.000000000999,1099,0.0
DADNt4,2180.000000000999,1100,0.0
DADAe,2180.000000000999,1101,0.0
DADA,2180.000000000999,1102,0.0
D3AIBTm,2180.000000000999,1103,0.0
D_LACtm,2180.000000000999,1104,0.0
CYTK9n,2180.000000000999,1105,0.0
CYTK9,2180.000000000999,1106,0.0
CYTK8n,2180.000000000999,1107,0.0
CYTK8,2180.000000000999,1108,0.0
DMATT,2180.000000000999,1109,0.0
DMANTIPYRINEte,2180.000000000999,1110,0.0
DLNLCGt,2180.000000000999,1111,0.0
DLNLCGCRNt,2180.000000000999,1112,0.0
DLNLCGCPT2,2180.000000000999,1113,0.0
DLNLCGCPT1,2180.000000000999,1114,0.0
DKMPPD,2180.000000000999,1115,0.0
DITPtn,2180.000000000999,1116,0.0
DINt,2180.000000000999,1117,0.0
DIGALSIDEtl,2180.000000000999,1118,0.0
DIGALSIDEtg,2180.000000000999,1119,0.0
DIGALSGALSIDEtg,2180.000000000999,1120,0.0
DIGALSGALSIDEte,2180.000000000999,1121,0.0
DNDPt12m,2180.000000000999,1122,0.0
DNDPt11m,2180.000000000999,1123,0.0
DNDPt10m,2180.000000000999,1124,0.0
DNAMTn,2180.000000000999,1125,0.0
DNAMTSEn,2180.000000000999,1126,0.0
DNADtn,2180.000000000999,1127,0.0
DNADDP,2180.000000000999,1128,0.0
DMNONCRNt,2180.000000000999,1129,0.0
C110CPT2m_copy2,2180.000000000999,1130,0.0
DMNONCOACRNCPT1,2180.000000000999,1131,0.0
DMHPTCRNte,2180.000000000999,1132,0.0
DMHPTCRNt,2180.000000000999,1133,0.0
DMHPTCRNCPT2,2180.000000000999,1134,0.0
DMHPTCRNCPT1,2180.000000000999,1135,0.0
DMGtm,2180.000000000999,1136,0.0
DMGDHm,2180.000000000999,1137,0.0
DNDPt27m,2180.000000000999,1138,0.0
DNDPt26m,2180.000000000999,1139,0.0
DNDPt25m,2180.000000000999,1140,0.0
DNDPt24m,2180.000000000999,1141,0.0
DNDPt23m,2180.000000000999,1142,0.0
DNDPt22m,2180.000000000999,1143,0.0
DNDPt21m,2180.000000000999,1144,0.0
DNDPt20m,2180.000000000999,1145,0.0
DNDPt1m,2180.000000000999,1146,0.0
DNDPt19m,2180.000000000999,1147,0.0
DNDPt18m,2180.000000000999,1148,0.0
DNDPt17m,2180.000000000999,1149,0.0
DNDPt16m,2180.000000000999,1150,0.0
DNDPt15m,2180.000000000999,1151,0.0
DNDPt14m,2180.000000000999,1152,0.0
DNDPt13m,2180.000000000999,1153,0.0
DNDPt41m,2180.000000000999,1154,0.0
DNDPt40m,2180.000000000999,1155,0.0
DNDPt3m,2180.000000000999,1156,0.0
DNDPt39m,2180.000000000999,1157,0.0
DNDPt38m,2180.000000000999,1158,0.0
DNDPt37m,2180.000000000999,1159,0.0
DNDPt36m,2180.000000000999,1160,0.0
DNDPt35m,2180.000000000999,1161,0.0
DNDPt34m,2180.000000000999,1162,0.0
DNDPt33m,2180.000000000999,1163,0.0
DNDPt32m,2180.000000000999,1164,0.0
DNDPt31m,2180.000000000999,1165,0.0
DNDPt30m,2180.000000000999,1166,0.0
DNDPt2m,2180.000000000999,1167,0.0
DNDPt29m,2180.000000000999,1168,0.0
DNDPt28m,2180.000000000999,1169,0.0
DPROOp,2180.000000000999,1170,0.0
DPPS,2180.000000000999,1171,0.0
DPHMBDCm,2180.000000000999,1172,0.0
DPGase,2180.000000000999,1173,0.0
DNDPt4m,2180.000000000999,1174,0.0
DNDPt49m,2180.000000000999,1175,0.0
DNDPt48m,2180.000000000999,1176,0.0
DNDPt47m,2180.000000000999,1177,0.0
DNDPt46m,2180.000000000999,1178,0.0
DNDPt45m,2180.000000000999,1179,0.0
DNDPt44m,2180.000000000999,1180,0.0
DNDPt43m,2180.000000000999,1181,0.0
DNDPt42m,2180.000000000999,1182,0.0
DUTPDPn,2180.000000000999,1183,0.0
DUTPDPm,2180.000000000999,1184,0.0
DURItn,2180.000000000999,1185,0.0
DURIt,2180.000000000999,1186,0.0
DURIK1m,2180.000000000999,1187,0.0
DURAD,2180.000000000999,1188,0.0
DUMPtn,2180.000000000999,1189,0.0
DUDPtn,2180.000000000999,1190,0.0
DTTPtn,2180.000000000999,1191,0.0
DTMPK,2180.000000000999,1192,0.0
DTDPtn,2180.000000000999,1193,0.0
6DHFtm,2180.000000000999,1194,0.0
6DHFtl,2180.000000000999,1195,0.0
5THFtm,2180.000000000999,1196,0.0
EX_lnlncg_e,2180.000000000999,1197,0.0
5THFtl,2180.000000000999,1198,0.0
4PYRDX,2180.000000000999,1199,0.0
4NPHte,2180.000000000999,1200,0.0
5HXKYNOXDA,2180.000000000999,1201,0.0
5HXKYNDCL,2180.000000000999,1202,0.0
4NPHSFte,2180.000000000999,1203,0.0
4MTOLBUTAMIDEte,2180.000000000999,1204,0.0
4MPTNLtr,2180.000000000999,1205,0.0
5HTRPVESSEC,2180.000000000999,1206,0.0
5HTRPDOX,2180.000000000999,1207,0.0
EHGLATm,2180.000000000999,1208,0.0
EHGLAT2m,2180.000000000999,1209,0.0
EHGLAT,2180.000000000999,1210,0.0
EGMESTr,2180.000000000999,1211,0.0
ECOAH1x,2180.000000000999,1212,0.0
ECGISOr,2180.000000000999,1213,0.0
EBASTINEtr,2180.000000000999,1214,0.0
EBASTINEte,2180.000000000999,1215,0.0
EBASTINEOHtr,2180.000000000999,1216,0.0
EBASTINEOHte,2180.000000000999,1217,0.0
EAFLATOXINte,2180.000000000999,1218,0.0
ENMAN3g,2180.000000000999,1219,0.0
ENMAN2g,2180.000000000999,1220,0.0
ENMAN1g,2180.000000000999,1221,0.0
ENGASEly,2180.000000000999,1222,0.0
ENGASE3ly,2180.000000000999,1223,0.0
ENGASE2ly,2180.000000000999,1224,0.0
ENGASE2,2180.000000000999,1225,0.0
ENGASE,2180.000000000999,1226,0.0
ELAIDCRNt,2180.000000000999,1227,0.0
ELAIDCPT2,2180.000000000999,1228,0.0
ELAIDCPT1,2180.000000000999,1229,0.0
EICOSTETt,2180.000000000999,1230,0.0
EICOSTETCRNt,2180.000000000999,1231,0.0
EICOSTETCPT2,2180.000000000999,1232,0.0
EICOSTETCPT1,2180.000000000999,1233,0.0
ESTRONESt2,2180.000000000999,1234,0.0
ESTRONEGLCtr,2180.000000000999,1235,0.0
ESTRONEGLCt,2180.000000000999,1236,0.0
ESTRIOLtr,2180.000000000999,1237,0.0
ESTRIOLGLCtr,2180.000000000999,1238,0.0
ESTRIOLGLCte,2180.000000000999,1239,0.0
ESTRADIOLt,2180.000000000999,1240,0.0
ESTRADIOLGLCtr,2180.000000000999,1241,0.0
ESTRADIOLGLCt2,2180.000000000999,1242,0.0
EPCTX,2180.000000000999,1243,0.0
ENO,2180.000000000999,1244,0.0
ENMAN6g,2180.000000000999,1245,0.0
ENMAN5g,2180.000000000999,1246,0.0
ENMAN4g,2180.000000000999,1247,0.0
FA160ACPHi,2180.000000000999,1248,0.0
FA141ACPHi,2180.000000000999,1249,0.0
FA140ACPHi,2180.000000000999,1250,0.0
FA120ACPHi,2180.000000000999,1251,0.0
F6Tg,2180.000000000999,1252,0.0
F1PGT,2180.000000000999,1253,0.0
F1Atg,2180.000000000999,1254,0.0
ETOHtx,2180.000000000999,1255,0.0
ETOHt,2180.000000000999,1256,0.0
ETOHMO,2180.000000000999,1257,0.0
ETHP,2180.000000000999,1258,0.0
FALDtm,2180.000000000999,1259,0.0
ESTSULT,2180.000000000999,1260,0.0
4MPTNLtm,2180.000000000999,1261,0.0
4MPTNLte,2180.000000000999,1262,0.0
5HOXINOXDA,2180.000000000999,1263,0.0
5HOXINDACTOXm,2180.000000000999,1264,0.0
EX_lnlc_e_copy1,2180.000000000999,1265,0.0
5HOXINDACTOX,2180.000000000999,1266,0.0
4HOXPACDOX_NADP,2180.000000000999,1267,0.0
4HGLSDm,2180.000000000999,1268,0.0
4HDEBRISOQUINEte,2180.000000000999,1269,0.0
5HOXINDACTO2OX,2180.000000000999,1270,0.0
5HOMEPRAZOLEte,2180.000000000999,1271,0.0
5FTHFt2,2180.000000000999,1272,0.0
ASPNATm,2180.000000000999,1273,0.0
FACOAL170,2180.000000000999,1274,0.0
FACOAL150,2180.000000000999,1275,0.0
FA182ACPH,2180.000000000999,1276,0.0
FA1822ACPH,2180.000000000999,1277,0.0
FA1821ACPH,2180.000000000999,1278,0.0
FA181ACPH,2180.000000000999,1279,0.0
FA180ACPH,2180.000000000999,1280,0.0
FA161ACPHi,2180.000000000999,1281,0.0
BPNT,2180.000000000999,1282,0.0
BMTer_U,2180.000000000999,1283,0.0
BMTer_L,2180.000000000999,1284,0.0
BIOCYTtn,2180.000000000999,1285,0.0
BILIRUBtr,2180.000000000999,1286,0.0
BILIRED,2180.000000000999,1287,0.0
BILGLCURtr,2180.000000000999,1288,0.0
BILGLCURte,2180.000000000999,1289,0.0
ATPH2e,2180.000000000999,1290,0.0
ATPH1e,2180.000000000999,1291,0.0
ATP2ter,2180.000000000999,1292,0.0
ATP1ter,2180.000000000999,1293,0.0
BVITEt,2180.000000000999,1294,0.0
BUTt2r,2180.000000000999,1295,0.0
BUTt2m,2180.000000000999,1296,0.0
BTNtn,2180.000000000999,1297,0.0
BTNt3i,2180.000000000999,1298,0.0
BTNt2m,2180.000000000999,1299,0.0
BTNPLm,2180.000000000999,1300,0.0
BTNPL,2180.000000000999,1301,0.0
BTNDm,2180.000000000999,1302,0.0
BTNDe,2180.000000000999,1303,0.0
BTND1n,2180.000000000999,1304,0.0
BTND1,2180.000000000999,1305,0.0
BPNT2,2180.000000000999,1306,0.0
C180CPT2,2180.000000000999,1307,0.0
C180CPT1,2180.000000000999,1308,0.0
C161CRNt,2180.000000000999,1309,0.0
C161CRN2t,2180.000000000999,1310,0.0
C161CPT22,2180.000000000999,1311,0.0
C161CPT2,2180.000000000999,1312,0.0
C161CPT12,2180.000000000999,1313,0.0
C161CPT1,2180.000000000999,1314,0.0
C160CRNt,2180.000000000999,1315,0.0
C160CPT2,2180.000000000999,1316,0.0
C160CPT1,2180.000000000999,1317,0.0
C110CPT2m_copy1,2180.000000000999,1318,0.0
B_MANNASEly,2180.000000000999,1319,0.0
BZtr,2180.000000000999,1320,0.0
BZt,2180.000000000999,1321,0.0
5DHFtl,2180.000000000999,1322,0.0
4HBZFm,2180.000000000999,1323,0.0
4HBZCOAFm,2180.000000000999,1324,0.0
4ABUTtm,2180.000000000999,1325,0.0
42A12BOOX,2180.000000000999,1326,0.0
EX_lipoate_e,2180.000000000999,1327,0.0
5AOPtm,2180.000000000999,1328,0.0
EX_limnen_e,2180.000000000999,1329,0.0
41R2A1H12BOOX,2180.000000000999,1330,0.0
41R1H2MAE12BOOX,2180.000000000999,1331,0.0
EX_lgnc_e,2180.000000000999,1332,0.0
EX_leuktrF4_e,2180.000000000999,1333,0.0
C3STDH1Pr,2180.000000000999,1334,0.0
C2M26DCOAHLx,2180.000000000999,1335,0.0
C2M26DCOAHLm,2180.000000000999,1336,0.0
C226CRNt,2180.000000000999,1337,0.0
C226CPT2,2180.000000000999,1338,0.0
C226CPT1,2180.000000000999,1339,0.0
C226COAtx,2180.000000000999,1340,0.0
C204CRNt,2180.000000000999,1341,0.0
C204CPT2,2180.000000000999,1342,0.0
C204CPT1,2180.000000000999,1343,0.0
C181CRNt,2180.000000000999,1344,0.0
C181CPT2,2180.000000000999,1345,0.0
C181CPT1,2180.000000000999,1346,0.0
C180CRNt,2180.000000000999,1347,0.0
CBPS,2180.000000000999,1348,0.0
CBPPer,2180.000000000999,1349,0.0
CBLATm,2180.000000000999,1350,0.0
CBL2tm,2180.000000000999,1351,0.0
CBL2OR,2180.000000000999,1352,0.0
CATm,2180.000000000999,1353,0.0
CAT2p,2180.000000000999,1354,0.0
CARVEOLte,2180.000000000999,1355,0.0
CAROtr,2180.000000000999,1356,0.0
CAMPt,2180.000000000999,1357,0.0
CAATPS,2180.000000000999,1358,0.0
COAtr,2180.000000000999,1359,0.0
COAtn,2180.000000000999,1360,0.0
COAtl,2180.000000000999,1361,0.0
COAtg,2180.000000000999,1362,0.0
CDPDAGtm,2180.000000000999,1363,0.0
CCA_D3tm,2180.000000000999,1364,0.0
CCA_D3t,2180.000000000999,1365,0.0
CBR2,2180.000000000999,1366,0.0
CBR1,2180.000000000999,1367,0.0
CBPter,2180.000000000999,1368,0.0
CBPSam,2180.000000000999,1369,0.0
CPPPGO,2180.000000000999,1370,0.0
CPCTDTX,2180.000000000999,1371,0.0
COt,2180.000000000999,1372,0.0
COUMARINte,2180.000000000999,1373,0.0
COUCOAFm,2180.000000000999,1374,0.0
CORE8GTg,2180.000000000999,1375,0.0
CORE7GTg,2180.000000000999,1376,0.0
CORE6GTg,2180.000000000999,1377,0.0
CORE5GTg,2180.000000000999,1378,0.0
CORE4GTg,2180.000000000999,1379,0.0
CORE3GTg,2180.000000000999,1380,0.0
COQ7m,2180.000000000999,1381,0.0
COQ6m,2180.000000000999,1382,0.0
COQ5m,2180.000000000999,1383,0.0
COQ3m,2180.000000000999,1384,0.0
COKECBESr,2180.000000000999,1385,0.0
EX_leuktrE4_e,2180.000000000999,1386,0.0
2AMADPTm,2180.000000000999,1387,0.0
3SALAOX,2180.000000000999,1388,0.0
2AMACSULT,2180.000000000999,1389,0.0
25VITD3Hm,2180.000000000999,1390,0.0
25VITD2Hm,2180.000000000999,1391,0.0
25HVITD3tm,2180.000000000999,1392,0.0
EX_leuktrD4_e,2180.000000000999,1393,0.0
25HVITD3tin_m,2180.000000000999,1394,0.0
3SALACBOXL,2180.000000000999,1395,0.0
25HVITD3tin,2180.000000000999,1396,0.0
25HVITD3t,2180.000000000999,1397,0.0
25HVITD2tm,2180.000000000999,1398,0.0
CRTSTRNt,2180.000000000999,1399,0.0
CRTSLtr,2180.000000000999,1400,0.0
CRTSLtm,2180.000000000999,1401,0.0
CRTSLt,2180.000000000999,1402,0.0
CRTNsyn,2180.000000000999,1403,0.0
CRNtx,2180.000000000999,1404,0.0
CRNtuNa,2180.000000000999,1405,0.0
CRNt_copy2,2180.000000000999,1406,0.0
CRNtHa,2180.000000000999,1407,0.0
CRNt_copy1,2180.000000000999,1408,0.0
CRNCAR3tp,2180.000000000999,1409,0.0
CRMPte,2180.000000000999,1410,0.0
CREATtmdiffir,2180.000000000999,1411,0.0
CREATt4_2_r,2180.000000000999,1412,0.0
CSNATm,2180.000000000999,1413,0.0
CSNATer,2180.000000000999,1414,0.0
CSNAT3x,2180.000000000999,1415,0.0
CSNAT2x,2180.000000000999,1416,0.0
CSNAT2m,2180.000000000999,1417,0.0
CSNATr_copy1,2180.000000000999,1418,0.0
CSEPASEly,2180.000000000999,1419,0.0
CSDPASEly,2180.000000000999,1420,0.0
CSCPASEly,2180.000000000999,1421,0.0
CSBPASEly,2180.000000000999,1422,0.0
CSAPASEly,2180.000000000999,1423,0.0
CRVNCtr,2180.000000000999,1424,0.0
CRTSTRNtr,2180.000000000999,1425,0.0
CRTSTRNtm,2180.000000000999,1426,0.0
CTPtn,2180.000000000999,1427,0.0
CTPS2,2180.000000000999,1428,0.0
CSPG_Etly,2180.000000000999,1429,0.0
CSPG_Et,2180.000000000999,1430,0.0
CSPG_Dtly,2180.000000000999,1431,0.0
CSPG_Dt,2180.000000000999,1432,0.0
CSPG_Ctly,2180.000000000999,1433,0.0
CSPG_Ct,2180.000000000999,1434,0.0
CSPG_Btly,2180.000000000999,1435,0.0
CSPG_Bt,2180.000000000999,1436,0.0
CSPG_Atly,2180.000000000999,1437,0.0
CSPG_At,2180.000000000999,1438,0.0
CSNt,2180.000000000999,1439,0.0
CSND,2180.000000000999,1440,0.0
DCK2n,2180.000000000999,1441,0.0
DCK1n,2180.000000000999,1442,0.0
DCK1m,2180.000000000999,1443,0.0
DCIm,2180.000000000999,1444,0.0
DATPtn,2180.000000000999,1445,0.0
DASPO1p,2180.000000000999,1446,0.0
DASCBR,2180.000000000999,1447,0.0
DASCBH,2180.000000000999,1448,0.0
DARGOp,2180.000000000999,1449,0.0
DALAt2rL,2180.000000000999,1450,0.0
CYOOm3,2180.000000000999,1451,0.0
CYANtm,2180.000000000999,1452,0.0
CYANt,2180.000000000999,1453,0.0
CYANSTm,2180.000000000999,1454,0.0
DEDOLP1_U,2180.000000000999,1455,0.0
DEDOLP1_L,2180.000000000999,1456,0.0
DECDPtm,2180.000000000999,1457,0.0
DEBRISOQUINEt,2180.000000000999,1458,0.0
DDPGAm,2180.000000000999,1459,0.0
DCYTt,2180.000000000999,1460,0.0
DCYTDn,2180.000000000999,1461,0.0
DCYTD,2180.000000000999,1462,0.0
DCTPtn,2180.000000000999,1463,0.0
DCSPTN1t,2180.000000000999,1464,0.0
DCSPTN1CRNt,2180.000000000999,1465,0.0
DCSPTN1CPT2,2180.000000000999,1466,0.0
DCSPTN1CPT1,2180.000000000999,1467,0.0
DCSPTN1COAtx,2180.000000000999,1468,0.0
25HVITD2tin_m,2180.000000000999,1469,0.0
3NTD7l,2180.000000000999,1470,0.0
3MOXTYROX,2180.000000000999,1471,0.0
3MOX4HOXPGALDOX_NADP,2180.000000000999,1472,0.0
3MOX4HOXPGALDOX,2180.000000000999,1473,0.0
25HVITD2tin,2180.000000000999,1474,0.0
25HVITD2t,2180.000000000999,1475,0.0
EX_leuktrC4_e,2180.000000000999,1476,0.0
24NPHte,2180.000000000999,1477,0.0
3MLDAt,2180.000000000999,1478,0.0
3M4HDXPAC,2180.000000000999,1479,0.0
EX_leuktrB4_e,2180.000000000999,1480,0.0
3HXKYNOXDA,2180.000000000999,1481,0.0
24_25VITD3Hm,2180.000000000999,1482,0.0
DESAT22_1p,2180.000000000999,1483,0.0
DESAT20_2,2180.000000000999,1484,0.0
DESAT20_1,2180.000000000999,1485,0.0
DESAT18_8,2180.000000000999,1486,0.0
DESAT18_7,2180.000000000999,1487,0.0
DEDOLR_U,2180.000000000999,1488,0.0
DEDOLR_L,2180.000000000999,1489,0.0
DEDOLP2_U,2180.000000000999,1490,0.0
DEDOLP2_L,2180.000000000999,1491,0.0
DHCHOLESTANATEtm,2180.000000000999,1492,0.0
DHAPAx,2180.000000000999,1493,0.0
DHAPA,2180.000000000999,1494,0.0
DGTPtn,2180.000000000999,1495,0.0
DGSNtm,2180.000000000999,1496,0.0
DGSNt,2180.000000000999,1497,0.0
DGNSKm,2180.000000000999,1498,0.0
DGK2m,2180.000000000999,1499,0.0
DGCHOLtx,2180.000000000999,1500,0.0
DGCHOLte,2180.000000000999,1501,0.0
DGAT,2180.000000000999,1502,0.0
DESAT24_1,2180.000000000999,1503,0.0
DESAT22_2p,2180.000000000999,1504,0.0
DHORTS,2180.000000000999,1505,0.0
DHORD9,2180.000000000999,1506,0.0
DHFtm,2180.000000000999,1507,0.0
DHFtl,2180.000000000999,1508,0.0
DHEAtr,2180.000000000999,1509,0.0
DHEAStr,2180.000000000999,1510,0.0
DHEASULT,2180.000000000999,1511,0.0
DHDPBMTm,2180.000000000999,1512,0.0
DHCRD1,2180.000000000999,1513,0.0
DHCR242r,2180.000000000999,1514,0.0
DNDPt5m,2180.000000000999,1515,0.0
DNDPt59m,2180.000000000999,1516,0.0
DNDPt58m,2180.000000000999,1517,0.0
DNDPt57m,2180.000000000999,1518,0.0
DNDPt56m,2180.000000000999,1519,0.0
DNDPt55m,2180.000000000999,1520,0.0
DNDPt54m,2180.000000000999,1521,0.0
DNDPt53m,2180.000000000999,1522,0.0
DNDPt52m,2180.000000000999,1523,0.0
DNDPt51m,2180.000000000999,1524,0.0
DNDPt50m,2180.000000000999,1525,0.0
DIDPtn,2180.000000000999,1526,0.0
DHPM1,2180.000000000999,1527,0.0
DOLDPP_Uer,2180.000000000999,1528,0.0
DOLDPP_Ler,2180.000000000999,1529,0.0
DOLASNT_Uer,2180.000000000999,1530,0.0
DOLASNT_Ler,2180.000000000999,1531,0.0
DOGULNO2,2180.000000000999,1532,0.0
DOGULNO1,2180.000000000999,1533,0.0
DOGULND2,2180.000000000999,1534,0.0
DOGULND1,2180.000000000999,1535,0.0
DNDPt9m,2180.000000000999,1536,0.0
DNDPt8m,2180.000000000999,1537,0.0
DNDPt7m,2180.000000000999,1538,0.0
DNDPt6m,2180.000000000999,1539,0.0
DNDPt63m,2180.000000000999,1540,0.0
DNDPt62m,2180.000000000999,1541,0.0
DNDPt61m,2180.000000000999,1542,0.0
DNDPt60m,2180.000000000999,1543,0.0
DOLPGT3_Uer,2180.000000000999,1544,0.0
DOLPGT3_Ler,2180.000000000999,1545,0.0
DOLPGT2_Uer,2180.000000000999,1546,0.0
DOLPGT2_Ler,2180.000000000999,1547,0.0
DOLPGT1_Uer,2180.000000000999,1548,0.0
DOLPGT1_Ler,2180.000000000999,1549,0.0
DOLMANP_Uter,2180.000000000999,1550,0.0
DOLMANP_Lter,2180.000000000999,1551,0.0
DOLK_U,2180.000000000999,1552,0.0
DOLK_L,2180.000000000999,1553,0.0
DOLICHOL_Uter,2180.000000000999,1554,0.0
DOLICHOL_Lter,2180.000000000999,1555,0.0
DOLGPP_Uer,2180.000000000999,1556,0.0
DOLGPP_Ler,2180.000000000999,1557,0.0
DOLGLCP_Uter,2180.000000000999,1558,0.0
DOLGLCP_Lter,2180.000000000999,1559,0.0
24_25VITD2Hm,2180.000000000999,1560,0.0
3HXKYNDCL,2180.000000000999,1561,0.0
3HPPD,2180.000000000999,1562,0.0
EX_leuktrA4_e,2180.000000000999,1563,0.0
3HPCOAHYD,2180.000000000999,1564,0.0
24_25DHVITD3tm,2180.000000000999,1565,0.0
24_25DHVITD3t,2180.000000000999,1566,0.0
24_25DHVITD2tm,2180.000000000999,1567,0.0
24_25DHVITD2t,2180.000000000999,1568,0.0
EX_lcts_e,2180.000000000999,1569,0.0
1a_25VITD3Hm,2180.000000000999,1570,0.0
3HKYNAKGAT,2180.000000000999,1571,0.0
3HCO3_NAt,2180.000000000999,1572,0.0
1a_25VITD2Hm,2180.000000000999,1573,0.0
DOLP_Uter,2180.000000000999,1574,0.0
DOLP_Lter,2180.000000000999,1575,0.0
DOLPMT_U,2180.000000000999,1576,0.0
DOLPMT_L,2180.000000000999,1577,0.0
DOLPMT4_Uer,2180.000000000999,1578,0.0
DOLPMT4_Ler,2180.000000000999,1579,0.0
DOLPMT3_Uer,2180.000000000999,1580,0.0
DOLPMT3_Ler,2180.000000000999,1581,0.0
DOLPMT2_Uer,2180.000000000999,1582,0.0
DOLPMT2_Ler,2180.000000000999,1583,0.0
DOLPMT1_Uer,2180.000000000999,1584,0.0
DOLPMT1_Ler,2180.000000000999,1585,0.0
DOLPH_Uer,2180.000000000999,1586,0.0
DOLPH_Ler,2180.000000000999,1587,0.0
GALASE5ly,2180.000000000999,1588,0.0
GALASE4ly,2180.000000000999,1589,0.0
GALASE3ly,2180.000000000999,1590,0.0
GALASE20ly,2180.000000000999,1591,0.0
GALASE1ly,2180.000000000999,1592,0.0
DPGM,2180.000000000999,1593,0.0
DPCOAtl,2180.000000000999,1594,0.0
DPCOAPP,2180.000000000999,1595,0.0
DPCOAK,2180.000000000999,1596,0.0
DORNOp,2180.000000000999,1597,0.0
DOPAt4_2_r,2180.000000000999,1598,0.0
DOPAVESSEC,2180.000000000999,1599,0.0
DOPASFt,2180.000000000999,1600,0.0
DOPAMT,2180.000000000999,1601,0.0
GALGT1,2180.000000000999,1602,0.0
GALGLUSIDEtl,2180.000000000999,1603,0.0
GALGLUSIDEtg,2180.000000000999,1604,0.0
GALGALGALTHCRMtg,2180.000000000999,1605,0.0
GALGALGALTHCRMte,2180.000000000999,1606,0.0
GALGALFUCFUCGALACGLCGALACGLCGAL14ACGLCGALGLUSIDEtg,2180.000000000999,1607,0.0
GALGALFUCFUCGALACGLCGALACGLCGAL14ACGLCGALGLUSIDEte,2180.000000000999,1608,0.0
GALFUCGALACGLCGAL14ACGLCGALGLUSIDEtg,2180.000000000999,1609,0.0
GALFUCGALACGLCGAL14ACGLCGALGLUSIDEte,2180.000000000999,1610,0.0
GALFUC12GAL14ACGLCGALGLUSIDEtg,2180.000000000999,1611,0.0
GALFUC12GAL14ACGLCGALGLUSIDEte,2180.000000000999,1612,0.0
GALC,2180.000000000999,1613,0.0
GALASE9ly,2180.000000000999,1614,0.0
GALASE8ly,2180.000000000999,1615,0.0
GALASE7ly,2180.000000000999,1616,0.0
GALASE6ly,2180.000000000999,1617,0.0
GALTg,2180.000000000999,1618,0.0
GALT2g,2180.000000000999,1619,0.0
GALT,2180.000000000999,1620,0.0
GALSIDEtl,2180.000000000999,1621,0.0
GALSIDEtg,2180.000000000999,1622,0.0
GALOR,2180.000000000999,1623,0.0
GALNACT5g,2180.000000000999,1624,0.0
GALNACT4g,2180.000000000999,1625,0.0
GALNACT3g,2180.000000000999,1626,0.0
GALNACT2g,2180.000000000999,1627,0.0
GALNACT1g,2180.000000000999,1628,0.0
GALGT4,2180.000000000999,1629,0.0
GALGT3,2180.000000000999,1630,0.0
GALGT2,2180.000000000999,1631,0.0
GASNASEly,2180.000000000999,1632,0.0
GASNASE3ly,2180.000000000999,1633,0.0
GASNASE2ly,2180.000000000999,1634,0.0
GARFT,2180.000000000999,1635,0.0
GAPD,2180.000000000999,1636,0.0
GAO2g,2180.000000000999,1637,0.0
GAO2,2180.000000000999,1638,0.0
GAO1g,2180.000000000999,1639,0.0
GAO1,2180.000000000999,1640,0.0
GAMt1r,2180.000000000999,1641,0.0
GAMYe,2180.000000000999,1642,0.0
GALtly,2180.000000000999,1643,0.0
GALt4,2180.000000000999,1644,0.0
GALt2_2,2180.000000000999,1645,0.0
1a_24_25VITD3Hm,2180.000000000999,1646,0.0
1a_24_25VITD2Hm,2180.000000000999,1647,0.0
1MNCAMti,2180.000000000999,1648,0.0
13DAMPPOX,2180.000000000999,1649,0.0
3HBCDm,2180.000000000999,1650,0.0
3HAO,2180.000000000999,1651,0.0
EX_lac__L_e,2180.000000000999,1652,0.0
3DPHBH2,2180.000000000999,1653,0.0
3DPHBH1,2180.000000000999,1654,0.0
11DOCRTSTRNtr,2180.000000000999,1655,0.0
11DOCRTSTRNtm,2180.000000000999,1656,0.0
11DOCRTSLtr,2180.000000000999,1657,0.0
FACOAL2042,2180.000000000999,1658,0.0
FACOAL204_copy1,2180.000000000999,1659,0.0
FACOAL203,2180.000000000999,1660,0.0
FACOAL191,2180.000000000999,1661,0.0
FACOAL1831,2180.000000000999,1662,0.0
GBSIDEtl,2180.000000000999,1663,0.0
GBSIDEte,2180.000000000999,1664,0.0
GBGT1,2180.000000000999,1665,0.0
GBAl,2180.000000000999,1666,0.0
GBA,2180.000000000999,1667,0.0
FACOAL40im,2180.000000000999,1668,0.0
FACOAL260,2180.000000000999,1669,0.0
FACOAL246_1,2180.000000000999,1670,0.0
FACOAL245_2,2180.000000000999,1671,0.0
FACOAL245_1,2180.000000000999,1672,0.0
FACOAL244_1,2180.000000000999,1673,0.0
FACOAL241,2180.000000000999,1674,0.0
FACOAL240,2180.000000000999,1675,0.0
FACOAL226_copy2,2180.000000000999,1676,0.0
FACOAL226_copy1,2180.000000000999,1677,0.0
FACOAL2252,2180.000000000999,1678,0.0
FACOAL2251,2180.000000000999,1679,0.0
FACOAL224,2180.000000000999,1680,0.0
FACOAL206,2180.000000000999,1681,0.0
FACOAL205,2180.000000000999,1682,0.0
FACOAL204_copy2,2180.000000000999,1683,0.0
FAOXC11,2180.000000000999,1684,0.0
FALDtly,2180.000000000999,1685,0.0
FALDH,2180.000000000999,1686,0.0
FAH3,2180.000000000999,1687,0.0
FAH2,2180.000000000999,1688,0.0
FAH1,2180.000000000999,1689,0.0
FAEL205,2180.000000000999,1690,0.0
FAEL204,2180.000000000999,1691,0.0
FAEL184,2180.000000000999,1692,0.0
FAEL183,2180.000000000999,1693,0.0
FADtx,2180.000000000999,1694,0.0
FADH2tx,2180.000000000999,1695,0.0
FADDP,2180.000000000999,1696,0.0
FACOAL80,2180.000000000999,1697,0.0
FAOXC183803m,2180.000000000999,1698,0.0
FAOXC18280m,2180.000000000999,1699,0.0
FAOXC182806m,2180.000000000999,1700,0.0
FAOXC1811603m,2180.000000000999,1701,0.0
FAOXC1811602m,2180.000000000999,1702,0.0
FAOXC1811601m,2180.000000000999,1703,0.0
FAOXC170m,2180.000000000999,1704,0.0
FAOXC16180m,2180.000000000999,1705,0.0
FAOXC161802m,2180.000000000999,1706,0.0
FAOXC16080x,2180.000000000999,1707,0.0
FAOXC160,2180.000000000999,1708,0.0
FAOXC150m,2180.000000000999,1709,0.0
FAOXC140,2180.000000000999,1710,0.0
FAOXC2252053m,2180.000000000999,1711,0.0
FAOXC2251836x,2180.000000000999,1712,0.0
FAOXC2251836m,2180.000000000999,1713,0.0
FAOXC2242046x,2180.000000000999,1714,0.0
FAOXC2242046m,2180.000000000999,1715,0.0
FAOXC2051843x,2180.000000000999,1716,0.0
FAOXC2051843m,2180.000000000999,1717,0.0
FAOXC204184m,2180.000000000999,1718,0.0
FAOXC204,2180.000000000999,1719,0.0
FAOXC2031836m,2180.000000000999,1720,0.0
FAOXC18480x,2180.000000000999,1721,0.0
FAOXC18480m,2180.000000000999,1722,0.0
FAOXC183806x,2180.000000000999,1723,0.0
FAS140COA,2180.000000000999,1724,0.0
FAS120COA,2180.000000000999,1725,0.0
FAS100COA,2180.000000000999,1726,0.0
FAOXC260240x,2180.000000000999,1727,0.0
FAOXC246226x,2180.000000000999,1728,0.0
FAOXC2452256x,2180.000000000999,1729,0.0
FAOXC2452253x,2180.000000000999,1730,0.0
FT,2180.000000000999,1731,0.0
FAOXC2442246x,2180.000000000999,1732,0.0
FAOXC241181x,2180.000000000999,1733,0.0
FAOXC240200x,2180.000000000999,1734,0.0
FAOXC226205x,2180.000000000999,1735,0.0
FAOXC226205m,2180.000000000999,1736,0.0
FAOXC226,2180.000000000999,1737,0.0
FAOXC2252053x,2180.000000000999,1738,0.0
11DOCRTSLtm,2180.000000000999,1739,0.0
35CGMPtn,2180.000000000999,1740,0.0
10FTHFtm,2180.000000000999,1741,0.0
10FTHFtl,2180.000000000999,1742,0.0
10FTHF7GLUtm,2180.000000000999,1743,0.0
EX_ksii_core4_e,2180.000000000999,1744,0.0
34HPLFM,2180.000000000999,1745,0.0
10FTHF7GLUtl,2180.000000000999,1746,0.0
10FTHF6GLUtm,2180.000000000999,1747,0.0
34DHXMANDACOX_NADP,2180.000000000999,1748,0.0
34DHXMANDACOX,2180.000000000999,1749,0.0
34DHPLACOX_NADP,2180.000000000999,1750,0.0
FBA5,2180.000000000999,1751,0.0
FBA4,2180.000000000999,1752,0.0
FBA,2180.000000000999,1753,0.0
FATP9t,2180.000000000999,1754,0.0
FATP8t,2180.000000000999,1755,0.0
FATP7t,2180.000000000999,1756,0.0
FATP6t,2180.000000000999,1757,0.0
FATP5t,2180.000000000999,1758,0.0
FATP3t,2180.000000000999,1759,0.0
FATP2t,2180.000000000999,1760,0.0
FATP1t,2180.000000000999,1761,0.0
FAS80COA_L,2180.000000000999,1762,0.0
FAS180COA,2180.000000000999,1763,0.0
FAS160COA,2180.000000000999,1764,0.0
FORtm,2180.000000000999,1765,0.0
FORMCOAtx,2180.000000000999,1766,0.0
FMNAT,2180.000000000999,1767,0.0
FKYNH,2180.000000000999,1768,0.0
FK,2180.000000000999,1769,0.0
FE3R2e,2180.000000000999,1770,0.0
FE2tm,2180.000000000999,1771,0.0
FE2t,2180.000000000999,1772,0.0
FCOAH,2180.000000000999,1773,0.0
FCLTm,2180.000000000999,1774,0.0
FBP26,2180.000000000999,1775,0.0
FBP,2180.000000000999,1776,0.0
FPGS8m,2180.000000000999,1777,0.0
FPGS8,2180.000000000999,1778,0.0
FPGS7m,2180.000000000999,1779,0.0
FPGS7,2180.000000000999,1780,0.0
FPGS6m,2180.000000000999,1781,0.0
FPGS6,2180.000000000999,1782,0.0
FPGS5m,2180.000000000999,1783,0.0
FPGS5,2180.000000000999,1784,0.0
FPGS4m,2180.000000000999,1785,0.0
FPGS4,2180.000000000999,1786,0.0
FPGS3m,2180.000000000999,1787,0.0
FPGS3,2180.000000000999,1788,0.0
FPGS2m,2180.000000000999,1789,0.0
FPGS2,2180.000000000999,1790,0.0
FPGS,2180.000000000999,1791,0.0
FORtrn,2180.000000000999,1792,0.0
FUC14GALACGLCGALGLUSIDEtg,2180.000000000999,1793,0.0
FUC14GALACGLCGALGLUSIDEte,2180.000000000999,1794,0.0
FUC13GALACGLCGAL14ACGLCGALGLUSIDEtg,2180.000000000999,1795,0.0
FUC13GALACGLCGAL14ACGLCGALGLUSIDEte,2180.000000000999,1796,0.0
FTHFLmi,2180.000000000999,1797,0.0
FTHFLi,2180.000000000999,1798,0.0
FTHFCL,2180.000000000999,1799,0.0
FTCD,2180.000000000999,1800,0.0
FRTT,2180.000000000999,1801,0.0
FRDPtc,2180.000000000999,1802,0.0
FPGSm,2180.000000000999,1803,0.0
FPGS9m,2180.000000000999,1804,0.0
FPGS9,2180.000000000999,1805,0.0
FUCFUCFUCGALACGLC13GALACGLCGAL14ACGLCGALGLUSIDEtg,2180.000000000999,1806,0.0
FUCFUCFUCGALACGLC13GALACGLCGAL14ACGLCGALGLUSIDEte,2180.000000000999,1807,0.0
FUCFUC132GALACGLCGAL14ACGLCGALGLUSIDEtg,2180.000000000999,1808,0.0
FUCFUC132GALACGLCGAL14ACGLCGALGLUSIDEte,2180.000000000999,1809,0.0
FUCFUC12GAL14ACGLCGALGLUSIDEtg,2180.000000000999,1810,0.0
FUCFUC12GAL14ACGLCGALGLUSIDEte,2180.000000000999,1811,0.0
FUCASEly,2180.000000000999,1812,0.0
FUCASEe,2180.000000000999,1813,0.0
FUCASE2ly,2180.000000000999,1814,0.0
FUCASE2e,2180.000000000999,1815,0.0
FUCACNGALACGLCGALGLUSIDEtg,2180.000000000999,1816,0.0
FUCACNGALACGLCGALGLUSIDEte,2180.000000000999,1817,0.0
FUCACNGAL14ACGLCGALGLUSIDEtg,2180.000000000999,1818,0.0
FUCACNGAL14ACGLCGALGLUSIDEte,2180.000000000999,1819,0.0
FUCACGALFUCGALACGLCGALGLUSIDEtg,2180.000000000999,1820,0.0
FUCACGALFUCGALACGLCGALGLUSIDEte,2180.000000000999,1821,0.0
FUMSO4tm,2180.000000000999,1822,0.0
FUCtly,2180.000000000999,1823,0.0
FUCGALGBSIDEtg,2180.000000000999,1824,0.0
FUCGALGBSIDEte,2180.000000000999,1825,0.0
FUCGALFUCGALACGLCGALGLUSIDEtg,2180.000000000999,1826,0.0
FUCGALFUCGALACGLCGALGLUSIDEte,2180.000000000999,1827,0.0
FUCGAL14ACGLCGALGLUSIDEtg,2180.000000000999,1828,0.0
FUCGAL14ACGLCGALGLUSIDEte,2180.000000000999,1829,0.0
FUCFUCGALACGLCGALGLUSIDEtg,2180.000000000999,1830,0.0
FUCFUCGALACGLCGALGLUSIDEte,2180.000000000999,1831,0.0
FUCFUCFUCGALACGLCGAL14ACGLCGALGLUSIDEtg,2180.000000000999,1832,0.0
FUCFUCFUCGALACGLCGAL14ACGLCGALGLUSIDEte,2180.000000000999,1833,0.0
EX_ksii_core2_e,2180.000000000999,1834,0.0
34DHALDD,2180.000000000999,1835,0.0
10FTHF6GLUtl,2180.000000000999,1836,0.0
EX_ksi_deg1_e,2180.000000000999,1837,0.0
10FTHF5GLUtm,2180.000000000999,1838,0.0
10FTHF5GLUtl,2180.000000000999,1839,0.0
34DHPHAMT,2180.000000000999,1840,0.0
34DHOXPEGt,2180.000000000999,1841,0.0
SK_pre_prot_r,2180.000000000999,1842,0.0
SK_citr__L_c,2180.000000000999,1843,0.0
EX_yvite_e,2180.000000000999,1844,0.0
EX_ksi_e,2180.000000000999,1845,0.0
FUT95g,2180.000000000999,1846,0.0
FUT94g,2180.000000000999,1847,0.0
FUT93g,2180.000000000999,1848,0.0
FUT92g,2180.000000000999,1849,0.0
FUT91g,2180.000000000999,1850,0.0
FUT911g,2180.000000000999,1851,0.0
FUT910g,2180.000000000999,1852,0.0
FUT18g,2180.000000000999,1853,0.0
FUT17g,2180.000000000999,1854,0.0
FUT16g,2180.000000000999,1855,0.0
FUT15g,2180.000000000999,1856,0.0
FUT14g,2180.000000000999,1857,0.0
FUT12g,2180.000000000999,1858,0.0
FUT11g,2180.000000000999,1859,0.0
G14T15g,2180.000000000999,1860,0.0
G14T14g,2180.000000000999,1861,0.0
G14T13g,2180.000000000999,1862,0.0
G14T12g,2180.000000000999,1863,0.0
G14T11g,2180.000000000999,1864,0.0
G14T10g,2180.000000000999,1865,0.0
G13MT_U,2180.000000000999,1866,0.0
G13MT_L,2180.000000000999,1867,0.0
G12MT2_U,2180.000000000999,1868,0.0
G12MT2_L,2180.000000000999,1869,0.0
G12MT1_U,2180.000000000999,1870,0.0
G12MT1_L,2180.000000000999,1871,0.0
FUT99g,2180.000000000999,1872,0.0
FUT98g,2180.000000000999,1873,0.0
FUT97g,2180.000000000999,1874,0.0
FUT96g,2180.000000000999,1875,0.0
G16MT_L,2180.000000000999,1876,0.0
G14Tg,2180.000000000999,1877,0.0
G14T9g,2180.000000000999,1878,0.0
G14T8g,2180.000000000999,1879,0.0
G14T7g,2180.000000000999,1880,0.0
G14T6g,2180.000000000999,1881,0.0
G14T5g,2180.000000000999,1882,0.0
G14T4g,2180.000000000999,1883,0.0
G14T3g,2180.000000000999,1884,0.0
G14T2g,2180.000000000999,1885,0.0
G14T21g,2180.000000000999,1886,0.0
G14T20g,2180.000000000999,1887,0.0
G14T19g,2180.000000000999,1888,0.0
G14T18g,2180.000000000999,1889,0.0
G14T17g,2180.000000000999,1890,0.0
G14T16g,2180.000000000999,1891,0.0
G6PDH1er_copy2,2180.000000000999,1892,0.0
G6PDH1er_copy1,2180.000000000999,1893,0.0
G6PDA,2180.000000000999,1894,0.0
G5SDym,2180.000000000999,1895,0.0
G5SADs,2180.000000000999,1896,0.0
G3M8MASNterg,2180.000000000999,1897,0.0
G2M8MASNterg,2180.000000000999,1898,0.0
G1PTT,2180.000000000999,1899,0.0
G1M8MASNterg,2180.000000000999,1900,0.0
G1M7MASNCterg,2180.000000000999,1901,0.0
G1M7MASNBterg,2180.000000000999,1902,0.0
G1M6MASNB1terg,2180.000000000999,1903,0.0
G16MT_U,2180.000000000999,1904,0.0
GALASE14ly,2180.000000000999,1905,0.0
GALASE13ly,2180.000000000999,1906,0.0
GALASE12ly,2180.000000000999,1907,0.0
GALASE11ly,2180.000000000999,1908,0.0
GALASE10ly,2180.000000000999,1909,0.0
GALACGLCGALGBSIDEtg,2180.000000000999,1910,0.0
GALACGLCGALGBSIDEte,2180.000000000999,1911,0.0
GAL3ST12,2180.000000000999,1912,0.0
GAL3ST11,2180.000000000999,1913,0.0
GACPAILter,2180.000000000999,1914,0.0
GACMTRc,2180.000000000999,1915,0.0
GABAVESSEC,2180.000000000999,1916,0.0
G6Pter,2180.000000000999,1917,0.0
G6PPer,2180.000000000999,1918,0.0
G6PDH2er,2180.000000000999,1919,0.0
G6PDH2r,2180.000000000999,1920,0.0
GLCAT8g,2180.000000000999,1921,0.0
GLCAT7g,2180.000000000999,1922,0.0
GLCAT6g,2180.000000000999,1923,0.0
GLCAT5g,2180.000000000999,1924,0.0
GLCAT4g,2180.000000000999,1925,0.0
GLCAT3g,2180.000000000999,1926,0.0
GLCAT2g,2180.000000000999,1927,0.0
GLCAE2g,2180.000000000999,1928,0.0
GLCAE1g,2180.000000000999,1929,0.0
GLCAASE9ly,2180.000000000999,1930,0.0
GLCAASE8ly,2180.000000000999,1931,0.0
GALASE19ly,2180.000000000999,1932,0.0
GALASE18ly,2180.000000000999,1933,0.0
GALASE17ly,2180.000000000999,1934,0.0
GALASE16ly,2180.000000000999,1935,0.0
GALASE15ly,2180.000000000999,1936,0.0
GLCNACT5g,2180.000000000999,1937,0.0
GLCNACT4g,2180.000000000999,1938,0.0
GLCNACT3g,2180.000000000999,1939,0.0
GLCNACT2g,2180.000000000999,1940,0.0
GLCNACT1g,2180.000000000999,1941,0.0
GLCNACPT_U,2180.000000000999,1942,0.0
GLCNACPT_L,2180.000000000999,1943,0.0
GLCNACDASg,2180.000000000999,1944,0.0
GLCNACASE5ly,2180.000000000999,1945,0.0
GLCNACASE4ly,2180.000000000999,1946,0.0
GLCNACASE3ly,2180.000000000999,1947,0.0
GLCNACASE2ly,2180.000000000999,1948,0.0
GLCNACASE1ly,2180.000000000999,1949,0.0
GLCATg,2180.000000000999,1950,0.0
GLCAT9g,2180.000000000999,1951,0.0
GLNCYSNaEx,2180.000000000999,1952,0.0
GLNASNNaEx,2180.000000000999,1953,0.0
GLCtly,2180.000000000999,1954,0.0
GLCtg,2180.000000000999,1955,0.0
GLCURtly,2180.000000000999,1956,0.0
GLCURter,2180.000000000999,1957,0.0
GLCNACT_U,2180.000000000999,1958,0.0
GLCNACT_L,2180.000000000999,1959,0.0
EX_xyl__D_e,2180.000000000999,1960,0.0
EX_k_e,2180.000000000999,1961,0.0
EX_xoltri27_e,2180.000000000999,1962,0.0
EX_xoltri25_e,2180.000000000999,1963,0.0
EX_ins_e,2180.000000000999,1964,0.0
2HBt2,2180.000000000999,1965,0.0
EX_xoltri24_e,2180.000000000999,1966,0.0
EX_xolest_hs_e,2180.000000000999,1967,0.0
EX_inost_e,2180.000000000999,1968,0.0
EX_xolest2_hs_e,2180.000000000999,1969,0.0
EX_imp_e,2180.000000000999,1970,0.0
EX_whttdca_e,2180.000000000999,1971,0.0
EX_whtststerone_e,2180.000000000999,1972,0.0
EX_whhdca_e,2180.000000000999,1973,0.0
GCC2am,2180.000000000999,1974,0.0
GCALDDm,2180.000000000999,1975,0.0
GCALDD,2180.000000000999,1976,0.0
LEUKTRB4t,2180.000000000999,1977,0.0
GLUCYS,2180.000000000999,1978,0.0
GLU5Km,2180.000000000999,1979,0.0
GLNtm,2180.000000000999,1980,0.0
GLNt4,2180.000000000999,1981,0.0
GLNTHRNaEx,2180.000000000999,1982,0.0
GLNSERNaEx,2180.000000000999,1983,0.0
GLNS,2180.000000000999,1984,0.0
GDCHOLAtx,2180.000000000999,1985,0.0
GDCHOLAte,2180.000000000999,1986,0.0
GD1Ctg,2180.000000000999,1987,0.0
GD1Cte,2180.000000000999,1988,0.0
GD1B2tg,2180.000000000999,1989,0.0
GD1B2te,2180.000000000999,1990,0.0
GCNTg,2180.000000000999,1991,0.0
GCHOLAtx,2180.000000000999,1992,0.0
GCHOLAte,2180.000000000999,1993,0.0
GCHOLAt3,2180.000000000999,1994,0.0
GCHOLAt2,2180.000000000999,1995,0.0
GCCcm,2180.000000000999,1996,0.0
GCCbim,2180.000000000999,1997,0.0
GCCam,2180.000000000999,1998,0.0
GCC2cm,2180.000000000999,1999,0.0
GCC2bim,2180.000000000999,2000,0.0
GGH_6DHFl,2180.000000000999,2001,0.0
GGH_6DHFe,2180.000000000999,2002,0.0
GGH_5THFl,2180.000000000999,2003,0.0
GGH_5THFe,2180.000000000999,2004,0.0
GGH_5DHFl,2180.000000000999,2005,0.0
GGH_5DHFe,2180.000000000999,2006,0.0
GGH_10FTHF7GLUl,2180.000000000999,2007,0.0
GGH_10FTHF7GLUe,2180.000000000999,2008,0.0
GGH_10FTHF6GLUl,2180.000000000999,2009,0.0
GGH_10FTHF6GLUe,2180.000000000999,2010,0.0
GGH_10FTHF5GLUl,2180.000000000999,2011,0.0
GGH_10FTHF5GLUe,2180.000000000999,2012,0.0
GFUCS,2180.000000000999,2013,0.0
GF6PTA,2180.000000000999,2014,0.0
GDPtg,2180.000000000999,2015,0.0
GDPFUCtg,2180.000000000999,2016,0.0
GHMT3m,2180.000000000999,2017,0.0
GHMT3,2180.000000000999,2018,0.0
GHMT2rm,2180.000000000999,2019,0.0
GGT_U,2180.000000000999,2020,0.0
GGT_L,2180.000000000999,2021,0.0
GGT6,2180.000000000999,2022,0.0
GGT5r,2180.000000000999,2023,0.0
GGLUCT,2180.000000000999,2024,0.0
GGH_7THFl,2180.000000000999,2025,0.0
GGH_7THFe,2180.000000000999,2026,0.0
GGH_7DHFl,2180.000000000999,2027,0.0
GGH_7DHFe,2180.000000000999,2028,0.0
GGH_6THFl,2180.000000000999,2029,0.0
GGH_6THFe,2180.000000000999,2030,0.0
EX_whddca_e,2180.000000000999,2031,0.0
EX_vitd3_e,2180.000000000999,2032,0.0
EX_idp_e,2180.000000000999,2033,0.0
EX_vitd2_e,2180.000000000999,2034,0.0
EX_thmtp_e,2180.000000000999,2035,0.0
EX_thmmp_e,2180.000000000999,2036,0.0
EX_utp_e,2180.000000000999,2037,0.0
EX_uri_e,2180.000000000999,2038,0.0
EX_urate_e,2180.000000000999,2039,0.0
EX_thm_e,2180.000000000999,2040,0.0
GLCAASE7ly,2180.000000000999,2041,0.0
GLCAASE6ly,2180.000000000999,2042,0.0
GLCAASE5ly,2180.000000000999,2043,0.0
GLCAASE4ly,2180.000000000999,2044,0.0
GLCAASE1ly,2180.000000000999,2045,0.0
GLB1,2180.000000000999,2046,0.0
GLAl,2180.000000000999,2047,0.0
GLACOm,2180.000000000999,2048,0.0
GLACO,2180.000000000999,2049,0.0
GK1m,2180.000000000999,2050,0.0
GLYCTO1p,2180.000000000999,2051,0.0
GLYCLTtp,2180.000000000999,2052,0.0
GLYCLTDym,2180.000000000999,2053,0.0
GLYCLTDy,2180.000000000999,2054,0.0
GLYCK2,2180.000000000999,2055,0.0
GLYC3Ptm,2180.000000000999,2056,0.0
GLYC_St,2180.000000000999,2057,0.0
GLYBtm,2180.000000000999,2058,0.0
GLYBt4_2_r,2180.000000000999,2059,0.0
GLYAMDTRc,2180.000000000999,2060,0.0
GLXtp,2180.000000000999,2061,0.0
GLXtm,2180.000000000999,2062,0.0
GLXO2p,2180.000000000999,2063,0.0
GLUtr,2180.000000000999,2064,0.0
GLUt7l,2180.000000000999,2065,0.0
GMAND,2180.000000000999,2066,0.0
GLYtp,2180.000000000999,2067,0.0
GLYt7_311_r,2180.000000000999,2068,0.0
GLYt2rL,2180.000000000999,2069,0.0
GLYVESSEC,2180.000000000999,2070,0.0
GLYOp,2180.000000000999,2071,0.0
GLYOXm,2180.000000000999,2072,0.0
GLYOX,2180.000000000999,2073,0.0
GLYKm,2180.000000000999,2074,0.0
GLYCtm,2180.000000000999,2075,0.0
GPIDA2er,2180.000000000999,2076,0.0
GPIAT,2180.000000000999,2077,0.0
GPDDA1,2180.000000000999,2078,0.0
GPAMm_hs,2180.000000000999,2079,0.0
GP1Ctg,2180.000000000999,2080,0.0
GP1Cte,2180.000000000999,2081,0.0
GP1CALPHAtg,2180.000000000999,2082,0.0
GP1CALPHAte,2180.000000000999,2083,0.0
GNMT,2180.000000000999,2084,0.0
GNDer,2180.000000000999,2085,0.0
GND,2180.000000000999,2086,0.0
GMPtn,2180.000000000999,2087,0.0
GMPtg,2180.000000000999,2088,0.0
GMPS2,2180.000000000999,2089,0.0
GMPR,2180.000000000999,2090,0.0
GLUNm,2180.000000000999,2091,0.0
GSNtl,2180.000000000999,2092,0.0
GSNt5,2180.000000000999,2093,0.0
GSNt4,2180.000000000999,2094,0.0
GSNt,2180.000000000999,2095,0.0
GSNKm,2180.000000000999,2096,0.0
GRTT,2180.000000000999,2097,0.0
GQ1Btg,2180.000000000999,2098,0.0
GQ1Bte,2180.000000000999,2099,0.0
GQ1BALPHAtg,2180.000000000999,2100,0.0
GQ1BALPHAte,2180.000000000999,2101,0.0
GPIMTer_U,2180.000000000999,2102,0.0
GPIMTer_L,2180.000000000999,2103,0.0
GPIDAer,2180.000000000999,2104,0.0
EX_thf_e,2180.000000000999,2105,0.0
EX_tettet6_e,2180.000000000999,2106,0.0
EX_tetpent6_e,2180.000000000999,2107,0.0
EX_tetpent3_e,2180.000000000999,2108,0.0
EX_hxan_e,2180.000000000999,2109,0.0
EX_ump_e,2180.000000000999,2110,0.0
EX_tethex3_e,2180.000000000999,2111,0.0
EX_htaxol_e,2180.000000000999,2112,0.0
EX_tdchola_e,2180.000000000999,2113,0.0
EX_tcynt_e,2180.000000000999,2114,0.0
EX_udp_e,2180.000000000999,2115,0.0
EX_tymsf_e,2180.000000000999,2116,0.0
EX_tchola_e,2180.000000000999,2117,0.0
EX_taxol_e,2180.000000000999,2118,0.0
GUAD,2180.000000000999,2119,0.0
GUACYC,2180.000000000999,2120,0.0
GTPtn,2180.000000000999,2121,0.0
GTPCIn,2180.000000000999,2122,0.0
GTPCI,2180.000000000999,2123,0.0
GTMLTe,2180.000000000999,2124,0.0
GTHS,2180.000000000999,2125,0.0
GTHRDtr,2180.000000000999,2126,0.0
GTHRDt,2180.000000000999,2127,0.0
GTHPe,2180.000000000999,2128,0.0
GTHPi,2180.000000000999,2129,0.0
GLUPRT,2180.000000000999,2130,0.0
H2O2tly,2180.000000000999,2131,0.0
H2MTer_U,2180.000000000999,2132,0.0
H2MTer_L,2180.000000000999,2133,0.0
H2ETer,2180.000000000999,2134,0.0
GluForTx,2180.000000000999,2135,0.0
GUR1PP,2180.000000000999,2136,0.0
EX_hspg_e,2180.000000000999,2137,0.0
EX_taur_e,2180.000000000999,2138,0.0
EX_txa2_e,2180.000000000999,2139,0.0
EX_tag__D_e,2180.000000000999,2140,0.0
EX_hpdca_e,2180.000000000999,2141,0.0
EX_tag_hs_e,2180.000000000999,2142,0.0
EX_tsul_e,2180.000000000999,2143,0.0
EX_hom__L_e,2180.000000000999,2144,0.0
EX_tststerones_e,2180.000000000999,2145,0.0
EX_sucr_e,2180.000000000999,2146,0.0
EX_tststeroneglc_e,2180.000000000999,2147,0.0
EX_tststerone_e,2180.000000000999,2148,0.0
EX_hista_e,2180.000000000999,2149,0.0
GT1Atg,2180.000000000999,2150,0.0
GT1Ate,2180.000000000999,2151,0.0
GSNtm,2180.000000000999,2152,0.0
H3MTer_U,2180.000000000999,2153,0.0
H3MTer_L,2180.000000000999,2154,0.0
H3ETer,2180.000000000999,2155,0.0
H2Otn,2180.000000000999,2156,0.0
H2Otly,2180.000000000999,2157,0.0
H2Otg,2180.000000000999,2158,0.0
H2O2tn,2180.000000000999,2159,0.0
H4ET3er,2180.000000000999,2160,0.0
HCO3_NAt,2180.000000000999,2161,0.0
HBZOPT10m,2180.000000000999,2162,0.0
HAtly,2180.000000000999,2163,0.0
HAS2,2180.000000000999,2164,0.0
HAS1,2180.000000000999,2165,0.0
HACD1x,2180.000000000999,2166,0.0
H8TAer,2180.000000000999,2167,0.0
H8MTer_U,2180.000000000999,2168,0.0
H8MTer_L,2180.000000000999,2169,0.0
GTHOr,2180.000000000999,2170,0.0
GTHDH,2180.000000000999,2171,0.0
H7MTer_U,2180.000000000999,2172,0.0
H7MTer_L,2180.000000000999,2173,0.0
H7ET2er,2180.000000000999,2174,0.0
H7_TAer,2180.000000000999,2175,0.0
AK2LGCHOLt,2180.000000000999,2176,0.0
H7_ETer,2180.000000000999,2177,0.0
HDCAter,2180.000000000999,2178,0.0
HCOUMARINte,2180.000000000999,2179,0.0
H6MTer_U,2180.000000000999,2180,0.0
H6MTer_L,2180.000000000999,2181,0.0
H6ET3er,2180.000000000999,2182,0.0
H6_ETer,2180.000000000999,2183,0.0
H6_ET2er,2180.000000000999,2184,0.0
H5MTer_U,2180.000000000999,2185,0.0
H5MTer_L,2180.000000000999,2186,0.0
H4ETer,2180.000000000999,2187,0.0
EX_strch2_e,2180.000000000999,2188,0.0
EX_strch1_e,2180.000000000999,2189,0.0
EX_triodthysuf_e,2180.000000000999,2190,0.0
EX_tre_e,2180.000000000999,2191,0.0
EX_tolbutamide_e,2180.000000000999,2192,0.0
EX_sphs1p_e,2180.000000000999,2193,0.0
EX_sph1p_e,2180.000000000999,2194,0.0
EX_spc_hs_e,2180.000000000999,2195,0.0
EX_tmndnc_e,2180.000000000999,2196,0.0
EX_thyox__L_e,2180.000000000999,2197,0.0
EX_sl__L_e,2180.000000000999,2198,0.0
HS1ly,2180.000000000999,2199,0.0
HRETNtn,2180.000000000999,2200,0.0
HEXCCOAtx,2180.000000000999,2201,0.0
HEX4,2180.000000000999,2202,0.0
HEX10,2180.000000000999,2203,0.0
HPYRtp,2180.000000000999,2204,0.0
HPYRRy,2180.000000000999,2205,0.0
HPYRR2x,2180.000000000999,2206,0.0
HESTRATRIOLtr,2180.000000000999,2207,0.0
HESTRATRIOLte,2180.000000000999,2208,0.0
HDD2COAtx,2180.000000000999,2209,0.0
AKGtp,2180.000000000999,2210,0.0
HISDr,2180.000000000999,2211,0.0
HSAT3ly,2180.000000000999,2212,0.0
HSAT2ly,2180.000000000999,2213,0.0
HSAT1ly,2180.000000000999,2214,0.0
HS4ly,2180.000000000999,2215,0.0
HS3ly,2180.000000000999,2216,0.0
HEXCt,2180.000000000999,2217,0.0
HS2ly,2180.000000000999,2218,0.0
HEXCCRNt,2180.000000000999,2219,0.0
HEXCCPT2,2180.000000000999,2220,0.0
HEXCCPT1,2180.000000000999,2221,0.0
EX_hexc_e,2180.000000000999,2222,0.0
EX_ser__D_e,2180.000000000999,2223,0.0
EX_hestratriol_e,2180.000000000999,2224,0.0
EX_sel_e,2180.000000000999,2225,0.0
EX_sarcs_e,2180.000000000999,2226,0.0
EX_s2l2n2m2masn_e,2180.000000000999,2227,0.0
EX_s2l2fn2m2masn_e,2180.000000000999,2228,0.0
EX_gp1calpha_hs_e,2180.000000000999,2229,0.0
EX_gp1c_hs_e,2180.000000000999,2230,0.0
EX_gmp_e,2180.000000000999,2231,0.0
EX_glygn5_e,2180.000000000999,2232,0.0
EX_hcoumarin_e,2180.000000000999,2233,0.0
HSD17B4x,2180.000000000999,2234,0.0
AKR1C1,2180.000000000999,2235,0.0
HSD17B42x,2180.000000000999,2236,0.0
HISt4,2180.000000000999,2237,0.0
HISTAtu,2180.000000000999,2238,0.0
HISTAVESSEC,2180.000000000999,2239,0.0
HSD17B3r,2180.000000000999,2240,0.0
HSD17B2r,2180.000000000999,2241,0.0
HSAT4ly,2180.000000000999,2242,0.0
HISTASE,2180.000000000999,2243,0.0
HISDC,2180.000000000999,2244,0.0
AKR1D2,2180.000000000999,2245,0.0
HSD3B11,2180.000000000999,2246,0.0
HSD3A2r,2180.000000000999,2247,0.0
HMGCOAS,2180.000000000999,2248,0.0
AKR1D,2180.000000000999,2249,0.0
HSD3A1r,2180.000000000999,2250,0.0
AKR1C42,2180.000000000999,2251,0.0
HMGCOARr,2180.000000000999,2252,0.0
HMBS,2180.000000000999,2253,0.0
HSD17B9r,2180.000000000999,2254,0.0
AKR1C41,2180.000000000999,2255,0.0
HSD17B7r,2180.000000000999,2256,0.0
HKt,2180.000000000999,2257,0.0
HKYNH,2180.000000000999,2258,0.0
HOXG,2180.000000000999,2259,0.0
ALAASNNaEx,2180.000000000999,2260,0.0
HSD3B7P,2180.000000000999,2261,0.0
HSD3B7,2180.000000000999,2262,0.0
HSD3B3r,2180.000000000999,2263,0.0
HSD3B2r,2180.000000000999,2264,0.0
HSD3B13r,2180.000000000999,2265,0.0
HSD3B13,2180.000000000999,2266,0.0
HOMt4,2180.000000000999,2267,0.0
HMGLm,2180.000000000999,2268,0.0
HSD3B12r,2180.000000000999,2269,0.0
HSD3B11r,2180.000000000999,2270,0.0
HPROxm,2180.000000000999,2271,0.0
HXPRT,2180.000000000999,2272,0.0
HXANtx,2180.000000000999,2273,0.0
HXANtl,2180.000000000999,2274,0.0
HTAXOLte,2180.000000000999,2275,0.0
HSPGtly,2180.000000000999,2276,0.0
HPDCAt,2180.000000000999,2277,0.0
HPDCACRNt,2180.000000000999,2278,0.0
ALACYSNaEx,2180.000000000999,2279,0.0
HPDCACRNCPT2,2180.000000000999,2280,0.0
HSPGt,2180.000000000999,2281,0.0
HSPASEly,2180.000000000999,2282,0.0
HPDCACRNCPT1,2180.000000000999,2283,0.0
HPCLx,2180.000000000999,2284,0.0
HPACtr,2180.000000000999,2285,0.0
Htm,2180.000000000999,2286,0.0
Htg,2180.000000000999,2287,0.0
INSKm,2180.000000000999,2288,0.0
INOSTO,2180.000000000999,2289,0.0
IMPD,2180.000000000999,2290,0.0
IMPC,2180.000000000999,2291,0.0
IMACTD_m,2180.000000000999,2292,0.0
HYXNt,2180.000000000999,2293,0.0
ALAGLNNaEx,2180.000000000999,2294,0.0
HYPTROX,2180.000000000999,2295,0.0
HYPOE,2180.000000000999,2296,0.0
HPYRDCm,2180.000000000999,2297,0.0
HPYRDC,2180.000000000999,2298,0.0
EX_ribflv_e,2180.000000000999,2299,0.0
EX_glygn4_e,2180.000000000999,2300,0.0
EX_glygn2_e,2180.000000000999,2301,0.0
EX_glyc__S_e,2180.000000000999,2302,0.0
EX_glyb_e,2180.000000000999,2303,0.0
EX_gluala_e,2180.000000000999,2304,0.0
EX_retpalm_SPACE_deleted_SPACE_10_09_2005_SPACE_SPACE_06_COLON_18_COLON_49_SPACE_PM_e,2180.000000000999,2305,0.0
EX_retnglc_e,2180.000000000999,2306,0.0
EX_retn_e,2180.000000000999,2307,0.0
EX_retinol_cis_11_e,2180.000000000999,2308,0.0
EX_retinol_9_cis_e,2180.000000000999,2309,0.0
INStl,2180.000000000999,2310,0.0
ICDHyp,2180.000000000999,2311,0.0
INSt5,2180.000000000999,2312,0.0
INSt4,2180.000000000999,2313,0.0
INSt,2180.000000000999,2314,0.0
INSTt4_2,2180.000000000999,2315,0.0
INSTt4,2180.000000000999,2316,0.0
INSTt2,2180.000000000999,2317,0.0
ICDHyr,2180.000000000999,2318,0.0
ICDHxm,2180.000000000999,2319,0.0
ITPtn,2180.000000000999,2320,0.0
ITCOALm,2180.000000000999,2321,0.0
IDPtn,2180.000000000999,2322,0.0
IDOURtly,2180.000000000999,2323,0.0
IDOAASE4ly,2180.000000000999,2324,0.0
IDOAASE3ly,2180.000000000999,2325,0.0
IDOAASE2ly,2180.000000000999,2326,0.0
ITCOAL1m,2180.000000000999,2327,0.0
ALASERNaEx,2180.000000000999,2328,0.0
IPDPtx,2180.000000000999,2329,0.0
IDOAASE1ly,2180.000000000999,2330,0.0
IPDPtr,2180.000000000999,2331,0.0
INStm,2180.000000000999,2332,0.0
IDHPOXOX4,2180.000000000999,2333,0.0
EX_retinol_e,2180.000000000999,2334,0.0
EX_gdp_e,2180.000000000999,2335,0.0
EX_gdchola_e,2180.000000000999,2336,0.0
EX_ha_pre1_e,2180.000000000999,2337,0.0
EX_gd1c_hs_e,2180.000000000999,2338,0.0
EX_retfa_e,2180.000000000999,2339,0.0
EX_rbt_e,2180.000000000999,2340,0.0
EX_gd1b2_hs_e,2180.000000000999,2341,0.0
EX_gchola_e,2180.000000000999,2342,0.0
EX_gbside_hs_e,2180.000000000999,2343,0.0
EX_ha_e,2180.000000000999,2344,0.0
EX_gam_e,2180.000000000999,2345,0.0
EX_galgalgalthcrm_hs_e,2180.000000000999,2346,0.0
KHK2,2180.000000000999,2347,0.0
ALATHRNaEx,2180.000000000999,2348,0.0
KDNH,2180.000000000999,2349,0.0
KAS8,2180.000000000999,2350,0.0
ALASm,2180.000000000999,2351,0.0
IZPN,2180.000000000999,2352,0.0
LEUKTRE4t,2180.000000000999,2353,0.0
KYN3OX,2180.000000000999,2354,0.0
KYN,2180.000000000999,2355,0.0
KSItly,2180.000000000999,2356,0.0
KSIt,2180.000000000999,2357,0.0
KSII_CORE4tly,2180.000000000999,2358,0.0
ALAt2rL,2180.000000000999,2359,0.0
KSII_CORE4t,2180.000000000999,2360,0.0
LEUKTRD4tr,2180.000000000999,2361,0.0
LEUKTRD4t,2180.000000000999,2362,0.0
LEUKTRB4tr,2180.000000000999,2363,0.0
KSII_CORE2tly,2180.000000000999,2364,0.0
KSII_CORE2t,2180.000000000999,2365,0.0
KHK3,2180.000000000999,2366,0.0
IMACTD,2180.000000000999,2367,0.0
LGNCCOAtx,2180.000000000999,2368,0.0
L_LACDcm,2180.000000000999,2369,0.0
Kt3g,2180.000000000999,2370,0.0
LFORKYNHYD,2180.000000000999,2371,0.0
LEUt4,2180.000000000999,2372,0.0
ALAt4,2180.000000000999,2373,0.0
KYNATESYN,2180.000000000999,2374,0.0
KYNAKGAT,2180.000000000999,2375,0.0
LEUKTRF4t,2180.000000000999,2376,0.0
LGTHL,2180.000000000999,2377,0.0
LGNCt,2180.000000000999,2378,0.0
LAPCOAl,2180.000000000999,2379,0.0
LALDO2x,2180.000000000999,2380,0.0
LALDO2,2180.000000000999,2381,0.0
ALDD19xr,2180.000000000999,2382,0.0
LALDO,2180.000000000999,2383,0.0
LGNCCRNt,2180.000000000999,2384,0.0
LALDD,2180.000000000999,2385,0.0
ALCD2y,2180.000000000999,2386,0.0
LACZly,2180.000000000999,2387,0.0
LGNCCPT2,2180.000000000999,2388,0.0
LACZe,2180.000000000999,2389,0.0
L_LACtm,2180.000000000999,2390,0.0
L_LACtcm,2180.000000000999,2391,0.0
LGNCCPT1,2180.000000000999,2392,0.0
LCTStl,2180.000000000999,2393,0.0
LNELDCCPT1,2180.000000000999,2394,0.0
ALDD20x,2180.000000000999,2395,0.0
LIPOti,2180.000000000999,2396,0.0
LCTStg,2180.000000000999,2397,0.0
LCAT1e,2180.000000000999,2398,0.0
LCADm,2180.000000000999,2399,0.0
LCADi_Dm,2180.000000000999,2400,0.0
LINKDEG4ly,2180.000000000999,2401,0.0
ALDD19x_P,2180.000000000999,2402,0.0
LINKDEG3ly,2180.000000000999,2403,0.0
LCADi_D,2180.000000000999,2404,0.0
LCADi,2180.000000000999,2405,0.0
LINKDEG2ly,2180.000000000999,2406,0.0
LINKDEG1ly,2180.000000000999,2407,0.0
LIMNENte,2180.000000000999,2408,0.0
EX_galgalfucfucgalacglcgalacglcgal14acglcgalgluside_hs_e,2180.000000000999,2409,0.0
EX_pydxn_e,2180.000000000999,2410,0.0
EX_pydx_e,2180.000000000999,2411,0.0
EX_galfucgalacglcgal14acglcgalgluside_hs_e,2180.000000000999,2412,0.0
EX_galfuc12gal14acglcgalgluside_hs_e,2180.000000000999,2413,0.0
EX_galacglcgalgbside_hs_e,2180.000000000999,2414,0.0
EX_fucgalgbside_hs_e,2180.000000000999,2415,0.0
EX_fucgalfucgalacglcgalgluside_hs_e,2180.000000000999,2416,0.0
EX_fucgal14acglcgalgluside_hs_e,2180.000000000999,2417,0.0
EX_fucfucgalacglcgalgluside_hs_e,2180.000000000999,2418,0.0
EX_pydam_e,2180.000000000999,2419,0.0
EX_ptdca_e,2180.000000000999,2420,0.0
EX_ps_hs_e,2180.000000000999,2421,0.0
EX_prostgf2_e,2180.000000000999,2422,0.0
LNLNCACRNt,2180.000000000999,2423,0.0
LNLNCACPT2,2180.000000000999,2424,0.0
LNLNCACPT1,2180.000000000999,2425,0.0
LNLCCRNt,2180.000000000999,2426,0.0
LNLCCPT2,2180.000000000999,2427,0.0
ALDD21,2180.000000000999,2428,0.0
LCYSTCBOXL,2180.000000000999,2429,0.0
LNLCCPT1,2180.000000000999,2430,0.0
ALDD20xm,2180.000000000999,2431,0.0
LNELDCCRNt,2180.000000000999,2432,0.0
LCYSTATm,2180.000000000999,2433,0.0
LNELDCCPT2,2180.000000000999,2434,0.0
LCYSTAT,2180.000000000999,2435,0.0
ALDD2y,2180.000000000999,2436,0.0
LYStm,2180.000000000999,2437,0.0
LNS14DM,2180.000000000999,2438,0.0
ALDD2xm,2180.000000000999,2439,0.0
LNLNCGt,2180.000000000999,2440,0.0
LYSt4,2180.000000000999,2441,0.0
ALDD2x,2180.000000000999,2442,0.0
LEUKTRA4tr,2180.000000000999,2443,0.0
LEUKTRA4t,2180.000000000999,2444,0.0
LDH_Lm,2180.000000000999,2445,0.0
M4ATAer,2180.000000000999,2446,0.0
M16NTg,2180.000000000999,2447,0.0
M16N6Tg,2180.000000000999,2448,0.0
M16N4Tg,2180.000000000999,2449,0.0
M14NTg,2180.000000000999,2450,0.0
ALDSTRNtm,2180.000000000999,2451,0.0
M13N4Tg,2180.000000000999,2452,0.0
LPS,2180.000000000999,2453,0.0
LPCHOLt,2180.000000000999,2454,0.0
M13N2Tg,2180.000000000999,2455,0.0
ALDSTRNte,2180.000000000999,2456,0.0
M1316Mg,2180.000000000999,2457,0.0
LYStn,2180.000000000999,2458,0.0
M4MPDOL_Uter,2180.000000000999,2459,0.0
LS3,2180.000000000999,2460,0.0
M4MPDOL_Lter,2180.000000000999,2461,0.0
M4CET3er,2180.000000000999,2462,0.0
M4BTAer,2180.000000000999,2463,0.0
LRAT2,2180.000000000999,2464,0.0
LRAT1,2180.000000000999,2465,0.0
ALKP,2180.000000000999,2466,0.0
LRAT,2180.000000000999,2467,0.0
M4BET2er,2180.000000000999,2468,0.0
LPSe,2180.000000000999,2469,0.0
LPS4e,2180.000000000999,2470,0.0
LPS3e,2180.000000000999,2471,0.0
LPS3,2180.000000000999,2472,0.0
LPS2e,2180.000000000999,2473,0.0
LPS2,2180.000000000999,2474,0.0
EX_prostge2_e,2180.000000000999,2475,0.0
EX_prostge1_e,2180.000000000999,2476,0.0
EX_prostgd2_e,2180.000000000999,2477,0.0
EX_fucfucfucgalacglcgal14acglcgalgluside_hs_e,2180.000000000999,2478,0.0
EX_fucfucfucgalacglc13galacglcgal14acglcgalgluside_hs_e,2180.000000000999,2479,0.0
EX_fucfuc132galacglcgal14acglcgalgluside_hs_e,2180.000000000999,2480,0.0
EX_pro__D_e,2180.000000000999,2481,0.0
EX_fucfuc12gal14acglcgalgluside_hs_e,2180.000000000999,2482,0.0
EX_prgstrn_e,2180.000000000999,2483,0.0
EX_ppa_e,2180.000000000999,2484,0.0
EX_fucacngalacglcgalgluside_hs_e,2180.000000000999,2485,0.0
EX_fucacngal14acglcgalgluside_hs_e,2180.000000000999,2486,0.0
EX_fucacgalfucgalacglcgalgluside_hs_e,2180.000000000999,2487,0.0
MAGt,2180.000000000999,2488,0.0
MACOXO,2180.000000000999,2489,0.0
M8MASNterg,2180.000000000999,2490,0.0
LYSMTF2n,2180.000000000999,2491,0.0
LYSMTF1n,2180.000000000999,2492,0.0
LTDCL,2180.000000000999,2493,0.0
LTD4DP,2180.000000000999,2494,0.0
LTC4Sr,2180.000000000999,2495,0.0
MERCPLACCYSt,2180.000000000999,2496,0.0
LTC4CP,2180.000000000999,2497,0.0
M7MASNBterg,2180.000000000999,2498,0.0
LTA4H,2180.000000000999,2499,0.0
ALOX12,2180.000000000999,2500,0.0
MMSAD3m,2180.000000000999,2501,0.0
MMSAD1m,2180.000000000999,2502,0.0
METAT,2180.000000000999,2503,0.0
MALTt1r,2180.000000000999,2504,0.0
MESCOALm,2180.000000000999,2505,0.0
MALTly,2180.000000000999,2506,0.0
LYSMTF3n,2180.000000000999,2507,0.0
MALTe,2180.000000000999,2508,0.0
MALT,2180.000000000999,2509,0.0
MALSO4tm,2180.000000000999,2510,0.0
EX_pnto__R_e,2180.000000000999,2511,0.0
EX_phyt_e,2180.000000000999,2512,0.0
EX_fuc14galacglcgalgluside_hs_e,2180.000000000999,2513,0.0
EX_fuc13galacglcgal14acglcgalgluside_hs_e,2180.000000000999,2514,0.0
EX_fuc__L_e,2180.000000000999,2515,0.0
EX_phllqne_e,2180.000000000999,2516,0.0
EX_pheme_e,2180.000000000999,2517,0.0
EX_pheacgln_e,2180.000000000999,2518,0.0
EX_gtp_e,2180.000000000999,2519,0.0
EX_pglyc_hs_e,2180.000000000999,2520,0.0
MTHFCm,2180.000000000999,2521,0.0
MANt4,2180.000000000999,2522,0.0
MANt1r,2180.000000000999,2523,0.0
METLEUex,2180.000000000999,2524,0.0
MAN6PI,2180.000000000999,2525,0.0
MAN2_7Cer,2180.000000000999,2526,0.0
MAN2_6B1er,2180.000000000999,2527,0.0
MAN1_7Ber,2180.000000000999,2528,0.0
MAN1_6B1er,2180.000000000999,2529,0.0
MAN1PT2,2180.000000000999,2530,0.0
MTAP,2180.000000000999,2531,0.0
MOGAT,2180.000000000999,2532,0.0
MCDm,2180.000000000999,2533,0.0
MTRI,2180.000000000999,2534,0.0
MCD,2180.000000000999,2535,0.0
MCCCrm,2180.000000000999,2536,0.0
MAOX,2180.000000000999,2537,0.0
MTHGXLt,2180.000000000999,2538,0.0
METS,2180.000000000999,2539,0.0
MAOLNOR,2180.000000000999,2540,0.0
MANtly,2180.000000000999,2541,0.0
MANtg,2180.000000000999,2542,0.0
MANter,2180.000000000999,2543,0.0
MCPST,2180.000000000999,2544,0.0
MG1er,2180.000000000999,2545,0.0
MCOATAm,2180.000000000999,2546,0.0
NACASPtm,2180.000000000999,2547,0.0
NACASPAH,2180.000000000999,2548,0.0
NABTNOm,2180.000000000999,2549,0.0
MCOATA,2180.000000000999,2550,0.0
MCLACCYSR,2180.000000000999,2551,0.0
NABTNO,2180.000000000999,2552,0.0
N4Tg,2180.000000000999,2553,0.0
N3Tg,2180.000000000999,2554,0.0
N2M2NMASNtly,2180.000000000999,2555,0.0
N2M2NMASNt,2180.000000000999,2556,0.0
MCDp,2180.000000000999,2557,0.0
NACHEX18ly,2180.000000000999,2558,0.0
NACHEX17ly,2180.000000000999,2559,0.0
MG2er,2180.000000000999,2560,0.0
NACHEX16ly,2180.000000000999,2561,0.0
ME1m,2180.000000000999,2562,0.0
MDRPD,2180.000000000999,2563,0.0
NACHEX15ly,2180.000000000999,2564,0.0
NACHEX14ly,2180.000000000999,2565,0.0
NACHEX13ly,2180.000000000999,2566,0.0
NACHEX12ly,2180.000000000999,2567,0.0
NACHEX11ly,2180.000000000999,2568,0.0
NACHEX10ly,2180.000000000999,2569,0.0
MEOHtr,2180.000000000999,2570,0.0
MEOHtly,2180.000000000999,2571,0.0
MEOHt2,2180.000000000999,2572,0.0
NACHEX24ly,2180.000000000999,2573,0.0
NACHEX23ly,2180.000000000999,2574,0.0
NACHEX22ly,2180.000000000999,2575,0.0
MGACONm,2180.000000000999,2576,0.0
NACHEX21ly,2180.000000000999,2577,0.0
MELATNOX,2180.000000000999,2578,0.0
NACHEX20ly,2180.000000000999,2579,0.0
MG3er,2180.000000000999,2580,0.0
NACHEX1ly,2180.000000000999,2581,0.0
MELATN23DOX,2180.000000000999,2582,0.0
NACHEX19ly,2180.000000000999,2583,0.0
MECOAS1m,2180.000000000999,2584,0.0
MECOALm,2180.000000000999,2585,0.0
NACHEXA18ly,2180.000000000999,2586,0.0
NACHEX7ly,2180.000000000999,2587,0.0
NACHEXA17ly,2180.000000000999,2588,0.0
NACHEXA16ly,2180.000000000999,2589,0.0
NACHEXA15ly,2180.000000000999,2590,0.0
NACHEX6ly,2180.000000000999,2591,0.0
NACHEX5ly,2180.000000000999,2592,0.0
NACHEX4ly,2180.000000000999,2593,0.0
MGCHrm,2180.000000000999,2594,0.0
NACHEX3ly,2180.000000000999,2595,0.0
NACHEXA14ly,2180.000000000999,2596,0.0
NACHEX2ly,2180.000000000999,2597,0.0
NACHEX27ly,2180.000000000999,2598,0.0
NACHEX26ly,2180.000000000999,2599,0.0
NACHEX25ly,2180.000000000999,2600,0.0
MEPIVESSte,2180.000000000999,2601,0.0
NACHEXA3ly,2180.000000000999,2602,0.0
NDP8ex,2180.000000000999,2603,0.0
NACHEXA13ly,2180.000000000999,2604,0.0
NACHEXA12ly,2180.000000000999,2605,0.0
NACHEXA2ly,2180.000000000999,2606,0.0
NACHEXA22ly,2180.000000000999,2607,0.0
NACHEXA21ly,2180.000000000999,2608,0.0
MGSA2,2180.000000000999,2609,0.0
NACHEXA20ly,2180.000000000999,2610,0.0
NACHEXA11ly,2180.000000000999,2611,0.0
NACHEXA1ly,2180.000000000999,2612,0.0
NACHEXA19ly,2180.000000000999,2613,0.0
NACHEXA10ly,2180.000000000999,2614,0.0
NACHEX9ly,2180.000000000999,2615,0.0
MGSA,2180.000000000999,2616,0.0
NACHEX8ly,2180.000000000999,2617,0.0
NADHtpu,2180.000000000999,2618,0.0
NADH2_u10m,2180.000000000999,2619,0.0
NDPK10n,2180.000000000999,2620,0.0
MI13456Ptn,2180.000000000999,2621,0.0
NDPK10m,2180.000000000999,2622,0.0
NACt,2180.000000000999,2623,0.0
MI13456PK,2180.000000000999,2624,0.0
NDPK10,2180.000000000999,2625,0.0
NACHEXA9ly,2180.000000000999,2626,0.0
NACHEXA8ly,2180.000000000999,2627,0.0
NACHEXA7ly,2180.000000000999,2628,0.0
MHISOR,2180.000000000999,2629,0.0
NACHEXA6ly,2180.000000000999,2630,0.0
NACHEXA5ly,2180.000000000999,2631,0.0
NACHEXA4ly,2180.000000000999,2632,0.0
EX_fe3_e,2180.000000000999,2633,0.0
EX_perillyl_e,2180.000000000999,2634,0.0
EX_peplys_e,2180.000000000999,2635,0.0
EX_pe_hs_e,2180.000000000999,2636,0.0
EX_pchol_hs_e,2180.000000000999,2637,0.0
EX_paf_hs_e,2180.000000000999,2638,0.0
EX_oxa_e,2180.000000000999,2639,0.0
EX_fe2_e,2180.000000000999,2640,0.0
EX_etoh_e,2180.000000000999,2641,0.0
EX_gthrd_e,2180.000000000999,2642,0.0
EX_estrones_e,2180.000000000999,2643,0.0
EX_estroneglc_e,2180.000000000999,2644,0.0
EX_gthox_e,2180.000000000999,2645,0.0
EX_estriolglc_e,2180.000000000999,2646,0.0
EX_estradiolglc_e,2180.000000000999,2647,0.0
EX_estradiol_e,2180.000000000999,2648,0.0
NDPK4,2180.000000000999,2649,0.0
NDPK3n,2180.000000000999,2650,0.0
NADPN,2180.000000000999,2651,0.0
NADNe,2180.000000000999,2652,0.0
NDPK3m,2180.000000000999,2653,0.0
NDPK2n,2180.000000000999,2654,0.0
NDPK2m,2180.000000000999,2655,0.0
NDPK1n,2180.000000000999,2656,0.0
NADN,2180.000000000999,2657,0.0
NADK,2180.000000000999,2658,0.0
NDPK6m,2180.000000000999,2659,0.0
NDPK6,2180.000000000999,2660,0.0
NAGA2ly,2180.000000000999,2661,0.0
NADtpu,2180.000000000999,2662,0.0
MI1345PKn,2180.000000000999,2663,0.0
NADtn,2180.000000000999,2664,0.0
NDPK5n,2180.000000000999,2665,0.0
NDPK5m,2180.000000000999,2666,0.0
NADS2,2180.000000000999,2667,0.0
NADPNe,2180.000000000999,2668,0.0
NDPK5,2180.000000000999,2669,0.0
NDPK4n,2180.000000000999,2670,0.0
NDPK4m,2180.000000000999,2671,0.0
NDPK8n,2180.000000000999,2672,0.0
MI1346PKn,2180.000000000999,2673,0.0
NDPK8m,2180.000000000999,2674,0.0
NDPK7n,2180.000000000999,2675,0.0
NDPK7m,2180.000000000999,2676,0.0
NDPK6n,2180.000000000999,2677,0.0
NAGLCAly,2180.000000000999,2678,0.0
NAGAly,2180.000000000999,2679,0.0
MI1345PP,2180.000000000999,2680,0.0
NAGAlby,2180.000000000999,2681,0.0
EX_orn_e,2180.000000000999,2682,0.0
EX_onpthl_e,2180.000000000999,2683,0.0
EX_gt1a_hs_e,2180.000000000999,2684,0.0
EX_omeprazole_e,2180.000000000999,2685,0.0
EX_oh1_e,2180.000000000999,2686,0.0
EX_eicostet_e,2180.000000000999,2687,0.0
EX_ebastineoh_e,2180.000000000999,2688,0.0
EX_ebastine_e,2180.000000000999,2689,0.0
EX_eaflatoxin_e,2180.000000000999,2690,0.0
EX_duri_e,2180.000000000999,2691,0.0
EX_octa_e,2180.000000000999,2692,0.0
EX_oagt3_hs_e,2180.000000000999,2693,0.0
MI134P4P,2180.000000000999,2694,0.0
MI1346Ptn,2180.000000000999,2695,0.0
NCAMUP,2180.000000000999,2696,0.0
NBAHH_ir,2180.000000000999,2697,0.0
NH4tn,2180.000000000999,2698,0.0
NDPK9n,2180.000000000999,2699,0.0
NDPK9m,2180.000000000999,2700,0.0
NDPK9,2180.000000000999,2701,0.0
NAtx,2180.000000000999,2702,0.0
NAt5,2180.000000000999,2703,0.0
NAt3_1g,2180.000000000999,2704,0.0
NDP8,2180.000000000999,2705,0.0
NDP7g,2180.000000000999,2706,0.0
NMNATn,2180.000000000999,2707,0.0
NMNATm,2180.000000000999,2708,0.0
NDP7ex,2180.000000000999,2709,0.0
NDP7er,2180.000000000999,2710,0.0
MI134PP,2180.000000000999,2711,0.0
NDP6,2180.000000000999,2712,0.0
NIFEDIPINEte,2180.000000000999,2713,0.0
NICRNTtn,2180.000000000999,2714,0.0
NDP3ex,2180.000000000999,2715,0.0
MI134PK,2180.000000000999,2716,0.0
NDP10ex,2180.000000000999,2717,0.0
NICRNS,2180.000000000999,2718,0.0
MI1456PKn,2180.000000000999,2719,0.0
NRVNCCPT2,2180.000000000999,2720,0.0
NNATr_copy2,2180.000000000999,2721,0.0
NRVNCCPT1,2180.000000000999,2722,0.0
NNATn,2180.000000000999,2723,0.0
NNATm,2180.000000000999,2724,0.0
NRVNCCOAtx,2180.000000000999,2725,0.0
NRPPHRVESSEC,2180.000000000999,2726,0.0
NNATr_copy1,2180.000000000999,2727,0.0
NMPTRCOX,2180.000000000999,2728,0.0
NMNtn,2180.000000000999,2729,0.0
NMNS,2180.000000000999,2730,0.0
NMNAT,2180.000000000999,2731,0.0
MI13PP,2180.000000000999,2732,0.0
NTD12,2180.000000000999,2733,0.0
NTD10,2180.000000000999,2734,0.0
NTD1,2180.000000000999,2735,0.0
NOt,2180.000000000999,2736,0.0
NOS2,2180.000000000999,2737,0.0
MI145PK,2180.000000000999,2738,0.0
NOS1,2180.000000000999,2739,0.0
NT5C,2180.000000000999,2740,0.0
MI145P6Kn,2180.000000000999,2741,0.0
NS26Tg,2180.000000000999,2742,0.0
NORANMT,2180.000000000999,2743,0.0
NS26T2g,2180.000000000999,2744,0.0
NNMT,2180.000000000999,2745,0.0
NNDPR,2180.000000000999,2746,0.0
NRVNCt,2180.000000000999,2747,0.0
NRVNCCRNt,2180.000000000999,2748,0.0
NTD4e,2180.000000000999,2749,0.0
ORETNtn2,2180.000000000999,2750,0.0
ORETNtn,2180.000000000999,2751,0.0
ORETNF2,2180.000000000999,2752,0.0
NTD4,2180.000000000999,2753,0.0
NTD3l,2180.000000000999,2754,0.0
NTD2m,2180.000000000999,2755,0.0
NTD2l,2180.000000000999,2756,0.0
NTD2e,2180.000000000999,2757,0.0
NTD2,2180.000000000999,2758,0.0
NTD1m,2180.000000000999,2759,0.0
NRPPHRSFt,2180.000000000999,2760,0.0
MI145PP,2180.000000000999,2761,0.0
NPTHLte,2180.000000000999,2762,0.0
MI145PKn,2180.000000000999,2763,0.0
NP1,2180.000000000999,2764,0.0
ORPT,2180.000000000999,2765,0.0
ORNt,2180.000000000999,2766,0.0
NTD5m,2180.000000000999,2767,0.0
NTD5l,2180.000000000999,2768,0.0
NTD5,2180.000000000999,2769,0.0
MI1P_Dtn,2180.000000000999,2770,0.0
ORNDC,2180.000000000999,2771,0.0
MI14Ptn,2180.000000000999,2772,0.0
MI14PP,2180.000000000999,2773,0.0
MI14P4P,2180.000000000999,2774,0.0
NTD4l,2180.000000000999,2775,0.0
P45017A1r,2180.000000000999,2776,0.0
P45011B21m,2180.000000000999,2777,0.0
P45011B12m,2180.000000000999,2778,0.0
P45011B11m,2180.000000000999,2779,0.0
P45011A1m,2180.000000000999,2780,0.0
NTD9e,2180.000000000999,2781,0.0
NTD9,2180.000000000999,2782,0.0
NTD8l,2180.000000000999,2783,0.0
NTD8,2180.000000000999,2784,0.0
NTD7l,2180.000000000999,2785,0.0
OXAtp,2180.000000000999,2786,0.0
MI3456PK,2180.000000000999,2787,0.0
NTD7e,2180.000000000999,2788,0.0
NTD6l,2180.000000000999,2789,0.0
NTD6,2180.000000000999,2790,0.0
O16G2e,2180.000000000999,2791,0.0
MI3PP,2180.000000000999,2792,0.0
O16G1e,2180.000000000999,2793,0.0
P4501B1r,2180.000000000999,2794,0.0
P45019A2r,2180.000000000999,2795,0.0
NTPP9,2180.000000000999,2796,0.0
NTPP11,2180.000000000999,2797,0.0
NTPP10,2180.000000000999,2798,0.0
P45019A1r,2180.000000000999,2799,0.0
P45017A4r,2180.000000000999,2800,0.0
MI34PP,2180.000000000999,2801,0.0
P45017A3r,2180.000000000999,2802,0.0
NTP3e,2180.000000000999,2803,0.0
NTMELYStner,2180.000000000999,2804,0.0
NTD9l,2180.000000000999,2805,0.0
P45017A2r,2180.000000000999,2806,0.0
P4502C8,2180.000000000999,2807,0.0
P4502C19,2180.000000000999,2808,0.0
P4502C18,2180.000000000999,2809,0.0
P45027A1m,2180.000000000999,2810,0.0
P45027A16m,2180.000000000999,2811,0.0
P45027A15m,2180.000000000999,2812,0.0
P45027A14m,2180.000000000999,2813,0.0
MI4PP,2180.000000000999,2814,0.0
P45027A13m,2180.000000000999,2815,0.0
O2Stn,2180.000000000999,2816,0.0
O2Stm,2180.000000000999,2817,0.0
P45027A12m,2180.000000000999,2818,0.0
P45027A11m,2180.000000000999,2819,0.0
P45021A2r,2180.000000000999,2820,0.0
P45021A1r,2180.000000000999,2821,0.0
O2St,2180.000000000999,2822,0.0
EX_gsn_e,2180.000000000999,2823,0.0
EX_oagd3_hs_e,2180.000000000999,2824,0.0
EX_gq1balpha_hs_e,2180.000000000999,2825,0.0
EX_dopasf_e,2180.000000000999,2826,0.0
EX_cspg_d_e,2180.000000000999,2827,0.0
EX_cspg_c_e,2180.000000000999,2828,0.0
EX_cspg_b_e,2180.000000000999,2829,0.0
EX_cspg_a_e,2180.000000000999,2830,0.0
EX_dmhptcrn_e,2180.000000000999,2831,0.0
EX_dmantipyrine_e,2180.000000000999,2832,0.0
EX_dlnlcg_e,2180.000000000999,2833,0.0
EX_din_e,2180.000000000999,2834,0.0
EX_digalsgalside_hs_e,2180.000000000999,2835,0.0
EX_dhf_e,2180.000000000999,2836,0.0
EX_dheas_e,2180.000000000999,2837,0.0
OAGT3te,2180.000000000999,2838,0.0
OAGD3tg,2180.000000000999,2839,0.0
P4503A43r,2180.000000000999,2840,0.0
P4503A4,2180.000000000999,2841,0.0
MICITDr,2180.000000000999,2842,0.0
P45039A1r,2180.000000000999,2843,0.0
OAGD3te,2180.000000000999,2844,0.0
P4502F1,2180.000000000999,2845,0.0
P4502E1,2180.000000000999,2846,0.0
O2tn,2180.000000000999,2847,0.0
O2Stx,2180.000000000999,2848,0.0
P4502D6,2180.000000000999,2849,0.0
P4504F122r,2180.000000000999,2850,0.0
P4504F121r,2180.000000000999,2851,0.0
MLTG1e,2180.000000000999,2852,0.0
P4504B1r,2180.000000000999,2853,0.0
OCCOAtx,2180.000000000999,2854,0.0
OCCOAtm,2180.000000000999,2855,0.0
MLTG1,2180.000000000999,2856,0.0
OCBTm,2180.000000000999,2857,0.0
P45046A1r,2180.000000000999,2858,0.0
P4503A7r,2180.000000000999,2859,0.0
MINOHPtn,2180.000000000999,2860,0.0
P4503A5,2180.000000000999,2861,0.0
OAGT3tg,2180.000000000999,2862,0.0
P4508B11r,2180.000000000999,2863,0.0
OMPDC,2180.000000000999,2864,0.0
OMEPRAZOLEte,2180.000000000999,2865,0.0
MM5ag,2180.000000000999,2866,0.0
P4507B12r,2180.000000000999,2867,0.0
P4507B11r,2180.000000000999,2868,0.0
P4507A1r,2180.000000000999,2869,0.0
P4504F81r,2180.000000000999,2870,0.0
P4504F123r,2180.000000000999,2871,0.0
OIVD1m,2180.000000000999,2872,0.0
ODECOAtx,2180.000000000999,2873,0.0
OCTAt,2180.000000000999,2874,0.0
OCOAT1m,2180.000000000999,2875,0.0
MLTG1ly,2180.000000000999,2876,0.0
PCFLOPm,2180.000000000999,2877,0.0
PA_HStn,2180.000000000999,2878,0.0
MM6B1ag,2180.000000000999,2879,0.0
MM5cg,2180.000000000999,2880,0.0
ORETNF,2180.000000000999,2881,0.0
OPAH,2180.000000000999,2882,0.0
ONPTHLte,2180.000000000999,2883,0.0
P5CDm,2180.000000000999,2884,0.0
MM5bg,2180.000000000999,2885,0.0
P450SCC1m,2180.000000000999,2886,0.0
P450LTB4r,2180.000000000999,2887,0.0
P4508B13r,2180.000000000999,2888,0.0
PAN4PP,2180.000000000999,2889,0.0
PAIL_HStn,2180.000000000999,2890,0.0
PAIL4P_HStn,2180.000000000999,2891,0.0
PCHOL_HStg,2180.000000000999,2892,0.0
PCHOL_HSter,2180.000000000999,2893,0.0
PCHOLPr_hs,2180.000000000999,2894,0.0
PCHOLPm_hs,2180.000000000999,2895,0.0
PCHOLPg_hs,2180.000000000999,2896,0.0
PCHOLP_hs,2180.000000000999,2897,0.0
PAIL45P_HStn,2180.000000000999,2898,0.0
PAFt,2180.000000000999,2899,0.0
PAFS,2180.000000000999,2900,0.0
PAFHe,2180.000000000999,2901,0.0
PAFH,2180.000000000999,2902,0.0
MM6B1bg,2180.000000000999,2903,0.0
PACCOAL,2180.000000000999,2904,0.0
PDE1,2180.000000000999,2905,0.0
PCt,2180.000000000999,2906,0.0
MM7Ag,2180.000000000999,2907,0.0
PCm,2180.000000000999,2908,0.0
PCRNtm,2180.000000000999,2909,0.0
MM6bg,2180.000000000999,2910,0.0
PCRNtc,2180.000000000999,2911,0.0
PA_HStg,2180.000000000999,2912,0.0
MM6ag,2180.000000000999,2913,0.0
PA_HSter,2180.000000000999,2914,0.0
PCREATtmdiffir,2180.000000000999,2915,0.0
PCLYSOX,2180.000000000999,2916,0.0
PAPtg,2180.000000000999,2917,0.0
MM6B2g,2180.000000000999,2918,0.0
PAPStg,2180.000000000999,2919,0.0
PCLAD,2180.000000000999,2920,0.0
MM7B2g,2180.000000000999,2921,0.0
PECGONCOATr,2180.000000000999,2922,0.0
PEAMNO,2180.000000000999,2923,0.0
PDXPP,2180.000000000999,2924,0.0
PDX5POi,2180.000000000999,2925,0.0
PDE4g,2180.000000000999,2926,0.0
PDE4,2180.000000000999,2927,0.0
PHEMEtm,2180.000000000999,2928,0.0
PHEMEt,2180.000000000999,2929,0.0
PHEACGLNt,2180.000000000999,2930,0.0
PHCHGSm,2180.000000000999,2931,0.0
PHCDm,2180.000000000999,2932,0.0
MM7B1g,2180.000000000999,2933,0.0
PHACCOAGLNAC,2180.000000000999,2934,0.0
PDE1g,2180.000000000999,2935,0.0
EX_csn_e,2180.000000000999,2936,0.0
EX_crvnc_e,2180.000000000999,2937,0.0
EX_crtstrn_e,2180.000000000999,2938,0.0
EX_crtsl_e,2180.000000000999,2939,0.0
EX_crn_e,2180.000000000999,2940,0.0
EX_crmp_hs_e,2180.000000000999,2941,0.0
EX_creat_e,2180.000000000999,2942,0.0
EX_coumarin_e,2180.000000000999,2943,0.0
EX_co_e,2180.000000000999,2944,0.0
EX_cmp_e,2180.000000000999,2945,0.0
EX_cl_e,2180.000000000999,2946,0.0
EX_cit_e,2180.000000000999,2947,0.0
EX_chtn_e,2180.000000000999,2948,0.0
EX_chsterol_e,2180.000000000999,2949,0.0
EX_cholate_e,2180.000000000999,2950,0.0
PEROXx,2180.000000000999,2951,0.0
PHYQt,2180.000000000999,2952,0.0
PHYHx,2180.000000000999,2953,0.0
MM7Cbg,2180.000000000999,2954,0.0
PHYCBOXL,2180.000000000999,2955,0.0
PERILLYLte,2180.000000000999,2956,0.0
PEPLYStn,2180.000000000999,2957,0.0
PEPCKm,2180.000000000999,2958,0.0
MM7Cag,2180.000000000999,2959,0.0
PHETA1m,2180.000000000999,2960,0.0
PHETA1,2180.000000000999,2961,0.0
PEFLIPm,2180.000000000999,2962,0.0
PEFLIP,2180.000000000999,2963,0.0
PFK26,2180.000000000999,2964,0.0
PFK,2180.000000000999,2965,0.0
MM8Ag,2180.000000000999,2966,0.0
PEt,2180.000000000999,2967,0.0
PI34P4Pn,2180.000000000999,2968,0.0
PE_HStg,2180.000000000999,2969,0.0
PI34P3Pn,2180.000000000999,2970,0.0
PI345P5Pn,2180.000000000999,2971,0.0
PI345P3Pn,2180.000000000999,2972,0.0
PI345P3P,2180.000000000999,2973,0.0
PHYTt,2180.000000000999,2974,0.0
PE_HSter,2180.000000000999,2975,0.0
PETOHMr_hs,2180.000000000999,2976,0.0
PETOHMm_hs,2180.000000000999,2977,0.0
PI3P5K,2180.000000000999,2978,0.0
PGK,2180.000000000999,2979,0.0
PGISr,2180.000000000999,2980,0.0
MM8Cg,2180.000000000999,2981,0.0
PGESr,2180.000000000999,2982,0.0
PI3P4Kn,2180.000000000999,2983,0.0
PI3P4K,2180.000000000999,2984,0.0
PI3P3Pn,2180.000000000999,2985,0.0
PGDIr,2180.000000000999,2986,0.0
PGDI,2180.000000000999,2987,0.0
MM8Ber,2180.000000000999,2988,0.0
PGCD,2180.000000000999,2989,0.0
PI35P3P,2180.000000000999,2990,0.0
PI34P5Kn,2180.000000000999,2991,0.0
PI34P5K,2180.000000000999,2992,0.0
PI45PLCn,2180.000000000999,2993,0.0
PI45PLC,2180.000000000999,2994,0.0
PI45P5Pn,2180.000000000999,2995,0.0
PGM,2180.000000000999,2996,0.0
PGLer,2180.000000000999,2997,0.0
PGLYCt,2180.000000000999,2998,0.0
PGLYCP,2180.000000000999,2999,0.0
PGL,2180.000000000999,3000,0.0
PI45P5P,2180.000000000999,3001,0.0
PI45P4P,2180.000000000999,3002,0.0
PI45P3Kn,2180.000000000999,3003,0.0
PI45P3K,2180.000000000999,3004,0.0
PI3PP,2180.000000000999,3005,0.0
PIK4,2180.000000000999,3006,0.0
PIK3n,2180.000000000999,3007,0.0
PIK3er,2180.000000000999,3008,0.0
PIK3,2180.000000000999,3009,0.0
PIACGT,2180.000000000999,3010,0.0
PI5P4Kn,2180.000000000999,3011,0.0
PI4P5Kn,2180.000000000999,3012,0.0
MMCDm,2180.000000000999,3013,0.0
PI4P5K,2180.000000000999,3014,0.0
PI4P4Pn,2180.000000000999,3015,0.0
PI4P3Kn,2180.000000000999,3016,0.0
PI4P3Ker,2180.000000000999,3017,0.0
MMCD,2180.000000000999,3018,0.0
PGSr,2180.000000000999,3019,0.0
PI4P3K,2180.000000000999,3020,0.0
PGS,2180.000000000999,3021,0.0
PTRCAT1,2180.000000000999,3022,0.0
PPDOy,2180.000000000999,3023,0.0
MMCDp,2180.000000000999,3024,0.0
PIt2m,2180.000000000999,3025,0.0
PIPLCn,2180.000000000999,3026,0.0
LCARR,2180.000000000999,3027,0.0
PI5P4K,2180.000000000999,3028,0.0
PI5P3Ker,2180.000000000999,3029,0.0
PI5P3K,2180.000000000999,3030,0.0
PI4PP,2180.000000000999,3031,0.0
PI4PLCn,2180.000000000999,3032,0.0
PIK5n,2180.000000000999,3033,0.0
PIK5,2180.000000000999,3034,0.0
PIK4n,2180.000000000999,3035,0.0
EX_cgly_e,2180.000000000999,3036,0.0
EX_dgsn_e,2180.000000000999,3037,0.0
EX_dgchol_e,2180.000000000999,3038,0.0
EX_debrisoquine_e,2180.000000000999,3039,0.0
EX_dcyt_e,2180.000000000999,3040,0.0
EX_gq1b_hs_e,2180.000000000999,3041,0.0
EX_dcsptn1_e,2180.000000000999,3042,0.0
EX_cca_d3_e,2180.000000000999,3043,0.0
EX_carveol_e,2180.000000000999,3044,0.0
EX_caro_e,2180.000000000999,3045,0.0
EX_camp_e,2180.000000000999,3046,0.0
EX_ca2_e,2180.000000000999,3047,0.0
EX_bz_e,2180.000000000999,3048,0.0
PLA2,2180.000000000999,3049,0.0
PItn,2180.000000000999,3050,0.0
PItg,2180.000000000999,3051,0.0
PIter,2180.000000000999,3052,0.0
PIt7_copy2,2180.000000000999,3053,0.0
PIt7_copy1,2180.000000000999,3054,0.0
PPPG9tm,2180.000000000999,3055,0.0
PPOR,2180.000000000999,3056,0.0
PPNCL3,2180.000000000999,3057,0.0
PPMI1346Ptn,2180.000000000999,3058,0.0
PPMI12346Ptn,2180.000000000999,3059,0.0
PMI1346PHn,2180.000000000999,3060,0.0
PMI1346PH,2180.000000000999,3061,0.0
PMI12346PHn,2180.000000000999,3062,0.0
PUNP1,2180.000000000999,3063,0.0
PMI12346PH,2180.000000000999,3064,0.0
PMANM,2180.000000000999,3065,0.0
PRDX,2180.000000000999,3066,0.0
PRASCSi,2180.000000000999,3067,0.0
PTRCOX1,2180.000000000999,3068,0.0
PRAIS,2180.000000000999,3069,0.0
PRAGSr,2180.000000000999,3070,0.0
PPPItn,2180.000000000999,3071,0.0
PPPGOm,2180.000000000999,3072,0.0
PLYSPSer,2180.000000000999,3073,0.0
PRO1x,2180.000000000999,3074,0.0
PPA,2180.000000000999,3075,0.0
PNTOt5,2180.000000000999,3076,0.0
PNTKm,2180.000000000999,3077,0.0
PNTK,2180.000000000999,3078,0.0
PNTEH,2180.000000000999,3079,0.0
PRISTtx,2180.000000000999,3080,0.0
PRISTCOAtx,2180.000000000999,3081,0.0
PRISTANALtx,2180.000000000999,3082,0.0
PRGSTRNt,2180.000000000999,3083,0.0
PRGNLONEtr,2180.000000000999,3084,0.0
PRGNLONEtm,2180.000000000999,3085,0.0
PRGNLONESULT,2180.000000000999,3086,0.0
PRFGS,2180.000000000999,3087,0.0
PRDXl,2180.000000000999,3088,0.0
PNP,2180.000000000999,3089,0.0
PROSTGD2t,2180.000000000999,3090,0.0
PUNP4,2180.000000000999,3091,0.0
PRODt2rL,2180.000000000999,3092,0.0
PRODt2r,2180.000000000999,3093,0.0
PPAn,2180.000000000999,3094,0.0
PPAm,2180.000000000999,3095,0.0
PUNP3,2180.000000000999,3096,0.0
PPAer,2180.000000000999,3097,0.0
PROAKGOX1r,2180.000000000999,3098,0.0
PPA2m,2180.000000000999,3099,0.0
PPA2,2180.000000000999,3100,0.0
PUNP6,2180.000000000999,3101,0.0
PUNP5,2180.000000000999,3102,0.0
PROSTGH2t,2180.000000000999,3103,0.0
PPCOAOm,2180.000000000999,3104,0.0
PPCDC,2180.000000000999,3105,0.0
PROSTGF2t,2180.000000000999,3106,0.0
PROSTGE2t3,2180.000000000999,3107,0.0
PROSTGE1t3,2180.000000000999,3108,0.0
PPBNGS,2180.000000000999,3109,0.0
PPAtm,2180.000000000999,3110,0.0
PPAtr,2180.000000000999,3111,0.0
PROSTGE1t,2180.000000000999,3112,0.0
EX_dag_hs_e,2180.000000000999,3113,0.0
EX_dad_5_e,2180.000000000999,3114,0.0
EX_dad_2_e,2180.000000000999,3115,0.0
EX_cytd_e,2180.000000000999,3116,0.0
EX_ac_e,2180.000000000999,3117,0.0
EX_cyan_e,2180.000000000999,3118,0.0
EX_bvite_e,2180.000000000999,3119,0.0
EX_but_e,2180.000000000999,3120,0.0
EX_btn_e,2180.000000000999,3121,0.0
EX_Tyr_ggn_e,2180.000000000999,3122,0.0
EX_cspg_e_e,2180.000000000999,3123,0.0
EX_Rtotal3_e,2180.000000000999,3124,0.0
EX_Rtotal2_e,2180.000000000999,3125,0.0
EX_Rtotal_e,2180.000000000999,3126,0.0
RNDR4,2180.000000000999,3127,0.0
PRPNCOAHYDm,2180.000000000999,3128,0.0
PYAM5PO,2180.000000000999,3129,0.0
RNDR3,2180.000000000999,3130,0.0
PVD3,2180.000000000999,3131,0.0
RNDR1,2180.000000000999,3132,0.0
PROt2rL,2180.000000000999,3133,0.0
PUNP7,2180.000000000999,3134,0.0
RIBt2,2180.000000000999,3135,0.0
PROSTGI2tr,2180.000000000999,3136,0.0
PROSTGI2t,2180.000000000999,3137,0.0
PYDAMtr,2180.000000000999,3138,0.0
PSP_L,2180.000000000999,3139,0.0
PSFLIP,2180.000000000999,3140,0.0
PSERT,2180.000000000999,3141,0.0
PYDAMK,2180.000000000999,3142,0.0
PYAM5Ptm,2180.000000000999,3143,0.0
PRPNCOAHYDx,2180.000000000999,3144,0.0
RNMK,2180.000000000999,3145,0.0
RTOTAL2CRNCPT2,2180.000000000999,3146,0.0
PYDXK,2180.000000000999,3147,0.0
RTOTAL2CRNCPT1,2180.000000000999,3148,0.0
PTDCACRNt,2180.000000000999,3149,0.0
PTDCACRNCPT2,2180.000000000999,3150,0.0
PYDXDH,2180.000000000999,3151,0.0
RTOT6,2180.000000000999,3152,0.0
PTDCACRNCPT1,2180.000000000999,3153,0.0
PSt3,2180.000000000999,3154,0.0
PS_HStg,2180.000000000999,3155,0.0
RTOT5,2180.000000000999,3156,0.0
PYDX5Ptm,2180.000000000999,3157,0.0
PS_HSter,2180.000000000999,3158,0.0
RTOTALCRNt,2180.000000000999,3159,0.0
RTOTALCRNCPT2,2180.000000000999,3160,0.0
RTOTALCRNCPT1,2180.000000000999,3161,0.0
RTOTAL3t,2180.000000000999,3162,0.0
RTOTAL3CRNt,2180.000000000999,3163,0.0
PTHPS,2180.000000000999,3164,0.0
PTE5x,2180.000000000999,3165,0.0
RTOTAL3CRNCPT2,2180.000000000999,3166,0.0
PYDXNK,2180.000000000999,3167,0.0
RTOTAL3CRNCPT1,2180.000000000999,3168,0.0
PTE4x,2180.000000000999,3169,0.0
RTOTAL2t,2180.000000000999,3170,0.0
RTOTAL2CRNt,2180.000000000999,3171,0.0
PTE3x,2180.000000000999,3172,0.0
PTE2x,2180.000000000999,3173,0.0
PTDCAt,2180.000000000999,3174,0.0
S26Tg,2180.000000000999,3175,0.0
S23Tg,2180.000000000999,3176,0.0
S23T4g,2180.000000000999,3177,0.0
S23T3g,2180.000000000999,3178,0.0
S6T11g,2180.000000000999,3179,0.0
PYDXPP,2180.000000000999,3180,0.0
S6T10g,2180.000000000999,3181,0.0
S23T2g,2180.000000000999,3182,0.0
Rtotaltp,2180.000000000999,3183,0.0
Rtotaltl,2180.000000000999,3184,0.0
RTOT_3,2180.000000000999,3185,0.0
RTOT_2,2180.000000000999,3186,0.0
RTOTALt,2180.000000000999,3187,0.0
PYDXNtr,2180.000000000999,3188,0.0
PTPATi,2180.000000000999,3189,0.0
PTHPSn,2180.000000000999,3190,0.0
EX_2hb_e,2180.000000000999,3191,0.0
EX_cysi__L_e,2180.000000000999,3192,0.0
EX_biocyt_e,2180.000000000999,3193,0.0
EX_clpnd_e,2180.000000000999,3194,0.0
EX_bilirub_e,2180.000000000999,3195,0.0
EX_bilglcur_e,2180.000000000999,3196,0.0
EX_bildglcur_e,2180.000000000999,3197,0.0
EX_25hvitd3_e,2180.000000000999,3198,0.0
EX_25hvitd2_e,2180.000000000999,3199,0.0
EX_9_cis_retfa_e,2180.000000000999,3200,0.0
EX_24nph_e,2180.000000000999,3201,0.0
EX_7thf_e,2180.000000000999,3202,0.0
EX_2425dhvitd3_e,2180.000000000999,3203,0.0
EX_2425dhvitd2_e,2180.000000000999,3204,0.0
EX_7dhf_e,2180.000000000999,3205,0.0
S6T17g,2180.000000000999,3206,0.0
S2TASE1ly,2180.000000000999,3207,0.0
S2T4g,2180.000000000999,3208,0.0
S2T3g,2180.000000000999,3209,0.0
S2T2g,2180.000000000999,3210,0.0
S2T1g,2180.000000000999,3211,0.0
S6T16g,2180.000000000999,3212,0.0
S2L2N2M2MASNtly,2180.000000000999,3213,0.0
S6T15g,2180.000000000999,3214,0.0
S6T14g,2180.000000000999,3215,0.0
S2L2FN2M2MASNtly,2180.000000000999,3216,0.0
PYDXtr,2180.000000000999,3217,0.0
S2L2FN2M2MASNt,2180.000000000999,3218,0.0
S6T13g,2180.000000000999,3219,0.0
S6T12g,2180.000000000999,3220,0.0
S3T2g,2180.000000000999,3221,0.0
S3T1g,2180.000000000999,3222,0.0
S2TASE5ly,2180.000000000999,3223,0.0
S6T25g,2180.000000000999,3224,0.0
S6T24g,2180.000000000999,3225,0.0
PYLALDOX,2180.000000000999,3226,0.0
S6T23g,2180.000000000999,3227,0.0
S2TASE4ly,2180.000000000999,3228,0.0
S6T22g,2180.000000000999,3229,0.0
S2TASE3ly,2180.000000000999,3230,0.0
S2TASE2ly,2180.000000000999,3231,0.0
S6T21g,2180.000000000999,3232,0.0
S6T20g,2180.000000000999,3233,0.0
S6T1g,2180.000000000999,3234,0.0
S6T19g,2180.000000000999,3235,0.0
S6T18g,2180.000000000999,3236,0.0
S6T8g,2180.000000000999,3237,0.0
S6T7g,2180.000000000999,3238,0.0
S6T6g,2180.000000000999,3239,0.0
S4T4g,2180.000000000999,3240,0.0
S4T3g,2180.000000000999,3241,0.0
S4T2g,2180.000000000999,3242,0.0
S4T1g,2180.000000000999,3243,0.0
S3TASE3ly,2180.000000000999,3244,0.0
S3TASE2ly,2180.000000000999,3245,0.0
S3TASE1ly,2180.000000000999,3246,0.0
S6T5g,2180.000000000999,3247,0.0
S6T4g,2180.000000000999,3248,0.0
S6T3g,2180.000000000999,3249,0.0
PYLALDOXm,2180.000000000999,3250,0.0
S6T2g,2180.000000000999,3251,0.0
S3T3g,2180.000000000999,3252,0.0
S6TASE17ly,2180.000000000999,3253,0.0
S6TASE16ly,2180.000000000999,3254,0.0
S6TASE15ly,2180.000000000999,3255,0.0
S4TASE3ly,2180.000000000999,3256,0.0
S4TASE2ly,2180.000000000999,3257,0.0
S4TASE1ly,2180.000000000999,3258,0.0
S6TASE14ly,2180.000000000999,3259,0.0
S6TASE13ly,2180.000000000999,3260,0.0
S6TASE12ly,2180.000000000999,3261,0.0
S6TASE11ly,2180.000000000999,3262,0.0
S4T6g,2180.000000000999,3263,0.0
S4T5g,2180.000000000999,3264,0.0
S6TASE10ly,2180.000000000999,3265,0.0
S6T9g,2180.000000000999,3266,0.0
SARCStm,2180.000000000999,3267,0.0
S6TASE24ly,2180.000000000999,3268,0.0
SARCStex,2180.000000000999,3269,0.0
SARCOXp,2180.000000000999,3270,0.0
SAMHISTA,2180.000000000999,3271,0.0
S6TASE23ly,2180.000000000999,3272,0.0
S6TASE22ly,2180.000000000999,3273,0.0
S6TASE21ly,2180.000000000999,3274,0.0
S6TASE20ly,2180.000000000999,3275,0.0
S6TASE1ly,2180.000000000999,3276,0.0
S6TASE19ly,2180.000000000999,3277,0.0
SALMCOM2,2180.000000000999,3278,0.0
S6TASE18ly,2180.000000000999,3279,0.0
S4TASE5ly,2180.000000000999,3280,0.0
S4TASE4ly,2180.000000000999,3281,0.0
S6TASE7ly,2180.000000000999,3282,0.0
SBTR,2180.000000000999,3283,0.0
SBTD_D2,2180.000000000999,3284,0.0
SBPP3er,2180.000000000999,3285,0.0
SBPP1er,2180.000000000999,3286,0.0
S6TASE6ly,2180.000000000999,3287,0.0
S6TASE5ly,2180.000000000999,3288,0.0
S6TASE4ly,2180.000000000999,3289,0.0
QUILSYN,2180.000000000999,3290,0.0
S6TASE3ly,2180.000000000999,3291,0.0
SARDHm,2180.000000000999,3292,0.0
SARCStp,2180.000000000999,3293,0.0
S6TASE2ly,2180.000000000999,3294,0.0
S6TASE26ly,2180.000000000999,3295,0.0
S6TASE25ly,2180.000000000999,3296,0.0
SEASMETtn,2180.000000000999,3297,0.0
RADH2,2180.000000000999,3298,0.0
SEAHCYStn,2180.000000000999,3299,0.0
SEAHCYSHYD,2180.000000000999,3300,0.0
SCPx,2180.000000000999,3301,0.0
SALMCOM,2180.000000000999,3302,0.0
SADT,2180.000000000999,3303,0.0
SACCD4m,2180.000000000999,3304,0.0
SACCD3m,2180.000000000999,3305,0.0
S6TASE9ly,2180.000000000999,3306,0.0
SCP3x,2180.000000000999,3307,0.0
SCP2x,2180.000000000999,3308,0.0
SCP22x,2180.000000000999,3309,0.0
RADH,2180.000000000999,3310,0.0
SCP21x,2180.000000000999,3311,0.0
S6TASE8ly,2180.000000000999,3312,0.0
SOAT12r,2180.000000000999,3313,0.0
SELNPS,2180.000000000999,3314,0.0
SELMETAT,2180.000000000999,3315,0.0
SOAT12,2180.000000000999,3316,0.0
SOAT11r,2180.000000000999,3317,0.0
RAHY,2180.000000000999,3318,0.0
SOAT11,2180.000000000999,3319,0.0
SO4tl,2180.000000000999,3320,0.0
SELCYSTS,2180.000000000999,3321,0.0
SELCYSTGL,2180.000000000999,3322,0.0
SELCYSLY2,2180.000000000999,3323,0.0
RADH4,2180.000000000999,3324,0.0
SELCYSLY,2180.000000000999,3325,0.0
RADH3,2180.000000000999,3326,0.0
SELADT,2180.000000000999,3327,0.0
SERGLNNaEx,2180.000000000999,3328,0.0
SERDGLYexR,2180.000000000999,3329,0.0
SERDGLNexR,2180.000000000999,3330,0.0
RAI3,2180.000000000999,3331,0.0
SERCYSNaEx,2180.000000000999,3332,0.0
SERASNNaEx,2180.000000000999,3333,0.0
SPH1Pte,2180.000000000999,3334,0.0
SPC_HSt,2180.000000000999,3335,0.0
RAI2,2180.000000000999,3336,0.0
SELt4_3,2180.000000000999,3337,0.0
RAI1,2180.000000000999,3338,0.0
SPHS1Ptr,2180.000000000999,3339,0.0
RAtn,2180.000000000999,3340,0.0
SERTHRNaEx,2180.000000000999,3341,0.0
SPHS1Pte,2180.000000000999,3342,0.0
SPHMYLNtl,2180.000000000999,3343,0.0
RAI4,2180.000000000999,3344,0.0
SPHMYLNtg,2180.000000000999,3345,0.0
SPHMDAc,2180.000000000999,3346,0.0
SERLYSNaex,2180.000000000999,3347,0.0
SPHK21c,2180.000000000999,3348,0.0
SPHINGStr,2180.000000000999,3349,0.0
SPHINGStl,2180.000000000999,3350,0.0
SPHGNtr,2180.000000000999,3351,0.0
SPH1Pter,2180.000000000999,3352,0.0
EX_1mncam_e,2180.000000000999,3353,0.0
EX_1glyc_hs_e,2180.000000000999,3354,0.0
EX_13_cis_retnglc_e,2180.000000000999,3355,0.0
EX_6thf_e,2180.000000000999,3356,0.0
EX_11_cis_retfa_e,2180.000000000999,3357,0.0
EX_10fthf7glu_e,2180.000000000999,3358,0.0
EX_10fthf6glu_e,2180.000000000999,3359,0.0
EX_avite2_e,2180.000000000999,3360,0.0
EX_avite1_e,2180.000000000999,3361,0.0
EX_atp_e,2180.000000000999,3362,0.0
EX_6htststerone_e,2180.000000000999,3363,0.0
EX_10fthf5glu_e,2180.000000000999,3364,0.0
EX_10fthf_e,2180.000000000999,3365,0.0
EX_6dhf_e,2180.000000000999,3366,0.0
SIAASE,2180.000000000999,3367,0.0
SGPL12r,2180.000000000999,3368,0.0
RBK_Dr,2180.000000000999,3369,0.0
SGPL11r,2180.000000000999,3370,0.0
SPODMe,2180.000000000999,3371,0.0
SPODM,2180.000000000999,3372,0.0
SGALSIDEtl,2180.000000000999,3373,0.0
SGALSIDEtg,2180.000000000999,3374,0.0
SPMS,2180.000000000999,3375,0.0
SFGTHi,2180.000000000999,3376,0.0
SERtp,2180.000000000999,3377,0.0
RAtn3,2180.000000000999,3378,0.0
SPMDOX,2180.000000000999,3379,0.0
SR5ARr,2180.000000000999,3380,0.0
SR5AR2r,2180.000000000999,3381,0.0
SPTix,2180.000000000999,3382,0.0
SPRn,2180.000000000999,3383,0.0
SPRMS,2180.000000000999,3384,0.0
SPR,2180.000000000999,3385,0.0
SPODMx,2180.000000000999,3386,0.0
SPODMn,2180.000000000999,3387,0.0
SIAT9g,2180.000000000999,3388,0.0
SIAT4Bg,2180.000000000999,3389,0.0
SIAASEly,2180.000000000999,3390,0.0
SIAASE4ly,2180.000000000999,3391,0.0
SIAASE3ly,2180.000000000999,3392,0.0
SIAASE2ly,2180.000000000999,3393,0.0
ST3GAL21g,2180.000000000999,3394,0.0
SSALxm,2180.000000000999,3395,0.0
SMPD4,2180.000000000999,3396,0.0
SMPD3l,2180.000000000999,3397,0.0
RBTt,2180.000000000999,3398,0.0
SMPD3g,2180.000000000999,3399,0.0
SRTNMTX,2180.000000000999,3400,0.0
SRTNACT,2180.000000000999,3401,0.0
SLDxm,2180.000000000999,3402,0.0
SLDx,2180.000000000999,3403,0.0
SLDt,2180.000000000999,3404,0.0
SLCBK1,2180.000000000999,3405,0.0
SRTN23OX,2180.000000000999,3406,0.0
SUCRe,2180.000000000999,3407,0.0
ST6GALNAC24,2180.000000000999,3408,0.0
ST6GALNAC23,2180.000000000999,3409,0.0
SO4t4_2,2180.000000000999,3410,0.0
SO4HCOtex,2180.000000000999,3411,0.0
SO4CLtex2,2180.000000000999,3412,0.0
ST6GALNAC22,2180.000000000999,3413,0.0
ST6GALNAC21,2180.000000000999,3414,0.0
ST3GAL62g,2180.000000000999,3415,0.0
ST3GAL61g,2180.000000000999,3416,0.0
ST3GAL23g,2180.000000000999,3417,0.0
ST3GAL22g,2180.000000000999,3418,0.0
RDH1,2180.000000000999,3419,0.0
ST8SIA12,2180.000000000999,3420,0.0
ST8SIA11,2180.000000000999,3421,0.0
T4HCINNMFM,2180.000000000999,3422,0.0
T2M26DCOAHLx,2180.000000000999,3423,0.0
T2M26DCOAHLm,2180.000000000999,3424,0.0
ST6GALNAC62,2180.000000000999,3425,0.0
ST6GALNAC61,2180.000000000999,3426,0.0
RDH2,2180.000000000999,3427,0.0
ST6GALNAC31,2180.000000000999,3428,0.0
Ser_Thrtg,2180.000000000999,3429,0.0
ST6GALNAC28,2180.000000000999,3430,0.0
ST6GALNAC27,2180.000000000999,3431,0.0
ST6GALNAC26,2180.000000000999,3432,0.0
ST6GALNAC25,2180.000000000999,3433,0.0
RDH1a,2180.000000000999,3434,0.0
EX_asp__D_e,2180.000000000999,3435,0.0
SK_T_antigen_g,2180.000000000999,3436,0.0
DM_yvite_c,2180.000000000999,3437,0.0
DM_sprm_c,2180.000000000999,3438,0.0
EX_5thf_e,2180.000000000999,3439,0.0
DM_sTn_antigen_g,2180.000000000999,3440,0.0
EX_arachd_e,2180.000000000999,3441,0.0
DM_oretn_n,2180.000000000999,3442,0.0
DM_n5m2masn_g,2180.000000000999,3443,0.0
DM_mem2emgacpail_prot_hs_r,2180.000000000999,3444,0.0
EX_arab__L_e,2180.000000000999,3445,0.0
STRDNCCPT1,2180.000000000999,3446,0.0
TAURtcx,2180.000000000999,3447,0.0
TAURt4_2_r,2180.000000000999,3448,0.0
ST8SIA56g,2180.000000000999,3449,0.0
ST8SIA55g,2180.000000000999,3450,0.0
RDH2a,2180.000000000999,3451,0.0
ST8SIA54g,2180.000000000999,3452,0.0
ST8SIA53g,2180.000000000999,3453,0.0
TAGt,2180.000000000999,3454,0.0
TAGAT_Dt,2180.000000000999,3455,0.0
T4HCINNOX,2180.000000000999,3456,0.0
ST8SIA52g,2180.000000000999,3457,0.0
ST8SIA51g,2180.000000000999,3458,0.0
RDH4,2180.000000000999,3459,0.0
TDCHOLAte,2180.000000000999,3460,0.0
TCYNTtm,2180.000000000999,3461,0.0
TCYNTt,2180.000000000999,3462,0.0
TCHOLAtx,2180.000000000999,3463,0.0
TCHOLAte,2180.000000000999,3464,0.0
TCHOLAt3,2180.000000000999,3465,0.0
TCHOLAt2,2180.000000000999,3466,0.0
TAXOLte,2180.000000000999,3467,0.0
STRDNCCRNt,2180.000000000999,3468,0.0
STRDNCCPT2,2180.000000000999,3469,0.0
TETPENT3COAtx,2180.000000000999,3470,0.0
RETFAt1,2180.000000000999,3471,0.0
RETFAt,2180.000000000999,3472,0.0
TETHEX3t,2180.000000000999,3473,0.0
TETHEX3COAtx,2180.000000000999,3474,0.0
TDPm,2180.000000000999,3475,0.0
RETFA,2180.000000000999,3476,0.0
TDPGDH,2180.000000000999,3477,0.0
TDPDRR,2180.000000000999,3478,0.0
TDPDRE,2180.000000000999,3479,0.0
TDP,2180.000000000999,3480,0.0
SUCCtp,2180.000000000999,3481,0.0
TDCHOLAtx,2180.000000000999,3482,0.0
TETPENT6CPT2,2180.000000000999,3483,0.0
TETPENT6CPT1,2180.000000000999,3484,0.0
RETH1e,2180.000000000999,3485,0.0
TETPENT6COAtx,2180.000000000999,3486,0.0
TETPENT3t,2180.000000000999,3487,0.0
TETPENT3CRNt,2180.000000000999,3488,0.0
THYOXt2,2180.000000000999,3489,0.0
RETH1,2180.000000000999,3490,0.0
TETPENT3CPT2,2180.000000000999,3491,0.0
TETPENT3CPT1,2180.000000000999,3492,0.0
THYMDtm,2180.000000000999,3493,0.0
RETFAt2,2180.000000000999,3494,0.0
THYMDtl,2180.000000000999,3495,0.0
EX_aqcobal_e,2180.000000000999,3496,0.0
EX_aprgstrn_e,2180.000000000999,3497,0.0
EX_5dhf_e,2180.000000000999,3498,0.0
DM_m_em_3gacpail_prot_hs_r,2180.000000000999,3499,0.0
EX_appnn_e,2180.000000000999,3500,0.0
EX_apnnox_e,2180.000000000999,3501,0.0
DM_kdn_c,2180.000000000999,3502,0.0
DM_hretn_n,2180.000000000999,3503,0.0
EX_5adtststerones_e,2180.000000000999,3504,0.0
DM_gpi_sig_r,2180.000000000999,3505,0.0
DM_gncore2_g,2180.000000000999,3506,0.0
DM_ethamp_r,2180.000000000999,3507,0.0
DM_dttp_n,2180.000000000999,3508,0.0
DM_dttp_m,2180.000000000999,3509,0.0
EX_5adtststeroneglc_e,2180.000000000999,3510,0.0
TMDPPK,2180.000000000999,3511,0.0
TETTET6t,2180.000000000999,3512,0.0
TETTET6CRNt,2180.000000000999,3513,0.0
TETTET6CPT2,2180.000000000999,3514,0.0
TETTET6CPT1,2180.000000000999,3515,0.0
TMDPK,2180.000000000999,3516,0.0
TMDK1m,2180.000000000999,3517,0.0
TMDK1,2180.000000000999,3518,0.0
TETTET6COAtx,2180.000000000999,3519,0.0
TETPENT6t,2180.000000000999,3520,0.0
TETPENT6CRNt,2180.000000000999,3521,0.0
TMABADH,2180.000000000999,3522,0.0
RETH2,2180.000000000999,3523,0.0
TMNDNCCPT1,2180.000000000999,3524,0.0
THMMPt4,2180.000000000999,3525,0.0
THMDt5,2180.000000000999,3526,0.0
THMDt4,2180.000000000999,3527,0.0
RETI1,2180.000000000999,3528,0.0
THFtm,2180.000000000999,3529,0.0
RETHe,2180.000000000999,3530,0.0
THFtl,2180.000000000999,3531,0.0
THFt2,2180.000000000999,3532,0.0
TMNDNCCOAtx,2180.000000000999,3533,0.0
TMLYSter,2180.000000000999,3534,0.0
TMLYSOX,2180.000000000999,3535,0.0
THD1m,2180.000000000999,3536,0.0
THCHOLSTOICtm,2180.000000000999,3537,0.0
RETH2e,2180.000000000999,3538,0.0
THMt3,2180.000000000999,3539,0.0
THMt2m,2180.000000000999,3540,0.0
THMTPt,2180.000000000999,3541,0.0
THMTP,2180.000000000999,3542,0.0
RETI3,2180.000000000999,3543,0.0
THMPPtm,2180.000000000999,3544,0.0
THMP,2180.000000000999,3545,0.0
TOLBUTAMIDEte,2180.000000000999,3546,0.0
RETI2,2180.000000000999,3547,0.0
TMNDNCt,2180.000000000999,3548,0.0
THMMPtm,2180.000000000999,3549,0.0
TMNDNCCRNt,2180.000000000999,3550,0.0
TMNDNCCPT2,2180.000000000999,3551,0.0
TRIODTHYSULT,2180.000000000999,3552,0.0
RETNCOA,2180.000000000999,3553,0.0
TRIODTHYSUFt,2180.000000000999,3554,0.0
THRCYSNaEx,2180.000000000999,3555,0.0
TREHe,2180.000000000999,3556,0.0
TREH,2180.000000000999,3557,0.0
TRDRm,2180.000000000999,3558,0.0
TRDR3,2180.000000000999,3559,0.0
TRDR2,2180.000000000999,3560,0.0
DM_dsT_antigen_g,2180.000000000999,3561,0.0
DM_dgtp_n,2180.000000000999,3562,0.0
EX_antipyrene_e,2180.000000000999,3563,0.0
EX_5adtststerone_e,2180.000000000999,3564,0.0
EX_andrstrnglc_e,2180.000000000999,3565,0.0
EX_andrstrn_e,2180.000000000999,3566,0.0
DM_dgtp_m,2180.000000000999,3567,0.0
EX_4pyrdx_e,2180.000000000999,3568,0.0
DM_dgpi_prot_hs_r,2180.000000000999,3569,0.0
EX_amp_e,2180.000000000999,3570,0.0
EX_aldstrn_e,2180.000000000999,3571,0.0
DM_dem2emgacpail_prot_hs_r,2180.000000000999,3572,0.0
DM_dctp_n,2180.000000000999,3573,0.0
DM_Ser_Gly_Ala_X_Gly_l,2180.000000000999,3574,0.0
TSTSTERONEtr,2180.000000000999,3575,0.0
TSTSTERONEt,2180.000000000999,3576,0.0
TSTSTERONESte,2180.000000000999,3577,0.0
TSTSTERONESULT,2180.000000000999,3578,0.0
TSTSTERONEGLCtr,2180.000000000999,3579,0.0
TSTSTERONEGLCte,2180.000000000999,3580,0.0
RETNGLCt2,2180.000000000999,3581,0.0
TS3,2180.000000000999,3582,0.0
TRYPTAOX,2180.000000000999,3583,0.0
THRSERNaEx,2180.000000000999,3584,0.0
RETNGLCt,2180.000000000999,3585,0.0
THRS,2180.000000000999,3586,0.0
TRPO2,2180.000000000999,3587,0.0
UDPGALt2g,2180.000000000999,3588,0.0
TXA2tr,2180.000000000999,3589,0.0
TXA2te,2180.000000000999,3590,0.0
TTDCRNt,2180.000000000999,3591,0.0
RETNGLCtr,2180.000000000999,3592,0.0
TTDCPT2,2180.000000000999,3593,0.0
TTDCPT1,2180.000000000999,3594,0.0
TTDCAtr_copy1,2180.000000000999,3595,0.0
UDPG1P,2180.000000000999,3596,0.0
UDPDOLPT_U,2180.000000000999,3597,0.0
RETNGLCt2r,2180.000000000999,3598,0.0
UDPDOLPT_L,2180.000000000999,3599,0.0
VITD3Hm,2180.000000000999,3600,0.0
TSULt4_3,2180.000000000999,3601,0.0
RETNtr,2180.000000000999,3602,0.0
UDPGLDCg,2180.000000000999,3603,0.0
TYRCBOX,2180.000000000999,3604,0.0
UDPGLCtg,2180.000000000999,3605,0.0
UDPGLCter,2180.000000000999,3606,0.0
RETNt,2180.000000000999,3607,0.0
UDPGLCAtg,2180.000000000999,3608,0.0
TYMSFt,2180.000000000999,3609,0.0
TXASr,2180.000000000999,3610,0.0
UDPGLCAter,2180.000000000999,3611,0.0
UDPGD,2180.000000000999,3612,0.0
UDPGALtg,2180.000000000999,3613,0.0
UGLCNACtg,2180.000000000999,3614,0.0
UGCG,2180.000000000999,3615,0.0
UGALNACtg,2180.000000000999,3616,0.0
UGALNACter,2180.000000000999,3617,0.0
RETNtr2,2180.000000000999,3618,0.0
UGALGTg,2180.000000000999,3619,0.0
UDPtl,2180.000000000999,3620,0.0
UDPXYLtg,2180.000000000999,3621,0.0
UDPXYLter,2180.000000000999,3622,0.0
UDPGP,2180.000000000999,3623,0.0
UDPGNP,2180.000000000999,3624,0.0
UAG2EMA,2180.000000000999,3625,0.0
TYRTAim,2180.000000000999,3626,0.0
TYROXDAc,2180.000000000999,3627,0.0
EX_4nphsf_e,2180.000000000999,3628,0.0
DM_Asn_X_Ser_Thr_l,2180.000000000999,3629,0.0
EX_ala_B_e,2180.000000000999,3630,0.0
EX_ak2lgchol_hs_e,2180.000000000999,3631,0.0
DM_13_cis_retn_n,2180.000000000999,3632,0.0
DM_13_cis_oretn_n,2180.000000000999,3633,0.0
DM_dctp_m,2180.000000000999,3634,0.0
DM_datp_n,2180.000000000999,3635,0.0
DM_datp_m,2180.000000000999,3636,0.0
DM_core8_g,2180.000000000999,3637,0.0
DM_core7_g,2180.000000000999,3638,0.0
EX_ahandrostanglc_e,2180.000000000999,3639,0.0
EX_aflatoxin_e,2180.000000000999,3640,0.0
EX_adrnl_e,2180.000000000999,3641,0.0
EX_adrn_e,2180.000000000999,3642,0.0
UMPK4n,2180.000000000999,3643,0.0
UMPK3n,2180.000000000999,3644,0.0
UMPK2n,2180.000000000999,3645,0.0
RIBFLVt3,2180.000000000999,3646,0.0
UDPACGALtl,2180.000000000999,3647,0.0
UGT1A9r,2180.000000000999,3648,0.0
UAGDP,2180.000000000999,3649,0.0
RETt,2180.000000000999,3650,0.0
UAGALDP,2180.000000000999,3651,0.0
UAG4Ei,2180.000000000999,3652,0.0
URATEtx,2180.000000000999,3653,0.0
URATEt,2180.000000000999,3654,0.0
UPPN,2180.000000000999,3655,0.0
UPPDC1,2180.000000000999,3656,0.0
UPP3S,2180.000000000999,3657,0.0
UNK3,2180.000000000999,3658,0.0
UNK2,2180.000000000999,3659,0.0
UMPtr,2180.000000000999,3660,0.0
UMPKn,2180.000000000999,3661,0.0
UMPKm,2180.000000000999,3662,0.0
UMPK7n,2180.000000000999,3663,0.0
UMPK7,2180.000000000999,3664,0.0
UMPK6n,2180.000000000999,3665,0.0
UMPK5n,2180.000000000999,3666,0.0
VACCCPT1,2180.000000000999,3667,0.0
Uritn,2180.000000000999,3668,0.0
Uritm,2180.000000000999,3669,0.0
Uritl,2180.000000000999,3670,0.0
UTPtn,2180.000000000999,3671,0.0
URIt5,2180.000000000999,3672,0.0
URIt4,2180.000000000999,3673,0.0
URIt,2180.000000000999,3674,0.0
URIDK2m,2180.000000000999,3675,0.0
URCN,2180.000000000999,3676,0.0
VITD3tm3,2180.000000000999,3677,0.0
VITD3tm,2180.000000000999,3678,0.0
VITD3t2,2180.000000000999,3679,0.0
VITD3t,2180.000000000999,3680,0.0
VITD2tm,2180.000000000999,3681,0.0
VITD2t,2180.000000000999,3682,0.0
VITD2Hm,2180.000000000999,3683,0.0
VD3,2180.000000000999,3684,0.0
VACCCRNt,2180.000000000999,3685,0.0
VACCCPT2,2180.000000000999,3686,0.0
XOL7AONEtr,2180.000000000999,3687,0.0
XOL7AH2tr,2180.000000000999,3688,0.0
XOL7AH2tm,2180.000000000999,3689,0.0
XOL27OHtm,2180.000000000999,3690,0.0
XAOx,2180.000000000999,3691,0.0
XAO2x,2180.000000000999,3692,0.0
XANtx,2180.000000000999,3693,0.0
XANDp,2180.000000000999,3694,0.0
WHTTDCAte,2180.000000000999,3695,0.0
WHTSTSTERONEte,2180.000000000999,3696,0.0
WHHDCAte,2180.000000000999,3697,0.0
WHDDCAte,2180.000000000999,3698,0.0
VLCSr,2180.000000000999,3699,0.0
VLCSp,2180.000000000999,3700,0.0
VLCS2r,2180.000000000999,3701,0.0
VLCS2p,2180.000000000999,3702,0.0
EX_adprib_e,2180.000000000999,3703,0.0
EX_adprbp_e,2180.000000000999,3704,0.0
EX_adp_e,2180.000000000999,3705,0.0
EX_adn_e,2180.000000000999,3706,0.0
EX_4nph_e,2180.000000000999,3707,0.0
EX_acngalacglcgal14acglcgalgluside_hs_e,2180.000000000999,3708,0.0
EX_acnacngalgbside_hs_e,2180.000000000999,3709,0.0
EX_acnacngal14acglcgalgluside_hs_e,2180.000000000999,3710,0.0
EX_4mtolbutamide_e,2180.000000000999,3711,0.0
EX_acn23acngalgbside_hs_e,2180.000000000999,3712,0.0
EX_acn13acngalgbside_hs_e,2180.000000000999,3713,0.0
EX_ach_e,2180.000000000999,3714,0.0
EX_acgam_e,2180.000000000999,3715,0.0
DM_core5_g,2180.000000000999,3716,0.0
EX_4mptnl_e,2180.000000000999,3717,0.0
EX_35cgmp_e,2180.000000000999,3718,0.0
XYLt,2180.000000000999,3719,0.0
XYLtly,2180.000000000999,3720,0.0
YVITEt,2180.000000000999,3721,0.0
EX_34dhphe_e,2180.000000000999,3722,0.0
EX_5htrp_e,2180.000000000999,3723,0.0
EX_34dhoxpeg_e,2180.000000000999,3724,0.0
EX_5homeprazole_e,2180.000000000999,3725,0.0
EX_5fthf_e,2180.000000000999,3726,0.0
