condition,regime,method,reaction_id,measured_flux_raw,predicted_flux_raw,measured_flux_abs,predicted_flux_abs,status
acetate,AC,eflux,AKGDH,4.267162823648706,3.801538330161,4.267162823648706,3.801538330161,OK
acetate,AC,eflux,CS,8.834019072475536,4.85777664423,8.834019072475536,4.85777664423,OK
acetate,AC,eflux,EDD,0.8215938476775198,0.0,0.8215938476775198,0.0,OK
acetate,AC,eflux,FBA,-1.886235167682972,5.752029379762,1.886235167682972,5.752029379762,OK
acetate,AC,eflux,FUM,8.404764672475025,4.825998880832,8.404764672475025,4.825998880832,OK
acetate,AC,eflux,G6PDH2r,3.4083130077194776,4.081934853516,3.4083130077194776,4.081934853516,OK
acetate,AC,eflux,GAPD,-2.263870367666462,16.274774634589,2.263870367666462,16.274774634589,OK
acetate,AC,eflux,GND,2.586719160041958,4.081934853516,2.586719160041958,4.081934853516,OK
acetate,AC,eflux,ICDHyr,4.696417223651647,4.85777664423,4.696417223651647,4.85777664423,OK
acetate,AC,eflux,ICL,4.137601848829727,0.0,4.137601848829727,0.0,OK
acetate,AC,eflux,PDH,0.0654626571538203,7.969186891482,0.0654626571538203,7.969186891482,OK
acetate,AC,eflux,PGI,-3.42325540770599,5.918065146484,3.42325540770599,5.918065146484,OK
acetate,AC,eflux,PGM,-2.7365935676724247,-14.586890401186,2.7365935676724247,14.586890401186,OK
acetate,AC,eflux,PPC,1.7741454869694078,2.907189882969,1.7741454869694078,2.907189882969,OK
acetate,AC,eflux,PPCK,3.114281249166248,0.0,3.114281249166248,0.0,OK
acetate,AC,eflux,RPE,1.5573962400197114,1.958943179086,1.5573962400197114,1.958943179086,OK
acetate,AC,eflux,RPI,1.02932292002225,-2.083889346796,1.02932292002225,2.083889346796,OK
acetate,AC,eflux,SUCDi,8.404764672475025,3.802195536903,8.404764672475025,3.802195536903,OK
acetate,AC,eflux,TKT1,0.8391469200127232,1.166781405447,0.8391469200127232,1.166781405447,OK
acetate,AC,eflux,TKT2,0.7182493200069884,0.792161773638,0.7182493200069884,0.792161773638,OK
acetate,AC,eflux,TPI,-1.8862351676675368,7.64537094636,1.8862351676675368,7.64537094636,OK
acetate,AC,gimme,AKGDH,4.267162823648706,3.1698517841416805,4.267162823648706,3.1698517841416805,OK
acetate,AC,gimme,CS,8.834019072475536,4.120466266804268,8.834019072475536,4.120466266804268,OK
acetate,AC,gimme,EDD,0.8215938476775198,0.0,0.8215938476775198,0.0,OK
acetate,AC,gimme,FBA,-1.886235167682972,5.134904297133665,1.886235167682972,5.134904297133665,OK
acetate,AC,gimme,FUM,8.404764672475025,4.0918662797459575,8.404764672475025,4.0918662797459575,OK
acetate,AC,gimme,G6PDH2r,3.4083130077194776,3.79950771762334,3.4083130077194776,3.79950771762334,OK
acetate,AC,gimme,GAPD,-2.263870367666462,14.910840047020322,2.263870367666462,14.910840047020322,OK
acetate,AC,gimme,GND,2.586719160041958,3.79950771762334,2.586719160041958,3.79950771762334,OK
acetate,AC,gimme,ICDHyr,4.696417223651647,4.120466266804268,4.696417223651647,4.120466266804268,OK
acetate,AC,gimme,ICL,4.137601848829727,0.0,4.137601848829727,0.0,OK
acetate,AC,gimme,PDH,0.0654626571538203,7.43581107822465,0.0654626571538203,7.43581107822465,OK
acetate,AC,gimme,PGI,-3.42325540770599,5.353224750399742,3.42325540770599,5.353224750399742,OK
acetate,AC,gimme,PGM,-2.7365935676724247,-13.39174423695797,2.7365935676724247,13.39174423695797,OK
acetate,AC,gimme,PPC,1.7741454869694078,2.616470894671267,1.7741454869694078,2.616470894671267,OK
acetate,AC,gimme,PPCK,3.114281249166248,0.0,3.114281249166248,0.0,OK
acetate,AC,gimme,RPE,1.5573962400197114,1.8468930941502104,1.5573962400197114,1.8468930941502104,OK
acetate,AC,gimme,RPI,1.02932292002225,-1.9174225286027229,1.02932292002225,1.9174225286027229,OK
acetate,AC,gimme,SUCDi,8.404764672475025,3.1704432702101237,8.404764672475025,3.1704432702101237,OK
acetate,AC,gimme,TKT1,0.8391469200127232,1.0920253813891236,0.8391469200127232,1.0920253813891236,OK
acetate,AC,gimme,TKT2,0.7182493200069884,0.7548677127610868,0.7182493200069884,0.7548677127610868,OK
acetate,AC,gimme,TPI,-1.8862351676675368,6.991644231425688,1.8862351676675368,6.991644231425688,OK
acetate,AC,pfba,AKGDH,4.267162823648706,3.801538330157,4.267162823648706,3.801538330157,OK
acetate,AC,pfba,CS,8.834019072475536,4.857776644226,8.834019072475536,4.857776644226,OK
acetate,AC,pfba,EDD,0.8215938476775198,0.0,0.8215938476775198,0.0,OK
acetate,AC,pfba,FBA,-1.886235167682972,5.752029379761,1.886235167682972,5.752029379761,OK
acetate,AC,pfba,FUM,8.404764672475025,4.825998880828,8.404764672475025,4.825998880828,OK
acetate,AC,pfba,G6PDH2r,3.4083130077194776,4.081934853517,3.4083130077194776,4.081934853517,OK
acetate,AC,pfba,GAPD,-2.263870367666462,16.274774634589,2.263870367666462,16.274774634589,OK
acetate,AC,pfba,GND,2.586719160041958,4.081934853517,2.586719160041958,4.081934853517,OK
acetate,AC,pfba,ICDHyr,4.696417223651647,4.857776644226,4.696417223651647,4.857776644226,OK
acetate,AC,pfba,ICL,4.137601848829727,0.0,4.137601848829727,0.0,OK
acetate,AC,pfba,PDH,0.0654626571538203,7.969186891483,0.0654626571538203,7.969186891483,OK
acetate,AC,pfba,PGI,-3.42325540770599,5.918065146483,3.42325540770599,5.918065146483,OK
acetate,AC,pfba,PGM,-2.7365935676724247,-14.586890401187,2.7365935676724247,14.586890401187,OK
acetate,AC,pfba,PPC,1.7741454869694078,2.907189882968,1.7741454869694078,2.907189882968,OK
acetate,AC,pfba,PPCK,3.114281249166248,0.0,3.114281249166248,0.0,OK
acetate,AC,pfba,RPE,1.5573962400197114,1.958943179087,1.5573962400197114,1.958943179087,OK
acetate,AC,pfba,RPI,1.02932292002225,-2.083889346796,1.02932292002225,2.083889346796,OK
acetate,AC,pfba,SUCDi,8.404764672475025,3.802195536899,8.404764672475025,3.802195536899,OK
acetate,AC,pfba,TKT1,0.8391469200127232,1.166781405448,0.8391469200127232,1.166781405448,OK
acetate,AC,pfba,TKT2,0.7182493200069884,0.792161773639,0.7182493200069884,0.792161773639,OK
acetate,AC,pfba,TPI,-1.8862351676675368,7.64537094636,1.8862351676675368,7.64537094636,OK
acetate,AC,reduced_engine,AKGDH,,,4.267162823648706,3.8015383301565953,OK
acetate,AC,reduced_engine,CS,,,8.834019072475536,4.857776644226142,OK
acetate,AC,reduced_engine,EDD,,,0.8215938476775198,0.0,OK
acetate,AC,reduced_engine,FBA,,,1.886235167682972,5.752029379760715,OK
acetate,AC,reduced_engine,FUM,,,8.404764672475025,4.825998880827982,OK
acetate,AC,reduced_engine,G6PDH2r,,,3.4083130077194776,4.081934853516606,OK
acetate,AC,reduced_engine,GAPD,,,2.263870367666462,16.27477463458954,OK
acetate,AC,reduced_engine,GND,,,2.586719160041958,4.081934853516606,OK
acetate,AC,reduced_engine,ICDHyr,,,4.696417223651647,4.857776644226142,OK
acetate,AC,reduced_engine,ICL,,,4.137601848829727,0.0,OK
acetate,AC,reduced_engine,PDH,,,0.0654626571538203,7.969186891483219,OK
acetate,AC,reduced_engine,PGI,,,3.42325540770599,5.918065146483394,OK
acetate,AC,reduced_engine,PGM,,,2.7365935676724247,14.586890401186944,OK
acetate,AC,reduced_engine,PPC,,,1.7741454869694078,2.907189882968088,OK
acetate,AC,reduced_engine,PPCK,,,3.114281249166248,0.0,OK
acetate,AC,reduced_engine,RPE,,,1.5573962400197114,1.9589431790866176,OK
acetate,AC,reduced_engine,RPI,,,1.02932292002225,2.0838893467962043,OK
acetate,AC,reduced_engine,SUCDi,,,8.404764672475025,3.80219553689931,OK
acetate,AC,reduced_engine,TKT1,,,0.8391469200127232,1.1667814054477748,OK
acetate,AC,reduced_engine,TKT2,,,0.7182493200069884,0.792161773638843,OK
acetate,AC,reduced_engine,TPI,,,1.8862351676675368,7.64537094635987,OK
acetate,AC,riptide,AKGDH,4.267162823648706,2.861427683158,4.267162823648706,2.861427683158,OK
acetate,AC,riptide,CS,8.834019072475536,6.393493304501,8.834019072475536,6.393493304501,OK
acetate,AC,riptide,EDD,0.8215938476775198,0.0,0.8215938476775198,0.0,OK
acetate,AC,riptide,FBA,-1.886235167682972,6.780968887679,1.886235167682972,6.780968887679,OK
acetate,AC,riptide,FUM,8.404764672475025,6.365174096976,8.404764672475025,6.365174096976,OK
acetate,AC,riptide,G6PDH2r,3.4083130077194776,3.935615901087,3.4083130077194776,3.935615901087,OK
acetate,AC,riptide,GAPD,-2.263870367666462,16.568987802583,2.263870367666462,16.568987802583,OK
acetate,AC,riptide,GND,2.586719160041958,3.935615901087,2.586719160041958,3.935615901087,OK
acetate,AC,riptide,ICDHyr,4.696417223651647,3.80270953604,4.696417223651647,3.80270953604,OK
acetate,AC,riptide,ICL,4.137601848829727,2.590783768462,4.137601848829727,2.590783768462,OK
acetate,AC,riptide,PDH,0.0654626571538203,0.0,0.0654626571538203,0.0,OK
acetate,AC,riptide,PGI,-3.42325540770599,6.058428780661,3.42325540770599,6.058428780661,OK
acetate,AC,riptide,PGM,-2.7365935676724247,-15.0637319259,2.7365935676724247,15.0637319259,OK
acetate,AC,riptide,PPC,1.7741454869694078,0.0,1.7741454869694078,0.0,OK
acetate,AC,riptide,PPCK,3.114281249166248,0.0,3.114281249166248,0.0,OK
acetate,AC,riptide,RPE,1.5573962400197114,1.944367768047,1.5573962400197114,1.944367768047,OK
acetate,AC,riptide,RPI,1.02932292002225,-1.956401535528,1.02932292002225,1.956401535528,OK
acetate,AC,riptide,SUCDi,8.404764672475025,5.452797130791,8.404764672475025,5.452797130791,OK
acetate,AC,riptide,TKT1,0.8391469200127232,1.13910770058,0.8391469200127232,1.13910770058,OK
acetate,AC,riptide,TKT2,0.7182493200069884,0.805260067467,0.7182493200069884,0.805260067467,OK
acetate,AC,riptide,TPI,-1.8862351676675368,7.796369591273,1.8862351676675368,7.796369591273,OK
acetate,DC,eflux,AKGDH,4.267162823648706,62.970539735304,4.267162823648706,62.970539735304,OK
acetate,DC,eflux,CS,8.834019072475536,86.602158280232,8.834019072475536,86.602158280232,OK
acetate,DC,eflux,EDD,0.8215938476775198,0.0,0.8215938476775198,0.0,OK
acetate,DC,eflux,FBA,-1.886235167682972,-1.738945038935,1.886235167682972,1.738945038935,OK
acetate,DC,eflux,FUM,8.404764672475025,86.537539731833,8.404764672475025,86.537539731833,OK
acetate,DC,eflux,G6PDH2r,3.4083130077194776,0.0,3.4083130077194776,0.0,OK
acetate,DC,eflux,GAPD,-2.263870367666462,-4.808260166869,2.263870367666462,4.808260166869,OK
acetate,DC,eflux,GND,2.586719160041958,0.0,2.586719160041958,0.0,OK
acetate,DC,eflux,ICDHyr,4.696417223651647,65.118349376997,4.696417223651647,65.118349376997,OK
acetate,DC,eflux,ICL,4.137601848829727,21.483808903234,4.137601848829727,21.483808903234,OK
acetate,DC,eflux,PDH,0.0654626571538203,0.0,0.0654626571538203,0.0,OK
acetate,DC,eflux,PGI,-3.42325540770599,0.0,3.42325540770599,0.0,OK
acetate,DC,eflux,PGM,-2.7365935676724247,8.242941368104,2.7365935676724247,8.242941368104,OK
acetate,DC,eflux,PPC,1.7741454869694078,0.0,1.7741454869694078,0.0,OK
acetate,DC,eflux,PPCK,3.114281249166248,9.898832621728,3.114281249166248,9.898832621728,OK
acetate,DC,eflux,RPE,1.5573962400197114,-1.550195273847,1.5573962400197114,1.550195273847,OK
acetate,DC,eflux,RPI,1.02932292002225,-1.47068257753,1.02932292002225,1.47068257753,OK
acetate,DC,eflux,SUCDi,8.404764672475025,84.455685036735,8.404764672475025,84.455685036735,OK
acetate,DC,eflux,TKT1,0.8391469200127232,-0.394212165127,0.8391469200127232,0.394212165127,OK
acetate,DC,eflux,TKT2,0.7182493200069884,-1.15598310872,0.7182493200069884,1.15598310872,OK
acetate,DC,eflux,TPI,-1.8862351676675368,-2.021218706549,1.8862351676675368,2.021218706549,OK
acetate,DC,gimme,AKGDH,4.267162823648706,143.44256737300847,4.267162823648706,143.44256737300847,OK
acetate,DC,gimme,CS,8.834019072475536,225.79639749119116,8.834019072475536,225.79639749119116,OK
acetate,DC,gimme,EDD,0.8215938476775198,0.0,0.8215938476775198,0.0,OK
acetate,DC,gimme,FBA,-1.886235167682972,-8.024364635919644,1.886235167682972,8.024364635919644,OK
acetate,DC,gimme,FUM,8.404764672475025,225.49821509555,8.404764672475025,225.49821509555,OK
acetate,DC,gimme,G6PDH2r,3.4083130077194776,0.0,3.4083130077194776,0.0,OK
acetate,DC,gimme,GAPD,-2.263870367666462,-22.18772418987233,2.263870367666462,22.18772418987233,OK
acetate,DC,gimme,GND,2.586719160041958,0.0,2.586719160041958,0.0,OK
acetate,DC,gimme,ICDHyr,4.696417223651647,153.35363842330614,4.696417223651647,153.35363842330614,OK
acetate,DC,gimme,ICL,4.137601848829727,72.44275906788499,4.137601848829727,72.44275906788499,OK
acetate,DC,gimme,PDH,0.0654626571538203,0.0,0.0654626571538203,0.0,OK
acetate,DC,gimme,PGI,-3.42325540770599,0.0,3.42325540770599,0.0,OK
acetate,DC,gimme,PGM,-2.7365935676724247,37.52241850028566,2.7365935676724247,37.52241850028566,OK
acetate,DC,gimme,PPC,1.7741454869694078,0.0,1.7741454869694078,0.0,OK
acetate,DC,gimme,PPCK,3.114281249166248,45.16353135667932,3.114281249166248,45.16353135667932,OK
acetate,DC,gimme,RPE,1.5573962400197114,-7.153378587507371,1.5573962400197114,7.153378587507371,OK
acetate,DC,gimme,RPI,1.02932292002225,-6.786467122312281,1.02932292002225,6.786467122312281,OK
acetate,DC,gimme,SUCDi,8.404764672475025,215.89149325252583,8.404764672475025,215.89149325252583,OK
acetate,DC,gimme,TKT1,0.8391469200127232,-1.819092670795833,0.8391469200127232,1.819092670795833,OK
acetate,DC,gimme,TKT2,0.7182493200069884,-5.334285916711537,0.7182493200069884,5.334285916711537,OK
acetate,DC,gimme,TPI,-1.8862351676675368,-9.326916929680523,1.8862351676675368,9.326916929680523,OK
acetate,DC,pfba,AKGDH,4.267162823648706,159.3198321887,4.267162823648706,159.3198321887,OK
acetate,DC,pfba,CS,8.834019072475536,250.824087978984,8.834019072475536,250.824087978984,OK
acetate,DC,pfba,EDD,0.8215938476775198,0.0,0.8215938476775198,0.0,OK
acetate,DC,pfba,FBA,-1.886235167682972,-8.915960758285,1.886235167682972,8.915960758285,OK
acetate,DC,pfba,FUM,8.404764672475025,250.492774206048,8.404764672475025,250.492774206048,OK
acetate,DC,pfba,G6PDH2r,3.4083130077194776,0.0,3.4083130077194776,0.0,OK
acetate,DC,pfba,GAPD,-2.263870367666462,-24.65302698105,2.263870367666462,24.65302698105,OK
acetate,DC,pfba,GND,2.586719160041958,0.0,2.586719160041958,0.0,OK
acetate,DC,pfba,ICDHyr,4.696417223651647,170.332133355697,4.696417223651647,170.332133355697,OK
acetate,DC,pfba,ICL,4.137601848829727,80.491954623286,4.137601848829727,80.491954623286,OK
acetate,DC,pfba,PDH,0.0654626571538203,0.0,0.0654626571538203,0.0,OK
acetate,DC,pfba,PGI,-3.42325540770599,0.0,3.42325540770599,0.0,OK
acetate,DC,pfba,PGM,-2.7365935676724247,41.691576214842,2.7365935676724247,41.691576214842,OK
acetate,DC,pfba,PPC,1.7741454869694078,0.0,1.7741454869694078,0.0,OK
acetate,DC,pfba,PPCK,3.114281249166248,50.181701610835,3.114281249166248,50.181701610835,OK
acetate,DC,pfba,RPE,1.5573962400197114,-7.948198430563,1.5573962400197114,7.948198430563,OK
acetate,DC,pfba,RPI,1.02932292002225,-7.540519024791,1.02932292002225,7.540519024791,OK
acetate,DC,pfba,SUCDi,8.404764672475025,239.818638824911,8.404764672475025,239.818638824911,OK
acetate,DC,pfba,TKT1,0.8391469200127232,-2.021214078662,0.8391469200127232,2.021214078662,OK
acetate,DC,pfba,TKT2,0.7182493200069884,-5.926984351902,0.7182493200069884,5.926984351902,OK
acetate,DC,pfba,TPI,-1.8862351676675368,-10.363241084686,1.8862351676675368,10.363241084686,OK
acetate,DC,reduced_engine,AKGDH,,,4.267162823648706,62.97053973526808,OK
acetate,DC,reduced_engine,CS,,,8.834019072475536,86.60215828026439,OK
acetate,DC,reduced_engine,EDD,,,0.8215938476775198,0.0,OK
acetate,DC,reduced_engine,FBA,,,1.886235167682972,1.7389450389349292,OK
acetate,DC,reduced_engine,FUM,,,8.404764672475025,86.53753973186602,OK
acetate,DC,reduced_engine,G6PDH2r,,,3.4083130077194776,0.0,OK
acetate,DC,reduced_engine,GAPD,,,2.263870367666462,4.808260166868921,OK
acetate,DC,reduced_engine,GND,,,2.586719160041958,0.0,OK
acetate,DC,reduced_engine,ICDHyr,,,4.696417223651647,65.11834937696187,OK
acetate,DC,reduced_engine,ICL,,,4.137601848829727,21.48380890330252,OK
acetate,DC,reduced_engine,PDH,,,0.0654626571538203,0.0,OK
acetate,DC,reduced_engine,PGI,,,3.42325540770599,0.0,OK
acetate,DC,reduced_engine,PGM,,,2.7365935676724247,8.242941368104248,OK
acetate,DC,reduced_engine,PPC,,,1.7741454869694078,0.0,OK
acetate,DC,reduced_engine,PPCK,,,3.114281249166248,9.898832621728124,OK
acetate,DC,reduced_engine,RPE,,,1.5573962400197114,1.5501952738470544,OK
acetate,DC,reduced_engine,RPI,,,1.02932292002225,1.4706825775305084,OK
acetate,DC,reduced_engine,SUCDi,,,8.404764672475025,84.45568503676766,OK
acetate,DC,reduced_engine,TKT1,,,0.8391469200127232,0.3942121651274238,OK
acetate,DC,reduced_engine,TKT2,,,0.7182493200069884,1.1559831087196304,OK
acetate,DC,reduced_engine,TPI,,,1.8862351676675368,2.021218706548902,OK
acetate,DC,riptide,AKGDH,4.267162823648706,159.837327639457,4.267162823648706,159.837327639457,OK
acetate,DC,riptide,CS,8.834019072475536,251.626061263476,8.834019072475536,251.626061263476,OK
acetate,DC,riptide,EDD,0.8215938476775198,0.0,0.8215938476775198,0.0,OK
acetate,DC,riptide,FBA,-1.886235167682972,-8.888135652823,1.886235167682972,8.888135652823,OK
acetate,DC,riptide,FUM,8.404764672475025,251.29578146107,8.404764672475025,251.29578146107,OK
acetate,DC,riptide,G6PDH2r,3.4083130077194776,0.0,3.4083130077194776,0.0,OK
acetate,DC,riptide,GAPD,-2.263870367666462,-24.576089330214,2.263870367666462,24.576089330214,OK
acetate,DC,riptide,GND,2.586719160041958,0.0,2.586719160041958,0.0,OK
acetate,DC,riptide,ICDHyr,4.696417223651647,170.815261400669,4.696417223651647,170.815261400669,OK
acetate,DC,riptide,ICL,4.137601848829727,80.810799862807,4.137601848829727,80.810799862807,OK
acetate,DC,riptide,PDH,0.0654626571538203,0.0,0.0654626571538203,0.0,OK
acetate,DC,riptide,PGI,-3.42325540770599,0.0,3.42325540770599,0.0,OK
acetate,DC,riptide,PGM,-2.7365935676724247,42.131510437415,2.7365935676724247,42.131510437415,OK
acetate,DC,riptide,PPC,1.7741454869694078,0.0,1.7741454869694078,0.0,OK
acetate,DC,riptide,PPCK,3.114281249166248,50.59513968331,3.114281249166248,50.59513968331,OK
acetate,DC,riptide,RPE,1.5573962400197114,-7.923393536783,1.5573962400197114,7.923393536783,OK
acetate,DC,riptide,RPI,1.02932292002225,-7.516986424908,1.02932292002225,7.516986424908,OK
acetate,DC,riptide,SUCDi,8.404764672475025,240.654958131292,8.404764672475025,240.654958131292,OK
acetate,DC,riptide,TKT1,0.8391469200127232,-2.014906234065,0.8391469200127232,2.014906234065,OK
acetate,DC,riptide,TKT2,0.7182493200069884,-5.908487302719,0.7182493200069884,5.908487302719,OK
acetate,DC,riptide,TPI,-1.8862351676675368,-10.330899278354,1.8862351676675368,10.330899278354,OK
fructose,AC,eflux,AKGDH,3.8748948272683545,3.801538330159,3.8748948272683545,3.801538330159,OK
fructose,AC,eflux,CS,4.568329268816689,4.857776644229,4.568329268816689,4.857776644229,OK
fructose,AC,eflux,EDD,8.328065533902413e-10,0.0,8.328065533902413e-10,0.0,OK
fructose,AC,eflux,FBA,5.866997754519925,5.752029379759,5.866997754519925,5.752029379759,OK
fructose,AC,eflux,FUM,3.877105268816885,4.825998880831,3.877105268816885,4.825998880831,OK
fructose,AC,eflux,G6PDH2r,6.171282734761359,4.081934853518,6.171282734761359,4.081934853518,OK
fructose,AC,eflux,GAPD,13.464632154516496,16.274774634597,13.464632154516496,16.274774634597,OK
fructose,AC,eflux,GND,6.171282733928552,4.081934853518,6.171282733928552,4.081934853518,OK
fructose,AC,eflux,ICDHyr,4.566118827256721,4.857776644229,4.566118827256721,4.857776644229,OK
fructose,AC,eflux,ICL,0.0022104415511857,0.0,0.0022104415511857,0.0,OK
fructose,AC,eflux,PDH,9.068825630368542,7.969186891478,9.068825630368542,7.969186891478,OK
fructose,AC,eflux,PGI,-6.197932334765144,5.918065146482,6.197932334765144,5.918065146482,OK
fructose,AC,eflux,PGM,12.598520154512068,-14.586890401194,12.598520154512068,14.586890401194,OK
fructose,AC,eflux,PPC,3.5456688226773463,2.907189882969,3.5456688226773463,2.907189882969,OK
fructose,AC,eflux,PPCK,0.358920308694773,0.0,0.358920308694773,0.0,OK
fructose,AC,eflux,RPE,3.772740489279715,1.958943179088,3.772740489279715,1.958943179088,OK
fructose,AC,eflux,RPI,2.39854224464884,-2.083889346797,2.39854224464884,2.083889346797,OK
fructose,AC,eflux,SUCDi,3.877105268816885,3.802195536902,3.877105268816885,3.802195536902,OK
fructose,AC,eflux,TKT1,1.9838078446424343,1.166781405448,1.9838078446424343,1.166781405448,OK
fructose,AC,eflux,TKT2,1.7889326446372806,0.79216177364,1.7889326446372806,0.79216177364,OK
fructose,AC,eflux,TPI,5.866997754518669,7.645370946366,5.866997754518669,7.645370946366,OK
fructose,AC,gimme,AKGDH,3.8748948272683545,2.8776941223262926,3.8748948272683545,2.8776941223262926,OK
fructose,AC,gimme,CS,4.568329268816689,6.280479834054922,4.568329268816689,6.280479834054922,OK
fructose,AC,gimme,EDD,8.328065533902413e-10,0.0,8.328065533902413e-10,0.0,OK
fructose,AC,gimme,FBA,5.866997754519925,2.6353052732292523,5.866997754519925,2.6353052732292523,OK
fructose,AC,gimme,FUM,3.877105268816885,6.251879846996639,3.877105268816885,6.251879846996639,OK
fructose,AC,gimme,G6PDH2r,6.171282734761359,3.9450443600095175,6.171282734761359,3.9450443600095175,OK
fructose,AC,gimme,GAPD,13.464632154516496,16.55686284051569,13.464632154516496,16.55686284051569,OK
fructose,AC,gimme,GND,6.171282733928552,3.9450443600095175,6.171282733928552,3.9450443600095175,OK
fructose,AC,gimme,ICDHyr,4.566118827256721,3.8283086049888793,4.566118827256721,3.8283086049888793,OK
fructose,AC,gimme,ICL,0.0022104415511857,2.4521712290660425,0.0022104415511857,2.4521712290660425,OK
fructose,AC,gimme,PDH,9.068825630368542,0.0,9.068825630368542,0.0,OK
fructose,AC,gimme,PGI,-6.197932334765144,6.054955639990483,6.197932334765144,6.054955639990483,OK
fructose,AC,gimme,PGM,12.598520154512068,-15.036682639327848,12.598520154512068,15.036682639327848,OK
fructose,AC,gimme,PPC,3.5456688226773463,0.1642996656052142,3.5456688226773463,0.1642996656052142,OK
fructose,AC,gimme,PPCK,0.358920308694773,0.0,0.358920308694773,0.0,OK
fructose,AC,gimme,RPE,3.772740489279715,1.9439175224076568,3.772740489279715,1.9439175224076568,OK
fructose,AC,gimme,RPI,2.39854224464884,-1.965934742731454,2.39854224464884,1.965934742731454,OK
fructose,AC,gimme,SUCDi,3.877105268816885,5.330456837460778,3.877105268816885,5.330456837460778,OK
fructose,AC,gimme,TKT1,1.9838078446424343,1.1405375955178467,1.9838078446424343,1.1405375955178467,OK
fructose,AC,gimme,TKT2,1.7889326446372806,0.8033799268898099,1.7889326446372806,0.8033799268898099,OK
fructose,AC,gimme,TPI,5.866997754518669,7.79039952110901,5.866997754518669,7.79039952110901,OK
fructose,AC,pfba,AKGDH,3.8748948272683545,3.801538330157,3.8748948272683545,3.801538330157,OK
fructose,AC,pfba,CS,4.568329268816689,4.857776644226,4.568329268816689,4.857776644226,OK
fructose,AC,pfba,EDD,8.328065533902413e-10,0.0,8.328065533902413e-10,0.0,OK
fructose,AC,pfba,FBA,5.866997754519925,5.752029379761,5.866997754519925,5.752029379761,OK
fructose,AC,pfba,FUM,3.877105268816885,4.825998880828,3.877105268816885,4.825998880828,OK
fructose,AC,pfba,G6PDH2r,6.171282734761359,4.081934853517,6.171282734761359,4.081934853517,OK
fructose,AC,pfba,GAPD,13.464632154516496,16.274774634589,13.464632154516496,16.274774634589,OK
fructose,AC,pfba,GND,6.171282733928552,4.081934853517,6.171282733928552,4.081934853517,OK
fructose,AC,pfba,ICDHyr,4.566118827256721,4.857776644226,4.566118827256721,4.857776644226,OK
fructose,AC,pfba,ICL,0.0022104415511857,0.0,0.0022104415511857,0.0,OK
fructose,AC,pfba,PDH,9.068825630368542,7.969186891483,9.068825630368542,7.969186891483,OK
fructose,AC,pfba,PGI,-6.197932334765144,5.918065146483,6.197932334765144,5.918065146483,OK
fructose,AC,pfba,PGM,12.598520154512068,-14.586890401187,12.598520154512068,14.586890401187,OK
fructose,AC,pfba,PPC,3.5456688226773463,2.907189882968,3.5456688226773463,2.907189882968,OK
fructose,AC,pfba,PPCK,0.358920308694773,0.0,0.358920308694773,0.0,OK
fructose,AC,pfba,RPE,3.772740489279715,1.958943179087,3.772740489279715,1.958943179087,OK
fructose,AC,pfba,RPI,2.39854224464884,-2.083889346796,2.39854224464884,2.083889346796,OK
fructose,AC,pfba,SUCDi,3.877105268816885,3.802195536899,3.877105268816885,3.802195536899,OK
fructose,AC,pfba,TKT1,1.9838078446424343,1.166781405448,1.9838078446424343,1.166781405448,OK
fructose,AC,pfba,TKT2,1.7889326446372806,0.792161773639,1.7889326446372806,0.792161773639,OK
fructose,AC,pfba,TPI,5.866997754518669,7.64537094636,5.866997754518669,7.64537094636,OK
fructose,AC,reduced_engine,AKGDH,,,3.8748948272683545,3.8015383301565953,OK
fructose,AC,reduced_engine,CS,,,4.568329268816689,4.857776644226142,OK
fructose,AC,reduced_engine,EDD,,,8.328065533902412e-10,0.0,OK
fructose,AC,reduced_engine,FBA,,,5.866997754519925,5.752029379760715,OK
fructose,AC,reduced_engine,FUM,,,3.877105268816885,4.825998880827982,OK
fructose,AC,reduced_engine,G6PDH2r,,,6.171282734761359,4.081934853516606,OK
fructose,AC,reduced_engine,GAPD,,,13.464632154516496,16.27477463458954,OK
fructose,AC,reduced_engine,GND,,,6.171282733928552,4.081934853516606,OK
fructose,AC,reduced_engine,ICDHyr,,,4.566118827256721,4.857776644226142,OK
fructose,AC,reduced_engine,ICL,,,0.0022104415511857,0.0,OK
fructose,AC,reduced_engine,PDH,,,9.068825630368542,7.969186891483219,OK
fructose,AC,reduced_engine,PGI,,,6.197932334765144,5.918065146483394,OK
fructose,AC,reduced_engine,PGM,,,12.598520154512068,14.586890401186944,OK
fructose,AC,reduced_engine,PPC,,,3.5456688226773463,2.907189882968088,OK
fructose,AC,reduced_engine,PPCK,,,0.358920308694773,0.0,OK
fructose,AC,reduced_engine,RPE,,,3.772740489279715,1.9589431790866176,OK
fructose,AC,reduced_engine,RPI,,,2.39854224464884,2.0838893467962043,OK
fructose,AC,reduced_engine,SUCDi,,,3.877105268816885,3.80219553689931,OK
fructose,AC,reduced_engine,TKT1,,,1.9838078446424343,1.1667814054477748,OK
fructose,AC,reduced_engine,TKT2,,,1.7889326446372806,0.792161773638843,OK
fructose,AC,reduced_engine,TPI,,,5.866997754518669,7.64537094635987,OK
fructose,AC,riptide,AKGDH,3.8748948272683545,2.83716909481,3.8748948272683545,2.83716909481,OK
fructose,AC,riptide,CS,4.568329268816689,6.372216645928,4.568329268816689,6.372216645928,OK
fructose,AC,riptide,EDD,8.328065533902413e-10,0.0,8.328065533902413e-10,0.0,OK
fructose,AC,riptide,FBA,5.866997754519925,6.766212358466,5.866997754519925,6.766212358466,OK
fructose,AC,riptide,FUM,3.877105268816885,6.343873530046,3.877105268816885,6.343873530046,OK
fructose,AC,riptide,G6PDH2r,6.171282734761359,3.953226851643,6.171282734761359,3.953226851643,OK
fructose,AC,riptide,GAPD,13.464632154516496,16.556301757344,13.464632154516496,16.556301757344,OK
fructose,AC,riptide,GND,6.171282733928552,3.953226851643,6.171282733928552,3.953226851643,OK
fructose,AC,riptide,ICDHyr,4.566118827256721,3.779245620465,4.566118827256721,3.779245620465,OK
fructose,AC,riptide,ICL,0.0022104415511857,2.592971025463,0.0022104415511857,2.592971025463,OK
fructose,AC,riptide,PDH,9.068825630368542,0.0,9.068825630368542,0.0,OK
fructose,AC,riptide,PGI,-6.197932334765144,6.038299475245,6.197932334765144,6.038299475245,OK
fructose,AC,riptide,PGM,12.598520154512068,-15.049775075473,12.598520154512068,15.049775075473,OK
fructose,AC,riptide,PPC,3.5456688226773463,0.0,3.5456688226773463,0.0,OK
fructose,AC,riptide,PPCK,0.358920308694773,0.0,0.358920308694773,0.0,OK
fructose,AC,riptide,RPE,3.772740489279715,1.955534841621,3.772740489279715,1.955534841621,OK
fructose,AC,riptide,RPI,2.39854224464884,-1.962815993434,2.39854224464884,1.962815993434,OK
fructose,AC,riptide,SUCDi,3.877105268816885,5.430726293901,3.877105268816885,5.430726293901,OK
fructose,AC,riptide,TKT1,1.9838078446424343,1.144832162013,1.9838078446424343,1.144832162013,OK
fructose,AC,riptide,TKT2,1.7889326446372806,0.810702679608,1.7889326446372806,0.810702679608,OK
fructose,AC,riptide,TPI,5.866997754518669,7.787233084444,5.866997754518669,7.787233084444,OK
fructose,DC,eflux,AKGDH,3.8748948272683545,0.0,3.8748948272683545,0.0,OK
fructose,DC,eflux,CS,4.568329268816689,9.321262224555,4.568329268816689,9.321262224555,OK
fructose,DC,eflux,EDD,8.328065533902413e-10,0.0,8.328065533902413e-10,0.0,OK
fructose,DC,eflux,FBA,5.866997754519925,586.107345675563,5.866997754519925,586.107345675563,OK
fructose,DC,eflux,FUM,3.877105268816885,9.040824692989,3.877105268816885,9.040824692989,OK
fructose,DC,eflux,G6PDH2r,6.171282734761359,0.0,6.171282734761359,0.0,OK
fructose,DC,eflux,GAPD,13.464632154516496,1000.000000000014,13.464632154516496,1000.000000000014,OK
fructose,DC,eflux,GND,6.171282733928552,0.0,6.171282733928552,0.0,OK
fructose,DC,eflux,ICDHyr,4.566118827256721,9.321262224555,4.566118827256721,9.321262224555,OK
fructose,DC,eflux,ICL,0.0022104415511857,0.0,0.0022104415511857,0.0,OK
fructose,DC,eflux,PDH,9.068825630368542,621.652541507492,9.068825630368542,621.652541507492,OK
fructose,DC,eflux,PGI,-6.197932334765144,0.0,6.197932334765144,0.0,OK
fructose,DC,eflux,PGM,12.598520154512068,-901.312200968108,12.598520154512068,901.312200968108,OK
fructose,DC,eflux,PPC,3.5456688226773463,25.661637976066,3.5456688226773463,25.661637976066,OK
fructose,DC,eflux,PPCK,0.358920308694773,0.0,0.358920308694773,0.0,OK
fructose,DC,eflux,RPE,3.772740489279715,-6.727680315002,3.772740489279715,6.727680315002,OK
fructose,DC,eflux,RPI,2.39854224464884,-6.382603787659,2.39854224464884,6.382603787659,OK
fructose,DC,eflux,SUCDi,3.877105268816885,0.005799824058,3.877105268816885,0.005799824058,OK
fructose,DC,eflux,TKT1,1.9838078446424343,-1.710838284702,1.9838078446424343,1.710838284702,OK
fructose,DC,eflux,TKT2,1.7889326446372806,-5.016842030299,1.7889326446372806,5.016842030299,OK
fructose,DC,eflux,TPI,5.866997754518669,318.44127976625,5.866997754518669,318.44127976625,OK
fructose,DC,gimme,AKGDH,3.8748948272683545,0.0,3.8748948272683545,0.0,OK
fructose,DC,gimme,CS,4.568329268816689,38.57996081426222,4.568329268816689,38.57996081426222,OK
fructose,DC,gimme,EDD,8.328065533902413e-10,229.74097966193145,8.328065533902413e-10,229.74097966193145,OK
fructose,DC,gimme,FBA,5.866997754519925,506.9441861578531,5.866997754519925,506.9441861578531,OK
fructose,DC,gimme,FUM,3.877105268816885,37.66923669109591,3.877105268816885,37.66923669109591,OK
fructose,DC,gimme,G6PDH2r,6.171282734761359,556.6859690673322,6.171282734761359,556.6859690673322,OK
fructose,DC,gimme,GAPD,13.464632154516496,1000.0,13.464632154516496,1000.0,OK
fructose,DC,gimme,GND,6.171282733928552,326.94498940540075,6.171282733928552,326.94498940540075,OK
fructose,DC,gimme,ICDHyr,4.566118827256721,30.270906746540703,4.566118827256721,30.270906746540703,OK
fructose,DC,gimme,ICL,0.0022104415511857,8.309054067721517,0.0022104415511857,8.309054067721517,OK
fructose,DC,gimme,PDH,9.068825630368542,0.0,9.068825630368542,0.0,OK
fructose,DC,gimme,PGI,-6.197932334765144,-556.6859690673322,6.197932334765144,556.6859690673322,OK
fructose,DC,gimme,PGM,12.598520154512068,-951.626649452403,12.598520154512068,951.626649452403,OK
fructose,DC,gimme,PPC,3.5456688226773463,75.02741168373741,3.5456688226773463,75.02741168373741,OK
fructose,DC,gimme,PPCK,0.358920308694773,0.0,0.358920308694773,0.0,OK
fructose,DC,gimme,RPE,3.772740489279715,196.11510673413215,3.772740489279715,196.11510673413215,OK
fructose,DC,gimme,RPI,2.39854224464884,-129.70924266265683,2.39854224464884,129.70924266265683,OK
fructose,DC,gimme,SUCDi,3.877105268816885,8.3278890633441,3.877105268816885,8.3278890633441,OK
fructose,DC,gimme,TKT1,1.9838078446424343,103.42569604322966,1.9838078446424343,103.42569604322966,OK
fructose,DC,gimme,TKT2,1.7889326446372806,92.68941069090252,1.7889326446372806,92.68941069090252,OK
fructose,DC,gimme,TPI,5.866997754518669,65.67918866643527,5.866997754518669,65.67918866643527,OK
fructose,DC,pfba,AKGDH,3.8748948272683545,197.419507052499,3.8748948272683545,197.419507052499,OK
fructose,DC,pfba,CS,4.568329268816689,311.931811698704,4.568329268816689,311.931811698704,OK
fructose,DC,pfba,EDD,8.328065533902413e-10,183.562778303575,8.328065533902413e-10,183.562778303575,OK
fructose,DC,pfba,FBA,5.866997754519925,139.479660306571,5.866997754519925,139.479660306571,OK
fructose,DC,pfba,FUM,3.877105268816885,310.919896006296,3.877105268816885,310.919896006296,OK
fructose,DC,pfba,G6PDH2r,6.171282734761359,183.562778303575,6.171282734761359,183.562778303575,OK
fructose,DC,pfba,GAPD,13.464632154516496,1000.0,13.464632154516496,1000.0,OK
fructose,DC,pfba,GND,6.171282733928552,0.0,6.171282733928552,0.0,OK
fructose,DC,pfba,ICDHyr,4.566118827256721,231.053847881989,4.566118827256721,231.053847881989,OK
fructose,DC,pfba,ICL,0.0022104415511857,80.877963816716,0.0022104415511857,80.877963816716,OK
fructose,DC,pfba,PDH,9.068825630368542,0.0,9.068825630368542,0.0,OK
fructose,DC,pfba,PGI,-6.197932334765144,-183.562778303575,6.197932334765144,183.562778303575,OK
fructose,DC,pfba,PGM,12.598520154512068,-946.213465141218,12.598520154512068,946.213465141218,OK
fructose,DC,pfba,PPC,3.5456688226773463,11.697181467547,3.5456688226773463,11.697181467547,OK
fructose,DC,pfba,PPCK,0.358920308694773,0.0,0.358920308694773,0.0,OK
fructose,DC,pfba,RPE,3.772740489279715,-24.275799484594,3.772740489279715,24.275799484594,OK
fructose,DC,pfba,RPI,2.39854224464884,-23.03064391947,2.39854224464884,23.03064391947,OK
fructose,DC,pfba,SUCDi,3.877105268816885,278.318398642129,3.877105268816885,278.318398642129,OK
fructose,DC,pfba,TKT1,1.9838078446424343,-6.173296768782,1.9838078446424343,6.173296768782,OK
fructose,DC,pfba,TKT2,1.7889326446372806,-18.102502715812,1.7889326446372806,18.102502715812,OK
fructose,DC,pfba,TPI,5.866997754518669,414.214939157597,5.866997754518669,414.214939157597,OK
fructose,DC,reduced_engine,AKGDH,,,3.8748948272683545,0.0,OK
fructose,DC,reduced_engine,CS,,,4.568329268816689,9.32126222455463,OK
fructose,DC,reduced_engine,EDD,,,8.328065533902412e-10,0.0,OK
fructose,DC,reduced_engine,FBA,,,5.866997754519925,586.1073456756019,OK
fructose,DC,reduced_engine,FUM,,,3.877105268816885,9.040824692988943,OK
fructose,DC,reduced_engine,G6PDH2r,,,6.171282734761359,0.0,OK
fructose,DC,reduced_engine,GAPD,,,13.464632154516496,1000.0000000000516,OK
fructose,DC,reduced_engine,GND,,,6.171282733928552,0.0,OK
fructose,DC,reduced_engine,ICDHyr,,,4.566118827256721,9.32126222455463,OK
fructose,DC,reduced_engine,ICL,,,0.0022104415511857,0.0,OK
fructose,DC,reduced_engine,PDH,,,9.068825630368542,621.6525415075291,OK
fructose,DC,reduced_engine,PGI,,,6.197932334765144,0.0,OK
fructose,DC,reduced_engine,PGM,,,12.598520154512068,901.3122009681452,OK
fructose,DC,reduced_engine,PPC,,,3.5456688226773463,25.661637976066032,OK
fructose,DC,reduced_engine,PPCK,,,0.358920308694773,0.0,OK
fructose,DC,reduced_engine,RPE,,,3.772740489279715,6.727680315001992,OK
fructose,DC,reduced_engine,RPI,,,2.39854224464884,6.382603787659717,OK
fructose,DC,reduced_engine,SUCDi,,,3.877105268816885,0.0057998240576822,OK
fructose,DC,reduced_engine,TKT1,,,1.9838078446424343,1.7108382847024228,OK
fructose,DC,reduced_engine,TKT2,,,1.7889326446372806,5.0168420302995695,OK
fructose,DC,reduced_engine,TPI,,,5.866997754518669,318.44127976624816,OK
fructose,DC,riptide,AKGDH,3.8748948272683545,0.0,3.8748948272683545,0.0,OK
fructose,DC,riptide,CS,4.568329268816689,30.171265391216,4.568329268816689,30.171265391216,OK
fructose,DC,riptide,EDD,8.328065533902413e-10,0.0,8.328065533902413e-10,0.0,OK
fructose,DC,riptide,FBA,5.866997754519925,318.795280371112,5.866997754519925,318.795280371112,OK
fructose,DC,riptide,FUM,3.877105268816885,29.263539056874,3.877105268816885,29.263539056874,OK
fructose,DC,riptide,G6PDH2r,6.171282734761359,212.418783218088,6.171282734761359,212.418783218088,OK
fructose,DC,riptide,GAPD,13.464632154516496,820.245668683054,13.464632154516496,820.245668683054,OK
fructose,DC,riptide,GND,6.171282733928552,212.418783218088,6.171282733928552,212.418783218088,OK
fructose,DC,riptide,ICDHyr,4.566118827256721,30.171265391216,4.566118827256721,30.171265391216,OK
fructose,DC,riptide,ICL,0.0022104415511857,0.0,0.0022104415511857,0.0,OK
fructose,DC,riptide,PDH,9.068825630368542,0.0,9.068825630368542,0.0,OK
fructose,DC,riptide,PGI,-6.197932334765144,-212.418783218088,6.197932334765144,212.418783218088,OK
fructose,DC,riptide,PGM,12.598520154512068,-771.997129312976,12.598520154512068,771.997129312976,OK
fructose,DC,riptide,PPC,3.5456688226773463,83.062150929476,3.5456688226773463,83.062150929476,OK
fructose,DC,riptide,PPCK,0.358920308694773,0.0,0.358920308694773,0.0,OK
fructose,DC,riptide,RPE,3.772740489279715,119.836219391409,3.772740489279715,119.836219391409,OK
fructose,DC,riptide,RPI,2.39854224464884,-91.465612577385,2.39854224464884,91.465612577385,OK
fructose,DC,riptide,SUCDi,3.877105268816885,0.018772997331,3.877105268816885,0.018772997331,OK
fructose,DC,riptide,TKT1,1.9838078446424343,65.268582302837,1.9838078446424343,65.268582302837,OK
fructose,DC,riptide,TKT2,1.7889326446372806,54.567637088571,1.7889326446372806,54.567637088571,OK
fructose,DC,riptide,TPI,5.866997754518669,380.098635228645,5.866997754518669,380.098635228645,OK
galactose,AC,eflux,AKGDH,0.2360725140695101,3.801538330156,0.2360725140695101,3.801538330156,OK
galactose,AC,eflux,CS,1.5209626722625027,4.857776644226,1.5209626722625027,4.857776644226,OK
galactose,AC,eflux,EDD,0.1729721308650287,0.0,0.1729721308650287,0.0,OK
galactose,AC,eflux,FBA,1.5474503004639957,5.752029379761,1.5474503004639957,5.752029379761,OK
galactose,AC,eflux,FUM,1.260857772263266,4.825998880828,1.260857772263266,4.825998880828,OK
galactose,AC,eflux,G6PDH2r,0.591653936883625,4.081934853517,0.591653936883625,4.081934853517,OK
galactose,AC,eflux,GAPD,3.3085239004662395,16.27477463459,3.3085239004662395,16.27477463459,OK
galactose,AC,eflux,GND,0.4186818060185962,4.081934853517,0.4186818060185962,4.081934853517,OK
galactose,AC,eflux,ICDHyr,0.4961774140696562,4.857776644226,0.4961774140696562,4.857776644226,OK
galactose,AC,eflux,ICL,1.024785258192576,0.0,1.024785258192576,0.0,OK
galactose,AC,eflux,PDH,2.942698350144697,7.969186891483,2.942698350144697,7.969186891483,OK
galactose,AC,eflux,PGI,1.3684855631159154,5.918065146483,1.3684855631159154,5.918065146483,OK
galactose,AC,eflux,PGM,3.0415275004657847,-14.586890401187,3.0415275004657847,14.586890401187,OK
galactose,AC,eflux,PPC,0.3773862823805695,2.907189882968,0.3773862823805695,2.907189882968,OK
galactose,AC,eflux,PPCK,0.8489494754750043,0.0,0.8489494754750043,0.0,OK
galactose,AC,eflux,RPE,0.190778737346628,1.958943179087,0.190778737346628,1.958943179087,OK
galactose,AC,eflux,RPI,0.227903068671968,-2.083889346796,0.227903068671968,2.083889346796,OK
galactose,AC,eflux,SUCDi,1.260857772263266,3.802195536899,1.260857772263266,3.802195536899,OK
galactose,AC,eflux,TKT1,0.1322096686736066,1.166781405448,0.1322096686736066,1.166781405448,OK
galactose,AC,eflux,TKT2,0.0585690686730214,0.792161773639,0.0585690686730214,0.792161773639,OK
galactose,AC,eflux,TPI,1.54745030046383,7.64537094636,1.54745030046383,7.64537094636,OK
galactose,AC,gimme,AKGDH,0.2360725140695101,2.8776941397406004,0.2360725140695101,2.8776941397406004,OK
galactose,AC,gimme,CS,1.5209626722625027,6.2804798306403775,1.5209626722625027,6.2804798306403775,OK
galactose,AC,gimme,EDD,0.1729721308650287,0.0,0.1729721308650287,0.0,OK
galactose,AC,gimme,FBA,1.5474503004639957,2.635305296960503,1.5474503004639957,2.635305296960503,OK
galactose,AC,gimme,FUM,1.260857772263266,6.251879843582086,1.260857772263266,6.251879843582086,OK
galactose,AC,gimme,G6PDH2r,0.591653936883625,3.945044351302368,0.591653936883625,3.945044351302368,OK
galactose,AC,gimme,GAPD,3.3085239004662395,16.556862843418074,3.3085239004662395,16.556862843418074,OK
galactose,AC,gimme,GND,0.4186818060185962,3.945044351302368,0.4186818060185962,3.945044351302368,OK
galactose,AC,gimme,ICDHyr,0.4961774140696562,3.828308622403188,0.4961774140696562,3.828308622403188,OK
galactose,AC,gimme,ICL,1.024785258192576,2.4521712082371896,1.024785258192576,2.4521712082371896,OK
galactose,AC,gimme,PDH,2.942698350144697,0.0,2.942698350144697,0.0,OK
galactose,AC,gimme,PGI,1.3684855631159154,6.054955648697632,1.3684855631159154,6.054955648697632,OK
galactose,AC,gimme,PGM,3.0415275004657847,-15.036682642230229,3.0415275004657847,15.036682642230229,OK
galactose,AC,gimme,PPC,0.3773862823805695,0.1642996864340773,0.3773862823805695,0.1642996864340773,OK
galactose,AC,gimme,PPCK,0.8489494754750043,0.0,0.8489494754750043,0.0,OK
galactose,AC,gimme,RPE,0.190778737346628,1.943917516602891,0.190778737346628,1.943917516602891,OK
galactose,AC,gimme,RPI,0.227903068671968,-1.9659347398290712,0.227903068671968,1.9659347398290712,OK
galactose,AC,gimme,SUCDi,1.260857772263266,5.330456834046229,1.260857772263266,5.330456834046229,OK
galactose,AC,gimme,TKT1,0.1322096686736066,1.140537592615464,0.1322096686736066,1.140537592615464,OK
galactose,AC,gimme,TKT2,0.0585690686730214,0.8033799239874271,0.0585690686730214,0.8033799239874271,OK
galactose,AC,gimme,TPI,1.54745030046383,7.790399524011393,1.54745030046383,7.790399524011393,OK
galactose,AC,pfba,AKGDH,0.2360725140695101,3.801538330157,0.2360725140695101,3.801538330157,OK
galactose,AC,pfba,CS,1.5209626722625027,4.857776644226,1.5209626722625027,4.857776644226,OK
galactose,AC,pfba,EDD,0.1729721308650287,0.0,0.1729721308650287,0.0,OK
galactose,AC,pfba,FBA,1.5474503004639957,5.752029379761,1.5474503004639957,5.752029379761,OK
galactose,AC,pfba,FUM,1.260857772263266,4.825998880828,1.260857772263266,4.825998880828,OK
galactose,AC,pfba,G6PDH2r,0.591653936883625,4.081934853517,0.591653936883625,4.081934853517,OK
galactose,AC,pfba,GAPD,3.3085239004662395,16.274774634589,3.3085239004662395,16.274774634589,OK
galactose,AC,pfba,GND,0.4186818060185962,4.081934853517,0.4186818060185962,4.081934853517,OK
galactose,AC,pfba,ICDHyr,0.4961774140696562,4.857776644226,0.4961774140696562,4.857776644226,OK
galactose,AC,pfba,ICL,1.024785258192576,0.0,1.024785258192576,0.0,OK
galactose,AC,pfba,PDH,2.942698350144697,7.969186891483,2.942698350144697,7.969186891483,OK
galactose,AC,pfba,PGI,1.3684855631159154,5.918065146483,1.3684855631159154,5.918065146483,OK
galactose,AC,pfba,PGM,3.0415275004657847,-14.586890401187,3.0415275004657847,14.586890401187,OK
galactose,AC,pfba,PPC,0.3773862823805695,2.907189882968,0.3773862823805695,2.907189882968,OK
galactose,AC,pfba,PPCK,0.8489494754750043,0.0,0.8489494754750043,0.0,OK
galactose,AC,pfba,RPE,0.190778737346628,1.958943179087,0.190778737346628,1.958943179087,OK
galactose,AC,pfba,RPI,0.227903068671968,-2.083889346796,0.227903068671968,2.083889346796,OK
galactose,AC,pfba,SUCDi,1.260857772263266,3.802195536899,1.260857772263266,3.802195536899,OK
galactose,AC,pfba,TKT1,0.1322096686736066,1.166781405448,0.1322096686736066,1.166781405448,OK
galactose,AC,pfba,TKT2,0.0585690686730214,0.792161773639,0.0585690686730214,0.792161773639,OK
galactose,AC,pfba,TPI,1.54745030046383,7.64537094636,1.54745030046383,7.64537094636,OK
galactose,AC,reduced_engine,AKGDH,,,0.2360725140695101,3.8015383301565953,OK
galactose,AC,reduced_engine,CS,,,1.5209626722625027,4.857776644226142,OK
galactose,AC,reduced_engine,EDD,,,0.1729721308650287,0.0,OK
galactose,AC,reduced_engine,FBA,,,1.5474503004639957,5.752029379760715,OK
galactose,AC,reduced_engine,FUM,,,1.260857772263266,4.825998880827982,OK
galactose,AC,reduced_engine,G6PDH2r,,,0.591653936883625,4.081934853516606,OK
galactose,AC,reduced_engine,GAPD,,,3.3085239004662395,16.27477463458954,OK
galactose,AC,reduced_engine,GND,,,0.4186818060185962,4.081934853516606,OK
galactose,AC,reduced_engine,ICDHyr,,,0.4961774140696562,4.857776644226142,OK
galactose,AC,reduced_engine,ICL,,,1.024785258192576,0.0,OK
galactose,AC,reduced_engine,PDH,,,2.942698350144697,7.969186891483219,OK
galactose,AC,reduced_engine,PGI,,,1.3684855631159154,5.918065146483394,OK
galactose,AC,reduced_engine,PGM,,,3.0415275004657847,14.586890401186944,OK
galactose,AC,reduced_engine,PPC,,,0.3773862823805695,2.907189882968088,OK
galactose,AC,reduced_engine,PPCK,,,0.8489494754750043,0.0,OK
galactose,AC,reduced_engine,RPE,,,0.190778737346628,1.9589431790866176,OK
galactose,AC,reduced_engine,RPI,,,0.227903068671968,2.0838893467962043,OK
galactose,AC,reduced_engine,SUCDi,,,1.260857772263266,3.80219553689931,OK
galactose,AC,reduced_engine,TKT1,,,0.1322096686736066,1.1667814054477748,OK
galactose,AC,reduced_engine,TKT2,,,0.0585690686730214,0.792161773638843,OK
galactose,AC,reduced_engine,TPI,,,1.54745030046383,7.64537094635987,OK
galactose,AC,riptide,AKGDH,0.2360725140695101,2.856581010862,0.2360725140695101,2.856581010862,OK
galactose,AC,riptide,CS,1.5209626722625027,6.389814423631,1.5209626722625027,6.389814423631,OK
galactose,AC,riptide,EDD,0.1729721308650287,0.0,0.1729721308650287,0.0,OK
galactose,AC,riptide,FBA,1.5474503004639957,6.778717767759,1.5474503004639957,6.778717767759,OK
galactose,AC,riptide,FUM,1.260857772263266,6.36148585305,1.260857772263266,6.36148585305,OK
galactose,AC,riptide,G6PDH2r,0.591653936883625,3.940110547028,0.591653936883625,3.940110547028,OK
galactose,AC,riptide,GAPD,3.3085239004662395,16.568673201005,3.3085239004662395,16.568673201005,OK
galactose,AC,riptide,GND,0.4186818060185962,3.940110547028,0.4186818060185962,3.940110547028,OK
galactose,AC,riptide,ICDHyr,0.4961774140696562,3.79817407565,0.4961774140696562,3.79817407565,OK
galactose,AC,riptide,ICL,1.024785258192576,2.591640347981,1.024785258192576,2.591640347981,OK
galactose,AC,riptide,PDH,2.942698350144697,0.0,2.942698350144697,0.0,OK
galactose,AC,riptide,PGI,1.3684855631159154,6.054874293646,1.3684855631159154,6.054874293646,OK
galactose,AC,riptide,PGM,3.0415275004657847,-15.062919648147,3.0415275004657847,15.062919648147,OK
galactose,AC,riptide,PPC,0.3773862823805695,0.0,0.3773862823805695,0.0,OK
galactose,AC,riptide,PPCK,0.8489494754750043,0.0,0.8489494754750043,0.0,OK
galactose,AC,riptide,RPE,0.190778737346628,1.947139579501,0.190778737346628,1.947139579501,OK
galactose,AC,riptide,RPI,0.227903068671968,-1.958112848837,0.227903068671968,1.958112848837,OK
galactose,AC,riptide,SUCDi,1.260857772263266,5.448807231654,1.260857772263266,5.448807231654,OK
galactose,AC,riptide,TKT1,0.1322096686736066,1.140548795599,0.1322096686736066,1.140548795599,OK
galactose,AC,riptide,TKT2,0.0585690686730214,0.806590783902,0.0585690686730214,0.806590783902,OK
galactose,AC,riptide,TPI,1.54745030046383,7.795518665668,1.54745030046383,7.795518665668,OK
galactose,DC,eflux,AKGDH,0.2360725140695101,0.0,0.2360725140695101,0.0,OK
galactose,DC,eflux,CS,1.5209626722625027,5.931473164697,1.5209626722625027,5.931473164697,OK
galactose,DC,eflux,EDD,0.1729721308650287,0.0,0.1729721308650287,0.0,OK
galactose,DC,eflux,FBA,1.5474503004639957,94.423439163452,1.5474503004639957,94.423439163452,OK
galactose,DC,eflux,FUM,1.260857772263266,5.753020112654,1.260857772263266,5.753020112654,OK
galactose,DC,eflux,G6PDH2r,0.591653936883625,0.0,0.591653936883625,0.0,OK
galactose,DC,eflux,GAPD,3.3085239004662395,285.172877461637,3.3085239004662395,285.172877461637,OK
galactose,DC,eflux,GND,0.4186818060185962,0.0,0.4186818060185962,0.0,OK
galactose,DC,eflux,ICDHyr,0.4961774140696562,5.931473164697,0.4961774140696562,5.931473164697,OK
galactose,DC,eflux,ICL,1.024785258192576,0.0,1.024785258192576,0.0,OK
galactose,DC,eflux,PDH,2.942698350144697,0.0,2.942698350144697,0.0,OK
galactose,DC,eflux,PGI,1.3684855631159154,188.94200353918,1.3684855631159154,188.94200353918,OK
galactose,DC,eflux,PGM,3.0415275004657847,-137.16645046953,3.0415275004657847,137.16645046953,OK
galactose,DC,eflux,PPC,0.3773862823805695,16.329474844751,0.3773862823805695,16.329474844751,OK
galactose,DC,eflux,PPCK,0.8489494754750043,0.0,0.8489494754750043,0.0,OK
galactose,DC,eflux,RPE,0.190778737346628,-4.28107849428,0.190778737346628,4.28107849428,OK
galactose,DC,eflux,RPI,0.227903068671968,-4.061493194308,0.227903068671968,4.061493194308,OK
galactose,DC,eflux,SUCDi,1.260857772263266,115.142712511913,1.260857772263266,115.142712511913,OK
galactose,DC,eflux,TKT1,0.1322096686736066,-1.088671376299,0.1322096686736066,1.088671376299,OK
galactose,DC,eflux,TKT2,0.0585690686730214,-3.192407117982,0.0585690686730214,3.192407117982,OK
galactose,DC,eflux,TPI,1.54745030046383,93.643901418556,1.54745030046383,93.643901418556,OK
galactose,DC,gimme,AKGDH,0.2360725140695101,13.464412455102613,0.2360725140695101,13.464412455102613,OK
galactose,DC,gimme,CS,1.5209626722625027,125.40811333199576,1.5209626722625027,125.40811333199576,OK
galactose,DC,gimme,EDD,0.1729721308650287,0.0,0.1729721308650287,0.0,OK
galactose,DC,gimme,FBA,1.5474503004639957,0.0,1.5474503004639957,0.0,OK
galactose,DC,gimme,FUM,1.260857772263266,124.51072589504032,1.260857772263266,124.51072589504032,OK
galactose,DC,gimme,G6PDH2r,0.591653936883625,238.40615687986065,0.591653936883625,238.40615687986065,OK
galactose,DC,gimme,GAPD,3.3085239004662395,1000.0,3.3085239004662395,1000.0,OK
galactose,DC,gimme,GND,0.4186818060185962,238.40615687986065,0.4186818060185962,238.40615687986065,OK
galactose,DC,gimme,ICDHyr,0.4961774140696562,43.29203064217711,0.4961774140696562,43.29203064217711,OK
galactose,DC,gimme,ICL,1.024785258192576,82.11608268981865,1.024785258192576,82.11608268981865,OK
galactose,DC,gimme,PDH,2.942698350144697,0.0,2.942698350144697,0.0,OK
galactose,DC,gimme,PGI,1.3684855631159154,334.7154603946158,1.3684855631159154,334.7154603946158,OK
galactose,DC,gimme,PGM,3.0415275004657847,-952.3010058824487,3.0415275004657847,952.3010058824487,OK
galactose,DC,gimme,PPC,0.3773862823805695,0.0,0.3773862823805695,0.0,OK
galactose,DC,gimme,PPCK,0.8489494754750043,0.0,0.8489494754750043,0.0,OK
galactose,DC,gimme,RPE,0.190778737346628,137.4091647218907,0.190778737346628,137.4091647218907,OK
galactose,DC,gimme,RPI,0.227903068671968,-99.89276285351238,0.227903068671968,99.89276285351238,OK
galactose,DC,gimme,SUCDi,1.260857772263266,95.59905431999618,1.260857772263266,95.59905431999618,OK
galactose,DC,gimme,TKT1,0.1322096686736066,73.99411370729808,0.1322096686736066,73.99411370729808,OK
galactose,DC,gimme,TKT2,0.0585690686730214,63.41505101459262,0.0585690686730214,63.41505101459262,OK
galactose,DC,gimme,TPI,1.54745030046383,465.5833065401008,1.54745030046383,465.5833065401008,OK
galactose,DC,pfba,AKGDH,0.2360725140695101,256.363108401949,0.2360725140695101,256.363108401949,OK
galactose,DC,pfba,CS,1.5209626722625027,318.680284365622,1.5209626722625027,318.680284365622,OK
galactose,DC,pfba,EDD,0.1729721308650287,119.040054733845,0.1729721308650287,119.040054733845,OK
galactose,DC,pfba,FBA,1.5474503004639957,0.0,1.5474503004639957,0.0,OK
galactose,DC,pfba,FUM,1.260857772263266,317.683187213448,1.260857772263266,317.683187213448,OK
galactose,DC,pfba,G6PDH2r,0.591653936883625,119.040054733845,0.591653936883625,119.040054733845,OK
galactose,DC,pfba,GAPD,3.3085239004662395,1000.0,3.3085239004662395,1000.0,OK
galactose,DC,pfba,GND,0.4186818060185962,0.0,0.4186818060185962,0.0,OK
galactose,DC,pfba,ICDHyr,0.4961774140696562,289.504906387587,0.4961774140696562,289.504906387587,OK
galactose,DC,pfba,ICL,1.024785258192576,29.175377978034,1.024785258192576,29.175377978034,OK
galactose,DC,pfba,PDH,2.942698350144697,0.0,2.942698350144697,0.0,OK
galactose,DC,pfba,PGI,1.3684855631159154,477.576925738077,1.3684855631159154,477.576925738077,OK
galactose,DC,pfba,PGM,3.0415275004657847,-947.001117647166,3.0415275004657847,947.001117647166,OK
galactose,DC,pfba,PPC,0.3773862823805695,62.044092593903,0.3773862823805695,62.044092593903,OK
galactose,DC,pfba,PPCK,0.8489494754750043,0.0,0.8489494754750043,0.0,OK
galactose,DC,pfba,RPE,0.190778737346628,-23.920303553351,0.190778737346628,23.920303553351,OK
galactose,DC,pfba,RPI,0.227903068671968,-22.693382103954,0.227903068671968,22.693382103954,OK
galactose,DC,pfba,SUCDi,1.260857772263266,285.559107685622,1.260857772263266,285.559107685622,OK
galactose,DC,pfba,TKT1,0.1322096686736066,-6.082894725173,0.1322096686736066,6.082894725173,OK
galactose,DC,pfba,TKT2,0.0585690686730214,-17.837408828179,0.0585690686730214,17.837408828179,OK
galactose,DC,pfba,TPI,1.54745030046383,446.388490433163,1.54745030046383,446.388490433163,OK
galactose,DC,reduced_engine,AKGDH,,,0.2360725140695101,0.0,OK
galactose,DC,reduced_engine,CS,,,1.5209626722625027,5.931473164697161,OK
galactose,DC,reduced_engine,EDD,,,0.1729721308650287,0.0,OK
galactose,DC,reduced_engine,FBA,,,1.5474503004639957,94.42343916350362,OK
galactose,DC,reduced_engine,FUM,,,1.260857772263266,5.753020112655772,OK
galactose,DC,reduced_engine,G6PDH2r,,,0.591653936883625,0.0,OK
galactose,DC,reduced_engine,GAPD,,,3.3085239004662395,285.17287746173946,OK
galactose,DC,reduced_engine,GND,,,0.4186818060185962,0.0,OK
galactose,DC,reduced_engine,ICDHyr,,,0.4961774140696562,5.931473164697161,OK
galactose,DC,reduced_engine,ICL,,,1.024785258192576,0.0,OK
galactose,DC,reduced_engine,PDH,,,2.942698350144697,0.0,OK
galactose,DC,reduced_engine,PGI,,,1.3684855631159154,188.9420035391795,OK
galactose,DC,reduced_engine,PGM,,,3.0415275004657847,137.16645046953178,OK
galactose,DC,reduced_engine,PPC,,,0.3773862823805695,16.329474844752355,OK
galactose,DC,reduced_engine,PPCK,,,0.8489494754750043,0.0,OK
galactose,DC,reduced_engine,RPE,,,0.190778737346628,4.281078494281045,OK
galactose,DC,reduced_engine,RPI,,,0.227903068671968,4.061493194308934,OK
galactose,DC,reduced_engine,SUCDi,,,1.260857772263266,115.1427125121949,OK
galactose,DC,reduced_engine,TKT1,,,0.1322096686736066,1.0886713762988842,OK
galactose,DC,reduced_engine,TKT2,,,0.0585690686730214,3.1924071179821616,OK
galactose,DC,reduced_engine,TPI,,,1.54745030046383,93.64390141860724,OK
galactose,DC,riptide,AKGDH,0.2360725140695101,0.0,0.2360725140695101,0.0,OK
galactose,DC,riptide,CS,1.5209626722625027,26.940801615528,1.5209626722625027,26.940801615528,OK
galactose,DC,riptide,EDD,0.1729721308650287,0.0,0.1729721308650287,0.0,OK
galactose,DC,riptide,FBA,1.5474503004639957,329.120351106826,1.5474503004639957,329.120351106826,OK
galactose,DC,riptide,FUM,1.260857772263266,26.130266333774,1.260857772263266,26.130266333774,OK
galactose,DC,riptide,G6PDH2r,0.591653936883625,223.101900911716,0.591653936883625,223.101900911716,OK
galactose,DC,riptide,GAPD,3.3085239004662395,854.765750593786,3.3085239004662395,854.765750593786,OK
galactose,DC,riptide,GND,0.4186818060185962,223.101900911716,0.4186818060185962,223.101900911716,OK
galactose,DC,riptide,ICDHyr,0.4961774140696562,26.940801615528,0.4961774140696562,26.940801615528,OK
galactose,DC,riptide,ICL,1.024785258192576,0.0,1.024785258192576,0.0,OK
galactose,DC,riptide,PDH,2.942698350144697,0.0,2.942698350144697,0.0,OK
galactose,DC,riptide,PGI,1.3684855631159154,271.62055194262,1.3684855631159154,271.62055194262,OK
galactose,DC,riptide,PGM,3.0415275004657847,-811.683224536172,3.0415275004657847,811.683224536172,OK
galactose,DC,riptide,PPC,0.3773862823805695,74.168613776523,0.3773862823805695,74.168613776523,OK
galactose,DC,riptide,PPCK,0.8489494754750043,0.0,0.8489494754750043,0.0,OK
galactose,DC,riptide,RPE,0.190778737346628,129.289905637028,0.190778737346628,129.289905637028,OK
galactose,DC,riptide,RPI,0.227903068671968,-92.814636972632,0.227903068671968,92.814636972632,OK
galactose,DC,riptide,SUCDi,1.260857772263266,0.016762956087,1.260857772263266,0.016762956087,OK
galactose,DC,riptide,TKT1,0.1322096686736066,69.422545643641,0.1322096686736066,69.422545643641,OK
galactose,DC,riptide,TKT2,0.0585690686730214,59.867359993386,0.0585690686730214,59.867359993386,OK
galactose,DC,riptide,TPI,1.54745030046383,395.002229676044,1.54745030046383,395.002229676044,OK
gluconate,AC,eflux,AKGDH,0.182358281607563,3.80153833015,0.182358281607563,3.80153833015,OK
gluconate,AC,eflux,CS,1.1540337082429524,4.857776644219,1.1540337082429524,4.857776644219,OK
gluconate,AC,eflux,EDD,5.818960661819838,0.0,5.818960661819838,0.0,OK
gluconate,AC,eflux,FBA,0.4869192265342796,5.752029379758,0.4869192265342796,5.752029379758,OK
gluconate,AC,eflux,FUM,0.182358354440685,4.825998880821,0.182358354440685,4.825998880821,OK
gluconate,AC,eflux,G6PDH2r,0.0,4.081934853518,0.0,4.081934853518,OK
gluconate,AC,eflux,GAPD,6.89458645850349,16.27477463459,6.89458645850349,16.27477463459,OK
gluconate,AC,eflux,GND,1.4649626029673033,4.081934853518,1.4649626029673033,4.081934853518,OK
gluconate,AC,eflux,ICDHyr,1.1540336354134588,4.857776644219,1.1540336354134588,4.857776644219,OK
gluconate,AC,eflux,ICL,7.284001341875983e-08,0.0,7.284001341875983e-08,0.0,OK
gluconate,AC,eflux,PDH,7.505541965231355,7.969186891486,7.505541965231355,7.969186891486,OK
gluconate,AC,eflux,PGI,-0.0313209425602704,5.918065146482,0.0313209425602704,5.918065146482,OK
gluconate,AC,eflux,PGM,5.873380426982862,-14.586890401188,5.873380426982862,14.586890401188,OK
gluconate,AC,eflux,PPC,1.9433504905565533,2.907189882967,1.9433504905565533,2.907189882967,OK
gluconate,AC,eflux,PPCK,-7.211080821033826e-08,0.0,7.211080821033826e-08,0.0,OK
gluconate,AC,eflux,RPE,0.5597585312843337,1.958943179088,0.5597585312843337,1.958943179088,OK
gluconate,AC,eflux,RPI,0.90520407168297,-2.083889346797,0.90520407168297,2.083889346797,OK
gluconate,AC,eflux,SUCDi,0.182358354440685,3.802195536892,0.182358354440685,3.802195536892,OK
gluconate,AC,eflux,TKT1,0.3887739173526017,1.166781405448,0.3887739173526017,1.166781405448,OK
gluconate,AC,eflux,TKT2,0.1709846139317319,0.79216177364,0.1709846139317319,0.79216177364,OK
gluconate,AC,eflux,TPI,0.486919226522254,7.64537094636,0.486919226522254,7.64537094636,OK
gluconate,AC,gimme,AKGDH,0.182358281607563,2.877694128757961,0.182358281607563,2.877694128757961,OK
gluconate,AC,gimme,CS,1.1540337082429524,6.280479832793835,1.1540337082429524,6.280479832793835,OK
gluconate,AC,gimme,EDD,5.818960661819838,0.0,5.818960661819838,0.0,OK
gluconate,AC,gimme,FBA,0.4869192265342796,2.6353052819939737,0.4869192265342796,2.6353052819939737,OK
gluconate,AC,gimme,FUM,0.182358354440685,6.251879845735541,0.182358354440685,6.251879845735541,OK
gluconate,AC,gimme,G6PDH2r,0.0,3.945044356793684,0.0,3.945044356793684,OK
gluconate,AC,gimme,GAPD,6.89458645850349,16.55686284158763,6.89458645850349,16.55686284158763,OK
gluconate,AC,gimme,GND,1.4649626029673033,3.945044356793684,1.4649626029673033,3.945044356793684,OK
gluconate,AC,gimme,ICDHyr,1.1540336354134588,3.8283086114205487,1.1540336354134588,3.8283086114205487,OK
gluconate,AC,gimme,ICL,7.284001341875983e-08,2.4521712213732867,7.284001341875983e-08,2.4521712213732867,OK
gluconate,AC,gimme,PDH,7.505541965231355,0.0,7.505541965231355,0.0,OK
gluconate,AC,gimme,PGI,-0.0313209425602704,6.054955643206316,0.0313209425602704,6.054955643206316,OK
gluconate,AC,gimme,PGM,5.873380426982862,-15.036682640399786,5.873380426982862,15.036682640399786,OK
gluconate,AC,gimme,PPC,1.9433504905565533,0.164299673297982,1.9433504905565533,0.164299673297982,OK
gluconate,AC,gimme,PPCK,-7.211080821033826e-08,0.0,7.211080821033826e-08,0.0,OK
gluconate,AC,gimme,RPE,0.5597585312843337,1.9439175202637675,0.5597585312843337,1.9439175202637675,OK
gluconate,AC,gimme,RPI,0.90520407168297,-1.9659347416595108,0.90520407168297,1.9659347416595108,OK
gluconate,AC,gimme,SUCDi,0.182358354440685,5.330456836199691,0.182358354440685,5.330456836199691,OK
gluconate,AC,gimme,TKT1,0.3887739173526017,1.1405375944459022,0.3887739173526017,1.1405375944459022,OK
gluconate,AC,gimme,TKT2,0.1709846139317319,0.8033799258178653,0.1709846139317319,0.8033799258178653,OK
gluconate,AC,gimme,TPI,0.486919226522254,7.790399522180952,0.486919226522254,7.790399522180952,OK
gluconate,AC,pfba,AKGDH,0.182358281607563,3.801538330157,0.182358281607563,3.801538330157,OK
gluconate,AC,pfba,CS,1.1540337082429524,4.857776644226,1.1540337082429524,4.857776644226,OK
gluconate,AC,pfba,EDD,5.818960661819838,0.0,5.818960661819838,0.0,OK
gluconate,AC,pfba,FBA,0.4869192265342796,5.752029379761,0.4869192265342796,5.752029379761,OK
gluconate,AC,pfba,FUM,0.182358354440685,4.825998880828,0.182358354440685,4.825998880828,OK
gluconate,AC,pfba,G6PDH2r,0.0,4.081934853517,0.0,4.081934853517,OK
gluconate,AC,pfba,GAPD,6.89458645850349,16.274774634589,6.89458645850349,16.274774634589,OK
gluconate,AC,pfba,GND,1.4649626029673033,4.081934853517,1.4649626029673033,4.081934853517,OK
gluconate,AC,pfba,ICDHyr,1.1540336354134588,4.857776644226,1.1540336354134588,4.857776644226,OK
gluconate,AC,pfba,ICL,7.284001341875983e-08,0.0,7.284001341875983e-08,0.0,OK
gluconate,AC,pfba,PDH,7.505541965231355,7.969186891483,7.505541965231355,7.969186891483,OK
gluconate,AC,pfba,PGI,-0.0313209425602704,5.918065146483,0.0313209425602704,5.918065146483,OK
gluconate,AC,pfba,PGM,5.873380426982862,-14.586890401187,5.873380426982862,14.586890401187,OK
gluconate,AC,pfba,PPC,1.9433504905565533,2.907189882968,1.9433504905565533,2.907189882968,OK
gluconate,AC,pfba,PPCK,-7.211080821033826e-08,0.0,7.211080821033826e-08,0.0,OK
gluconate,AC,pfba,RPE,0.5597585312843337,1.958943179087,0.5597585312843337,1.958943179087,OK
gluconate,AC,pfba,RPI,0.90520407168297,-2.083889346796,0.90520407168297,2.083889346796,OK
gluconate,AC,pfba,SUCDi,0.182358354440685,3.802195536899,0.182358354440685,3.802195536899,OK
gluconate,AC,pfba,TKT1,0.3887739173526017,1.166781405448,0.3887739173526017,1.166781405448,OK
gluconate,AC,pfba,TKT2,0.1709846139317319,0.792161773639,0.1709846139317319,0.792161773639,OK
gluconate,AC,pfba,TPI,0.486919226522254,7.64537094636,0.486919226522254,7.64537094636,OK
gluconate,AC,reduced_engine,AKGDH,,,0.182358281607563,3.8015383301565953,OK
gluconate,AC,reduced_engine,CS,,,1.1540337082429524,4.857776644226142,OK
gluconate,AC,reduced_engine,EDD,,,5.818960661819838,0.0,OK
gluconate,AC,reduced_engine,FBA,,,0.4869192265342796,5.752029379760715,OK
gluconate,AC,reduced_engine,FUM,,,0.182358354440685,4.825998880827982,OK
gluconate,AC,reduced_engine,G6PDH2r,,,0.0,4.081934853516606,OK
gluconate,AC,reduced_engine,GAPD,,,6.89458645850349,16.27477463458954,OK
gluconate,AC,reduced_engine,GND,,,1.4649626029673033,4.081934853516606,OK
gluconate,AC,reduced_engine,ICDHyr,,,1.1540336354134588,4.857776644226142,OK
gluconate,AC,reduced_engine,ICL,,,7.284001341875983e-08,0.0,OK
gluconate,AC,reduced_engine,PDH,,,7.505541965231355,7.969186891483219,OK
gluconate,AC,reduced_engine,PGI,,,0.0313209425602704,5.918065146483394,OK
gluconate,AC,reduced_engine,PGM,,,5.873380426982862,14.586890401186944,OK
gluconate,AC,reduced_engine,PPC,,,1.9433504905565533,2.907189882968088,OK
gluconate,AC,reduced_engine,PPCK,,,7.211080821033826e-08,0.0,OK
gluconate,AC,reduced_engine,RPE,,,0.5597585312843337,1.9589431790866176,OK
gluconate,AC,reduced_engine,RPI,,,0.90520407168297,2.0838893467962043,OK
gluconate,AC,reduced_engine,SUCDi,,,0.182358354440685,3.80219553689931,OK
gluconate,AC,reduced_engine,TKT1,,,0.3887739173526017,1.1667814054477748,OK
gluconate,AC,reduced_engine,TKT2,,,0.1709846139317319,0.792161773638843,OK
gluconate,AC,reduced_engine,TPI,,,0.486919226522254,7.64537094635987,OK
gluconate,AC,riptide,AKGDH,0.182358281607563,2.584939793394,0.182358281607563,2.584939793394,OK
gluconate,AC,riptide,CS,1.1540337082429524,6.094331856576,1.1540337082429524,6.094331856576,OK
gluconate,AC,riptide,EDD,5.818960661819838,0.0,5.818960661819838,0.0,OK
gluconate,AC,riptide,FBA,0.4869192265342796,6.023071325976,0.4869192265342796,6.023071325976,OK
gluconate,AC,riptide,FUM,0.182358354440685,6.066199104807,0.182358354440685,6.066199104807,OK
gluconate,AC,riptide,G6PDH2r,0.0,5.079139622154,0.0,5.079139622154,OK
gluconate,AC,riptide,GAPD,6.89458645850349,16.202830146605,6.89458645850349,16.202830146605,OK
gluconate,AC,riptide,GND,1.4649626029673033,5.079139622154,1.4649626029673033,5.079139622154,OK
gluconate,AC,riptide,ICDHyr,1.1540336354134588,3.520024176967,1.1540336354134588,3.520024176967,OK
gluconate,AC,riptide,ICL,7.284001341875983e-08,2.574307679609,7.284001341875983e-08,2.574307679609,OK
gluconate,AC,riptide,PDH,7.505541965231355,0.0,7.505541965231355,0.0,OK
gluconate,AC,riptide,PGI,-0.0313209425602704,4.915476440733,0.0313209425602704,4.915476440733,OK
gluconate,AC,riptide,PGM,5.873380426982862,-14.6580491627,5.873380426982862,14.6580491627,OK
gluconate,AC,riptide,PPC,1.9433504905565533,0.0,1.9433504905565533,0.0,OK
gluconate,AC,riptide,PPCK,-7.211080821033826e-08,0.0,7.211080821033826e-08,0.0,OK
gluconate,AC,riptide,RPE,0.5597585312843337,2.711189978328,0.5597585312843337,2.711189978328,OK
gluconate,AC,riptide,RPI,0.90520407168297,-2.333332478887,0.90520407168297,2.333332478887,OK
gluconate,AC,riptide,SUCDi,0.182358354440685,5.159829296019,0.182358354440685,5.159829296019,OK
gluconate,AC,riptide,TKT1,0.3887739173526017,1.521419766972,0.3887739173526017,1.521419766972,OK
gluconate,AC,riptide,TKT2,0.1709846139317319,1.189770211357,0.1709846139317319,1.189770211357,OK
gluconate,AC,riptide,TPI,0.486919226522254,7.421598591975,0.486919226522254,7.421598591975,OK
gluconate,DC,eflux,AKGDH,0.182358281607563,0.0,0.182358281607563,0.0,OK
gluconate,DC,eflux,CS,1.1540337082429524,3.675715433029,1.1540337082429524,3.675715433029,OK
gluconate,DC,eflux,EDD,5.818960661819838,75.763882789387,5.818960661819838,75.763882789387,OK
gluconate,DC,eflux,FBA,0.4869192265342796,28.506319020809,0.4869192265342796,28.506319020809,OK
gluconate,DC,eflux,FUM,0.182358354440685,3.565128632879,0.182358354440685,3.565128632879,OK
gluconate,DC,eflux,G6PDH2r,0.0,0.0,0.0,0.0,OK
gluconate,DC,eflux,GAPD,6.89458645850349,121.5734596334,6.89458645850349,121.5734596334,OK
gluconate,DC,eflux,GND,1.4649626029673033,92.422998204999,1.4649626029673033,92.422998204999,OK
gluconate,DC,eflux,ICDHyr,1.1540336354134588,3.675715433029,1.1540336354134588,3.675715433029,OK
gluconate,DC,eflux,ICL,7.284001341875983e-08,0.0,7.284001341875983e-08,0.0,OK
gluconate,DC,eflux,PDH,7.505541965231355,0.0,7.505541965231355,0.0,OK
gluconate,DC,eflux,PGI,-0.0313209425602704,0.0,0.0313209425602704,0.0,OK
gluconate,DC,eflux,PGM,5.873380426982862,-12.953181502193,5.873380426982862,12.953181502193,OK
gluconate,DC,eflux,PPC,1.9433504905565533,10.11932466581,1.9433504905565533,10.11932466581,OK
gluconate,DC,eflux,PPCK,-7.211080821033826e-08,0.0,7.211080821033826e-08,0.0,OK
gluconate,DC,eflux,RPE,0.5597585312843337,58.962361136967,0.5597585312843337,58.962361136967,OK
gluconate,DC,eflux,RPI,0.90520407168297,-33.32456074204,0.90520407168297,33.32456074204,OK
gluconate,DC,eflux,SUCDi,0.182358354440685,0.00228708326,0.182358354440685,0.00228708326,OK
gluconate,DC,eflux,TKT1,0.3887739173526017,30.133019809597,0.3887739173526017,30.133019809597,OK
gluconate,DC,eflux,TKT2,0.1709846139317319,28.82934132737,0.1709846139317319,28.82934132737,OK
gluconate,DC,eflux,TPI,0.486919226522254,-41.843738280454,0.486919226522254,41.843738280454,OK
gluconate,DC,gimme,AKGDH,0.182358281607563,0.0,0.182358281607563,0.0,OK
gluconate,DC,gimme,CS,1.1540337082429524,29.186741750253603,1.1540337082429524,29.186741750253603,OK
gluconate,DC,gimme,EDD,5.818960661819838,271.64278209103765,5.818960661819838,271.64278209103765,OK
gluconate,DC,gimme,FBA,0.4869192265342796,0.0,0.4869192265342796,0.0,OK
gluconate,DC,gimme,FUM,0.182358354440685,28.308635586761728,0.182358354440685,28.308635586761728,OK
gluconate,DC,gimme,G6PDH2r,0.0,0.0,0.0,0.0,OK
gluconate,DC,gimme,GAPD,6.89458645850349,749.9533059445866,6.89458645850349,749.9533059445866,OK
gluconate,DC,gimme,GND,1.4649626029673033,326.19019300812846,1.4649626029673033,326.19019300812846,OK
gluconate,DC,gimme,ICDHyr,1.1540336354134588,29.186741750253603,1.1540336354134588,29.186741750253603,OK
gluconate,DC,gimme,ICL,7.284001341875983e-08,0.0,7.284001341875983e-08,0.0,OK
gluconate,DC,gimme,PDH,7.505541965231355,0.0,7.505541965231355,0.0,OK
gluconate,DC,gimme,PGI,-0.0313209425602704,0.0,0.0313209425602704,0.0,OK
gluconate,DC,gimme,PGM,5.873380426982862,-701.7703273083008,5.873380426982862,701.7703273083008,OK
gluconate,DC,gimme,PPC,1.9433504905565533,80.35173589719591,1.9433504905565533,80.35173589719591,OK
gluconate,DC,gimme,PPCK,-7.211080821033826e-08,0.0,7.211080821033826e-08,0.0,OK
gluconate,DC,gimme,RPE,0.5597585312843337,196.39441211977672,0.5597585312843337,196.39441211977672,OK
gluconate,DC,gimme,RPI,0.90520407168297,-128.71527706333532,0.90520407168297,128.71527706333532,OK
gluconate,DC,gimme,SUCDi,0.182358354440685,0.0181604124946233,0.182358354440685,0.0181604124946233,OK
gluconate,DC,gimme,TKT1,0.3887739173526017,103.37308649451084,0.3887739173526017,103.37308649451084,OK
gluconate,DC,gimme,TKT2,0.1709846139317319,93.02132562526587,0.1709846139317319,93.02132562526587,OK
gluconate,DC,gimme,TPI,0.486919226522254,189.99364036528132,0.486919226522254,189.99364036528132,OK
gluconate,DC,pfba,AKGDH,0.182358281607563,0.0,0.182358281607563,0.0,OK
gluconate,DC,pfba,CS,1.1540337082429524,32.429713055775,1.1540337082429524,32.429713055775,OK
gluconate,DC,pfba,EDD,5.818960661819838,0.0,5.818960661819838,0.0,OK
gluconate,DC,pfba,FBA,0.4869192265342796,0.0,0.4869192265342796,0.0,OK
gluconate,DC,pfba,FUM,0.182358354440685,31.454039540784,0.182358354440685,31.454039540784,OK
gluconate,DC,pfba,G6PDH2r,0.0,0.0,0.0,0.0,OK
gluconate,DC,pfba,GAPD,6.89458645850349,1000.0,6.89458645850349,1000.0,OK
gluconate,DC,pfba,GND,1.4649626029673033,838.209341774475,1.4649626029673033,838.209341774475,OK
gluconate,DC,pfba,ICDHyr,1.1540336354134588,32.429713055837,1.1540336354134588,32.429713055837,OK
gluconate,DC,pfba,ICL,7.284001341875983e-08,0.0,7.284001341875983e-08,0.0,OK
gluconate,DC,pfba,PDH,7.505541965231355,0.0,7.505541965231355,0.0,OK
gluconate,DC,pfba,PGI,-0.0313209425602704,0.0,0.0313209425602704,0.0,OK
gluconate,DC,pfba,PGM,5.873380426982862,-948.139852046431,5.873380426982862,948.139852046431,OK
gluconate,DC,pfba,PPC,1.9433504905565533,89.279706552502,1.9433504905565533,89.279706552502,OK
gluconate,DC,pfba,PPCK,-7.211080821033826e-08,0.0,7.211080821033826e-08,0.0,OK
gluconate,DC,pfba,RPE,0.5597585312843337,535.399876124862,0.5597585312843337,535.399876124862,OK
gluconate,DC,pfba,RPI,0.90520407168297,-301.608905844039,0.90520407168297,301.608905844039,OK
gluconate,DC,pfba,SUCDi,0.182358354440685,0.020178236043,0.182358354440685,0.020178236043,OK
gluconate,DC,pfba,TKT1,0.3887739173526017,273.450916323123,0.3887739173526017,273.450916323123,OK
gluconate,DC,pfba,TKT2,0.1709846139317319,261.948959801739,0.1709846139317319,261.948959801739,OK
gluconate,DC,pfba,TPI,0.486919226522254,203.872113247593,0.486919226522254,203.872113247593,OK
gluconate,DC,reduced_engine,AKGDH,,,0.182358281607563,0.0,OK
gluconate,DC,reduced_engine,CS,,,1.1540337082429524,3.675715433029192,OK
gluconate,DC,reduced_engine,EDD,,,5.818960661819838,75.7638827924368,OK
gluconate,DC,reduced_engine,FBA,,,0.4869192265342796,28.50631902042632,OK
gluconate,DC,reduced_engine,FUM,,,0.182358354440685,3.565128632878933,OK
gluconate,DC,reduced_engine,G6PDH2r,,,0.0,0.0,OK
gluconate,DC,reduced_engine,GAPD,,,6.89458645850349,121.57345963453676,OK
gluconate,DC,reduced_engine,GND,,,1.4649626029673033,92.42299820385178,OK
gluconate,DC,reduced_engine,ICDHyr,,,1.1540336354134588,3.675715433029192,OK
gluconate,DC,reduced_engine,ICL,,,7.284001341875983e-08,0.0,OK
gluconate,DC,reduced_engine,PDH,,,7.505541965231355,0.0,OK
gluconate,DC,reduced_engine,PGI,,,0.0313209425602704,0.0,OK
gluconate,DC,reduced_engine,PGM,,,5.873380426982862,12.95318150219454,OK
gluconate,DC,reduced_engine,PPC,,,1.9433504905565533,10.119324665811504,OK
gluconate,DC,reduced_engine,PPCK,,,7.211080821033826e-08,0.0,OK
gluconate,DC,reduced_engine,RPE,,,0.5597585312843337,58.96236113620152,OK
gluconate,DC,reduced_engine,RPI,,,0.90520407168297,33.324560741657976,OK
gluconate,DC,reduced_engine,SUCDi,,,0.182358354440685,0.0022870832601957,OK
gluconate,DC,reduced_engine,TKT1,,,0.3887739173526017,30.13301980921408,OK
gluconate,DC,reduced_engine,TKT2,,,0.1709846139317319,28.82934132698744,OK
gluconate,DC,reduced_engine,TPI,,,0.486919226522254,41.84373828121953,OK
gluconate,DC,riptide,AKGDH,0.182358281607563,0.0,0.182358281607563,0.0,OK
gluconate,DC,riptide,CS,1.1540337082429524,29.391602301569,1.1540337082429524,29.391602301569,OK
gluconate,DC,riptide,EDD,5.818960661819838,0.0,5.818960661819838,0.0,OK
gluconate,DC,riptide,FBA,0.4869192265342796,146.857040910415,0.4869192265342796,146.857040910415,OK
gluconate,DC,riptide,FUM,0.182358354440685,28.507332746688,0.182358354440685,28.507332746688,OK
gluconate,DC,riptide,G6PDH2r,0.0,0.0,0.0,0.0,OK
gluconate,DC,riptide,GAPD,6.89458645850349,760.496465300721,6.89458645850349,760.496465300721,OK
gluconate,DC,riptide,GND,1.4649626029673033,495.776928303884,1.4649626029673033,495.776928303884,OK
gluconate,DC,riptide,ICDHyr,1.1540336354134588,29.391602301569,1.1540336354134588,29.391602301569,OK
gluconate,DC,riptide,ICL,7.284001341875983e-08,0.0,7.284001341875983e-08,0.0,OK
gluconate,DC,riptide,PDH,7.505541965231355,0.0,7.505541965231355,0.0,OK
gluconate,DC,riptide,PGI,-0.0313209425602704,0.0,0.0313209425602704,0.0,OK
gluconate,DC,riptide,PGM,5.873380426982862,-711.940859924803,5.873380426982862,711.940859924803,OK
gluconate,DC,riptide,PPC,1.9433504905565533,80.915721458034,1.9433504905565533,80.915721458034,OK
gluconate,DC,riptide,PPCK,-7.211080821033826e-08,0.0,7.211080821033826e-08,0.0,OK
gluconate,DC,riptide,RPE,0.5597585312843337,309.30437624399,0.5597585312843337,309.30437624399,OK
gluconate,DC,riptide,RPI,0.90520407168297,-185.384464222549,0.90520407168297,185.384464222549,OK
gluconate,DC,riptide,SUCDi,0.182358354440685,0.01828787969,0.182358354440685,0.01828787969,OK
gluconate,DC,riptide,TKT1,0.3887739173526017,159.864397850529,0.3887739173526017,159.864397850529,OK
gluconate,DC,riptide,TKT2,0.1709846139317319,149.43997839346,0.1709846139317319,149.43997839346,OK
gluconate,DC,riptide,TPI,0.486919226522254,302.858677733308,0.486919226522254,302.858677733308,OK
glucose,AC,eflux,AKGDH,2.138073286877109,3.801538330159,2.138073286877109,3.801538330159,OK
glucose,AC,eflux,CS,2.9779712878442943,4.857776644228,2.9779712878442943,4.857776644228,OK
glucose,AC,eflux,EDD,1.0869910596271797,0.0,1.0869910596271797,0.0,OK
glucose,AC,eflux,FBA,7.058477001280537,5.752029379762,7.058477001280537,5.752029379762,OK
glucose,AC,eflux,FUM,2.13807328784816,4.82599888083,2.13807328784816,4.82599888083,OK
glucose,AC,eflux,G6PDH2r,3.919275276928566,4.081934853516,3.919275276928566,4.081934853516,OK
glucose,AC,eflux,GAPD,15.71039180129149,16.274774634589,15.71039180129149,16.274774634589,OK
glucose,AC,eflux,GND,2.8322842173013867,4.081934853516,2.8322842173013867,4.081934853516,OK
glucose,AC,eflux,ICDHyr,2.977971286877574,4.857776644228,2.977971286877574,4.857776644228,OK
glucose,AC,eflux,ICL,9.65403838355527e-10,0.0,9.65403838355527e-10,0.0,OK
glucose,AC,eflux,PDH,11.29846426880824,7.969186891482,11.29846426880824,7.969186891482,OK
glucose,AC,eflux,PGI,5.699970323068908,5.918065146484,5.699970323068908,5.918065146484,OK
glucose,AC,eflux,PGM,14.557704201289363,-14.586890401187,14.557704201289363,14.586890401187,OK
glucose,AC,eflux,PPC,2.453331329249887,2.907189882968,2.453331329249887,2.907189882968,OK
glucose,AC,eflux,PPCK,0.540874025794242,0.0,0.540874025794242,0.0,OK
glucose,AC,eflux,RPE,1.4048458782047375,1.958943179086,1.4048458782047375,1.958943179086,OK
glucose,AC,eflux,RPI,1.42743833909665,-2.083889346796,1.42743833909665,2.083889346796,OK
glucose,AC,eflux,SUCDi,2.13807328784816,3.802195536901,2.13807328784816,3.802195536901,OK
glucose,AC,eflux,TKT1,0.8202017391036417,1.166781405448,0.8202017391036417,1.166781405448,OK
glucose,AC,eflux,TKT2,0.5846441391010958,0.792161773639,0.5846441391010958,0.792161773639,OK
glucose,AC,eflux,TPI,7.058477001279999,7.64537094636,7.058477001279999,7.64537094636,OK
glucose,AC,gimme,AKGDH,2.138073286877109,2.877694126097393,2.138073286877109,2.877694126097393,OK
glucose,AC,gimme,CS,2.9779712878442943,6.280479833315448,2.9779712878442943,6.280479833315448,OK
glucose,AC,gimme,EDD,1.0869910596271797,0.0,1.0869910596271797,0.0,OK
glucose,AC,gimme,FBA,7.058477001280537,2.635305278368314,7.058477001280537,2.635305278368314,OK
glucose,AC,gimme,FUM,2.13807328784816,6.251879846257126,2.13807328784816,6.251879846257126,OK
glucose,AC,gimme,G6PDH2r,3.919275276928566,3.945044358123954,3.919275276928566,3.945044358123954,OK
glucose,AC,gimme,GAPD,15.71039180129149,16.55686284114424,15.71039180129149,16.55686284114424,OK
glucose,AC,gimme,GND,2.8322842173013867,3.945044358123954,2.8322842173013867,3.945044358123954,OK
glucose,AC,gimme,ICDHyr,2.977971286877574,3.828308608759981,2.977971286877574,3.828308608759981,OK
glucose,AC,gimme,ICL,9.65403838355527e-10,2.452171224555467,9.65403838355527e-10,2.452171224555467,OK
glucose,AC,gimme,PDH,11.29846426880824,0.0,11.29846426880824,0.0,OK
glucose,AC,gimme,PGI,5.699970323068908,6.054955641876047,5.699970323068908,6.054955641876047,OK
glucose,AC,gimme,PGM,14.557704201289363,-15.03668263995642,14.557704201289363,15.03668263995642,OK
glucose,AC,gimme,PPC,2.453331329249887,0.1642996701157977,2.453331329249887,0.1642996701157977,OK
glucose,AC,gimme,PPCK,0.540874025794242,0.0,0.540874025794242,0.0,OK
glucose,AC,gimme,RPE,1.4048458782047375,1.9439175211506243,1.4048458782047375,1.9439175211506243,OK
glucose,AC,gimme,RPI,1.42743833909665,-1.9659347421029236,1.42743833909665,1.9659347421029236,OK
glucose,AC,gimme,SUCDi,2.13807328784816,5.330456836721303,2.13807328784816,5.330456836721303,OK
glucose,AC,gimme,TKT1,0.8202017391036417,1.1405375948893308,0.8202017391036417,1.1405375948893308,OK
glucose,AC,gimme,TKT2,0.5846441391010958,0.8033799262612937,0.5846441391010958,0.8033799262612937,OK
glucose,AC,gimme,TPI,7.058477001279999,7.790399521737543,7.058477001279999,7.790399521737543,OK
glucose,AC,pfba,AKGDH,2.138073286877109,3.801538330157,2.138073286877109,3.801538330157,OK
glucose,AC,pfba,CS,2.9779712878442943,4.857776644226,2.9779712878442943,4.857776644226,OK
glucose,AC,pfba,EDD,1.0869910596271797,0.0,1.0869910596271797,0.0,OK
glucose,AC,pfba,FBA,7.058477001280537,5.752029379761,7.058477001280537,5.752029379761,OK
glucose,AC,pfba,FUM,2.13807328784816,4.825998880828,2.13807328784816,4.825998880828,OK
glucose,AC,pfba,G6PDH2r,3.919275276928566,4.081934853517,3.919275276928566,4.081934853517,OK
glucose,AC,pfba,GAPD,15.71039180129149,16.274774634589,15.71039180129149,16.274774634589,OK
glucose,AC,pfba,GND,2.8322842173013867,4.081934853517,2.8322842173013867,4.081934853517,OK
glucose,AC,pfba,ICDHyr,2.977971286877574,4.857776644226,2.977971286877574,4.857776644226,OK
glucose,AC,pfba,ICL,9.65403838355527e-10,0.0,9.65403838355527e-10,0.0,OK
glucose,AC,pfba,PDH,11.29846426880824,7.969186891483,11.29846426880824,7.969186891483,OK
glucose,AC,pfba,PGI,5.699970323068908,5.918065146483,5.699970323068908,5.918065146483,OK
glucose,AC,pfba,PGM,14.557704201289363,-14.586890401187,14.557704201289363,14.586890401187,OK
glucose,AC,pfba,PPC,2.453331329249887,2.907189882968,2.453331329249887,2.907189882968,OK
glucose,AC,pfba,PPCK,0.540874025794242,0.0,0.540874025794242,0.0,OK
glucose,AC,pfba,RPE,1.4048458782047375,1.958943179087,1.4048458782047375,1.958943179087,OK
glucose,AC,pfba,RPI,1.42743833909665,-2.083889346796,1.42743833909665,2.083889346796,OK
glucose,AC,pfba,SUCDi,2.13807328784816,3.802195536899,2.13807328784816,3.802195536899,OK
glucose,AC,pfba,TKT1,0.8202017391036417,1.166781405448,0.8202017391036417,1.166781405448,OK
glucose,AC,pfba,TKT2,0.5846441391010958,0.792161773639,0.5846441391010958,0.792161773639,OK
glucose,AC,pfba,TPI,7.058477001279999,7.64537094636,7.058477001279999,7.64537094636,OK
glucose,AC,reduced_engine,AKGDH,,,2.138073286877109,3.8015383301565953,OK
glucose,AC,reduced_engine,CS,,,2.9779712878442943,4.857776644226142,OK
glucose,AC,reduced_engine,EDD,,,1.0869910596271797,0.0,OK
glucose,AC,reduced_engine,FBA,,,7.058477001280537,5.752029379760715,OK
glucose,AC,reduced_engine,FUM,,,2.13807328784816,4.825998880827982,OK
glucose,AC,reduced_engine,G6PDH2r,,,3.919275276928566,4.081934853516606,OK
glucose,AC,reduced_engine,GAPD,,,15.71039180129149,16.27477463458954,OK
glucose,AC,reduced_engine,GND,,,2.8322842173013867,4.081934853516606,OK
glucose,AC,reduced_engine,ICDHyr,,,2.977971286877574,4.857776644226142,OK
glucose,AC,reduced_engine,ICL,,,9.65403838355527e-10,0.0,OK
glucose,AC,reduced_engine,PDH,,,11.29846426880824,7.969186891483219,OK
glucose,AC,reduced_engine,PGI,,,5.699970323068908,5.918065146483394,OK
glucose,AC,reduced_engine,PGM,,,14.557704201289363,14.586890401186944,OK
glucose,AC,reduced_engine,PPC,,,2.453331329249887,2.907189882968088,OK
glucose,AC,reduced_engine,PPCK,,,0.540874025794242,0.0,OK
glucose,AC,reduced_engine,RPE,,,1.4048458782047375,1.9589431790866176,OK
glucose,AC,reduced_engine,RPI,,,1.42743833909665,2.0838893467962043,OK
glucose,AC,reduced_engine,SUCDi,,,2.13807328784816,3.80219553689931,OK
glucose,AC,reduced_engine,TKT1,,,0.8202017391036417,1.1667814054477748,OK
glucose,AC,reduced_engine,TKT2,,,0.5846441391010958,0.792161773638843,OK
glucose,AC,reduced_engine,TPI,,,7.058477001279999,7.64537094635987,OK
glucose,AC,riptide,AKGDH,2.138073286877109,2.603990908046,2.138073286877109,2.603990908046,OK
glucose,AC,riptide,CS,2.9779712878442943,6.109802111818,2.9779712878442943,6.109802111818,OK
glucose,AC,riptide,EDD,1.0869910596271797,0.0,1.0869910596271797,0.0,OK
glucose,AC,riptide,FBA,7.058477001280537,6.027237344346,7.058477001280537,6.027237344346,OK
glucose,AC,riptide,FUM,2.13807328784816,6.081698065713,2.13807328784816,6.081698065713,OK
glucose,AC,riptide,G6PDH2r,3.919275276928566,5.075022249408,3.919275276928566,5.075022249408,OK
glucose,AC,riptide,GAPD,15.71039180129149,16.20798604809,15.71039180129149,16.20798604809,OK
glucose,AC,riptide,GND,2.8322842173013867,5.075022249408,2.8322842173013867,5.075022249408,OK
glucose,AC,riptide,ICDHyr,2.977971286877574,3.538121164621,2.977971286877574,3.538121164621,OK
glucose,AC,riptide,ICL,9.65403838355527e-10,2.571680947198,9.65403838355527e-10,2.571680947198,OK
glucose,AC,riptide,PDH,11.29846426880824,0.0,11.29846426880824,0.0,OK
glucose,AC,riptide,PGI,5.699970323068908,4.920417542544,5.699970323068908,4.920417542544,OK
glucose,AC,riptide,PGM,14.557704201289363,-14.664781304008,14.557704201289363,14.664781304008,OK
glucose,AC,riptide,PPC,2.453331329249887,0.0,2.453331329249887,0.0,OK
glucose,AC,riptide,PPCK,0.540874025794242,0.0,0.540874025794242,0.0,OK
glucose,AC,riptide,RPE,1.4048458782047375,2.709133710396,1.4048458782047375,2.709133710396,OK
glucose,AC,riptide,RPI,1.42743833909665,-2.331306696204,1.42743833909665,2.331306696204,OK
glucose,AC,riptide,SUCDi,2.13807328784816,5.176253084588,2.13807328784816,5.176253084588,OK
glucose,AC,riptide,TKT1,0.8202017391036417,1.520222431273,0.8202017391036417,1.520222431273,OK
glucose,AC,riptide,TKT2,0.5846441391010958,1.188911279123,0.5846441391010958,1.188911279123,OK
glucose,AC,riptide,TPI,7.058477001279999,7.424692669804,7.058477001279999,7.424692669804,OK
glucose,DC,eflux,AKGDH,2.138073286877109,0.0,2.138073286877109,0.0,OK
glucose,DC,eflux,CS,2.9779712878442943,8.201874025835,2.9779712878442943,8.201874025835,OK
glucose,DC,eflux,EDD,1.0869910596271797,0.0,1.0869910596271797,0.0,OK
glucose,DC,eflux,FBA,7.058477001280537,328.888796679737,7.058477001280537,328.888796679737,OK
glucose,DC,eflux,FUM,2.13807328784816,7.955114171793,2.13807328784816,7.955114171793,OK
glucose,DC,eflux,G6PDH2r,3.919275276928566,0.0,3.919275276928566,0.0,OK
glucose,DC,eflux,GAPD,15.71039180129149,640.073592405278,15.71039180129149,640.073592405278,OK
glucose,DC,eflux,GND,2.8322842173013867,0.0,2.8322842173013867,0.0,OK
glucose,DC,eflux,ICDHyr,2.977971286877574,8.201874025835,2.977971286877574,8.201874025835,OK
glucose,DC,eflux,ICL,9.65403838355527e-10,0.0,9.65403838355527e-10,0.0,OK
glucose,DC,eflux,PDH,11.29846426880824,234.692963584577,11.29846426880824,234.692963584577,OK
glucose,DC,eflux,PGI,5.699970323068908,335.529333099017,5.699970323068908,335.529333099017,OK
glucose,DC,eflux,PGM,14.557704201289363,-486.085684460873,14.557704201289363,486.085684460873,OK
glucose,DC,eflux,PPC,2.453331329249887,22.579937878136,2.453331329249887,22.579937878136,OK
glucose,DC,eflux,PPCK,0.540874025794242,0.0,0.540874025794242,0.0,OK
glucose,DC,eflux,RPE,1.4048458782047375,-5.919754760684,1.4048458782047375,5.919754760684,OK
glucose,DC,eflux,RPI,1.42743833909665,-5.616118392739,1.42743833909665,5.616118392739,OK
glucose,DC,eflux,SUCDi,2.13807328784816,26.571874502053,2.13807328784816,26.571874502053,OK
glucose,DC,eflux,TKT1,0.8202017391036417,-1.505384115584,0.8202017391036417,1.505384115584,OK
glucose,DC,eflux,TKT2,0.5846441391010958,-4.414370645208,0.5846441391010958,4.414370645208,OK
glucose,DC,eflux,TPI,7.058477001279999,215.187177802766,7.058477001279999,215.187177802766,OK
glucose,DC,gimme,AKGDH,2.138073286877109,0.0,2.138073286877109,0.0,OK
glucose,DC,gimme,CS,2.9779712878442943,30.271008785472983,2.9779712878442943,30.271008785472983,OK
glucose,DC,gimme,EDD,1.0869910596271797,217.01416732848884,1.0869910596271797,217.01416732848884,OK
glucose,DC,gimme,FBA,7.058477001280537,517.70219217047,7.058477001280537,517.70219217047,OK
glucose,DC,gimme,FUM,2.13807328784816,29.36028466231164,2.13807328784816,29.36028466231164,OK
glucose,DC,gimme,G6PDH2r,3.919275276928566,586.5109331213562,3.919275276928566,586.5109331213562,OK
glucose,DC,gimme,GAPD,15.71039180129149,1000.0,15.71039180129149,1000.0,OK
glucose,DC,gimme,GND,2.8322842173013867,369.49676579286734,2.8322842173013867,369.49676579286734,OK
glucose,DC,gimme,ICDHyr,2.977971286877574,30.27090674654073,2.977971286877574,30.27090674654073,OK
glucose,DC,gimme,ICL,9.65403838355527e-10,0.0001020389322547,9.65403838355527e-10,0.0001020389322547,OK
glucose,DC,gimme,PDH,11.29846426880824,0.0,11.29846426880824,0.0,OK
glucose,DC,gimme,PGI,5.699970323068908,258.4414698062715,5.699970323068908,258.4414698062715,OK
glucose,DC,gimme,PGM,14.557704201289363,-951.6266494523996,14.557704201289363,951.6266494523996,OK
glucose,DC,gimme,PPC,2.453331329249887,83.33636371252646,2.453331329249887,83.33636371252646,OK
glucose,DC,gimme,PPCK,0.540874025794242,0.0,0.540874025794242,0.0,OK
glucose,DC,gimme,RPE,1.4048458782047375,224.4829576591082,1.4048458782047375,224.4829576591082,OK
glucose,DC,gimme,RPI,1.42743833909665,-143.89316812514738,1.42743833909665,143.89316812514738,OK
glucose,DC,gimme,SUCDi,2.13807328784816,0.0189370345548365,2.13807328784816,0.0189370345548365,OK
glucose,DC,gimme,TKT1,0.8202017391036417,117.60962150571773,0.8202017391036417,117.60962150571773,OK
glucose,DC,gimme,TKT2,0.5846441391010958,106.87333615339048,0.5846441391010958,106.87333615339048,OK
glucose,DC,gimme,TPI,7.058477001279999,39.28014406228493,7.058477001279999,39.28014406228493,OK
glucose,DC,pfba,AKGDH,2.138073286877109,197.419507052527,2.138073286877109,197.419507052527,OK
glucose,DC,pfba,CS,2.9779712878442943,311.931811698679,2.9779712878442943,311.931811698679,OK
glucose,DC,pfba,EDD,1.0869910596271797,183.562778303548,1.0869910596271797,183.562778303548,OK
glucose,DC,pfba,FBA,7.058477001280537,139.479660306624,7.058477001280537,139.479660306624,OK
glucose,DC,pfba,FUM,2.13807328784816,310.91989600627,2.13807328784816,310.91989600627,OK
glucose,DC,pfba,G6PDH2r,3.919275276928566,183.562778303548,3.919275276928566,183.562778303548,OK
glucose,DC,pfba,GAPD,15.71039180129149,1000.0,15.71039180129149,1000.0,OK
glucose,DC,pfba,GND,2.8322842173013867,0.0,2.8322842173013867,0.0,OK
glucose,DC,pfba,ICDHyr,2.977971286877574,231.053847882017,2.977971286877574,231.053847882017,OK
glucose,DC,pfba,ICL,9.65403838355527e-10,80.877963816662,9.65403838355527e-10,80.877963816662,OK
glucose,DC,pfba,PDH,11.29846426880824,0.0,11.29846426880824,0.0,OK
glucose,DC,pfba,PGI,5.699970323068908,445.866887052488,5.699970323068908,445.866887052488,OK
glucose,DC,pfba,PGM,14.557704201289363,-946.213465141218,14.557704201289363,946.213465141218,OK
glucose,DC,pfba,PPC,2.453331329249887,11.6971814676,2.453331329249887,11.6971814676,OK
glucose,DC,pfba,PPCK,0.540874025794242,0.0,0.540874025794242,0.0,OK
glucose,DC,pfba,RPE,1.4048458782047375,-24.275799484594,1.4048458782047375,24.275799484594,OK
glucose,DC,pfba,RPI,1.42743833909665,-23.03064391947,1.42743833909665,23.03064391947,OK
glucose,DC,pfba,SUCDi,2.13807328784816,278.318398642103,2.13807328784816,278.318398642103,OK
glucose,DC,pfba,TKT1,0.8202017391036417,-6.173296768782,0.8202017391036417,6.173296768782,OK
glucose,DC,pfba,TKT2,0.5846441391010958,-18.102502715812,0.5846441391010958,18.102502715812,OK
glucose,DC,pfba,TPI,7.058477001279999,414.214939157611,7.058477001279999,414.214939157611,OK
glucose,DC,reduced_engine,AKGDH,,,2.138073286877109,0.0,OK
glucose,DC,reduced_engine,CS,,,2.9779712878442943,8.20187402583474,OK
glucose,DC,reduced_engine,EDD,,,1.0869910596271797,0.0,OK
glucose,DC,reduced_engine,FBA,,,7.058477001280537,328.8887966796634,OK
glucose,DC,reduced_engine,FUM,,,2.13807328784816,7.955114171791395,OK
glucose,DC,reduced_engine,G6PDH2r,,,3.919275276928566,0.0,OK
glucose,DC,reduced_engine,GAPD,,,15.71039180129149,640.0735924052251,OK
glucose,DC,reduced_engine,GND,,,2.8322842173013867,0.0,OK
glucose,DC,reduced_engine,ICDHyr,,,2.977971286877574,8.20187402583474,OK
glucose,DC,reduced_engine,ICL,,,9.65403838355527e-10,0.0,OK
glucose,DC,reduced_engine,PDH,,,11.29846426880824,234.69296358452303,OK
glucose,DC,reduced_engine,PGI,,,5.699970323068908,335.5293330990173,OK
glucose,DC,reduced_engine,PGM,,,14.557704201289363,486.0856844608203,OK
glucose,DC,reduced_engine,PPC,,,2.453331329249887,22.579937878136462,OK
glucose,DC,reduced_engine,PPCK,,,0.540874025794242,0.0,OK
glucose,DC,reduced_engine,RPE,,,1.4048458782047375,5.919754760720118,OK
glucose,DC,reduced_engine,RPI,,,1.42743833909665,5.616118392774355,OK
glucose,DC,reduced_engine,SUCDi,,,2.13807328784816,26.571874502059067,OK
glucose,DC,reduced_engine,TKT1,,,0.8202017391036417,1.5053841155478498,OK
glucose,DC,reduced_engine,TKT2,,,0.5846441391010958,4.414370645172268,OK
glucose,DC,reduced_engine,TPI,,,7.058477001279999,215.18717780275065,OK
glucose,DC,riptide,AKGDH,2.138073286877109,0.0,2.138073286877109,0.0,OK
glucose,DC,riptide,CS,2.9779712878442943,30.026501352645,2.9779712878442943,30.026501352645,OK
glucose,DC,riptide,EDD,1.0869910596271797,0.0,1.0869910596271797,0.0,OK
glucose,DC,riptide,FBA,7.058477001280537,312.879325177119,7.058477001280537,312.879325177119,OK
glucose,DC,riptide,FUM,2.13807328784816,29.123130358669,2.13807328784816,29.123130358669,OK
glucose,DC,riptide,G6PDH2r,3.919275276928566,204.619869483215,3.919275276928566,204.619869483215,OK
glucose,DC,riptide,GAPD,15.71039180129149,800.757652950231,15.71039180129149,800.757652950231,OK
glucose,DC,riptide,GND,2.8322842173013867,204.619869483215,2.8322842173013867,204.619869483215,OK
glucose,DC,riptide,ICDHyr,2.977971286877574,30.026501352645,2.977971286877574,30.026501352645,OK
glucose,DC,riptide,ICL,9.65403838355527e-10,0.0,9.65403838355527e-10,0.0,OK
glucose,DC,riptide,PDH,11.29846426880824,0.0,11.29846426880824,0.0,OK
glucose,DC,riptide,PGI,5.699970323068908,263.472144327185,5.699970323068908,263.472144327185,OK
glucose,DC,riptide,PGM,14.557704201289363,-752.712352000628,14.557704201289363,752.712352000628,OK
glucose,DC,riptide,PPC,2.453331329249887,82.663612377479,2.453331329249887,82.663612377479,OK
glucose,DC,riptide,PPCK,0.540874025794242,0.0,0.540874025794242,0.0,OK
glucose,DC,riptide,RPE,1.4048458782047375,114.741427934027,1.4048458782047375,114.741427934027,OK
glucose,DC,riptide,RPI,1.42743833909665,-88.766849517401,1.42743833909665,88.766849517401,OK
glucose,DC,riptide,SUCDi,2.13807328784816,0.018682923055,2.13807328784816,0.018682923055,OK
glucose,DC,riptide,TKT1,0.8202017391036417,62.695514597422,0.8202017391036417,62.695514597422,OK
glucose,DC,riptide,TKT2,0.5846441391010958,52.045913336605,0.5846441391010958,52.045913336605,OK
glucose,DC,riptide,TPI,7.058477001279999,371.628637793744,7.058477001279999,371.628637793744,OK
glycerol,AC,eflux,AKGDH,1.8404588252331304,3.801538330161,1.8404588252331304,3.801538330161,OK
glycerol,AC,eflux,CS,2.4648364262557534,4.857776644231,2.4648364262557534,4.857776644231,OK
glycerol,AC,eflux,EDD,0.0145803532454725,0.0,0.0145803532454725,0.0,OK
glycerol,AC,eflux,FBA,-1.4956986602582492,5.752029379762,1.4956986602582492,5.752029379762,OK
glycerol,AC,eflux,FUM,1.840458826252222,4.825998880833,1.840458826252222,4.825998880833,OK
glycerol,AC,eflux,G6PDH2r,3.426090474256944,4.081934853516,3.426090474256944,4.081934853516,OK
glycerol,AC,eflux,GAPD,8.012882939729515,16.274774634589,8.012882939729515,16.274774634589,OK
glycerol,AC,eflux,GND,3.411510121011471,4.081934853516,3.411510121011471,4.081934853516,OK
glycerol,AC,eflux,ICDHyr,2.464836425226839,4.857776644231,2.464836425226839,4.857776644231,OK
glycerol,AC,eflux,ICL,1.0136062348760075e-09,0.0,1.0136062348760075e-09,0.0,OK
glycerol,AC,eflux,PDH,4.097735891264716,7.969186891482,4.097735891264716,7.969186891482,OK
glycerol,AC,eflux,PGI,-3.449403274261296,5.918065146484,3.449403274261296,5.918065146484,OK
glycerol,AC,eflux,PGM,7.258764539727362,-14.586890401186,7.258764539727362,14.586890401186,OK
glycerol,AC,eflux,PPC,1.376468598295365,2.907189882969,1.376468598295365,2.907189882969,OK
glycerol,AC,eflux,PPCK,-1.0035180104762341e-07,0.0,1.0035180104762341e-07,0.0,OK
glycerol,AC,eflux,RPE,1.9851262140106047,1.958943179086,1.9851262140106047,1.958943179086,OK
glycerol,AC,eflux,RPI,1.42638390700087,-2.083889346796,1.42638390700087,2.083889346796,OK
glycerol,AC,eflux,SUCDi,1.840458826252222,3.802195536904,1.840458826252222,3.802195536904,OK
glycerol,AC,eflux,TKT1,1.080746307005579,1.166781405447,1.080746307005579,1.166781405447,OK
glycerol,AC,eflux,TKT2,0.9043799070050262,0.792161773638,0.9043799070050262,0.792161773638,OK
glycerol,AC,eflux,TPI,8.640301339740718,7.64537094636,8.640301339740718,7.64537094636,OK
glycerol,AC,gimme,AKGDH,1.8404588252331304,2.8776941434377648,1.8404588252331304,2.8776941434377648,OK
glycerol,AC,gimme,CS,2.4648364262557534,6.2804798299154045,2.4648364262557534,6.2804798299154045,OK
glycerol,AC,gimme,EDD,0.0145803532454725,0.0,0.0145803532454725,0.0,OK
glycerol,AC,gimme,FBA,-1.4956986602582492,2.6353053019988124,1.4956986602582492,2.6353053019988124,OK
glycerol,AC,gimme,FUM,1.840458826252222,6.251879842857098,1.840458826252222,6.251879842857098,OK
glycerol,AC,gimme,G6PDH2r,3.426090474256944,3.945044349453773,3.426090474256944,3.945044349453773,OK
glycerol,AC,gimme,GAPD,8.012882939729515,16.556862844034285,8.012882939729515,16.556862844034285,OK
glycerol,AC,gimme,GND,3.411510121011471,3.945044349453773,3.411510121011471,3.945044349453773,OK
glycerol,AC,gimme,ICDHyr,2.464836425226839,3.828308626100352,2.464836425226839,3.828308626100352,OK
glycerol,AC,gimme,ICL,1.0136062348760075e-09,2.4521712038150523,1.0136062348760075e-09,2.4521712038150523,OK
glycerol,AC,gimme,PDH,4.097735891264716,0.0,4.097735891264716,0.0,OK
glycerol,AC,gimme,PGI,-3.449403274261296,6.054955650546227,3.449403274261296,6.054955650546227,OK
glycerol,AC,gimme,PGM,7.258764539727362,-15.036682642846452,7.258764539727362,15.036682642846452,OK
glycerol,AC,gimme,PPC,1.376468598295365,0.1642996908562128,1.376468598295365,0.1642996908562128,OK
glycerol,AC,gimme,PPCK,-1.0035180104762341e-07,0.0,1.0035180104762341e-07,0.0,OK
glycerol,AC,gimme,RPE,1.9851262140106047,1.943917515370499,1.9851262140106047,1.943917515370499,OK
glycerol,AC,gimme,RPI,1.42638390700087,-1.965934739212868,1.42638390700087,1.965934739212868,OK
glycerol,AC,gimme,SUCDi,1.840458826252222,5.33045683332126,1.840458826252222,5.33045683332126,OK
glycerol,AC,gimme,TKT1,1.080746307005579,1.140537591999268,1.080746307005579,1.140537591999268,OK
glycerol,AC,gimme,TKT2,0.9043799070050262,0.8033799233712311,0.9043799070050262,0.8033799233712311,OK
glycerol,AC,gimme,TPI,8.640301339740718,7.790399524627595,8.640301339740718,7.790399524627595,OK
glycerol,AC,pfba,AKGDH,1.8404588252331304,3.801538330157,1.8404588252331304,3.801538330157,OK
glycerol,AC,pfba,CS,2.4648364262557534,4.857776644226,2.4648364262557534,4.857776644226,OK
glycerol,AC,pfba,EDD,0.0145803532454725,0.0,0.0145803532454725,0.0,OK
glycerol,AC,pfba,FBA,-1.4956986602582492,5.752029379761,1.4956986602582492,5.752029379761,OK
glycerol,AC,pfba,FUM,1.840458826252222,4.825998880828,1.840458826252222,4.825998880828,OK
glycerol,AC,pfba,G6PDH2r,3.426090474256944,4.081934853517,3.426090474256944,4.081934853517,OK
glycerol,AC,pfba,GAPD,8.012882939729515,16.274774634589,8.012882939729515,16.274774634589,OK
glycerol,AC,pfba,GND,3.411510121011471,4.081934853517,3.411510121011471,4.081934853517,OK
glycerol,AC,pfba,ICDHyr,2.464836425226839,4.857776644226,2.464836425226839,4.857776644226,OK
glycerol,AC,pfba,ICL,1.0136062348760075e-09,0.0,1.0136062348760075e-09,0.0,OK
glycerol,AC,pfba,PDH,4.097735891264716,7.969186891483,4.097735891264716,7.969186891483,OK
glycerol,AC,pfba,PGI,-3.449403274261296,5.918065146483,3.449403274261296,5.918065146483,OK
glycerol,AC,pfba,PGM,7.258764539727362,-14.586890401187,7.258764539727362,14.586890401187,OK
glycerol,AC,pfba,PPC,1.376468598295365,2.907189882968,1.376468598295365,2.907189882968,OK
glycerol,AC,pfba,PPCK,-1.0035180104762341e-07,0.0,1.0035180104762341e-07,0.0,OK
glycerol,AC,pfba,RPE,1.9851262140106047,1.958943179087,1.9851262140106047,1.958943179087,OK
glycerol,AC,pfba,RPI,1.42638390700087,-2.083889346796,1.42638390700087,2.083889346796,OK
glycerol,AC,pfba,SUCDi,1.840458826252222,3.802195536899,1.840458826252222,3.802195536899,OK
glycerol,AC,pfba,TKT1,1.080746307005579,1.166781405448,1.080746307005579,1.166781405448,OK
glycerol,AC,pfba,TKT2,0.9043799070050262,0.792161773639,0.9043799070050262,0.792161773639,OK
glycerol,AC,pfba,TPI,8.640301339740718,7.64537094636,8.640301339740718,7.64537094636,OK
glycerol,AC,reduced_engine,AKGDH,,,1.8404588252331304,3.8015383301565953,OK
glycerol,AC,reduced_engine,CS,,,2.4648364262557534,4.857776644226142,OK
glycerol,AC,reduced_engine,EDD,,,0.0145803532454725,0.0,OK
glycerol,AC,reduced_engine,FBA,,,1.4956986602582492,5.752029379760715,OK
glycerol,AC,reduced_engine,FUM,,,1.840458826252222,4.825998880827982,OK
glycerol,AC,reduced_engine,G6PDH2r,,,3.426090474256944,4.081934853516606,OK
glycerol,AC,reduced_engine,GAPD,,,8.012882939729515,16.27477463458954,OK
glycerol,AC,reduced_engine,GND,,,3.411510121011471,4.081934853516606,OK
glycerol,AC,reduced_engine,ICDHyr,,,2.464836425226839,4.857776644226142,OK
glycerol,AC,reduced_engine,ICL,,,1.0136062348760075e-09,0.0,OK
glycerol,AC,reduced_engine,PDH,,,4.097735891264716,7.969186891483219,OK
glycerol,AC,reduced_engine,PGI,,,3.449403274261296,5.918065146483394,OK
glycerol,AC,reduced_engine,PGM,,,7.258764539727362,14.586890401186944,OK
glycerol,AC,reduced_engine,PPC,,,1.376468598295365,2.907189882968088,OK
glycerol,AC,reduced_engine,PPCK,,,1.0035180104762341e-07,0.0,OK
glycerol,AC,reduced_engine,RPE,,,1.9851262140106047,1.9589431790866176,OK
glycerol,AC,reduced_engine,RPI,,,1.42638390700087,2.0838893467962043,OK
glycerol,AC,reduced_engine,SUCDi,,,1.840458826252222,3.80219553689931,OK
glycerol,AC,reduced_engine,TKT1,,,1.080746307005579,1.1667814054477748,OK
glycerol,AC,reduced_engine,TKT2,,,0.9043799070050262,0.792161773638843,OK
glycerol,AC,reduced_engine,TPI,,,8.640301339740718,7.64537094635987,OK
glycerol,AC,riptide,AKGDH,1.8404588252331304,2.856872110554,1.8404588252331304,2.856872110554,OK
glycerol,AC,riptide,CS,2.4648364262557534,6.389445804324,2.4648364262557534,6.389445804324,OK
glycerol,AC,riptide,EDD,0.0145803532454725,0.0,0.0145803532454725,0.0,OK
glycerol,AC,riptide,FBA,-1.4956986602582492,6.772062773657,1.4956986602582492,6.772062773657,OK
glycerol,AC,riptide,FUM,1.840458826252222,6.361122523203,1.840458826252222,6.361122523203,OK
glycerol,AC,riptide,G6PDH2r,3.426090474256944,3.950977900213,3.426090474256944,3.950977900213,OK
glycerol,AC,riptide,GAPD,8.012882939729515,16.566404003462,8.012882939729515,16.566404003462,OK
glycerol,AC,riptide,GND,3.411510121011471,3.950977900213,3.411510121011471,3.950977900213,OK
glycerol,AC,riptide,ICDHyr,2.464836425226839,3.798289362776,2.464836425226839,3.798289362776,OK
glycerol,AC,riptide,ICL,1.0136062348760075e-09,2.591156441548,1.0136062348760075e-09,2.591156441548,OK
glycerol,AC,riptide,PDH,4.097735891264716,0.0,4.097735891264716,0.0,OK
glycerol,AC,riptide,PGI,-3.449403274261296,6.044486773112,3.449403274261296,6.044486773112,OK
glycerol,AC,riptide,PGM,7.258764539727362,-15.060931602205,7.258764539727362,15.060931602205,OK
glycerol,AC,riptide,PPC,1.376468598295365,0.0,1.376468598295365,0.0,OK
glycerol,AC,riptide,PPCK,-1.0035180104762341e-07,0.0,1.0035180104762341e-07,0.0,OK
glycerol,AC,riptide,RPE,1.9851262140106047,1.954511375463,1.9851262140106047,1.954511375463,OK
glycerol,AC,riptide,RPI,1.42638390700087,-1.961614914706,1.42638390700087,1.961614914706,OK
glycerol,AC,riptide,SUCDi,1.840458826252222,5.448614315521,1.840458826252222,5.448614315521,OK
glycerol,AC,riptide,TKT1,1.080746307005579,1.14420351556,1.080746307005579,1.14420351556,OK
glycerol,AC,riptide,TKT2,0.9043799070050262,0.810307859903,0.9043799070050262,0.810307859903,OK
glycerol,AC,riptide,TPI,8.640301339740718,7.792541497512,8.640301339740718,7.792541497512,OK
glycerol,DC,eflux,AKGDH,1.8404588252331304,0.0,1.8404588252331304,0.0,OK
glycerol,DC,eflux,CS,2.4648364262557534,3.023387520134,2.4648364262557534,3.023387520134,OK
glycerol,DC,eflux,EDD,0.0145803532454725,0.0,0.0145803532454725,0.0,OK
glycerol,DC,eflux,FBA,-1.4956986602582492,0.0,1.4956986602582492,0.0,OK
glycerol,DC,eflux,FUM,1.840458826252222,2.932426520144,1.840458826252222,2.932426520144,OK
glycerol,DC,eflux,G6PDH2r,3.426090474256944,0.0,3.426090474256944,0.0,OK
glycerol,DC,eflux,GAPD,8.012882939729515,71.354397599657,8.012882939729515,71.354397599657,OK
glycerol,DC,eflux,GND,3.411510121011471,0.0,3.411510121011471,0.0,OK
glycerol,DC,eflux,ICDHyr,2.464836425226839,3.023387520134,2.464836425226839,3.023387520134,OK
glycerol,DC,eflux,ICL,1.0136062348760075e-09,0.0,1.0136062348760075e-09,0.0,OK
glycerol,DC,eflux,PDH,4.097735891264716,0.0,4.097735891264716,0.0,OK
glycerol,DC,eflux,PGI,-3.449403274261296,0.0,3.449403274261296,0.0,OK
glycerol,DC,eflux,PGM,7.258764539727362,-30.872103783256,7.258764539727362,30.872103783256,OK
glycerol,DC,eflux,PPC,1.376468598295365,8.323451710076,1.376468598295365,8.323451710076,OK
glycerol,DC,eflux,PPCK,-1.0035180104762341e-07,0.0,1.0035180104762341e-07,0.0,OK
glycerol,DC,eflux,RPE,1.9851262140106047,-2.182149178278,1.9851262140106047,2.182149178278,OK
glycerol,DC,eflux,RPI,1.42638390700087,-2.070222269548,1.42638390700087,2.070222269548,OK
glycerol,DC,eflux,SUCDi,1.840458826252222,0.001881195406,1.840458826252222,0.001881195406,OK
glycerol,DC,eflux,TKT1,1.080746307005579,-0.554917026721,1.080746307005579,0.554917026721,OK
glycerol,DC,eflux,TKT2,0.9043799070050262,-1.627232151557,0.9043799070050262,1.627232151557,OK
glycerol,DC,eflux,TPI,8.640301339740718,75.277606717287,8.640301339740718,75.277606717287,OK
glycerol,DC,gimme,AKGDH,1.8404588252331304,0.0,1.8404588252331304,0.0,OK
glycerol,DC,gimme,CS,2.4648364262557534,22.71535770770683,2.4648364262557534,22.71535770770683,OK
glycerol,DC,gimme,EDD,0.0145803532454725,0.0,0.0145803532454725,0.0,OK
glycerol,DC,gimme,FBA,-1.4956986602582492,0.0,1.4956986602582492,0.0,OK
glycerol,DC,gimme,FUM,1.840458826252222,22.03194824118388,1.840458826252222,22.03194824118388,OK
glycerol,DC,gimme,G6PDH2r,3.426090474256944,0.0,3.426090474256944,0.0,OK
glycerol,DC,gimme,GAPD,8.012882939729515,641.3993948362175,8.012882939729515,641.3993948362175,OK
glycerol,DC,gimme,GND,3.411510121011471,0.0,3.411510121011471,0.0,OK
glycerol,DC,gimme,ICDHyr,2.464836425226839,22.71535770770683,2.464836425226839,22.71535770770683,OK
glycerol,DC,gimme,ICL,1.0136062348760075e-09,0.0,1.0136062348760075e-09,0.0,OK
glycerol,DC,gimme,PDH,4.097735891264716,0.0,4.097735891264716,0.0,OK
glycerol,DC,gimme,PGI,-3.449403274261296,0.0,3.449403274261296,0.0,OK
glycerol,DC,gimme,PGM,7.258764539727362,-605.0998016055481,7.258764539727362,605.0998016055481,OK
glycerol,DC,gimme,PPC,1.376468598295365,62.53587464329182,1.376468598295365,62.53587464329182,OK
glycerol,DC,gimme,PPCK,-1.0035180104762341e-07,0.0,1.0035180104762341e-07,0.0,OK
glycerol,DC,gimme,RPE,1.9851262140106047,-16.39495394687874,1.9851262140106047,16.39495394687874,OK
glycerol,DC,gimme,RPI,1.42638390700087,-15.55402311945669,1.42638390700087,15.55402311945669,OK
glycerol,DC,gimme,SUCDi,1.840458826252222,0.0141338238253778,1.840458826252222,0.0141338238253778,OK
glycerol,DC,gimme,TKT1,1.080746307005579,-4.169210422454831,1.080746307005579,4.169210422454831,OK
glycerol,DC,gimme,TKT2,0.9043799070050262,-12.22574352442391,0.9043799070050262,12.22574352442391,OK
glycerol,DC,gimme,TPI,8.640301339740718,670.8753048463113,8.640301339740718,670.8753048463113,OK
glycerol,DC,pfba,AKGDH,1.8404588252331304,63.717636625561,1.8404588252331304,63.717636625561,OK
glycerol,DC,pfba,CS,2.4648364262557534,158.425523877976,2.4648364262557534,158.425523877976,OK
glycerol,DC,pfba,EDD,0.0145803532454725,0.0,0.0145803532454725,0.0,OK
glycerol,DC,pfba,FBA,-1.4956986602582492,0.0,1.4956986602582492,0.0,OK
glycerol,DC,pfba,FUM,1.840458826252222,157.666180026285,1.840458826252222,157.666180026285,OK
glycerol,DC,pfba,G6PDH2r,3.426090474256944,0.0,3.426090474256944,0.0,OK
glycerol,DC,pfba,GAPD,8.012882939729515,608.127050290444,8.012882939729515,608.127050290444,OK
glycerol,DC,pfba,GND,3.411510121011471,0.0,3.411510121011471,0.0,OK
glycerol,DC,pfba,ICDHyr,2.464836425226839,88.956922967457,2.464836425226839,88.956922967457,OK
glycerol,DC,pfba,ICL,1.0136062348760075e-09,69.468600910518,1.0136062348760075e-09,69.468600910518,OK
glycerol,DC,pfba,PDH,4.097735891264716,0.0,4.097735891264716,0.0,OK
glycerol,DC,pfba,PGI,-3.449403274261296,0.0,3.449403274261296,0.0,OK
glycerol,DC,pfba,PGM,7.258764539727362,-567.765511423924,7.258764539727362,567.765511423924,OK
glycerol,DC,pfba,PPC,1.376468598295365,0.0,1.376468598295365,0.0,OK
glycerol,DC,pfba,PPCK,-1.0035180104762341e-07,0.0,1.0035180104762341e-07,0.0,OK
glycerol,DC,pfba,RPE,1.9851262140106047,-18.216615496532,1.9851262140106047,18.216615496532,OK
glycerol,DC,pfba,RPI,1.42638390700087,-17.282247910508,1.42638390700087,17.282247910508,OK
glycerol,DC,pfba,SUCDi,1.840458826252222,133.201941784774,1.840458826252222,133.201941784774,OK
glycerol,DC,pfba,TKT1,1.080746307005579,-4.63245602495,1.080746307005579,4.63245602495,OK
glycerol,DC,pfba,TKT2,0.9043799070050262,-13.584159471582,0.9043799070050262,13.584159471582,OK
glycerol,DC,pfba,TPI,8.640301339740718,640.878061412771,8.640301339740718,640.878061412771,OK
glycerol,DC,reduced_engine,AKGDH,,,1.8404588252331304,0.0,OK
glycerol,DC,reduced_engine,CS,,,2.4648364262557534,3.023387520133876,OK
glycerol,DC,reduced_engine,EDD,,,0.0145803532454725,0.0,OK
glycerol,DC,reduced_engine,FBA,,,1.4956986602582492,0.0,OK
glycerol,DC,reduced_engine,FUM,,,1.840458826252222,2.9324265201438457,OK
glycerol,DC,reduced_engine,G6PDH2r,,,3.426090474256944,0.0,OK
glycerol,DC,reduced_engine,GAPD,,,8.012882939729515,71.35439759956854,OK
glycerol,DC,reduced_engine,GND,,,3.411510121011471,0.0,OK
glycerol,DC,reduced_engine,ICDHyr,,,2.464836425226839,3.023387520133876,OK
glycerol,DC,reduced_engine,ICL,,,1.0136062348760075e-09,0.0,OK
glycerol,DC,reduced_engine,PDH,,,4.097735891264716,0.0,OK
glycerol,DC,reduced_engine,PGI,,,3.449403274261296,0.0,OK
glycerol,DC,reduced_engine,PGM,,,7.258764539727362,30.87210378325233,OK
glycerol,DC,reduced_engine,PPC,,,1.376468598295365,8.323451710075354,OK
glycerol,DC,reduced_engine,PPCK,,,1.0035180104762341e-07,0.0,OK
glycerol,DC,reduced_engine,RPE,,,1.9851262140106047,2.182149178278022,OK
glycerol,DC,reduced_engine,RPI,,,1.42638390700087,2.0702222695478505,OK
glycerol,DC,reduced_engine,SUCDi,,,1.840458826252222,0.0018811954060014,OK
glycerol,DC,reduced_engine,TKT1,,,1.080746307005579,0.5549170267209068,OK
glycerol,DC,reduced_engine,TKT2,,,0.9043799070050262,1.627232151557115,OK
glycerol,DC,reduced_engine,TPI,,,8.640301339740718,75.27760671719881,OK
glycerol,DC,riptide,AKGDH,1.8404588252331304,0.0,1.8404588252331304,0.0,OK
glycerol,DC,riptide,CS,2.4648364262557534,23.510213865401,2.4648364262557534,23.510213865401,OK
glycerol,DC,riptide,EDD,0.0145803532454725,0.0,0.0145803532454725,0.0,OK
glycerol,DC,riptide,FBA,-1.4956986602582492,-19.034726808144,1.4956986602582492,19.034726808144,OK
glycerol,DC,riptide,FUM,1.840458826252222,22.802890523972,1.840458826252222,22.802890523972,OK
glycerol,DC,riptide,G6PDH2r,3.426090474256944,0.0,3.426090474256944,0.0,OK
glycerol,DC,riptide,GAPD,8.012882939729515,595.082291628929,8.012882939729515,595.082291628929,OK
glycerol,DC,riptide,GND,3.411510121011471,0.0,3.411510121011471,0.0,OK
glycerol,DC,riptide,ICDHyr,2.464836425226839,23.510213865401,2.464836425226839,23.510213865401,OK
glycerol,DC,riptide,ICL,1.0136062348760075e-09,0.0,1.0136062348760075e-09,0.0,OK
glycerol,DC,riptide,PDH,4.097735891264716,0.0,4.097735891264716,0.0,OK
glycerol,DC,riptide,PGI,-3.449403274261296,0.0,3.449403274261296,0.0,OK
glycerol,DC,riptide,PGM,7.258764539727362,-557.485808200892,7.258764539727362,557.485808200892,OK
glycerol,DC,riptide,PPC,1.376468598295365,64.724130962063,1.376468598295365,64.724130962063,OK
glycerol,DC,riptide,PPCK,-1.0035180104762341e-07,0.0,1.0035180104762341e-07,0.0,OK
glycerol,DC,riptide,RPE,1.9851262140106047,-16.968646435788,1.9851262140106047,16.968646435788,OK
glycerol,DC,riptide,RPI,1.42638390700087,-16.098289743496,1.42638390700087,16.098289743496,OK
glycerol,DC,riptide,SUCDi,1.840458826252222,0.014628394813,1.840458826252222,0.014628394813,OK
glycerol,DC,riptide,TKT1,1.080746307005579,-4.315099499777,1.080746307005579,4.315099499777,OK
glycerol,DC,riptide,TKT2,0.9043799070050262,-12.653546936011,0.9043799070050262,12.653546936011,OK
glycerol,DC,riptide,TPI,8.640301339740718,625.58962315026,8.640301339740718,625.58962315026,OK
pyruvate,AC,eflux,AKGDH,7.415654659249418,3.801538330161,7.415654659249418,3.801538330161,OK
pyruvate,AC,eflux,CS,8.081921490407185,4.85777664423,8.081921490407185,4.85777664423,OK
pyruvate,AC,eflux,EDD,2.671424588454484e-09,0.0,2.671424588454484e-09,0.0,OK
pyruvate,AC,eflux,FBA,-0.5870116711669722,5.752029379762,0.5870116711669722,5.752029379762,OK
pyruvate,AC,eflux,FUM,7.518256090405909,4.825998880832,7.518256090405909,4.825998880832,OK
pyruvate,AC,eflux,G6PDH2r,0.8768016081346633,4.081934853516,0.8768016081346633,4.081934853516,OK
pyruvate,AC,eflux,GAPD,-1.1293058711585884,16.274774634589,1.1293058711585884,16.274774634589,OK
pyruvate,AC,eflux,GND,0.8768016054632387,4.081934853516,0.8768016054632387,4.081934853516,OK
pyruvate,AC,eflux,ICDHyr,7.979320059225184,4.85777664423,7.979320059225184,4.85777664423,OK
pyruvate,AC,eflux,ICL,0.1026014311623852,0.0,0.1026014311623852,0.0,OK
pyruvate,AC,eflux,PDH,21.0173942415587,7.969186891482,21.0173942415587,7.969186891482,OK
pyruvate,AC,eflux,PGI,-0.8981728081154179,5.918065146484,0.8981728081154179,5.918065146484,OK
pyruvate,AC,eflux,PGM,-1.7891416711547217,-14.586890401186,1.7891416711547217,14.586890401186,OK
pyruvate,AC,eflux,PPC,2.489448585123298,2.907189882969,2.489448585123298,2.907189882969,OK
pyruvate,AC,eflux,PPCK,1.1648025222064504,0.0,1.1648025222064504,0.0,OK
pyruvate,AC,eflux,RPE,0.3378751369865324,1.958943179086,0.3378751369865324,1.958943179086,OK
pyruvate,AC,eflux,RPI,0.538926468476706,-2.083889346796,0.538926468476706,2.083889346796,OK
pyruvate,AC,eflux,SUCDi,7.518256090405909,3.802195536903,7.518256090405909,3.802195536903,OK
pyruvate,AC,eflux,TKT1,0.2477438684987684,1.166781405447,0.2477438684987684,1.166781405447,OK
pyruvate,AC,eflux,TKT2,0.0901312684877639,0.792161773638,0.0901312684877639,0.792161773638,OK
pyruvate,AC,eflux,TPI,-0.58701167113178,7.64537094636,0.58701167113178,7.64537094636,OK
pyruvate,AC,gimme,AKGDH,7.415654659249418,3.1698517826749155,7.415654659249418,3.1698517826749155,OK
pyruvate,AC,gimme,CS,8.081921490407185,4.120466265337503,8.081921490407185,4.120466265337503,OK
pyruvate,AC,gimme,EDD,2.671424588454484e-09,0.0,2.671424588454484e-09,0.0,OK
pyruvate,AC,gimme,FBA,-0.5870116711669722,5.134904321141503,0.5870116711669722,5.134904321141503,OK
pyruvate,AC,gimme,FUM,7.518256090405909,4.091866278279207,7.518256090405909,4.091866278279207,OK
pyruvate,AC,gimme,G6PDH2r,0.8768016081346633,3.799507723049676,0.8768016081346633,3.799507723049676,OK
pyruvate,AC,gimme,GAPD,-1.1293058711585884,14.910840071370169,1.1293058711585884,14.910840071370169,OK
pyruvate,AC,gimme,GND,0.8768016054632387,3.799507723049676,0.8768016054632387,3.799507723049676,OK
pyruvate,AC,gimme,ICDHyr,7.979320059225184,4.120466265337503,7.979320059225184,4.120466265337503,OK
pyruvate,AC,gimme,ICL,0.1026014311623852,0.0,0.1026014311623852,0.0,OK
pyruvate,AC,gimme,PDH,21.0173942415587,7.435811104922749,21.0173942415587,7.435811104922749,OK
pyruvate,AC,gimme,PGI,-0.8981728081154179,5.353224786217587,0.8981728081154179,5.353224786217587,OK
pyruvate,AC,gimme,PGM,-1.7891416711547217,-13.391744261307805,1.7891416711547217,13.391744261307805,OK
pyruvate,AC,gimme,PPC,2.489448585123298,2.6164708934971337,2.489448585123298,2.6164708934971337,OK
pyruvate,AC,gimme,PPCK,1.1648025222064504,0.0,1.1648025222064504,0.0,OK
pyruvate,AC,gimme,RPE,0.3378751369865324,1.846893097767764,0.3378751369865324,1.846893097767764,OK
pyruvate,AC,gimme,RPI,0.538926468476706,-1.9174225304115065,0.538926468476706,1.9174225304115065,OK
pyruvate,AC,gimme,SUCDi,7.518256090405909,3.1704432687433584,7.518256090405909,3.1704432687433584,OK
pyruvate,AC,gimme,TKT1,0.2477438684987684,1.0920253831979003,0.2477438684987684,1.0920253831979003,OK
pyruvate,AC,gimme,TKT2,0.0901312684877639,0.7548677145698635,0.0901312684877639,0.7548677145698635,OK
pyruvate,AC,gimme,TPI,-0.58701167113178,6.991644242696222,0.58701167113178,6.991644242696222,OK
pyruvate,AC,pfba,AKGDH,7.415654659249418,3.801538330157,7.415654659249418,3.801538330157,OK
pyruvate,AC,pfba,CS,8.081921490407185,4.857776644226,8.081921490407185,4.857776644226,OK
pyruvate,AC,pfba,EDD,2.671424588454484e-09,0.0,2.671424588454484e-09,0.0,OK
pyruvate,AC,pfba,FBA,-0.5870116711669722,5.752029379761,0.5870116711669722,5.752029379761,OK
pyruvate,AC,pfba,FUM,7.518256090405909,4.825998880828,7.518256090405909,4.825998880828,OK
pyruvate,AC,pfba,G6PDH2r,0.8768016081346633,4.081934853517,0.8768016081346633,4.081934853517,OK
pyruvate,AC,pfba,GAPD,-1.1293058711585884,16.274774634589,1.1293058711585884,16.274774634589,OK
pyruvate,AC,pfba,GND,0.8768016054632387,4.081934853517,0.8768016054632387,4.081934853517,OK
pyruvate,AC,pfba,ICDHyr,7.979320059225184,4.857776644226,7.979320059225184,4.857776644226,OK
pyruvate,AC,pfba,ICL,0.1026014311623852,0.0,0.1026014311623852,0.0,OK
pyruvate,AC,pfba,PDH,21.0173942415587,7.969186891483,21.0173942415587,7.969186891483,OK
pyruvate,AC,pfba,PGI,-0.8981728081154179,5.918065146483,0.8981728081154179,5.918065146483,OK
pyruvate,AC,pfba,PGM,-1.7891416711547217,-14.586890401187,1.7891416711547217,14.586890401187,OK
pyruvate,AC,pfba,PPC,2.489448585123298,2.907189882968,2.489448585123298,2.907189882968,OK
pyruvate,AC,pfba,PPCK,1.1648025222064504,0.0,1.1648025222064504,0.0,OK
pyruvate,AC,pfba,RPE,0.3378751369865324,1.958943179087,0.3378751369865324,1.958943179087,OK
pyruvate,AC,pfba,RPI,0.538926468476706,-2.083889346796,0.538926468476706,2.083889346796,OK
pyruvate,AC,pfba,SUCDi,7.518256090405909,3.802195536899,7.518256090405909,3.802195536899,OK
pyruvate,AC,pfba,TKT1,0.2477438684987684,1.166781405448,0.2477438684987684,1.166781405448,OK
pyruvate,AC,pfba,TKT2,0.0901312684877639,0.792161773639,0.0901312684877639,0.792161773639,OK
pyruvate,AC,pfba,TPI,-0.58701167113178,7.64537094636,0.58701167113178,7.64537094636,OK
pyruvate,AC,reduced_engine,AKGDH,,,7.415654659249418,3.8015383301565953,OK
pyruvate,AC,reduced_engine,CS,,,8.081921490407185,4.857776644226142,OK
pyruvate,AC,reduced_engine,EDD,,,2.671424588454484e-09,0.0,OK
pyruvate,AC,reduced_engine,FBA,,,0.5870116711669722,5.752029379760715,OK
pyruvate,AC,reduced_engine,FUM,,,7.518256090405909,4.825998880827982,OK
pyruvate,AC,reduced_engine,G6PDH2r,,,0.8768016081346633,4.081934853516606,OK
pyruvate,AC,reduced_engine,GAPD,,,1.1293058711585884,16.27477463458954,OK
pyruvate,AC,reduced_engine,GND,,,0.8768016054632387,4.081934853516606,OK
pyruvate,AC,reduced_engine,ICDHyr,,,7.979320059225184,4.857776644226142,OK
pyruvate,AC,reduced_engine,ICL,,,0.1026014311623852,0.0,OK
pyruvate,AC,reduced_engine,PDH,,,21.0173942415587,7.969186891483219,OK
pyruvate,AC,reduced_engine,PGI,,,0.8981728081154179,5.918065146483394,OK
pyruvate,AC,reduced_engine,PGM,,,1.7891416711547217,14.586890401186944,OK
pyruvate,AC,reduced_engine,PPC,,,2.489448585123298,2.907189882968088,OK
pyruvate,AC,reduced_engine,PPCK,,,1.1648025222064504,0.0,OK
pyruvate,AC,reduced_engine,RPE,,,0.3378751369865324,1.9589431790866176,OK
pyruvate,AC,reduced_engine,RPI,,,0.538926468476706,2.0838893467962043,OK
pyruvate,AC,reduced_engine,SUCDi,,,7.518256090405909,3.80219553689931,OK
pyruvate,AC,reduced_engine,TKT1,,,0.2477438684987684,1.1667814054477748,OK
pyruvate,AC,reduced_engine,TKT2,,,0.0901312684877639,0.792161773638843,OK
pyruvate,AC,reduced_engine,TPI,,,0.58701167113178,7.64537094635987,OK
pyruvate,AC,riptide,AKGDH,7.415654659249418,2.837909142612,7.415654659249418,2.837909142612,OK
pyruvate,AC,riptide,CS,8.081921490407185,6.373961773099,8.081921490407185,6.373961773099,OK
pyruvate,AC,riptide,EDD,2.671424588454484e-09,0.0,2.671424588454484e-09,0.0,OK
pyruvate,AC,riptide,FBA,-0.5870116711669722,6.767723450186,0.5870116711669722,6.767723450186,OK
pyruvate,AC,riptide,FUM,7.518256090405909,6.345610598745,7.518256090405909,6.345610598745,OK
pyruvate,AC,riptide,G6PDH2r,0.8768016081346633,3.955109550369,0.8768016081346633,3.955109550369,OK
pyruvate,AC,riptide,GAPD,-1.1293058711585884,16.560942408178,1.1293058711585884,16.560942408178,OK
pyruvate,AC,riptide,GND,0.8768016054632387,3.955109550369,0.8768016054632387,3.955109550369,OK
pyruvate,AC,riptide,ICDHyr,7.979320059225184,3.780253518039,7.979320059225184,3.780253518039,OK
pyruvate,AC,riptide,ICL,0.1026014311623852,2.59370825506,0.1026014311623852,2.59370825506,OK
pyruvate,AC,riptide,PDH,21.0173942415587,0.0,21.0173942415587,0.0,OK
pyruvate,AC,riptide,PGI,-0.8981728081154179,6.039350700124,0.8981728081154179,6.039350700124,OK
pyruvate,AC,riptide,PGM,-1.7891416711547217,-15.053987392921,1.7891416711547217,15.053987392921,OK
pyruvate,AC,riptide,PPC,2.489448585123298,0.0,2.489448585123298,0.0,OK
pyruvate,AC,riptide,PPCK,1.1648025222064504,0.0,1.1648025222064504,0.0,OK
pyruvate,AC,riptide,RPE,0.3378751369865324,1.956596651828,0.3378751369865324,1.956596651828,OK
pyruvate,AC,riptide,RPI,0.538926468476706,-1.963626966057,0.538926468476706,1.963626966057,OK
pyruvate,AC,riptide,SUCDi,7.518256090405909,5.43220373796,7.518256090405909,5.43220373796,OK
pyruvate,AC,riptide,TKT1,0.2477438684987684,1.145410566711,0.2477438684987684,1.145410566711,OK
pyruvate,AC,riptide,TKT2,0.0901312684877639,0.811186085117,0.0901312684877639,0.811186085117,OK
pyruvate,AC,riptide,TPI,-0.58701167113178,7.789287378981,0.58701167113178,7.789287378981,OK
pyruvate,DC,eflux,AKGDH,7.415654659249418,0.0,7.415654659249418,0.0,OK
pyruvate,DC,eflux,CS,8.081921490407185,37.354094465386,8.081921490407185,37.354094465386,OK
pyruvate,DC,eflux,EDD,2.671424588454484e-09,0.0,2.671424588454484e-09,0.0,OK
pyruvate,DC,eflux,FBA,-0.5870116711669722,-8.059706061933,0.5870116711669722,8.059706061933,OK
pyruvate,DC,eflux,FUM,7.518256090405909,37.054598797278,7.518256090405909,37.054598797278,OK
pyruvate,DC,eflux,G6PDH2r,0.8768016081346633,0.0,0.8768016081346633,0.0,OK
pyruvate,DC,eflux,GAPD,-1.1293058711585884,-22.285444764832,1.1293058711585884,22.285444764832,OK
pyruvate,DC,eflux,GND,0.8768016054632387,0.0,0.8768016054632387,0.0,OK
pyruvate,DC,eflux,ICDHyr,7.979320059225184,9.954721973065,7.979320059225184,9.954721973065,OK
pyruvate,DC,eflux,ICL,0.1026014311623852,27.399372492322,0.1026014311623852,27.399372492322,OK
pyruvate,DC,eflux,PDH,21.0173942415587,350.738960447223,21.0173942415587,350.738960447223,OK
pyruvate,DC,eflux,PGI,-0.8981728081154179,0.0,0.8981728081154179,0.0,OK
pyruvate,DC,eflux,PGM,-1.7891416711547217,37.687677038963,1.7891416711547217,37.687677038963,OK
pyruvate,DC,eflux,PPC,2.489448585123298,0.0,2.489448585123298,0.0,OK
pyruvate,DC,eflux,PPCK,1.1648025222064504,0.0,1.1648025222064504,0.0,OK
pyruvate,DC,eflux,RPE,0.3378751369865324,-7.184883918733,0.3378751369865324,7.184883918733,OK
pyruvate,DC,eflux,RPI,0.538926468476706,-6.816356480456,0.538926468476706,6.816356480456,OK
pyruvate,DC,eflux,SUCDi,7.518256090405909,57.114922313546,7.518256090405909,57.114922313546,OK
pyruvate,DC,eflux,TKT1,0.2477438684987684,-1.82710442586,0.2477438684987684,1.82710442586,OK
pyruvate,DC,eflux,TKT2,0.0901312684877639,-5.357779492873,0.0901312684877639,5.357779492873,OK
pyruvate,DC,eflux,TPI,-0.58701167113178,-9.367995133211,0.58701167113178,9.367995133211,OK
pyruvate,DC,gimme,AKGDH,7.415654659249418,39.97567461830718,7.415654659249418,39.97567461830718,OK
pyruvate,DC,gimme,CS,8.081921490407185,114.47379176923744,8.081921490407185,114.47379176923744,OK
pyruvate,DC,gimme,EDD,2.671424588454484e-09,0.0,2.671424588454484e-09,0.0,OK
pyruvate,DC,gimme,FBA,-0.5870116711669722,-16.0740859870212,0.5870116711669722,16.0740859870212,OK
pyruvate,DC,gimme,FUM,7.518256090405909,113.87648473534308,7.518256090405909,113.87648473534308,OK
pyruvate,DC,gimme,G6PDH2r,0.8768016081346633,0.0,0.8768016081346633,0.0,OK
pyruvate,DC,gimme,GAPD,-1.1293058711585884,-44.44556065809605,1.1293058711585884,44.44556065809605,OK
pyruvate,DC,gimme,GND,0.8768016054632387,0.0,0.8768016054632387,0.0,OK
pyruvate,DC,gimme,ICDHyr,7.979320059225184,59.82913524607061,7.979320059225184,59.82913524607061,OK
pyruvate,DC,gimme,ICL,0.1026014311623852,54.64465652316682,0.1026014311623852,54.64465652316682,OK
pyruvate,DC,gimme,PDH,21.0173942415587,653.5349824017705,21.0173942415587,653.5349824017705,OK
pyruvate,DC,gimme,PGI,-0.8981728081154179,0.0,0.8981728081154179,0.0,OK
pyruvate,DC,gimme,PGM,-1.7891416711547217,75.16340620531656,1.7891416711547217,75.16340620531656,OK
pyruvate,DC,gimme,PPC,2.489448585123298,0.0,2.489448585123298,0.0,OK
pyruvate,DC,gimme,PPCK,1.1648025222064504,0.0,1.1648025222064504,0.0,OK
pyruvate,DC,gimme,RPE,0.3378751369865324,-14.329361521254985,0.3378751369865324,14.329361521254985,OK
pyruvate,DC,gimme,RPI,0.538926468476706,-13.594379167566066,0.538926468476706,13.594379167566066,OK
pyruvate,DC,gimme,SUCDi,7.518256090405909,94.63268425157897,7.518256090405909,94.63268425157897,OK
pyruvate,DC,gimme,TKT1,0.2477438684987684,-3.643933590488314,0.2477438684987684,3.643933590488314,OK
pyruvate,DC,gimme,TKT2,0.0901312684877639,-10.68542793076667,0.0901312684877639,10.68542793076667,OK
pyruvate,DC,gimme,TPI,-0.58701167113178,-18.68330648701783,0.58701167113178,18.68330648701783,OK
pyruvate,DC,pfba,AKGDH,7.415654659249418,10.768399551055,7.415654659249418,10.768399551055,OK
pyruvate,DC,pfba,CS,8.081921490407185,93.544085274311,8.081921490407185,93.544085274311,OK
pyruvate,DC,pfba,EDD,2.671424588454484e-09,0.0,2.671424588454484e-09,0.0,OK
pyruvate,DC,pfba,FBA,-0.5870116711669722,-17.860095541134,0.5870116711669722,17.860095541134,OK
pyruvate,DC,pfba,FUM,7.518256090405909,92.880410792205,7.518256090405909,92.880410792205,OK
pyruvate,DC,pfba,G6PDH2r,0.8768016081346633,0.0,0.8768016081346633,0.0,OK
pyruvate,DC,pfba,GAPD,-1.1293058711585884,-49.383956389736,1.1293058711585884,49.383956389736,OK
pyruvate,DC,pfba,GND,0.8768016054632387,0.0,0.8768016054632387,0.0,OK
pyruvate,DC,pfba,ICDHyr,7.979320059225184,32.82780024857,7.979320059225184,32.82780024857,OK
pyruvate,DC,pfba,ICL,0.1026014311623852,60.716285025741,0.1026014311623852,60.716285025741,OK
pyruvate,DC,pfba,PDH,21.0173942415587,798.035031883518,21.0173942415587,798.035031883518,OK
pyruvate,DC,pfba,PGI,-0.8981728081154179,0.0,0.8981728081154179,0.0,OK
pyruvate,DC,pfba,PGM,-1.7891416711547217,83.514895886647,1.7891416711547217,83.514895886647,OK
pyruvate,DC,pfba,PPC,2.489448585123298,0.0,2.489448585123298,0.0,OK
pyruvate,DC,pfba,PPCK,1.1648025222064504,0.0,1.1648025222064504,0.0,OK
pyruvate,DC,pfba,RPE,0.3378751369865324,-15.921512801394,0.3378751369865324,15.921512801394,OK
pyruvate,DC,pfba,RPI,0.538926468476706,-15.10486574174,0.538926468476706,15.10486574174,OK
pyruvate,DC,pfba,SUCDi,7.518256090405909,71.49841025469,7.518256090405909,71.49841025469,OK
pyruvate,DC,pfba,TKT1,0.2477438684987684,-4.048815100542,0.2477438684987684,4.048815100542,OK
pyruvate,DC,pfba,TKT2,0.0901312684877639,-11.872697700852,0.0901312684877639,11.872697700852,OK
pyruvate,DC,pfba,TPI,-0.58701167113178,-20.759229532982,0.58701167113178,20.759229532982,OK
pyruvate,DC,reduced_engine,AKGDH,,,7.415654659249418,0.0,OK
pyruvate,DC,reduced_engine,CS,,,8.081921490407185,37.35409446538522,OK
pyruvate,DC,reduced_engine,EDD,,,2.671424588454484e-09,0.0,OK
pyruvate,DC,reduced_engine,FBA,,,0.5870116711669722,8.059706061932623,OK
pyruvate,DC,reduced_engine,FUM,,,7.518256090405909,37.05459879727715,OK
pyruvate,DC,reduced_engine,G6PDH2r,,,0.8768016081346633,0.0,OK
pyruvate,DC,reduced_engine,GAPD,,,1.1293058711585884,22.28544476483162,OK
pyruvate,DC,reduced_engine,GND,,,0.8768016054632387,0.0,OK
pyruvate,DC,reduced_engine,ICDHyr,,,7.979320059225184,9.954721973064256,OK
pyruvate,DC,reduced_engine,ICL,,,0.1026014311623852,27.39937249232096,OK
pyruvate,DC,reduced_engine,PDH,,,21.0173942415587,350.7389604472152,OK
pyruvate,DC,reduced_engine,PGI,,,0.8981728081154179,0.0,OK
pyruvate,DC,reduced_engine,PGM,,,1.7891416711547217,37.68767703896191,OK
pyruvate,DC,reduced_engine,PPC,,,2.489448585123298,0.0,OK
pyruvate,DC,reduced_engine,PPCK,,,1.1648025222064504,0.0,OK
pyruvate,DC,reduced_engine,RPE,,,0.3378751369865324,7.184883918733179,OK
pyruvate,DC,reduced_engine,RPI,,,0.538926468476706,6.816356480456246,OK
pyruvate,DC,reduced_engine,SUCDi,,,7.518256090405909,57.11492231353955,OK
pyruvate,DC,reduced_engine,TKT1,,,0.2477438684987684,1.8271044258598936,OK
pyruvate,DC,reduced_engine,TKT2,,,0.0901312684877639,5.357779492873285,OK
pyruvate,DC,reduced_engine,TPI,,,0.58701167113178,9.367995133210922,OK
pyruvate,DC,riptide,AKGDH,7.415654659249418,223.01885615174,7.415654659249418,223.01885615174,OK
pyruvate,DC,riptide,CS,8.081921490407185,299.2277067403,8.081921490407185,299.2277067403,OK
pyruvate,DC,riptide,EDD,2.671424588454484e-09,0.0,2.671424588454484e-09,0.0,OK
pyruvate,DC,riptide,FBA,-0.5870116711669722,-16.440476258451,0.5870116711669722,16.440476258451,OK
pyruvate,DC,riptide,FUM,7.518256090405909,298.616784780713,7.518256090405909,298.616784780713,OK
pyruvate,DC,riptide,G6PDH2r,0.8768016081346633,0.0,0.8768016081346633,0.0,OK
pyruvate,DC,riptide,GAPD,-1.1293058711585884,-45.458646103203,1.1293058711585884,45.458646103203,OK
pyruvate,DC,riptide,GND,0.8768016054632387,0.0,0.8768016054632387,0.0,OK
pyruvate,DC,riptide,ICDHyr,7.979320059225184,243.324853541724,7.979320059225184,243.324853541724,OK
pyruvate,DC,riptide,ICL,0.1026014311623852,55.902853198576,0.1026014311623852,55.902853198576,OK
pyruvate,DC,riptide,PDH,21.0173942415587,0.0,21.0173942415587,0.0,OK
pyruvate,DC,riptide,PGI,-0.8981728081154179,0.0,0.8981728081154179,0.0,OK
pyruvate,DC,riptide,PGM,-1.7891416711547217,76.876669550234,1.7891416711547217,76.876669550234,OK
pyruvate,DC,riptide,PPC,2.489448585123298,0.0,2.489448585123298,0.0,OK
pyruvate,DC,riptide,PPCK,1.1648025222064504,0.0,1.1648025222064504,0.0,OK
pyruvate,DC,riptide,RPE,0.3378751369865324,-14.655982808551,0.3378751369865324,14.655982808551,OK
pyruvate,DC,riptide,RPI,0.538926468476706,-13.904247378868,0.538926468476706,13.904247378868,OK
pyruvate,DC,riptide,SUCDi,7.518256090405909,278.934344035334,7.518256090405909,278.934344035334,OK
pyruvate,DC,riptide,TKT1,0.2477438684987684,-3.726992858578,0.2477438684987684,3.726992858578,OK
pyruvate,DC,riptide,TKT2,0.0901312684877639,-10.928989949973,0.0901312684877639,10.928989949973,OK
pyruvate,DC,riptide,TPI,-0.58701167113178,-19.109171028491,0.58701167113178,19.109171028491,OK
succinate,AC,eflux,AKGDH,2.351982962752786,3.801538330156,2.351982962752786,3.801538330156,OK
succinate,AC,eflux,CS,3.1554008705398973,4.857776644226,3.1554008705398973,4.857776644226,OK
succinate,AC,eflux,EDD,0.655464183289113,0.0,0.655464183289113,0.0,OK
succinate,AC,eflux,FBA,-2.691604995726921,5.752029379762,2.691604995726921,5.752029379762,OK
succinate,AC,eflux,FUM,17.2304359925238,4.825998880827,17.2304359925238,4.825998880827,OK
succinate,AC,eflux,G6PDH2r,5.5632856205805385,4.081934853517,5.5632856205805385,4.081934853517,OK
succinate,AC,eflux,GAPD,-3.4151459957639814,16.27477463459,3.4151459957639814,16.27477463459,OK
succinate,AC,eflux,GND,4.9078214372914255,4.081934853517,4.9078214372914255,4.081934853517,OK
succinate,AC,eflux,ICDHyr,3.038949362757799,4.857776644226,3.038949362757799,4.857776644226,OK
succinate,AC,eflux,ICL,0.1164515077864786,0.0,0.1164515077864786,0.0,OK
succinate,AC,eflux,PDH,7.752081858316552,7.969186891482,7.752081858316552,7.969186891482,OK
succinate,AC,eflux,PGI,-5.590319020596546,5.918065146483,5.590319020596546,5.918065146483,OK
succinate,AC,eflux,PGM,-4.273853995767203,-14.586890401187,4.273853995767203,14.586890401187,OK
succinate,AC,eflux,PPC,2.016110198520149,2.907189882968,2.016110198520149,2.907189882968,OK
succinate,AC,eflux,PPCK,2.9717886997229046,0.0,2.9717886997229046,0.0,OK
succinate,AC,eflux,RPE,2.933698424864982,1.958943179087,2.933698424864982,1.958943179087,OK
succinate,AC,eflux,RPI,1.97412301242644,-2.083889346796,1.97412301242644,2.083889346796,OK
succinate,AC,eflux,SUCDi,18.370434470519445,3.802195536899,18.370434470519445,3.802195536899,OK
succinate,AC,eflux,TKT1,1.5638514124313765,1.166781405448,1.5638514124313765,1.166781405448,OK
succinate,AC,eflux,TKT2,1.3698470124336055,0.792161773639,1.3698470124336055,0.792161773639,OK
succinate,AC,eflux,TPI,-2.691604995744147,7.64537094636,2.691604995744147,7.64537094636,OK
succinate,AC,gimme,AKGDH,2.351982962752786,2.8776941437232137,2.351982962752786,2.8776941437232137,OK
succinate,AC,gimme,CS,3.1554008705398973,6.280479829859434,3.1554008705398973,6.280479829859434,OK
succinate,AC,gimme,EDD,0.655464183289113,0.0,0.655464183289113,0.0,OK
succinate,AC,gimme,FBA,-2.691604995726921,2.6353053023878026,2.691604995726921,2.6353053023878026,OK
succinate,AC,gimme,FUM,17.2304359925238,6.251879842801125,17.2304359925238,6.251879842801125,OK
succinate,AC,gimme,G6PDH2r,5.5632856205805385,3.945044349311056,5.5632856205805385,3.945044349311056,OK
succinate,AC,gimme,GAPD,-3.4151459957639814,16.556862844081863,3.4151459957639814,16.556862844081863,OK
succinate,AC,gimme,GND,4.9078214372914255,3.945044349311056,4.9078214372914255,3.945044349311056,OK
succinate,AC,gimme,ICDHyr,3.038949362757799,3.828308626385801,3.038949362757799,3.828308626385801,OK
succinate,AC,gimme,ICL,0.1164515077864786,2.452171203473633,0.1164515077864786,2.452171203473633,OK
succinate,AC,gimme,PDH,7.752081858316552,0.0,7.752081858316552,0.0,OK
succinate,AC,gimme,PGI,-5.590319020596546,6.054955650688944,5.590319020596546,6.054955650688944,OK
succinate,AC,gimme,PGM,-4.273853995767203,-15.036682642894029,4.273853995767203,15.036682642894029,OK
succinate,AC,gimme,PPC,2.016110198520149,0.1642996911976331,2.016110198520149,0.1642996911976331,OK
succinate,AC,gimme,PPCK,2.9717886997229046,0.0,2.9717886997229046,0.0,OK
succinate,AC,gimme,RPE,2.933698424864982,1.9439175152753552,2.933698424864982,1.9439175152753552,OK
succinate,AC,gimme,RPI,1.97412301242644,-1.9659347391652944,1.97412301242644,1.9659347391652944,OK
succinate,AC,gimme,SUCDi,18.370434470519445,5.3304568332652895,18.370434470519445,5.3304568332652895,OK
succinate,AC,gimme,TKT1,1.5638514124313765,1.140537591951696,1.5638514124313765,1.140537591951696,OK
succinate,AC,gimme,TKT2,1.3698470124336055,0.8033799233236592,1.3698470124336055,0.8033799233236592,OK
succinate,AC,gimme,TPI,-2.691604995744147,7.790399524675171,2.691604995744147,7.790399524675171,OK
succinate,AC,pfba,AKGDH,2.351982962752786,3.801538330157,2.351982962752786,3.801538330157,OK
succinate,AC,pfba,CS,3.1554008705398973,4.857776644226,3.1554008705398973,4.857776644226,OK
succinate,AC,pfba,EDD,0.655464183289113,0.0,0.655464183289113,0.0,OK
succinate,AC,pfba,FBA,-2.691604995726921,5.752029379761,2.691604995726921,5.752029379761,OK
succinate,AC,pfba,FUM,17.2304359925238,4.825998880828,17.2304359925238,4.825998880828,OK
succinate,AC,pfba,G6PDH2r,5.5632856205805385,4.081934853517,5.5632856205805385,4.081934853517,OK
succinate,AC,pfba,GAPD,-3.4151459957639814,16.274774634589,3.4151459957639814,16.274774634589,OK
succinate,AC,pfba,GND,4.9078214372914255,4.081934853517,4.9078214372914255,4.081934853517,OK
succinate,AC,pfba,ICDHyr,3.038949362757799,4.857776644226,3.038949362757799,4.857776644226,OK
succinate,AC,pfba,ICL,0.1164515077864786,0.0,0.1164515077864786,0.0,OK
succinate,AC,pfba,PDH,7.752081858316552,7.969186891483,7.752081858316552,7.969186891483,OK
succinate,AC,pfba,PGI,-5.590319020596546,5.918065146483,5.590319020596546,5.918065146483,OK
succinate,AC,pfba,PGM,-4.273853995767203,-14.586890401187,4.273853995767203,14.586890401187,OK
succinate,AC,pfba,PPC,2.016110198520149,2.907189882968,2.016110198520149,2.907189882968,OK
succinate,AC,pfba,PPCK,2.9717886997229046,0.0,2.9717886997229046,0.0,OK
succinate,AC,pfba,RPE,2.933698424864982,1.958943179087,2.933698424864982,1.958943179087,OK
succinate,AC,pfba,RPI,1.97412301242644,-2.083889346796,1.97412301242644,2.083889346796,OK
succinate,AC,pfba,SUCDi,18.370434470519445,3.802195536899,18.370434470519445,3.802195536899,OK
succinate,AC,pfba,TKT1,1.5638514124313765,1.166781405448,1.5638514124313765,1.166781405448,OK
succinate,AC,pfba,TKT2,1.3698470124336055,0.792161773639,1.3698470124336055,0.792161773639,OK
succinate,AC,pfba,TPI,-2.691604995744147,7.64537094636,2.691604995744147,7.64537094636,OK
succinate,AC,reduced_engine,AKGDH,,,2.351982962752786,3.8015383301565953,OK
succinate,AC,reduced_engine,CS,,,3.1554008705398973,4.857776644226142,OK
succinate,AC,reduced_engine,EDD,,,0.655464183289113,0.0,OK
succinate,AC,reduced_engine,FBA,,,2.691604995726921,5.752029379760715,OK
succinate,AC,reduced_engine,FUM,,,17.2304359925238,4.825998880827982,OK
succinate,AC,reduced_engine,G6PDH2r,,,5.5632856205805385,4.081934853516606,OK
succinate,AC,reduced_engine,GAPD,,,3.4151459957639814,16.27477463458954,OK
succinate,AC,reduced_engine,GND,,,4.9078214372914255,4.081934853516606,OK
succinate,AC,reduced_engine,ICDHyr,,,3.038949362757799,4.857776644226142,OK
succinate,AC,reduced_engine,ICL,,,0.1164515077864786,0.0,OK
succinate,AC,reduced_engine,PDH,,,7.752081858316552,7.969186891483219,OK
succinate,AC,reduced_engine,PGI,,,5.590319020596546,5.918065146483394,OK
succinate,AC,reduced_engine,PGM,,,4.273853995767203,14.586890401186944,OK
succinate,AC,reduced_engine,PPC,,,2.016110198520149,2.907189882968088,OK
succinate,AC,reduced_engine,PPCK,,,2.9717886997229046,0.0,OK
succinate,AC,reduced_engine,RPE,,,2.933698424864982,1.9589431790866176,OK
succinate,AC,reduced_engine,RPI,,,1.97412301242644,2.0838893467962043,OK
succinate,AC,reduced_engine,SUCDi,,,18.370434470519445,3.80219553689931,OK
succinate,AC,reduced_engine,TKT1,,,1.5638514124313765,1.1667814054477748,OK
succinate,AC,reduced_engine,TKT2,,,1.3698470124336055,0.792161773638843,OK
succinate,AC,reduced_engine,TPI,,,2.691604995744147,7.64537094635987,OK
succinate,AC,riptide,AKGDH,2.351982962752786,2.837318777356,2.351982962752786,2.837318777356,OK
succinate,AC,riptide,CS,3.1554008705398973,6.374625755149,3.1554008705398973,6.374625755149,OK
succinate,AC,riptide,EDD,0.655464183289113,0.0,0.655464183289113,0.0,OK
succinate,AC,riptide,FBA,-2.691604995726921,6.780585449743,2.691604995726921,6.780585449743,OK
succinate,AC,riptide,FUM,17.2304359925238,6.346264523755,17.2304359925238,6.346264523755,OK
succinate,AC,riptide,G6PDH2r,5.5632856205805385,3.933992933484,5.5632856205805385,3.933992933484,OK
succinate,AC,riptide,GAPD,-3.4151459957639814,16.565220027537,3.4151459957639814,16.565220027537,OK
succinate,AC,riptide,GND,4.9078214372914255,3.933992933484,4.9078214372914255,3.933992933484,OK
succinate,AC,riptide,ICDHyr,3.038949362757799,3.779997431497,3.038949362757799,3.779997431497,OK
succinate,AC,riptide,ICL,0.1164515077864786,2.594628323651,0.1164515077864786,2.594628323651,OK
succinate,AC,riptide,PDH,7.752081858316552,0.0,7.752081858316552,0.0,OK
succinate,AC,riptide,PGI,-5.590319020596546,6.059460862208,5.590319020596546,6.059460862208,OK
succinate,AC,riptide,PGM,-4.273853995767203,-15.057730448696,4.273853995767203,15.057730448696,OK
succinate,AC,riptide,PPC,2.016110198520149,0.0,2.016110198520149,0.0,OK
succinate,AC,riptide,PPCK,2.9717886997229046,0.0,2.9717886997229046,0.0,OK
succinate,AC,riptide,RPE,2.933698424864982,1.942277639449,2.933698424864982,1.942277639449,OK
succinate,AC,riptide,RPI,1.97412301242644,-1.956816986431,1.97412301242644,1.956816986431,OK
succinate,AC,riptide,SUCDi,18.370434470519445,5.432533649288,18.370434470519445,5.432533649288,OK
succinate,AC,riptide,TKT1,1.5638514124313765,1.138310340405,1.5638514124313765,1.138310340405,OK
succinate,AC,riptide,TKT2,1.3698470124336055,0.803967299044,1.3698470124336055,0.803967299044,OK
succinate,AC,riptide,TPI,-2.691604995744147,7.795005219997,2.691604995744147,7.795005219997,OK
succinate,DC,eflux,AKGDH,2.351982962752786,0.0,2.351982962752786,0.0,OK
succinate,DC,eflux,CS,3.1554008705398973,5.794913708077,3.1554008705398973,5.794913708077,OK
succinate,DC,eflux,EDD,0.655464183289113,0.0,0.655464183289113,0.0,OK
succinate,DC,eflux,FBA,-2.691604995726921,-4.691773539004,2.691604995726921,4.691773539004,OK
succinate,DC,eflux,FUM,17.2304359925238,274.886811997733,17.2304359925238,274.886811997733,OK
succinate,DC,eflux,G6PDH2r,5.5632856205805385,0.0,5.5632856205805385,0.0,OK
succinate,DC,eflux,GAPD,-3.4151459957639814,-59.712171241901,3.4151459957639814,59.712171241901,OK
succinate,DC,eflux,GND,4.9078214372914255,0.0,4.9078214372914255,0.0,OK
succinate,DC,eflux,ICDHyr,3.038949362757799,5.794913708077,3.038949362757799,5.794913708077,OK
succinate,DC,eflux,ICL,0.1164515077864786,0.0,0.1164515077864786,0.0,OK
succinate,DC,eflux,PDH,7.752081858316552,0.0,7.752081858316552,0.0,OK
succinate,DC,eflux,PGI,-5.590319020596546,0.0,5.590319020596546,0.0,OK
succinate,DC,eflux,PGM,-4.273853995767203,200.442112431794,4.273853995767203,200.442112431794,OK
succinate,DC,eflux,PPC,2.016110198520149,0.0,2.016110198520149,0.0,OK
succinate,DC,eflux,PPCK,2.9717886997229046,204.909802090335,2.9717886997229046,204.909802090335,OK
succinate,DC,eflux,RPE,2.933698424864982,-4.182515837636,2.933698424864982,4.182515837636,OK
succinate,DC,eflux,RPI,1.97412301242644,-3.967986018556,1.97412301242644,3.967986018556,OK
succinate,DC,eflux,SUCDi,18.370434470519445,320.947510300565,18.370434470519445,320.947510300565,OK
succinate,DC,eflux,TKT1,1.5638514124313765,-1.063607051222,1.5638514124313765,1.063607051222,OK
succinate,DC,eflux,TKT2,1.3698470124336055,-3.118908786414,1.3698470124336055,3.118908786414,OK
succinate,DC,eflux,TPI,-2.691604995744147,-52.192573392136,2.691604995744147,52.192573392136,OK
succinate,DC,gimme,AKGDH,2.351982962752786,0.0,2.351982962752786,0.0,OK
succinate,DC,gimme,CS,3.1554008705398973,21.348610649232118,3.1554008705398973,21.348610649232118,OK
succinate,DC,gimme,EDD,0.655464183289113,0.0,0.655464183289113,0.0,OK
succinate,DC,gimme,FBA,-2.691604995726921,-17.284613988117826,2.691604995726921,17.284613988117826,OK
succinate,DC,gimme,FUM,17.2304359925238,1000.0,17.2304359925238,1000.0,OK
succinate,DC,gimme,G6PDH2r,5.5632856205805385,0.0,5.5632856205805385,0.0,OK
succinate,DC,gimme,GAPD,-3.4151459957639814,-112.33774155862992,3.4151459957639814,112.33774155862992,OK
succinate,DC,gimme,GND,4.9078214372914255,0.0,4.9078214372914255,0.0,OK
succinate,DC,gimme,ICDHyr,3.038949362757799,21.348610649232118,3.038949362757799,21.348610649232118,OK
succinate,DC,gimme,ICL,0.1164515077864786,0.0,0.1164515077864786,0.0,OK
succinate,DC,gimme,PDH,7.752081858316552,0.0,7.752081858316552,0.0,OK
succinate,DC,gimme,PGI,-5.590319020596546,0.0,5.590319020596546,0.0,OK
succinate,DC,gimme,PGM,-4.273853995767203,146.4531327917464,4.273853995767203,146.4531327917464,OK
succinate,DC,gimme,PPC,2.016110198520149,0.0,2.016110198520149,0.0,OK
succinate,DC,gimme,PPCK,2.9717886997229046,162.9122160200007,2.9717886997229046,162.9122160200007,OK
succinate,DC,gimme,RPE,2.933698424864982,-15.408495561804523,2.933698424864982,15.408495561804523,OK
succinate,DC,gimme,RPI,1.97412301242644,-14.61816220898751,1.97412301242644,14.61816220898751,OK
succinate,DC,gimme,SUCDi,18.370434470519445,979.3069625672786,18.370434470519445,979.3069625672786,OK
succinate,DC,gimme,TKT1,1.5638514124313765,-3.918355641545072,1.5638514124313765,3.918355641545072,OK
succinate,DC,gimme,TKT2,1.3698470124336055,-11.490139920259454,1.3698470124336055,11.490139920259454,OK
succinate,DC,gimme,TPI,-2.691604995744147,-84.63535032030947,2.691604995744147,84.63535032030947,OK
succinate,DC,pfba,AKGDH,2.351982962752786,0.0,2.351982962752786,0.0,OK
succinate,DC,pfba,CS,3.1554008705398973,23.720678499147,3.1554008705398973,23.720678499147,OK
succinate,DC,pfba,EDD,0.655464183289113,0.0,0.655464183289113,0.0,OK
succinate,DC,pfba,FBA,-2.691604995726921,-19.205126653465,2.691604995726921,19.205126653465,OK
succinate,DC,pfba,FUM,17.2304359925238,1000.0,17.2304359925238,1000.0,OK
succinate,DC,pfba,G6PDH2r,5.5632856205805385,0.0,5.5632856205805385,0.0,OK
succinate,DC,pfba,GAPD,-3.4151459957639814,-53.103027076741,3.4151459957639814,53.103027076741,OK
succinate,DC,pfba,GND,4.9078214372914255,0.0,4.9078214372914255,0.0,OK
succinate,DC,pfba,ICDHyr,3.038949362757799,23.720678499147,3.038949362757799,23.720678499147,OK
succinate,DC,pfba,ICL,0.1164515077864786,0.0,0.1164515077864786,0.0,OK
succinate,DC,pfba,PDH,7.752081858316552,0.0,7.752081858316552,0.0,OK
succinate,DC,pfba,PGI,-5.590319020596546,0.0,5.590319020596546,0.0,OK
succinate,DC,pfba,PGM,-4.273853995767203,89.796963715509,4.273853995767203,89.796963715509,OK
succinate,DC,pfba,PPC,2.016110198520149,0.0,2.016110198520149,0.0,OK
succinate,DC,pfba,PPCK,2.9717886997229046,108.084833969125,2.9717886997229046,108.084833969125,OK
succinate,DC,pfba,RPE,2.933698424864982,-17.120550624228,2.933698424864982,17.120550624228,OK
succinate,DC,pfba,RPI,1.97412301242644,-16.242402454431,1.97412301242644,16.242402454431,OK
succinate,DC,pfba,SUCDi,18.370434470519445,976.992976836915,18.370434470519445,976.992976836915,OK
succinate,DC,pfba,TKT1,1.5638514124313765,-4.353728490606,1.5638514124313765,4.353728490606,OK
succinate,DC,pfba,TKT2,1.3698470124336055,-12.766822133622,1.3698470124336055,12.766822133622,OK
succinate,DC,pfba,TPI,-2.691604995744147,-22.322592367495,2.691604995744147,22.322592367495,OK
succinate,DC,reduced_engine,AKGDH,,,2.351982962752786,0.0,OK
succinate,DC,reduced_engine,CS,,,3.1554008705398973,5.794913708076857,OK
succinate,DC,reduced_engine,EDD,,,0.655464183289113,0.0,OK
succinate,DC,reduced_engine,FBA,,,2.691604995726921,4.691773539003719,OK
succinate,DC,reduced_engine,FUM,,,17.2304359925238,274.88681199773254,OK
succinate,DC,reduced_engine,G6PDH2r,,,5.5632856205805385,0.0,OK
succinate,DC,reduced_engine,GAPD,,,3.4151459957639814,59.71217124189285,OK
succinate,DC,reduced_engine,GND,,,4.9078214372914255,0.0,OK
succinate,DC,reduced_engine,ICDHyr,,,3.038949362757799,5.794913708076857,OK
succinate,DC,reduced_engine,ICL,,,0.1164515077864786,0.0,OK
succinate,DC,reduced_engine,PDH,,,7.752081858316552,0.0,OK
succinate,DC,reduced_engine,PGI,,,5.590319020596546,0.0,OK
succinate,DC,reduced_engine,PGM,,,4.273853995767203,200.4421124318101,OK
succinate,DC,reduced_engine,PPC,,,2.016110198520149,0.0,OK
succinate,DC,reduced_engine,PPCK,,,2.9717886997229046,204.9098020903509,OK
succinate,DC,reduced_engine,RPE,,,2.933698424864982,4.182515837636181,OK
succinate,DC,reduced_engine,RPI,,,1.97412301242644,3.967986018556155,OK
succinate,DC,reduced_engine,SUCDi,,,18.370434470519445,320.9475103006364,OK
succinate,DC,reduced_engine,TKT1,,,1.5638514124313765,1.0636070512216858,OK
succinate,DC,reduced_engine,TKT2,,,1.3698470124336055,3.1189087864144955,OK
succinate,DC,reduced_engine,TPI,,,2.691604995744147,52.19257339212732,OK
succinate,DC,riptide,AKGDH,2.351982962752786,0.0,2.351982962752786,0.0,OK
succinate,DC,riptide,CS,3.1554008705398973,21.479292841665,3.1554008705398973,21.479292841665,OK
succinate,DC,riptide,EDD,0.655464183289113,0.0,0.655464183289113,0.0,OK
succinate,DC,riptide,FBA,-2.691604995726921,-17.390419058454,2.691604995726921,17.390419058454,OK
succinate,DC,riptide,FUM,17.2304359925238,901.823037998911,17.2304359925238,901.823037998911,OK
succinate,DC,riptide,G6PDH2r,5.5632856205805385,0.0,5.5632856205805385,0.0,OK
succinate,DC,riptide,GAPD,-3.4151459957639814,-48.085280081732,3.4151459957639814,48.085280081732,OK
succinate,DC,riptide,GND,4.9078214372914255,0.0,4.9078214372914255,0.0,OK
succinate,DC,riptide,ICDHyr,3.038949362757799,21.479292841665,3.038949362757799,21.479292841665,OK
succinate,DC,riptide,ICL,0.1164515077864786,0.0,0.1164515077864786,0.0,OK
succinate,DC,riptide,PDH,7.752081858316552,0.0,7.752081858316552,0.0,OK
succinate,DC,riptide,PGI,-5.590319020596546,0.0,5.590319020596546,0.0,OK
succinate,DC,riptide,PGM,-4.273853995767203,82.434005363044,4.273853995767203,82.434005363044,OK
succinate,DC,riptide,PPC,2.016110198520149,0.0,2.016110198520149,0.0,OK
succinate,DC,riptide,PPCK,2.9717886997229046,98.993840303766,2.9717886997229046,98.993840303766,OK
succinate,DC,riptide,RPE,2.933698424864982,-15.502816265629,2.933698424864982,15.502816265629,OK
succinate,DC,riptide,RPI,1.97412301242644,-14.707645010384,1.97412301242644,14.707645010384,OK
succinate,DC,riptide,SUCDi,18.370434470519445,881.003331363016,18.370434470519445,881.003331363016,OK
succinate,DC,riptide,TKT1,1.5638514124313765,-3.942341244842,1.5638514124313765,3.942341244842,OK
succinate,DC,riptide,TKT2,1.3698470124336055,-11.560475020787,1.3698470124336055,11.560475020787,OK
succinate,DC,riptide,TPI,-2.691604995744147,-20.21331297348,2.691604995744147,20.21331297348,OK
